idx,prediction,actual,correct,confidence,prob_up,actual_return,meets_threshold
1000,1,0,False,0.6757502863833059,0.6757502863833059,-0.12018351976017727,True
1001,1,0,False,0.5068052242664732,0.5068052242664732,-0.14478520463007902,False
1002,1,0,False,0.5552598522399933,0.5552598522399933,-0.11949645872540116,False
1003,0,0,True,0.5600405084159211,0.43995949158407893,-0.0759561855311518,False
1004,1,0,False,0.6721894353176704,0.6721894353176704,-0.05802133751593986,True
1005,1,1,True,0.6604580638941627,0.6604580638941627,0.00047378177449451295,True
1006,1,1,True,0.557128632629232,0.557128632629232,0.018184321295840803,False
1007,0,0,True,0.522457341971279,0.47754265802872103,-0.026740897866638597,False
1008,0,0,True,0.5663604126807725,0.4336395873192276,-0.039012874171457414,False
1009,0,0,True,0.5941059019054079,0.4058940980945922,-0.015648062405581472,False
1010,0,0,True,0.6169295299369307,0.3830704700630693,-0.025786456013850618,True
1011,0,1,False,0.5841993151218398,0.41580068487816035,0.0004890898946459132,False
1012,0,1,False,0.6060387765567824,0.39396122344321755,0.024094684161625277,True
1013,1,1,True,0.5277082055736514,0.5277082055736514,0.023917721098470957,False
1014,0,1,False,0.5321508087405548,0.4678491912594452,0.03529837574603482,False
1015,0,1,False,0.502644068975293,0.49735593102470704,0.018494214554936172,False
1016,0,1,False,0.5001486122854739,0.4998513877145261,0.01577457216904086,False
1017,0,0,True,0.6039611948346714,0.3960388051653285,-0.004390144909442213,True
1018,0,1,False,0.50597410638605,0.49402589361394983,0.020991526101968697,False
1019,0,1,False,0.5317739799614043,0.4682260200385957,0.004064921139101483,False
1020,0,1,False,0.5721367973812379,0.4278632026187621,0.03204320941193235,False
1021,0,0,True,0.6428721465893533,0.35712785341064673,-0.005414224825767253,True
1022,0,1,False,0.6952406843073039,0.30475931569269604,0.019438776376874464,True
1023,0,0,True,0.6595981328626125,0.34040186713738746,-0.010034881036832173,True
1024,0,0,True,0.7219342672893397,0.2780657327106601,-0.049040932880243374,True
1025,0,0,True,0.775774689445162,0.22422531055483794,-0.07797341646840324,True
1026,0,0,True,0.7649038345143722,0.2350961654856278,-0.034956605722441414,True
1027,0,0,True,0.75734404240802,0.24265595759197997,-0.015329959124332824,True
1028,0,0,True,0.7353076797888088,0.2646923202111912,-0.021126563772804387,True
1029,0,1,False,0.7528901558346507,0.24710984416534928,0.009423433945532668,True
1030,0,1,False,0.722692597240349,0.277307402759651,0.03431943982062722,True
1031,0,0,True,0.7621175705098165,0.23788242949018354,-0.009419276783043055,True
1032,0,0,True,0.7139767236603198,0.2860232763396801,-0.02279968760923829,True
1033,0,1,False,0.7456013497636688,0.2543986502363312,0.014172002731836717,True
1034,0,1,False,0.7867727922017577,0.2132272077982423,0.01064985706006095,True
1035,0,0,True,0.7762988902571212,0.22370110974287874,-0.011375172221668877,True
1036,0,1,False,0.6831005002570419,0.31689949974295817,0.004964611283341799,True
1037,0,0,True,0.6719178964878972,0.32808210351210293,-0.03164538697803918,True
1038,0,0,True,0.5778547949687712,0.4221452050312287,-0.029409008187134114,False
1039,0,0,True,0.6635975323772395,0.33640246762276044,-0.032026200826398434,True
1040,0,1,False,0.5667921090523756,0.4332078909476243,0.0013147904229049144,False
1041,0,1,False,0.6076848183168707,0.39231518168312923,0.006850274902153871,True
1042,0,1,False,0.5885335702830699,0.41146642971693015,0.017206494451615983,False
1043,1,0,False,0.6039133245974176,0.6039133245974176,-0.04038382191496334,True
1044,1,0,False,0.5115039504556689,0.5115039504556689,-0.03591460224731518,False
1045,0,0,True,0.560522445295948,0.4394775547040519,-0.06081750358646204,False
1046,0,0,True,0.6185454813855822,0.38145451861441776,-0.05546467833318684,True
1047,0,0,True,0.6152172965703767,0.38478270342962334,-0.05720542972624554,True
1048,0,0,True,0.623472122284257,0.3765278777157431,-0.021858180266607838,True
1049,1,0,False,0.5743299687255278,0.5743299687255278,-0.012884766154750047,False
1050,1,1,True,0.8114931775202413,0.8114931775202413,0.0011002810234551311,True
1051,1,1,True,0.8457503574603834,0.8457503574603834,0.016790165727610572,True
1052,1,1,True,0.8382794874244047,0.8382794874244047,0.058789126825216385,True
1053,1,1,True,0.7325168934196004,0.7325168934196004,0.06386683748376289,True
1054,1,1,True,0.7899765561638321,0.7899765561638321,0.05621457790906976,True
1055,1,1,True,0.702157734150653,0.702157734150653,0.05587047294049357,True
1056,1,0,False,0.6765158294329097,0.6765158294329097,-0.0015664441266584601,True
1057,0,0,True,0.533691050308264,0.4663089496917359,-0.04858195720653485,False
1058,0,0,True,0.5732822280247031,0.42671777197529687,-0.06922034901828308,False
1059,0,0,True,0.5110686391114173,0.48893136088858274,-0.07029139232657264,False
1060,0,0,True,0.5509931517531602,0.44900684824683984,-0.08512617133499122,False
1061,0,0,True,0.5445348608623227,0.45546513913767733,-0.09396271872051937,False
1062,1,0,False,0.5736665393351017,0.5736665393351017,-0.08409856085863986,False
1063,1,0,False,0.6926624759104332,0.6926624759104332,-0.06406210872566497,True
1064,1,0,False,0.7390186562548129,0.7390186562548129,-0.019060973602879387,True
1065,1,0,False,0.7354178613700721,0.7354178613700721,-0.04276666964483423,True
1066,1,0,False,0.6814253441437473,0.6814253441437473,-0.009453346814600328,True
1067,1,1,True,0.5982879205997935,0.5982879205997935,0.02463776273943165,False
1068,1,1,True,0.6358178177532458,0.6358178177532458,0.02344987125128136,True
1069,1,0,False,0.5454311926184072,0.5454311926184072,-0.04612647145034053,False
1070,0,0,True,0.5464861068883548,0.4535138931116452,-0.011044372070839567,False
1071,0,1,False,0.5344934291885415,0.4655065708114586,0.01934445045352843,False
1072,0,0,True,0.5763233579027219,0.4236766420972782,-0.00844074728101281,False
1073,0,1,False,0.5675098740179355,0.43249012598206454,0.0010924811266875686,False
1074,1,1,True,0.5865236102363376,0.5865236102363376,0.006143426117371968,False
1075,1,0,False,0.5891166568416288,0.5891166568416288,-0.018630569244917728,False
1076,0,0,True,0.5143295604707993,0.48567043952920064,-0.05238960343094638,False
1077,0,0,True,0.5235223809401813,0.4764776190598186,-0.035565668466529456,False
1078,0,0,True,0.5059304479726054,0.4940695520273945,-0.01666473850637404,False
1079,0,1,False,0.5381191748810977,0.4618808251189023,0.030438391050197383,False
1080,0,1,False,0.5677188397655518,0.43228116023444824,0.04034584575231715,False
1081,1,1,True,0.5477844238705312,0.5477844238705312,0.054941652002333044,False
1082,1,1,True,0.5221703048224666,0.5221703048224666,0.046724482918437706,False
1083,1,1,True,0.5449452729336985,0.5449452729336985,0.028231653703161996,False
1084,0,0,True,0.5122858668718266,0.48771413312817335,-0.034548647720344515,False
1085,0,0,True,0.6922294221578275,0.3077705778421726,-0.023992265715325412,True
1086,0,0,True,0.6343399075391454,0.36566009246085457,-0.05716707692600068,True
1087,0,0,True,0.6441620150808752,0.35583798491912483,-0.024627840671976448,True
1088,0,0,True,0.6570969048652268,0.3429030951347733,-0.01232313488451965,True
1089,0,1,False,0.6477861661084653,0.35221383389153466,0.007815696285293014,True
1090,0,1,False,0.5718321854590216,0.4281678145409784,0.047589381701730854,False
1091,0,1,False,0.6001653804008802,0.3998346195991198,0.06019114078332409,True
1092,0,1,False,0.5158333774468206,0.4841666225531795,0.02748342306178846,False
1093,1,0,False,0.557282481726534,0.557282481726534,-0.011148934575968232,False
1094,0,1,False,0.5385575796707325,0.4614424203292675,0.021285496530111036,False
1095,0,0,True,0.5072055962505796,0.4927944037494203,-0.035622467452331066,False
1096,0,0,True,0.6224682258112924,0.37753177418870765,-0.02997153445126873,True
1097,0,0,True,0.5775543673280886,0.4224456326719113,-0.020226674774677673,False
1098,0,0,True,0.5157356986282207,0.4842643013717794,-0.02175400805666427,False
1099,0,1,False,0.5506682610720729,0.44933173892792716,0.00034714595447540755,False
1100,1,1,True,0.5638630272242716,0.5638630272242716,0.029054551642754098,False
1101,0,1,False,0.6083652393858924,0.39163476061410757,0.06789140581928874,True
1102,1,1,True,0.5462013438874261,0.5462013438874261,0.03770166126070074,False
1103,1,1,True,0.687697757344976,0.687697757344976,0.07701475007910873,True
1104,1,1,True,0.6315942185051404,0.6315942185051404,0.010307615383122382,True
1105,1,1,True,0.5428790405424674,0.5428790405424674,0.004628125875797953,False
1106,0,0,True,0.5857060670790585,0.4142939329209414,-0.02080340924282478,False
1107,0,0,True,0.6817913628528767,0.3182086371471234,-0.020884273719849536,True
1108,0,0,True,0.6464743073536761,0.35352569264632394,-0.03363254143253132,True
1109,0,0,True,0.6905298494751632,0.309470150524837,-0.0428424177268114,True
1110,0,0,True,0.6368855890776919,0.3631144109223081,-0.057643392237683826,True
1111,0,0,True,0.6118155689525704,0.3881844310474296,-0.04812643086025232,True
1112,0,0,True,0.6396525711142401,0.36034742888575977,-0.05323634338323566,True
1113,0,0,True,0.5869139452668439,0.4130860547331561,-0.062393325582450074,False
1114,1,0,False,0.5571666594389958,0.5571666594389958,-0.022535125869363255,False
1115,1,0,False,0.5193351708332393,0.5193351708332393,-0.015816384441212625,False
1116,0,0,True,0.5118243454239351,0.48817565457606493,-0.030001886068331606,False
1117,1,0,False,0.650826489196236,0.650826489196236,-0.021648832789719862,True
1118,1,0,False,0.7490085344587923,0.7490085344587923,-0.017353155744128643,True
1119,1,0,False,0.670370882750257,0.670370882750257,-0.0037271000078471688,True
1120,1,0,False,0.6128212674312783,0.6128212674312783,-0.004943749999854385,True
1121,1,0,False,0.6535416040618443,0.6535416040618443,-0.021449862956279077,True
1122,1,1,True,0.7085330966370056,0.7085330966370056,0.003094352306878514,True
1123,1,1,True,0.5638777490064665,0.5638777490064665,0.007306524893989744,False
1124,1,1,True,0.731963348534468,0.731963348534468,0.022386528097210104,True
1125,1,1,True,0.5668584983344126,0.5668584983344126,0.045094377642986946,False
1126,1,1,True,0.586179665739507,0.586179665739507,0.05697832081960788,False
1127,1,1,True,0.6189164759625868,0.6189164759625868,0.024791953800909778,True
1128,1,1,True,0.573037153199721,0.573037153199721,0.004615842474201784,False
1129,1,0,False,0.5350853348630316,0.5350853348630316,-0.004019262202253555,False
1130,1,0,False,0.6037504158678987,0.6037504158678987,-0.008648510792190226,True
1131,1,1,True,0.5299144364830374,0.5299144364830374,0.01993201295763318,False
1132,0,1,False,0.6043440859377174,0.3956559140622826,0.05250598929332093,True
1133,0,1,False,0.6044470339117863,0.3955529660882136,0.08370230063201431,True
1134,0,1,False,0.5719843771000381,0.4280156228999618,0.035797371831415216,False
1135,0,1,False,0.6258870563748592,0.37411294362514075,0.07053683043417512,True
1136,0,1,False,0.6402768417372258,0.35972315826277423,0.05188892265359658,True
1137,0,1,False,0.5502347030362016,0.44976529696379847,0.041469005399001536,False
1138,0,1,False,0.5808336672382923,0.41916633276170767,0.0401459684821176,False
1139,1,1,True,0.537420900227893,0.537420900227893,0.06146190395527565,False
1140,1,1,True,0.5965877063114928,0.5965877063114928,0.027878598472640015,False
1141,1,1,True,0.6073228235123691,0.6073228235123691,0.027875166673661092,True
1142,1,1,True,0.5866133272869173,0.5866133272869173,0.02656021665365503,False
1143,1,1,True,0.5991944923260581,0.5991944923260581,0.0008359508301507324,False
1144,1,0,False,0.5918113328416074,0.5918113328416074,-0.017022275183781643,False
1145,1,0,False,0.7112663917420816,0.7112663917420816,-0.020397801141051372,True
1146,1,0,False,0.6537321627150783,0.6537321627150783,-0.027656221299087194,True
1147,1,0,False,0.7670218752020647,0.7670218752020647,-0.043539553637836376,True
1148,1,1,True,0.7712111857338599,0.7712111857338599,0.005092746695956589,True
1149,1,1,True,0.5095668457828296,0.5095668457828296,0.01303248144727418,False
1150,1,0,False,0.6665883508858969,0.6665883508858969,-0.03830609942937249,True
1151,0,0,True,0.5163148747272569,0.48368512527274304,-0.028687055662537833,False
1152,1,0,False,0.6206356644773042,0.6206356644773042,-0.008833003718513647,True
1153,1,0,False,0.7144781581835525,0.7144781581835525,-0.06430549002319111,True
1154,1,0,False,0.6651865816794418,0.6651865816794418,-0.05178579384372671,True
1155,1,1,True,0.654789684827373,0.654789684827373,0.020452581421159455,True
1156,1,1,True,0.7925334046588431,0.7925334046588431,0.009580561143696953,True
1157,1,1,True,0.7128396446382171,0.7128396446382171,0.019514637496286652,True
1158,1,1,True,0.7326879143894947,0.7326879143894947,0.06249596402802117,True
1159,1,1,True,0.6857088477828915,0.6857088477828915,0.05439755496714765,True
1160,1,1,True,0.6736419531603545,0.6736419531603545,0.016483719284638845,True
1161,0,1,False,0.6326841635985452,0.3673158364014548,0.030548042763075465,True
1162,0,1,False,0.6601951602661228,0.33980483973387715,0.009027143298776102,True
1163,0,1,False,0.6807670883786913,0.3192329116213088,0.003617589746277,True
1164,0,1,False,0.602805174163359,0.3971948258366409,0.014761096540321029,True
1165,0,1,False,0.5288189828254753,0.4711810171745247,0.02824589674652227,False
1166,0,1,False,0.6341899947166253,0.36581000528337465,0.01396776584657286,True
1167,0,1,False,0.6250152488839403,0.37498475111605956,0.02945520472465528,True
1168,0,1,False,0.5720369915520108,0.42796300844798923,0.0260141631424811,False
1169,0,1,False,0.5514382278137987,0.44856177218620125,0.000826037333019246,False
1170,0,1,False,0.6575369122708018,0.34246308772919826,0.016901506950232705,True
1171,0,1,False,0.65675532075254,0.34324467924746,0.04008685453979013,True
1172,0,1,False,0.6396013280141868,0.3603986719858132,0.03756501069825858,True
1173,0,1,False,0.6251466421554845,0.3748533578445155,0.01764369268292986,True
1174,0,1,False,0.6414444584170865,0.3585555415829134,0.06275691729938175,True
1175,0,1,False,0.6128848612216716,0.3871151387783283,0.026073775454316273,True
1176,0,1,False,0.5126503327515785,0.4873496672484216,0.017280826484976808,False
1177,1,1,True,0.5082935736545137,0.5082935736545137,0.005848509153334694,False
1178,1,0,False,0.5957560732490945,0.5957560732490945,-0.012690268709194345,False
1179,1,0,False,0.6473399262894223,0.6473399262894223,-0.054385128703756565,True
1180,1,0,False,0.6510183193607743,0.6510183193607743,-0.028589418116027804,True
1181,0,1,False,0.5489272614734375,0.4510727385265625,0.0018823388796470385,False
1182,0,1,False,0.6187709496300696,0.38122905036993027,0.020861583182542883,True
1183,0,1,False,0.5948692866640678,0.4051307133359323,0.05487308019807108,False
1184,0,1,False,0.6192602617797848,0.3807397382202152,0.10868366625378614,True
1185,0,1,False,0.6068586632783657,0.3931413367216343,0.07586982792128695,True
1186,0,1,False,0.5978591937773031,0.40214080622269693,0.028122745209402687,False
1187,1,1,True,0.5780798304382354,0.5780798304382354,0.019467080792214108,False
1188,0,1,False,0.5925467593926955,0.4074532406073044,0.012740257509769246,False
1189,0,0,True,0.7727749375680805,0.22722506243191942,-0.018458785291265167,True
1190,0,0,True,0.6907293712666133,0.3092706287333866,-0.00962247496313159,True
1191,0,1,False,0.6329684457099626,0.3670315542900375,0.005790260753908609,True
1192,0,0,True,0.7166480695182776,0.28335193048172225,-0.028526625064062235,True
1193,0,0,True,0.7305436545030509,0.26945634549694913,-0.005495163961326128,True
1194,0,0,True,0.7393148236795755,0.26068517632042454,-0.002767133351481319,True
1195,0,1,False,0.7181492366317483,0.2818507633682516,0.020319161813978002,True
1196,0,1,False,0.6907233948742159,0.30927660512578425,0.021490571317910063,True
1197,0,1,False,0.7349813115053055,0.2650186884946945,0.06877133467584312,True
1198,0,1,False,0.7018268524064929,0.2981731475935071,0.04234555352927664,True
1199,0,1,False,0.5806324363370586,0.4193675636629412,0.05946773898103306,False
1200,0,1,False,0.6572098810514094,0.3427901189485905,0.026924638831663072,True
1201,0,1,False,0.6259592860717502,0.3740407139282498,0.042803080771536745,True
1202,0,1,False,0.5497524847511785,0.4502475152488213,0.04669179326101794,False
1203,0,1,False,0.6456018854610753,0.3543981145389247,0.01375661416991947,True
1204,0,0,True,0.6125109123657565,0.38748908763424356,-0.021277439972067443,True
1205,0,1,False,0.5895265684180692,0.4104734315819308,0.006545709064321773,False
1206,0,0,True,0.7563380413898186,0.24366195861018144,-0.00997330420863663,True
1207,0,0,True,0.6463678327869932,0.3536321672130067,-0.0324116620315209,True
1208,1,0,False,0.5125746124552856,0.5125746124552856,-0.02567441471687899,False
1209,0,1,False,0.6657040575487582,0.3342959424512417,0.004057183753890355,True
1210,0,0,True,0.5684536298001299,0.43154637019987013,-0.008438686446527443,False
1211,0,0,True,0.5185204313344799,0.48147956866552005,-0.011543085246194653,False
1212,0,0,True,0.5679992038342331,0.432000796165767,-0.005203989858578615,False
1213,0,1,False,0.6214520548900371,0.37854794510996287,0.024145974908667343,True
1214,0,0,True,0.7269766104881015,0.27302338951189853,-0.007987329683782036,True
1215,0,0,True,0.7249856184962158,0.27501438150378404,-0.006632683978120831,True
1216,0,1,False,0.6468628731865157,0.35313712681348436,0.004334520918480444,True
1217,0,0,True,0.5948687567210593,0.40513124327894073,-0.013820000468039067,False
1218,0,1,False,0.6422810661443095,0.35771893385569037,0.0043921540648284695,True
1219,0,1,False,0.7318725495116993,0.2681274504883005,0.038694108862510804,True
1220,0,1,False,0.7799907905327014,0.2200092094672984,0.0321750420762739,True
1221,0,1,False,0.744509273932268,0.2554907260677319,0.01628971486513212,True
1222,0,1,False,0.6602508457676244,0.3397491542323756,0.0028581989522151858,True
1223,0,0,True,0.6319580032589195,0.36804199674108046,-0.010451341262840226,True
1224,0,0,True,0.75600972240953,0.24399027759046996,-0.021514410141057868,True
1225,0,0,True,0.7932086415027744,0.20679135849722552,-0.02561367390121833,True
1226,0,1,False,0.7308236452256742,0.2691763547743258,0.0010012318329639767,True
1227,0,1,False,0.7577475206547,0.2422524793452998,0.03077189662788564,True
1228,0,0,True,0.6588518908456205,0.34114810915437954,-0.003869396415745056,True
1229,0,0,True,0.6484796879862856,0.35152031201371425,-0.02121648764467567,True
1230,0,0,True,0.6990029478043226,0.30099705219567735,-0.002805536142571998,True
1231,0,0,True,0.711627314134704,0.28837268586529596,-0.050776302429350814,True
1232,0,0,True,0.8126848677108467,0.18731513228915328,-0.06428614428017557,True
1233,0,0,True,0.7674806933846368,0.23251930661536332,-0.037274809926895795,True
1234,0,0,True,0.6934336529178036,0.3065663470821965,-0.05736398874597588,True
1235,0,0,True,0.7459479449293287,0.25405205507067113,-0.07263764373637693,True
1236,0,0,True,0.591205331529963,0.408794668470037,-0.026200213768821975,False
1237,1,0,False,0.5845003825427562,0.5845003825427562,-0.04725426742069,False
1238,0,0,True,0.6017965547442355,0.3982034452557646,-0.04306614848370711,True
1239,0,0,True,0.6892833342199683,0.3107166657800316,-0.0010806311639093415,True
1240,1,1,True,0.5438020195882741,0.5438020195882741,0.014576102961276682,False
1241,0,0,True,0.5653520520930458,0.4346479479069541,-0.02311401335130107,False
1242,0,1,False,0.7216001527981342,0.2783998472018658,0.02074914859386737,True
1243,1,1,True,0.5904514910352171,0.5904514910352171,0.04288127519930187,False
1244,0,1,False,0.5193673914170741,0.48063260858292595,0.02730726688412809,False
1245,0,1,False,0.5471169947933135,0.4528830052066865,0.022388157296205705,False
1246,1,1,True,0.5448807923178226,0.5448807923178226,0.03265311777457683,False
1247,1,1,True,0.5048116717916148,0.5048116717916148,0.0439189760667925,False
1248,0,1,False,0.5142952127468063,0.48570478725319366,0.014932917551493284,False
1249,0,1,False,0.6921536216911024,0.3078463783088976,0.03628888305447326,True
1250,0,1,False,0.6955106192498685,0.3044893807501316,0.046941574268118014,True
1251,0,1,False,0.7070098910805052,0.2929901089194948,0.022125985508090314,True
1252,0,0,True,0.6609494855327465,0.33905051446725354,-0.023143330834637533,True
1253,0,0,True,0.6734475240135304,0.3265524759864695,-0.04146317199045279,True
1254,0,0,True,0.6508725903685312,0.34912740963146877,-0.06920664555489311,True
1255,0,0,True,0.7622733441197332,0.23772665588026673,-0.06147992164800397,True
1256,0,0,True,0.7309456517060484,0.26905434829395164,-0.04371634819211879,True
1257,0,0,True,0.8009829872001482,0.19901701279985176,-0.019747824700354143,True
1258,0,1,False,0.6754619671270271,0.3245380328729729,0.014073336605280406,True
1259,0,0,True,0.7540059671244745,0.24599403287552538,-0.014646676746161094,True
1260,0,0,True,0.7036317584848465,0.29636824151515356,-0.038724405920433254,True
1261,0,0,True,0.7540314440744041,0.24596855592559588,-0.037811596883172524,True
1262,0,0,True,0.8217584845442462,0.17824151545575384,-0.019714248411322226,True
1263,0,0,True,0.7715220557455117,0.22847794425448828,-0.0390701251841064,True
1264,0,1,False,0.8209063755446585,0.17909362445534147,0.020645667157182454,True
1265,0,1,False,0.7280872881218091,0.27191271187819094,0.007120939264496427,True
1266,0,1,False,0.7091980563539684,0.29080194364603157,0.02806162179718974,True
1267,1,1,True,0.5886167456409787,0.5886167456409787,0.035368798188688946,False
1268,1,1,True,0.7706308275323485,0.7706308275323485,0.02244277342453823,True
1269,1,0,False,0.5677998125519289,0.5677998125519289,-0.014203892562176749,False
1270,0,1,False,0.6153385415150001,0.3846614584849999,0.014892037592738902,True
1271,0,0,True,0.5321328036335903,0.4678671963664096,-0.00937463843392781,False
1272,0,0,True,0.5699355962777387,0.43006440372226123,-0.05611833098322677,False
1273,0,0,True,0.7126092949841967,0.2873907050158034,-0.07243675748323687,True
1274,0,0,True,0.5370889909067511,0.46291100909324895,-0.05449065302608881,False
1275,1,0,False,0.5465206869413909,0.5465206869413909,-0.09575005130902468,False
1276,0,0,True,0.5753850697897995,0.42461493021020047,-0.1203319437295777,False
1277,1,0,False,0.6982520964341775,0.6982520964341775,-0.10417997886436726,True
1278,1,0,False,0.6621853077291512,0.6621853077291512,-0.07131940458564062,True
1279,1,0,False,0.5170606532060058,0.5170606532060058,-0.09121096708931799,False
1280,1,0,False,0.6910675856397378,0.6910675856397378,-0.08203006677537436,True
1281,0,0,True,0.5007200059876801,0.49927999401231987,-0.046559537209851926,False
1282,1,0,False,0.5725464827384187,0.5725464827384187,-0.04622550696118987,False
1283,1,0,False,0.6018615665655367,0.6018615665655367,-0.0453975622899669,True
1284,1,0,False,0.5022979916409545,0.5022979916409545,-0.030428310460159078,False
1285,1,0,False,0.5084131603658267,0.5084131603658267,-0.010124902079677072,False
1286,0,1,False,0.500356100638475,0.4996438993615249,0.004586804869880861,False
1287,1,0,False,0.5740353091997242,0.5740353091997242,-0.010670355055302267,False
1288,1,0,False,0.6179754728522638,0.6179754728522638,-0.0014983535359657596,True
1289,1,1,True,0.6377753303958414,0.6377753303958414,0.022788803976469027,True
1290,1,1,True,0.5979730404991418,0.5979730404991418,0.020668176315679163,False
1291,1,0,False,0.5502936765370665,0.5502936765370665,-0.02668853166744728,False
1292,1,0,False,0.5007047349997379,0.5007047349997379,-0.013908457795281043,False
1293,0,0,True,0.5314241612721547,0.46857583872784514,-0.021574111521824348,False
1294,0,0,True,0.5247213686491995,0.47527863135080045,-0.04034002552814573,False
1295,0,1,False,0.5152297779813578,0.4847702220186422,0.01350512810382452,False
1296,0,1,False,0.54291440292535,0.45708559707464996,0.006549022679646551,False
1297,0,1,False,0.5223306006239105,0.4776693993760895,0.038470965001313556,False
1298,1,1,True,0.5379470069164575,0.5379470069164575,0.04071537290861182,False
1299,1,1,True,0.5099690808425318,0.5099690808425318,0.03403520700647303,False
1300,1,0,False,0.509659237334905,0.509659237334905,-0.044002384203346505,False
1301,0,1,False,0.6025057168320481,0.39749428316795193,0.01614328146339498,True
1302,0,0,True,0.5634419641895818,0.43655803581041813,-0.01162737344222618,False
1303,0,0,True,0.551876683116023,0.44812331688397705,-0.02736211321228735,False
1304,0,0,True,0.5585383548243921,0.44146164517560793,-0.021551628636754278,False
1305,0,1,False,0.5743487058123105,0.42565129418768954,0.007247066626788479,False
1306,0,0,True,0.6035016893865482,0.3964983106134517,-0.032676313241434406,True
1307,0,0,True,0.571311526290424,0.428688473709576,-0.03668788846307927,False
1308,0,0,True,0.5850007381909391,0.41499926180906077,-0.010810078887625816,False
1309,0,0,True,0.5987262419717717,0.40127375802822823,-0.01459235128596236,False
1310,0,0,True,0.6792996488224207,0.3207003511775793,-0.02832493807000856,True
1311,0,0,True,0.5820291680728875,0.41797083192711243,-0.010552287239149348,False
1312,0,1,False,0.5733672285945944,0.4266327714054056,0.0002092100008829228,False
1313,0,0,True,0.6188685255952695,0.38113147440473055,-0.018353797570104066,True
1314,0,0,True,0.5244218816411527,0.4755781183588472,-0.010387205507385106,False
1315,0,0,True,0.5443831664725414,0.4556168335274586,-0.0047376688209902484,False
1316,0,0,True,0.5484036711327752,0.45159632886722484,-0.0010295323420189515,False
1317,0,0,True,0.5472966379684556,0.4527033620315443,-0.008776102660368814,False
1318,0,0,True,0.52102885235587,0.47897114764413007,-0.0011203128383934662,False
1319,0,0,True,0.5057642825590859,0.4942357174409142,-0.005149460021183931,False
1320,0,0,True,0.5409584207405495,0.4590415792594505,-0.02293191791947035,False
1321,0,0,True,0.5792236439163067,0.4207763560836934,-0.015861000480564807,False
1322,0,0,True,0.5574345591634852,0.44256544083651495,-0.004148829860312452,False
1323,0,1,False,0.5617961457793846,0.4382038542206154,0.03263047545397687,False
1324,0,1,False,0.6048921441038247,0.3951078558961752,0.06668454413353934,True
1325,0,1,False,0.5756886616470256,0.42431133835297435,0.10281989710948798,False
1326,0,1,False,0.553447681817442,0.44655231818255814,0.09313432970790815,False
1327,0,1,False,0.5511026435065067,0.44889735649349327,0.07136973162423496,False
1328,0,1,False,0.5606750031345276,0.43932499686547244,0.028157539396221717,False
1329,0,0,True,0.5157295623824586,0.48427043761754146,-0.02104485935001247,False
1330,0,0,True,0.5298420973621526,0.4701579026378475,-0.011988024476329235,False
1331,1,0,False,0.6702787485811618,0.6702787485811618,-0.04566874798389486,True
1332,1,0,False,0.657588426574048,0.657588426574048,-0.019538570685945156,True
1333,1,1,True,0.5893310840883915,0.5893310840883915,0.04399317890586049,False
1334,1,1,True,0.6107639898035947,0.6107639898035947,0.04205175158843701,True
1335,1,1,True,0.5348436883633411,0.5348436883633411,0.03449836755635002,False
1336,1,1,True,0.5210838104717653,0.5210838104717653,0.0983808318790179,False
1337,0,1,False,0.620023639535125,0.37997636046487515,0.05624913781262196,True
1338,0,1,False,0.5012159096726068,0.4987840903273933,0.017389059259472078,False
1339,1,1,True,0.6584602652048652,0.6584602652048652,0.04974651847508736,True
1340,1,1,True,0.768552017515889,0.768552017515889,0.0658525182929122,True
1341,1,1,True,0.646093237910914,0.646093237910914,0.04100863314988511,True
1342,1,1,True,0.5691343301743793,0.5691343301743793,0.10805161087223414,False
1343,0,1,False,0.5358119371637929,0.4641880628362071,0.08494452306275305,False
1344,1,1,True,0.5609947402611472,0.5609947402611472,0.07607938738272976,False
1345,1,1,True,0.6493892776202467,0.6493892776202467,0.05351606066074444,True
1346,1,1,True,0.6786905924178913,0.6786905924178913,0.025063880859679318,True
1347,1,0,False,0.6187567010179772,0.6187567010179772,-0.0019369273171247717,True
1348,1,0,False,0.7455812293884706,0.7455812293884706,-0.028342807914056287,True
1349,1,0,False,0.7733330535993707,0.7733330535993707,-0.05045773768446396,True
1350,1,0,False,0.7602363381498874,0.7602363381498874,-0.08689048776282507,True
1351,1,0,False,0.7992163556160928,0.7992163556160928,-0.0901753738788767,True
1352,1,0,False,0.771505580366699,0.771505580366699,-0.07902613932994404,True
1353,1,0,False,0.7281693368905474,0.7281693368905474,-0.0621957620997066,True
1354,1,0,False,0.7354818468598266,0.7354818468598266,-0.08684287832692883,True
1355,1,0,False,0.6679755811803455,0.6679755811803455,-0.04927775010084017,True
1356,1,0,False,0.6944467016008917,0.6944467016008917,-0.06287491436153031,True
1357,1,0,False,0.5694515921472388,0.5694515921472388,-0.06778029169942044,False
1358,0,0,True,0.5354770288384343,0.46452297116156577,-0.0781908984959064,False
1359,0,0,True,0.533673844732998,0.4663261552670021,-0.046775009164262936,False
1360,0,0,True,0.5904193288011976,0.4095806711988024,-0.034082739096511196,False
1361,0,1,False,0.5255637083808379,0.4744362916191622,0.003569605115415816,False
1362,1,1,True,0.5151202250812129,0.5151202250812129,0.010406294935546347,False
1363,1,1,True,0.5446676435881942,0.5446676435881942,0.024249477113393203,False
1364,1,1,True,0.570983361382495,0.570983361382495,0.0590780700221856,False
1365,1,1,True,0.8281892138832859,0.8281892138832859,0.03156791115965334,True
1366,1,1,True,0.7228351301070416,0.7228351301070416,0.06557091465012535,True
1367,1,1,True,0.771943033286442,0.771943033286442,0.015873009618074786,True
1368,1,1,True,0.7645360027508833,0.7645360027508833,0.023724280645142266,True
1369,1,0,False,0.8143717132276919,0.8143717132276919,-0.007721395330344144,True
1370,1,0,False,0.8227129423792898,0.8227129423792898,-0.0011383711797676918,True
1371,1,0,False,0.8103660691240506,0.8103660691240506,-0.012704479064945508,True
1372,1,1,True,0.7631899512237411,0.7631899512237411,0.007911947027129461,True
1373,1,1,True,0.7751568619086185,0.7751568619086185,0.015636512350561644,True
1374,1,1,True,0.7555495332383888,0.7555495332383888,0.0420265867218971,True
1375,1,1,True,0.7403265618965446,0.7403265618965446,0.0406459370199429,True
1376,1,1,True,0.7192222926520002,0.7192222926520002,0.04143109717038354,True
1377,1,1,True,0.591619095136742,0.591619095136742,0.039308877328263096,False
1378,1,1,True,0.5777357689436445,0.5777357689436445,0.02639987713799695,False
1379,0,1,False,0.5482662108025831,0.45173378919741686,0.020185607585733855,False
1380,1,1,True,0.5468309630901578,0.5468309630901578,0.011701601022509348,False
1381,1,0,False,0.6477221348834395,0.6477221348834395,-0.027633565721782754,True
1382,1,0,False,0.6591937015775783,0.6591937015775783,-0.03658896631617972,True
1383,1,0,False,0.6679953370416633,0.6679953370416633,-0.047489530969951815,True
1384,1,0,False,0.6996897106087583,0.6996897106087583,-0.04040986958500759,True
1385,1,0,False,0.6793865230982562,0.6793865230982562,-0.03620462350759226,True
1386,1,1,True,0.5742290270295219,0.5742290270295219,0.003196304450452654,False
1387,0,0,True,0.5631049920947048,0.4368950079052951,-0.02503426312391628,False
1388,0,0,True,0.6617338982546941,0.3382661017453059,-0.035497479031826894,True
1389,0,0,True,0.6675851350639203,0.33241486493607975,-0.10017853717613312,True
1390,0,0,True,0.673337497573019,0.326662502426981,-0.10168529392486614,True
1391,0,0,True,0.7171637592179204,0.2828362407820794,-0.09118218669621009,True
1392,0,0,True,0.650340603924224,0.34965939607577595,-0.04878860862414549,True
1393,0,0,True,0.7980239011897874,0.2019760988102127,-0.047436648044589205,True
1394,0,0,True,0.7614466439214803,0.2385533560785197,-0.029780575399835446,True
1395,0,0,True,0.6172951121554552,0.38270488784454487,-0.016928723327986506,True
1396,0,0,True,0.5638107994940222,0.4361892005059778,-0.05733670596586658,False
1397,0,0,True,0.6243600749140493,0.37563992508595073,-0.07138959187662422,True
1398,0,0,True,0.5371331214433726,0.46286687855662745,-0.0719365794618672,False
1399,0,0,True,0.6901339428809582,0.30986605711904175,-0.05612442051297253,True
1400,0,0,True,0.5715511324115173,0.4284488675884827,-0.08213526222598237,False
1401,0,0,True,0.5796418541596166,0.4203581458403834,-0.06798975074218017,False
1402,0,0,True,0.5049135165057558,0.4950864834942443,-0.05284287743224956,False
1403,1,0,False,0.5234765021407263,0.5234765021407263,-0.0498290800882103,False
1404,1,0,False,0.5015684696903312,0.5015684696903312,-0.004880557059900127,False
1405,1,1,True,0.5039170320184619,0.5039170320184619,0.027288655702360488,False
1406,0,0,True,0.5091899813737981,0.49081001862620194,-0.008236082009997413,False
1407,0,0,True,0.5036603826548239,0.4963396173451761,-0.009823898762543231,False
1408,0,1,False,0.5169953076020927,0.4830046923979074,0.010964091010307202,False
1409,1,0,False,0.5382297425913338,0.5382297425913338,-0.013138139513762196,False
1410,0,0,True,0.5799435927488189,0.42005640725118115,-0.02326017667919396,False
1411,0,1,False,0.550797916282026,0.44920208371797404,0.026091399940488546,False
1412,0,1,False,0.5445322056698525,0.4554677943301475,0.0440715748903072,False
1413,0,1,False,0.5149000086516976,0.48509999134830245,0.04848177451067544,False
1414,1,1,True,0.5106674392805255,0.5106674392805255,0.0668583250931001,False
1415,0,1,False,0.5041700150177392,0.4958299849822608,0.08574180905510781,False
1416,0,1,False,0.5409038710226125,0.45909612897738744,0.06698620601298946,False
1417,0,1,False,0.52868344119943,0.47131655880056994,0.05269192967804503,False
1418,0,1,False,0.5845482118512113,0.4154517881487887,0.05343731595849039,False
1419,0,1,False,0.7055277827801616,0.2944722172198384,0.048432342876693374,True
1420,0,1,False,0.7571966182187472,0.24280338178125283,0.029187487610297567,True
1421,0,1,False,0.7257582956527083,0.2742417043472917,0.03829658922059717,True
1422,0,0,True,0.7011790514656076,0.2988209485343925,-0.0018009976885747464,True
1423,0,0,True,0.6478711411788106,0.3521288588211895,-0.019445595471727414,True
1424,0,0,True,0.6464263527641928,0.35357364723580725,-0.08169671627974485,True
1425,1,0,False,0.50819138220811,0.50819138220811,-0.09490798063879559,False
1426,1,0,False,0.5182368072088873,0.5182368072088873,-0.11014126347343797,False
1427,1,0,False,0.5461894010937945,0.5461894010937945,-0.07071830762068923,False
1428,0,0,True,0.5664769054701578,0.4335230945298421,-0.07634465701958147,False
1429,1,0,False,0.5812700098310156,0.5812700098310156,-0.0329079742923618,False
1430,0,0,True,0.595452984496967,0.404547015503033,-0.010733284705561437,False
1431,0,1,False,0.6432999916675671,0.35670000833243276,0.00019289783646706107,True
1432,0,0,True,0.6514824262266369,0.34851757377336307,-0.02018393313467569,True
1433,0,1,False,0.6410433213155913,0.3589566786844088,0.020851326652310362,True
1434,0,1,False,0.6679274380232759,0.332072561976724,0.03644219585592914,True
1435,0,1,False,0.6286625438799391,0.37133745612006086,0.02742323301049487,True
1436,0,1,False,0.6571084097393073,0.3428915902606928,0.021343259715976802,True
1437,0,1,False,0.6543009822085936,0.3456990177914063,0.03782485585653763,True
1438,0,1,False,0.5430705854282563,0.4569294145717438,0.01527503735023664,False
1439,0,1,False,0.5283459639985278,0.4716540360014723,0.0025343841475149917,False
1440,0,0,True,0.5372781318670893,0.46272186813291083,-0.005581429731020079,False
1441,1,0,False,0.5101163601495761,0.5101163601495761,-0.03750025979229398,False
1442,1,0,False,0.5624542222186927,0.5624542222186927,-0.037691511673065,False
1443,1,0,False,0.5756576023331688,0.5756576023331688,-0.05675863458047346,False
1444,1,0,False,0.6711926721012281,0.6711926721012281,-0.03298651765314194,True
1445,1,0,False,0.6439078358964516,0.6439078358964516,-0.04213803827484124,True
1446,1,0,False,0.6301154356755062,0.6301154356755062,-0.009592755361212417,True
1447,1,1,True,0.6707228332449842,0.6707228332449842,0.011056061150872102,True
1448,1,1,True,0.6821605792767125,0.6821605792767125,0.0192385029582461,True
1449,1,0,False,0.7034048380683195,0.7034048380683195,-0.02184390415867786,True
1450,1,1,True,0.6052452907491225,0.6052452907491225,0.01696314511521059,True
1451,1,1,True,0.5735670677261083,0.5735670677261083,0.04867769323058173,False
1452,1,0,False,0.5236440072654034,0.5236440072654034,-0.010726017769455847,False
1453,1,1,True,0.5541272884318805,0.5541272884318805,0.012586985351760747,False
1454,1,1,True,0.6103679618207747,0.6103679618207747,0.043168805587586276,True
1455,1,1,True,0.6321550822195697,0.6321550822195697,0.020564278543644173,True
1456,0,0,True,0.5917443182515377,0.4082556817484622,-0.0233888501250956,False
1457,0,1,False,0.5063239500096725,0.4936760499903275,0.036745837963564856,False
1458,1,0,False,0.5768208068785522,0.5768208068785522,-0.020314894614843756,False
1459,1,0,False,0.5159859617853823,0.5159859617853823,-0.049381018768935386,False
1460,1,0,False,0.5502180410596728,0.5502180410596728,-0.03393591529431713,False
1461,1,0,False,0.5769486953214331,0.5769486953214331,-0.04605409592364908,False
1462,0,0,True,0.5324305299223373,0.46756947007766264,-0.07688015246528475,False
1463,0,0,True,0.5562553368333347,0.4437446631666652,-0.042121409223847835,False
1464,0,0,True,0.500556875476558,0.4994431245234419,-0.004995126508637308,False
1465,1,0,False,0.5848617588670465,0.5848617588670465,-0.004901128578844649,False
1466,1,1,True,0.6394027210536579,0.6394027210536579,0.0428607008546373,True
1467,1,1,True,0.6131263320093404,0.6131263320093404,0.016320179516270066,True
1468,1,1,True,0.6413937113806392,0.6413937113806392,0.014432334848861719,True
1469,1,0,False,0.5874396910355233,0.5874396910355233,-0.0009623243807330701,False
1470,0,1,False,0.5505289916373436,0.44947100836265647,0.005638792846540042,False
1471,0,0,True,0.6122330045797704,0.38776699542022963,-0.0331545156435802,True
1472,0,0,True,0.6255874265249401,0.37441257347505985,-0.00842165616055341,True
1473,1,1,True,0.5098078962579607,0.5098078962579607,0.030250130316798022,False
1474,1,1,True,0.577639199485846,0.577639199485846,0.008746169132517623,False
1475,1,0,False,0.5749686614845541,0.5749686614845541,-0.0004983787310767488,False
1476,0,1,False,0.5197509599507386,0.4802490400492614,0.041056312899429466,False
1477,1,1,True,0.5345937880462267,0.5345937880462267,0.06940702577076986,False
1478,0,1,False,0.5006214759067756,0.4993785240932243,0.07969728013962676,False
1479,1,1,True,0.5234289876697115,0.5234289876697115,0.07077182251064479,False
1480,1,1,True,0.6326482695804684,0.6326482695804684,0.05383555417441841,True
1481,1,1,True,0.5909551974929937,0.5909551974929937,0.05765151998465968,False
1482,1,1,True,0.5132529608422797,0.5132529608422797,0.01638997626873654,False
1483,1,0,False,0.5688348373354312,0.5688348373354312,-0.007026242150009177,False
1484,1,0,False,0.624080250467416,0.624080250467416,-0.017529197176390385,True
1485,1,0,False,0.5870664200291914,0.5870664200291914,-0.03943135978327404,False
1486,1,0,False,0.6126753045556802,0.6126753045556802,-0.035248053772376865,True
1487,1,0,False,0.7084943990340551,0.7084943990340551,-0.002846621956736409,True
1488,1,1,True,0.6829544293896475,0.6829544293896475,0.006625219606976525,True
1489,1,1,True,0.7398055476552795,0.7398055476552795,0.07446491342175053,True
1490,1,1,True,0.6940820043875711,0.6940820043875711,0.13249824526884127,True
1491,1,1,True,0.8008081614845505,0.8008081614845505,0.07570194630562621,True
1492,1,1,True,0.7988634911239086,0.7988634911239086,0.054698544160113126,True
1493,1,0,False,0.7792546775555707,0.7792546775555707,-0.029766190617954463,True
1494,1,0,False,0.5995626897970149,0.5995626897970149,-0.06132092908681205,False
1495,0,0,True,0.6736677900493188,0.32633220995068124,-0.07244293703897825,True
1496,0,0,True,0.6563032827385361,0.3436967172614638,-0.05446150572519554,True
1497,0,0,True,0.5631807904822664,0.4368192095177336,-0.03784775074638337,False
1498,0,1,False,0.5048465854368366,0.49515341456316336,0.03186623209409747,False
1499,1,1,True,0.5111099769440741,0.5111099769440741,0.03198220025792683,False
1500,0,1,False,0.5520497067296989,0.44795029327030117,0.013010872135173388,False
1501,0,1,False,0.5254010181107133,0.4745989818892868,0.01769910587124924,False
1502,0,1,False,0.5609952852404713,0.43900471475952885,0.010306380739215436,False
1503,1,0,False,0.5029357418949,0.5029357418949,-0.012312065214866153,False
1504,0,0,True,0.5769027158852115,0.4230972841147886,-0.014989279769604333,False
1505,0,0,True,0.5544042261694181,0.44559577383058196,-0.006389708476349062,False
1506,0,1,False,0.5476682824768789,0.4523317175231211,0.009884954324328836,False
1507,0,1,False,0.5238821486596018,0.47611785134039825,0.012226192246662403,False
1508,1,1,True,0.6441126125248354,0.6441126125248354,0.01975613441851071,True
1509,1,1,True,0.5088337192618305,0.5088337192618305,0.02706312522412849,False
1510,1,1,True,0.536288323823135,0.536288323823135,0.026235394488408444,False
1511,1,1,True,0.5061056563519823,0.5061056563519823,0.004298969677193276,False
1512,1,1,True,0.5562713209311342,0.5562713209311342,0.011492824576936737,False
1513,1,1,True,0.6471244900417205,0.6471244900417205,0.023865184662749766,True
1514,1,1,True,0.6930070759882362,0.6930070759882362,0.0187108238421816,True
1515,1,1,True,0.7527787141889656,0.7527787141889656,0.013074124602039475,True
1516,1,1,True,0.7054454167218497,0.7054454167218497,0.013240984623630003,True
1517,1,1,True,0.615646271078243,0.615646271078243,0.00418604332756411,True
1518,1,0,False,0.6211625931130601,0.6211625931130601,-0.0032992772696630976,True
1519,1,0,False,0.5792993890449933,0.5792993890449933,-0.009126392532532519,False
1520,1,0,False,0.5463936834033235,0.5463936834033235,-0.003518993796814263,False
1521,1,1,True,0.5251253266364735,0.5251253266364735,0.012175715101311534,False
1522,1,1,True,0.5122675334834818,0.5122675334834818,0.0029973530740882576,False
1523,0,0,True,0.5050652906643592,0.49493470933564065,-0.003597210899398391,False
1524,0,1,False,0.5212960897220741,0.47870391027792597,0.0012041117777809632,False
1525,0,0,True,0.5435355109909689,0.456464489009031,-0.006787282177820131,False
1526,1,0,False,0.5268717768537142,0.5268717768537142,-0.01465842941618462,False
1527,0,0,True,0.5322213921519358,0.4677786078480643,-0.02282865129786341,False
1528,0,0,True,0.5853218733819037,0.41467812661809633,-0.023296186121240486,False
1529,1,0,False,0.528160062835687,0.528160062835687,-0.023575107751707142,False
1530,1,0,False,0.5517018549456153,0.5517018549456153,-0.018193609435732193,False
1531,1,0,False,0.560831821442345,0.560831821442345,-0.013032096062937355,False
1532,1,0,False,0.6138430292280718,0.6138430292280718,-0.010270556050410492,True
1533,1,0,False,0.6327176286959341,0.6327176286959341,-0.016505681695661068,True
1534,1,0,False,0.6882157058655564,0.6882157058655564,-0.020671933932437193,True
1535,1,0,False,0.7152765749867177,0.7152765749867177,-0.030347402807556257,True
1536,1,0,False,0.6910558455245724,0.6910558455245724,-0.029454187533536378,True
1537,1,0,False,0.7342691734877039,0.7342691734877039,-0.024391399592990966,True
1538,1,0,False,0.7186687558663213,0.7186687558663213,-0.016437451329580577,True
1539,1,0,False,0.7494396924916661,0.7494396924916661,-0.01705842318848357,True
1540,1,0,False,0.733561525327243,0.733561525327243,-0.009617169320305298,True
1541,1,0,False,0.7705633666895135,0.7705633666895135,-0.011934899799154231,True
1542,1,0,False,0.7226229171243798,0.7226229171243798,-0.0047316138889690745,True
1543,1,0,False,0.7574866161231353,0.7574866161231353,-0.012477669211847156,True
1544,1,0,False,0.7094692229515934,0.7094692229515934,-0.006370230041199183,True
1545,1,0,False,0.7428831834894319,0.7428831834894319,-0.010144372787525589,True
1546,1,0,False,0.7020932334549728,0.7020932334549728,-0.013445494395260193,True
1547,1,0,False,0.6349933142602154,0.6349933142602154,-0.021200666259256196,True
1548,1,1,True,0.6161518883847601,0.6161518883847601,0.00119098190795013,True
1549,1,1,True,0.6130561752912197,0.6130561752912197,0.008362143012465571,True
1550,1,1,True,0.6160146702163257,0.6160146702163257,0.01832544273736334,True
1551,1,1,True,0.71776660564299,0.71776660564299,0.003558910276548403,True
1552,1,1,True,0.6603545596995112,0.6603545596995112,0.006437094855649268,True
1553,1,0,False,0.6879525491574802,0.6879525491574802,-0.0013980783597181638,True
1554,1,0,False,0.6781226062210797,0.6781226062210797,-0.008276038327555791,True
1555,1,1,True,0.6043527359123569,0.6043527359123569,0.0020870265528814833,True
1556,1,1,True,0.6410334083761324,0.6410334083761324,0.02552958850513726,True
1557,1,1,True,0.7160769578600941,0.7160769578600941,0.024809096067421817,True
1558,1,1,True,0.7388695895824459,0.7388695895824459,0.030653874376601144,True
1559,1,1,True,0.7153444341296454,0.7153444341296454,0.028826058640625894,True
1560,1,1,True,0.6515073683978266,0.6515073683978266,0.030450293150852695,True
1561,1,1,True,0.6483026918449165,0.6483026918449165,0.03596867867569489,True
1562,1,1,True,0.6929035308265714,0.6929035308265714,0.04147239592062247,True
1563,1,1,True,0.6231400923676618,0.6231400923676618,0.016131264004280537,True
1564,1,1,True,0.6062891029008727,0.6062891029008727,0.020129510853521552,True
1565,1,0,False,0.5842298774109811,0.5842298774109811,-0.003997808403173286,False
1566,1,0,False,0.5724485944450453,0.5724485944450453,-0.021568484700951827,False
1567,1,0,False,0.6148430730647633,0.6148430730647633,-0.028087012089207428,True
1568,1,0,False,0.5957228168823571,0.5957228168823571,-0.024845975388990374,False
1569,1,0,False,0.5731429360434978,0.5731429360434978,-0.024816647875252326,False
1570,1,0,False,0.5231145949996027,0.5231145949996027,-0.021830687001869895,False
1571,1,0,False,0.5721237641134365,0.5721237641134365,-0.018863354361997275,False
1572,1,0,False,0.5812553374717392,0.5812553374717392,-0.018801011643569402,False
1573,1,0,False,0.604227778384332,0.604227778384332,-0.006218842798178133,True
1574,1,0,False,0.5899401590346156,0.5899401590346156,-0.0047263055003008815,False
1575,1,0,False,0.6098841910446571,0.6098841910446571,-0.0014420660602002112,True
1576,1,1,True,0.6267506037718902,0.6267506037718902,0.004683136322539366,True
1577,1,1,True,0.6215321162916763,0.6215321162916763,0.018891020004087107,True
1578,1,0,False,0.54116406036524,0.54116406036524,-0.0019839380570679287,False
1579,1,0,False,0.5996650318082576,0.5996650318082576,-0.00988813668176037,False
1580,1,0,False,0.6526812628603079,0.6526812628603079,-0.01488027969581421,True
1581,1,0,False,0.6900527606020881,0.6900527606020881,-0.02431751742655656,True
1582,1,0,False,0.7203470251215017,0.7203470251215017,-0.051117209070585375,True
1583,1,0,False,0.7244465218463921,0.7244465218463921,-0.05137716419676555,True
1584,1,0,False,0.6685863498201318,0.6685863498201318,-0.06786840562003625,True
1585,1,0,False,0.6201691113286726,0.6201691113286726,-0.06458675617968156,True
1586,1,0,False,0.6542442926805864,0.6542442926805864,-0.06352194268175855,True
1587,1,0,False,0.726455636353568,0.726455636353568,-0.03585695922012151,True
1588,1,0,False,0.7219067654284125,0.7219067654284125,-0.018109052249389412,True
1589,1,0,False,0.5981956074199494,0.5981956074199494,-0.013154010693059647,False
1590,1,0,False,0.6193562569855139,0.6193562569855139,-0.005164151795310401,True
1591,1,1,True,0.6170348506655826,0.6170348506655826,0.030421601629510304,True
1592,1,1,True,0.6266514888010796,0.6266514888010796,0.0021113295504659618,True
1593,1,1,True,0.6288553081836041,0.6288553081836041,0.01479126188105991,True
1594,1,1,True,0.605649261777338,0.605649261777338,0.032011938798863195,True
1595,1,1,True,0.6372628685904732,0.6372628685904732,0.024344266575902912,True
1596,1,0,False,0.6259849687614915,0.6259849687614915,-0.01137789718750745,True
1597,1,1,True,0.5740751565925977,0.5740751565925977,0.008035050909499441,False
1598,1,0,False,0.5906667578578471,0.5906667578578471,-0.008994725292897937,False
1599,1,0,False,0.5468106146355735,0.5468106146355735,-0.017596271503278475,False
1600,1,0,False,0.5785064476005156,0.5785064476005156,-0.018472395610997807,False
1601,1,0,False,0.6158208209270378,0.6158208209270378,-0.01114990387475706,True
1602,1,0,False,0.5637239585332233,0.5637239585332233,-0.00834107096618356,False
1603,1,1,True,0.5343212565307498,0.5343212565307498,0.009686250826719001,False
1604,1,1,True,0.6196069305776232,0.6196069305776232,0.019697017070132966,True
1605,1,1,True,0.5268964308651666,0.5268964308651666,0.034699477271507954,False
1606,1,1,True,0.5002494877458644,0.5002494877458644,0.03013381021526912,False
1607,1,1,True,0.5546164953510477,0.5546164953510477,0.02398921069666278,False
1608,1,1,True,0.6034856990251131,0.6034856990251131,0.008127997832557424,True
1609,1,1,True,0.6316895403885933,0.6316895403885933,0.009068010268265425,True
1610,1,1,True,0.6451094227582604,0.6451094227582604,0.0056586615766103035,True
1611,1,1,True,0.6028301824128155,0.6028301824128155,0.0035568418451723096,True
1612,1,0,False,0.5488917490163611,0.5488917490163611,-0.003070459173110076,False
1613,1,1,True,0.5301643929337921,0.5301643929337921,0.005483410599406762,False
1614,1,1,True,0.5343435126386255,0.5343435126386255,0.01079396840989206,False
1615,1,1,True,0.5992827090478614,0.5992827090478614,0.015640512575272138,False
1616,1,1,True,0.6194346629284628,0.6194346629284628,0.014429998721328068,True
1617,1,1,True,0.5933501549875316,0.5933501549875316,0.01982204961638964,False
1618,1,1,True,0.5945002792822107,0.5945002792822107,0.020156199963362986,False
1619,1,1,True,0.5813203766548506,0.5813203766548506,0.009275633285823605,False
1620,1,1,True,0.5910044102735083,0.5910044102735083,0.002634593972790518,False
1621,1,1,True,0.5450195359490386,0.5450195359490386,0.005967231684507819,False
1622,1,1,True,0.5263269250304917,0.5263269250304917,0.010430701768617847,False
1623,1,0,False,0.5524309579573589,0.5524309579573589,-0.006765227041285838,False
1624,0,0,True,0.5161037067525495,0.4838962932474506,-0.0023650262912648405,False
1625,0,0,True,0.5038193117977856,0.49618068820221434,-0.031201488116630708,False
1626,1,0,False,0.5522614733133455,0.5522614733133455,-0.020361569262387507,False
1627,1,0,False,0.5431253179565755,0.5431253179565755,-0.01681780112208831,False
1628,1,0,False,0.513407759601994,0.513407759601994,-0.015239857884944672,False
1629,0,0,True,0.5379829249863554,0.46201707501364475,-0.002154195970344074,False
1630,1,1,True,0.5318873045442478,0.5318873045442478,0.031596354118388646,False
1631,1,1,True,0.5635185261919241,0.5635185261919241,0.012695921460790923,False
1632,1,1,True,0.5889450697511723,0.5889450697511723,0.002177571219655323,False
1633,1,1,True,0.6022448949788801,0.6022448949788801,0.0013079656094577335,True
1634,1,0,False,0.5818564317438218,0.5818564317438218,-0.009711456182947545,False
1635,1,0,False,0.5918593634839909,0.5918593634839909,-0.023105008646729392,False
1636,1,0,False,0.6469293199985127,0.6469293199985127,-0.029459969998339976,True
1637,1,0,False,0.5968136364482469,0.5968136364482469,-0.025870524493025175,False
1638,1,0,False,0.6515999660996241,0.6515999660996241,-0.010403718049096905,True
1639,1,0,False,0.5726683836503051,0.5726683836503051,-0.012351697050173444,False
1640,1,0,False,0.6715082906015333,0.6715082906015333,-0.003510773225058805,True
1641,1,1,True,0.5390305704972557,0.5390305704972557,0.013588008022662013,False
1642,1,1,True,0.5738244529285548,0.5738244529285548,0.02008767166760096,False
1643,1,1,True,0.6158818462831581,0.6158818462831581,0.015043278416589914,True
1644,1,1,True,0.5800735272948782,0.5800735272948782,0.013189650216306659,False
1645,1,1,True,0.5061990633879313,0.5061990633879313,0.009557093905152086,False
1646,1,1,True,0.5872966422054179,0.5872966422054179,0.020173454506940088,False
1647,1,1,True,0.5663261060486385,0.5663261060486385,0.019115622360843063,False
1648,1,1,True,0.6843232502677589,0.6843232502677589,0.009024069568309336,True
1649,1,1,True,0.6656284963682678,0.6656284963682678,0.010641625281860936,True
1650,1,1,True,0.7205502032878196,0.7205502032878196,0.012587104764432812,True
1651,1,0,False,0.7265569933167392,0.7265569933167392,-0.000792144537360641,True
1652,1,0,False,0.7369941734573772,0.7369941734573772,-0.020759464258823093,True
1653,1,0,False,0.655961365594489,0.655961365594489,-0.020036895535776818,True
1654,1,0,False,0.6463886533459838,0.6463886533459838,-0.023884480329007734,True
1655,1,0,False,0.5762746268551255,0.5762746268551255,-0.01178557423022655,False
1656,1,0,False,0.6497676966146485,0.6497676966146485,-0.006709370782634939,True
1657,1,0,False,0.5927365041289216,0.5927365041289216,-0.00380029255661395,False
1658,1,1,True,0.5508234105414366,0.5508234105414366,0.002352738869055168,False
1659,1,1,True,0.52651488046614,0.52651488046614,0.016347000020513373,False
1660,1,0,False,0.5659308365202663,0.5659308365202663,-0.003447553402526275,False
1661,1,1,True,0.5019582582765406,0.5019582582765406,0.00093889745208967,False
1662,1,1,True,0.5449554107124621,0.5449554107124621,0.0011655766902063964,False
1663,1,0,False,0.5472726130467807,0.5472726130467807,-0.020784556834643288,False
1664,1,0,False,0.5200147215176303,0.5200147215176303,-0.02175764161896637,False
1665,1,0,False,0.5477408158817464,0.5477408158817464,-0.020810680305514202,False
1666,0,0,True,0.5295088546071676,0.4704911453928324,-0.04340380320667325,False
1667,1,0,False,0.5272360301861527,0.5272360301861527,-0.03464337679882505,False
1668,1,0,False,0.5210598390538039,0.5210598390538039,-0.010759292224749858,False
1669,1,0,False,0.5639786458552891,0.5639786458552891,-0.016646461765734116,False
1670,1,0,False,0.5755083290227297,0.5755083290227297,-0.0326373457873992,False
1671,1,0,False,0.5338780247377767,0.5338780247377767,-0.023119349332258586,False
1672,1,0,False,0.6519629634700771,0.6519629634700771,-0.019611173559498728,True
1673,1,0,False,0.5693139437070461,0.5693139437070461,-0.01760287815759404,False
1674,1,0,False,0.5885952394178594,0.5885952394178594,-0.02865991696777172,False
1675,1,0,False,0.5673904908464469,0.5673904908464469,-0.010569213995380812,False
1676,1,0,False,0.7078677732014159,0.7078677732014159,-0.00999853561877127,True
1677,1,0,False,0.7218015920080062,0.7218015920080062,-0.008690512018105686,True
1678,1,0,False,0.7172841475068559,0.7172841475068559,-0.003062534581712336,True
1679,1,1,True,0.60125120826362,0.60125120826362,0.001972719979370492,True
1680,1,0,False,0.6547247948571683,0.6547247948571683,-0.0073816278063049846,True
1681,1,0,False,0.6697117767572571,0.6697117767572571,-0.008362248796996744,True
1682,1,1,True,0.6714079536793619,0.6714079536793619,0.0036009895975025337,True
1683,1,0,False,0.5795924200393893,0.5795924200393893,-0.012435155363334869,False
1684,1,0,False,0.6029297724119799,0.6029297724119799,-0.01929462560781489,True
1685,1,0,False,0.5985229030893365,0.5985229030893365,-0.011552374338639522,False
1686,1,0,False,0.5940530491827761,0.5940530491827761,-0.0066530701568907535,False
1687,1,0,False,0.6111457507433271,0.6111457507433271,-0.024400381282123157,True
1688,1,0,False,0.5486636896881505,0.5486636896881505,-0.02956900899507187,False
1689,1,0,False,0.5678804584964628,0.5678804584964628,-0.017624640259703752,False
1690,1,0,False,0.5377332864640473,0.5377332864640473,-0.012729136610585539,False
1691,1,0,False,0.5520683807234342,0.5520683807234342,-0.006515669622473564,False
1692,1,0,False,0.5428003942038439,0.5428003942038439,-0.0006757905533745249,False
1693,1,1,True,0.6179687711594707,0.6179687711594707,0.02478630980718668,True
1694,1,1,True,0.6335842174198097,0.6335842174198097,0.028495203111531003,True
1695,1,1,True,0.690404623773035,0.690404623773035,0.03118727977658508,True
1696,1,1,True,0.6235836590544541,0.6235836590544541,0.035353360916534904,True
1697,1,1,True,0.7227784028328449,0.7227784028328449,0.03484091248990941,True
1698,1,1,True,0.6560877886794041,0.6560877886794041,0.019986569227875436,True
1699,1,1,True,0.680802682761116,0.680802682761116,0.01621433462548591,True
1700,1,0,False,0.6771418738897866,0.6771418738897866,-0.004053951540075334,True
1701,1,0,False,0.6646844975673671,0.6646844975673671,-0.012395112306243825,True
1702,1,0,False,0.6554265126913655,0.6554265126913655,-0.01424829525862912,True
1703,1,0,False,0.6421599328639523,0.6421599328639523,-0.009466553829630237,True
1704,1,0,False,0.6108067670522929,0.6108067670522929,-0.0036825081331333877,True
1705,1,1,True,0.54554324550732,0.54554324550732,0.016840327505227397,False
1706,1,1,True,0.6367137622740949,0.6367137622740949,0.00992984260556361,True
1707,1,1,True,0.564761217634408,0.564761217634408,0.017611230130803512,False
1708,0,1,False,0.5440509654660748,0.4559490345339252,0.027589976376488533,False
1709,0,1,False,0.5459975721349003,0.45400242786509964,0.0278254766220262,False
1710,0,1,False,0.5281795832741142,0.47182041672588576,0.012465936201088502,False
1711,1,1,True,0.5011668932647217,0.5011668932647217,0.022886709843957607,False
1712,0,1,False,0.5717074967184211,0.4282925032815788,0.006490852259536689,False
1713,0,0,True,0.5613881369135694,0.4386118630864307,-0.008867790562129586,False
1714,1,0,False,0.516475453076712,0.516475453076712,-0.014226591152621726,False
1715,1,0,False,0.5900707405047546,0.5900707405047546,-0.0019181341807539998,False
1716,1,1,True,0.61198035183266,0.61198035183266,0.0018677551735747245,True
1717,1,1,True,0.5669939864002608,0.5669939864002608,0.02465920734071578,False
1718,1,1,True,0.5996830719549986,0.5996830719549986,0.031021148521456564,False
1719,1,1,True,0.6048917250672596,0.6048917250672596,0.024878813155118955,True
1720,1,1,True,0.5482122700539135,0.5482122700539135,0.0071976752737384795,False
1721,1,1,True,0.5630396035178983,0.5630396035178983,0.009351887429659292,False
1722,1,0,False,0.6034413407631912,0.6034413407631912,-0.004551640230035737,True
1723,1,0,False,0.5909260985426438,0.5909260985426438,-0.008746129322567011,False
1724,1,0,False,0.5595020479446157,0.5595020479446157,-0.005570134916614111,False
1725,1,1,True,0.5187784758265208,0.5187784758265208,0.01343419547726591,False
1726,1,1,True,0.5564068470302345,0.5564068470302345,0.006656238307598011,False
1727,1,1,True,0.5153211737021128,0.5153211737021128,0.005218456267374746,False
1728,1,1,True,0.604717886754267,0.604717886754267,0.004723549805605588,True
1729,1,0,False,0.5218199621929134,0.5218199621929134,-0.00045225060962337935,False
1730,1,0,False,0.5016121524887355,0.5016121524887355,-0.00962061898020444,False
1731,0,0,True,0.5421790553623564,0.45782094463764356,-0.018979084154602536,False
1732,0,0,True,0.5060045461898174,0.49399545381018256,-0.017744468949344377,False
1733,1,0,False,0.5593182096450587,0.5593182096450587,-0.024016608116449574,False
1734,1,0,False,0.5586668492973015,0.5586668492973015,-0.042094423754912645,False
1735,0,0,True,0.5824143894401007,0.41758561055989935,-0.03952954674855661,False
1736,0,0,True,0.5319391081062609,0.46806089189373906,-0.04358859086932778,False
1737,1,0,False,0.6074008758363414,0.6074008758363414,-0.041903249743749316,True
1738,1,0,False,0.5504658120520373,0.5504658120520373,-0.039663333887697334,False
1739,1,0,False,0.5508575208534167,0.5508575208534167,-0.013212115732564544,False
1740,1,0,False,0.5564461263413842,0.5564461263413842,-0.019384554107592086,False
1741,1,0,False,0.5609948786142818,0.5609948786142818,-0.023460347767648746,False
1742,1,0,False,0.5895914790816743,0.5895914790816743,-0.025068528627956315,False
1743,1,0,False,0.592769201842347,0.592769201842347,-0.023575203039246356,False
1744,1,0,False,0.5875092264166574,0.5875092264166574,-0.037374764246140266,False
1745,1,0,False,0.6067364833667925,0.6067364833667925,-0.02237025759411841,True
1746,1,0,False,0.5536449664578201,0.5536449664578201,-0.016424183328345325,False
1747,1,0,False,0.5315784565048386,0.5315784565048386,-0.021588498472422703,False
1748,1,0,False,0.549635495024008,0.549635495024008,-0.010662188575796448,False
1749,1,1,True,0.5141391395246661,0.5141391395246661,0.003998037239741039,False
1750,1,0,False,0.5126521398546692,0.5126521398546692,-0.011006513907637025,False
1751,1,0,False,0.5037292886509226,0.5037292886509226,-0.005651275295497585,False
1752,1,0,False,0.5861930156542271,0.5861930156542271,-0.009207419405638885,False
1753,1,0,False,0.6442338273511506,0.6442338273511506,-0.00984931745774203,True
1754,1,0,False,0.5535685319812655,0.5535685319812655,-0.006872720949832094,False
1755,1,1,True,0.5608017344300489,0.5608017344300489,0.01663992339057697,False
1756,0,1,False,0.5165829594149961,0.48341704058500384,0.03794359462950557,False
1757,1,1,True,0.5182963032247935,0.5182963032247935,0.042799057430201265,False
1758,1,1,True,0.5894535041937279,0.5894535041937279,0.041299922210006224,False
1759,1,1,True,0.648858306485076,0.648858306485076,0.018337898746603354,True
1760,1,1,True,0.5643629278721305,0.5643629278721305,0.005134355899263143,False
1761,0,0,True,0.5711832772755949,0.428816722724405,-0.009523981517425183,False
1762,1,0,False,0.5916115777771873,0.5916115777771873,-0.012189048111923543,False
1763,1,0,False,0.5971686245897052,0.5971686245897052,-0.02310892994122304,False
1764,1,0,False,0.6227110942932884,0.6227110942932884,-0.0010224002182509303,True
1765,1,1,True,0.6364666957515107,0.6364666957515107,0.001100676831353153,True
1766,1,1,True,0.6993318422643462,0.6993318422643462,0.011012111041216304,True
1767,1,1,True,0.6764150889185382,0.6764150889185382,0.031188353079790468,True
1768,1,1,True,0.7340823024145274,0.7340823024145274,0.02306289748567936,True
1769,1,1,True,0.6624253948555463,0.6624253948555463,0.011484635343976727,True
1770,1,0,False,0.6201771367444889,0.6201771367444889,-0.0006205369790499203,True
1771,1,0,False,0.5853667322908629,0.5853667322908629,-0.007798119405195079,False
1772,1,0,False,0.5519517276635753,0.5519517276635753,-0.01751824623056746,False
1773,1,0,False,0.5636707309521269,0.5636707309521269,-0.012191372919401054,False
1774,1,0,False,0.6407846095650808,0.6407846095650808,-0.014749885751561276,True
1775,1,1,True,0.5227044683284903,0.5227044683284903,0.0035303968272223135,False
1776,1,0,False,0.5694839592393838,0.5694839592393838,-0.005849197913504293,False
1777,1,0,False,0.6377468046466342,0.6377468046466342,-0.024175994572546856,True
1778,1,0,False,0.557411733558212,0.557411733558212,-0.024828938588837654,False
1779,1,0,False,0.5496203038807812,0.5496203038807812,-0.003163880904580005,False
1780,1,0,False,0.6121691216316903,0.6121691216316903,-0.0050760349494911655,True
1781,1,0,False,0.6200530205942326,0.6200530205942326,-0.011760498272737995,True
1782,1,1,True,0.571174436481596,0.571174436481596,0.006003566795696587,False
1783,1,1,True,0.5804365396430055,0.5804365396430055,0.022309881881671052,False
1784,1,0,False,0.5922278108512087,0.5922278108512087,-0.006528249145284303,False
1785,1,0,False,0.5735943639370423,0.5735943639370423,-0.006123909871993896,False
1786,1,1,True,0.5317533719381021,0.5317533719381021,0.007499599826420406,False
1787,1,1,True,0.5307249486928108,0.5307249486928108,0.00011251316769803514,False
1788,0,0,True,0.5727656766124627,0.42723432338753725,-0.0025451907499163297,False
1789,0,1,False,0.616794605488638,0.38320539451136204,0.013361155399657158,True
1790,0,1,False,0.6067031410154273,0.39329685898457284,0.007805469502754743,True
1791,0,0,True,0.5037088294444618,0.4962911705555382,-0.003398481785249107,False
1792,0,0,True,0.5498420640367317,0.4501579359632683,-0.003230582737255497,False
1793,1,1,True,0.5674635722872713,0.5674635722872713,0.0016052169626613725,False
1794,1,1,True,0.5201979245917118,0.5201979245917118,0.013089660272969688,False
1795,1,1,True,0.5736490119532113,0.5736490119532113,0.019533510138675797,False
1796,1,1,True,0.5493164324183587,0.5493164324183587,0.017130718595543996,False
1797,1,1,True,0.5512330763866311,0.5512330763866311,0.016738158492995488,False
1798,0,1,False,0.5051082257085849,0.4948917742914151,0.009282757311480153,False
1799,0,0,True,0.5370233222251962,0.46297667777480384,-0.004785045807195295,False
1800,1,0,False,0.5796040496318261,0.5796040496318261,-0.021202804557894875,False
1801,1,0,False,0.552623820016423,0.552623820016423,-0.0006307092271308626,False
1802,1,1,True,0.5655858756954165,0.5655858756954165,0.014897088472970272,False
1803,1,1,True,0.5701255326160412,0.5701255326160412,0.01365902294380252,False
1804,1,1,True,0.594699473357696,0.594699473357696,0.006926199496916921,False
1805,1,1,True,0.6052344937137536,0.6052344937137536,0.014605368332726206,True
1806,1,0,False,0.5140911113763896,0.5140911113763896,-0.008816962221192551,False
1807,1,0,False,0.528244062892644,0.528244062892644,-0.00619920363325486,False
1808,0,0,True,0.546172232038813,0.45382776796118707,-0.012251152961982386,False
1809,0,0,True,0.5166818238551316,0.4833181761448684,-0.007686597441804929,False
1810,1,1,True,0.583324931912801,0.583324931912801,0.0033333712022544206,False
1811,1,0,False,0.5160917848241927,0.5160917848241927,-0.004195909664373929,False
1812,1,0,False,0.5706459637285897,0.5706459637285897,-0.005978503844543039,False
1813,1,1,True,0.5483146511093011,0.5483146511093011,0.0017401269489903462,False
1814,1,1,True,0.5427261341177511,0.5427261341177511,0.017519289142033666,False
1815,1,0,False,0.5529800605482357,0.5529800605482357,-0.001508415647002266,False
1816,1,1,True,0.5537894336947539,0.5537894336947539,0.021526828224760857,False
1817,1,1,True,0.5789119767700682,0.5789119767700682,0.003609304367612124,False
1818,1,1,True,0.6041884851446501,0.6041884851446501,0.00971719617819985,True
1819,1,1,True,0.6080173855046254,0.6080173855046254,0.004814954035614343,True
1820,1,1,True,0.60523692384281,0.60523692384281,0.026738606685700765,True
1821,1,1,True,0.6330589045806552,0.6330589045806552,0.023962706052708522,True
1822,1,1,True,0.5851184459425532,0.5851184459425532,0.0489214632523859,False
1823,1,1,True,0.5431737740304164,0.5431737740304164,0.03132381258012413,False
1824,1,1,True,0.5428893129484269,0.5428893129484269,0.022199601922693952,False
1825,1,1,True,0.570055139688475,0.570055139688475,7.614149711938235e-05,False
1826,1,1,True,0.5548805048052056,0.5548805048052056,0.0016478261551717505,False
1827,1,0,False,0.5557011563705933,0.5557011563705933,-0.021919218371507874,False
1828,1,0,False,0.57250935764065,0.57250935764065,-0.0052059550462734815,False
1829,1,0,False,0.5489938098341135,0.5489938098341135,-0.0009935923732609575,False
1830,1,0,False,0.5553231567182985,0.5553231567182985,-0.0018785539505127566,False
1831,1,1,True,0.539717059148369,0.539717059148369,0.003212818905804158,False
1832,1,1,True,0.5607239365420953,0.5607239365420953,0.02337399345726166,False
1833,1,1,True,0.552197557089061,0.552197557089061,0.019074444397518868,False
1834,1,1,True,0.5098222613355846,0.5098222613355846,0.004122419759699638,False
1835,0,1,False,0.614422845117867,0.38557715488213296,0.01176586341614182,True
1836,0,1,False,0.5867744748543039,0.41322552514569616,0.010731281528638082,False
1837,0,0,True,0.5645462556923263,0.4354537443076738,-0.0039001103801171505,False
1838,0,0,True,0.5977892519329399,0.4022107480670602,-0.01659539467513212,False
1839,0,1,False,0.6087605914086567,0.39123940859134326,0.004052180922999271,True
1840,0,1,False,0.5461480559271452,0.45385194407285473,0.0029631705516445102,False
1841,0,1,False,0.5618648368109509,0.43813516318904905,0.010020300168454462,False
1842,0,1,False,0.5912789726554747,0.4087210273445252,0.0077800479236349715,False
1843,0,1,False,0.5257739481802292,0.4742260518197708,0.013352154249024625,False
1844,0,0,True,0.5193418449620736,0.48065815503792636,-0.001289086274553253,False
1845,1,0,False,0.5235919428257869,0.5235919428257869,-0.0003381215073519594,False
1846,1,0,False,0.5210763467579473,0.5210763467579473,-0.009280580304685183,False
1847,1,0,False,0.5328358519503694,0.5328358519503694,-0.01294422554607088,False
1848,1,0,False,0.5364430060517636,0.5364430060517636,-0.019377036068778337,False
1849,1,0,False,0.5784376380959304,0.5784376380959304,-0.027996731953500165,False
1850,1,0,False,0.568659494997612,0.568659494997612,-0.040674932005393634,False
1851,1,0,False,0.5765167178592029,0.5765167178592029,-0.05454287661277104,False
1852,1,0,False,0.512123133923986,0.512123133923986,-0.051083057545600996,False
1853,1,0,False,0.6457216413525232,0.6457216413525232,-0.040884262781444795,True
1854,1,0,False,0.6108340374924879,0.6108340374924879,-0.024645325203791063,True
1855,1,0,False,0.6601436221753305,0.6601436221753305,-0.009406498866196756,True
1856,1,1,True,0.6656096808955364,0.6656096808955364,0.013077119146189515,True
1857,1,1,True,0.6456581692247273,0.6456581692247273,0.03206569468612086,True
1858,1,1,True,0.6594080487800932,0.6594080487800932,0.02829319963895122,True
1859,1,1,True,0.7056266586729937,0.7056266586729937,0.01709994163780304,True
1860,1,1,True,0.6749149858836586,0.6749149858836586,0.033632782654372875,True
1861,1,1,True,0.6805084287662199,0.6805084287662199,0.031504397929014875,True
1862,1,1,True,0.6505708257299233,0.6505708257299233,0.02579975218661435,True
1863,1,1,True,0.6880140232796842,0.6880140232796842,0.02346277840212172,True
1864,1,1,True,0.6430117334174337,0.6430117334174337,0.03853121931551603,True
1865,1,1,True,0.5728407736300879,0.5728407736300879,0.0219853236294269,False
1866,1,1,True,0.5123466616777389,0.5123466616777389,0.011744284297856693,False
1867,1,1,True,0.5637605181373831,0.5637605181373831,0.002264611483040495,False
1868,1,1,True,0.5645192956666308,0.5645192956666308,0.01087914716956345,False
1869,1,1,True,0.5635504605516792,0.5635504605516792,0.015918835336778382,False
1870,1,1,True,0.5121185211543696,0.5121185211543696,0.03323025268922817,False
1871,1,1,True,0.5023314002932887,0.5023314002932887,0.030497398223067268,False
1872,1,1,True,0.5115501123839898,0.5115501123839898,0.03273408513847283,False
1873,1,1,True,0.5925876540913243,0.5925876540913243,0.02776044169066893,False
1874,1,1,True,0.6087131557324534,0.6087131557324534,0.019203394681120933,True
1875,1,0,False,0.590257096331035,0.590257096331035,-0.01926511579314151,False
1876,1,0,False,0.6773232602432043,0.6773232602432043,-0.017833140954710898,True
1877,1,0,False,0.6449197891652129,0.6449197891652129,-0.0033089384017228923,True
1878,1,0,False,0.6813920833576922,0.6813920833576922,-0.007906034209725438,True
1879,1,0,False,0.5527566603198507,0.5527566603198507,-0.014542230939392683,False
1880,1,1,True,0.5798665811924972,0.5798665811924972,0.001407324237094676,False
1881,1,1,True,0.5942926832991448,0.5942926832991448,0.0020128471881022563,False
1882,1,0,False,0.5633476907557707,0.5633476907557707,-0.024325539790926373,False
1883,0,0,True,0.5154483358092475,0.4845516641907524,-0.023205149403102858,False
1884,1,0,False,0.5070832965802673,0.5070832965802673,-0.016706718965479324,False
1885,1,0,False,0.5356131492251563,0.5356131492251563,-0.009055899733905092,False
1886,0,0,True,0.566700366584918,0.4332996334150821,-0.005884364693332645,False
1887,0,1,False,0.5061185702668012,0.4938814297331988,0.01562934078916219,False
1888,1,1,True,0.5603438404864675,0.5603438404864675,0.02377862002351909,False
1889,1,1,True,0.5726942636442368,0.5726942636442368,0.03129116677036108,False
1890,1,1,True,0.681618228941661,0.681618228941661,0.04653815536180483,True
1891,1,1,True,0.5573714527767076,0.5573714527767076,0.05185611683712432,False
1892,1,1,True,0.5546919169798444,0.5546919169798444,0.02961096780293057,False
1893,1,1,True,0.5095573857312136,0.5095573857312136,0.028184475200118967,False
1894,1,1,True,0.5854593356679326,0.5854593356679326,0.018376408578323063,False
1895,1,1,True,0.6482407620900329,0.6482407620900329,0.012904888171605554,True
1896,1,1,True,0.6410898789438401,0.6410898789438401,0.004854481987099742,True
1897,1,1,True,0.6297328364074695,0.6297328364074695,0.008780444829403045,True
1898,1,1,True,0.6075796580709155,0.6075796580709155,0.0025779678970201877,True
1899,1,0,False,0.5099020262619431,0.5099020262619431,-0.008607154586110026,False
1900,1,0,False,0.5035702746960085,0.5035702746960085,-0.04399096394929791,False
1901,1,0,False,0.5852095528197915,0.5852095528197915,-0.02742207731212234,False
1902,1,0,False,0.5915722377397437,0.5915722377397437,-0.02097096894343621,False
1903,1,0,False,0.5299823631056167,0.5299823631056167,-0.026427456910124915,False
1904,0,0,True,0.5733832218521128,0.4266167781478873,-0.0032113454441988084,False
1905,0,1,False,0.6098785934592232,0.39012140654077676,0.03620223147531823,True
1906,1,1,True,0.5472240823305111,0.5472240823305111,0.020888448488090093,False
1907,1,1,True,0.5215027918655285,0.5215027918655285,0.009819237305654267,False
1908,1,1,True,0.546752570155716,0.546752570155716,0.015667236525192158,False
1909,1,1,True,0.5715515493647486,0.5715515493647486,0.0003204742580592125,False
1910,0,0,True,0.5246054537806568,0.4753945462193432,-0.014223741051384733,False
1911,1,0,False,0.5331769612802343,0.5331769612802343,-0.023956595443854607,False
1912,1,0,False,0.592122290151684,0.592122290151684,-0.005688500292093866,False
1913,1,0,False,0.5621694605480406,0.5621694605480406,-0.00735794514524247,False
1914,1,1,True,0.6593527898081429,0.6593527898081429,0.00540993398818067,True
1915,1,0,False,0.784836104283061,0.784836104283061,-0.0162428214248345,True
1916,1,0,False,0.6949137745726065,0.6949137745726065,-0.01039162678192611,True
1917,1,0,False,0.7547498846160233,0.7547498846160233,-0.017205619710040008,True
1918,1,0,False,0.7148176294308541,0.7148176294308541,-0.007949027668794465,True
1919,1,0,False,0.6676036819278547,0.6676036819278547,-0.029771643188419124,True
1920,1,0,False,0.6179073410741175,0.6179073410741175,-0.0133200693578668,True
1921,1,0,False,0.6628080728802592,0.6628080728802592,-0.0058478645459024295,True
1922,1,1,True,0.6401274237728373,0.6401274237728373,0.0015405033600654958,True
1923,1,0,False,0.6027637043440713,0.6027637043440713,-0.009670600756419838,True
1924,1,0,False,0.6741287807459936,0.6741287807459936,-0.009016434574577108,True
1925,1,0,False,0.6152795760793097,0.6152795760793097,-0.0005042319800949871,True
1926,1,0,False,0.6137994000623984,0.6137994000623984,-0.008214362720783198,True
1927,1,0,False,0.6028293305267206,0.6028293305267206,-0.028417395081047275,True
1928,1,0,False,0.5778688188248102,0.5778688188248102,-0.03471684054159349,False
1929,1,0,False,0.527284927767476,0.527284927767476,-0.02913872502404159,False
1930,1,0,False,0.5019207355713221,0.5019207355713221,-0.024689206646932128,False
1931,0,0,True,0.529202597285669,0.47079740271433107,-0.01256697369926815,False
1932,1,1,True,0.5728959166425773,0.5728959166425773,0.0019098503315884581,False
1933,1,1,True,0.5547999470954884,0.5547999470954884,0.01703913078169295,False
1934,1,1,True,0.59625988278775,0.59625988278775,0.018929130239058362,False
1935,1,0,False,0.6370105939671104,0.6370105939671104,-0.007643190625467315,True
1936,1,0,False,0.6051711058803855,0.6051711058803855,-0.008405491859248857,True
1937,1,0,False,0.5533742185535632,0.5533742185535632,-0.007491304550996196,False
1938,1,0,False,0.544449758486265,0.544449758486265,-0.015326995854094376,False
1939,1,0,False,0.55259588658408,0.55259588658408,-0.0016247856522650739,False
1940,1,1,True,0.6015226929068662,0.6015226929068662,0.0068417851671418745,True
1941,1,1,True,0.6371018220862658,0.6371018220862658,0.007150209789634666,True
1942,1,0,False,0.6481027736832329,0.6481027736832329,-0.009965075210200807,True
1943,1,1,True,0.6949233744682641,0.6949233744682641,0.01713000982916163,True
1944,1,0,False,0.6907547157472385,0.6907547157472385,-0.004813913544520985,True
1945,1,1,True,0.6622153495335642,0.6622153495335642,0.014260349862263818,True
1946,1,1,True,0.6582209952148674,0.6582209952148674,5.4265829415892856e-05,True
1947,1,1,True,0.5983146389111754,0.5983146389111754,0.019098325641423428,False
1948,1,1,True,0.6067990653161689,0.6067990653161689,0.012777371787203642,True
1949,1,1,True,0.5965216780906827,0.5965216780906827,0.02175549632849016,False
1950,1,1,True,0.6101673394028497,0.6101673394028497,0.03176889524718396,True
1951,1,1,True,0.6149548241614872,0.6149548241614872,0.05195710551427663,True
1952,1,1,True,0.6134695980265031,0.6134695980265031,0.034462189046130375,True
1953,1,1,True,0.6407083780076613,0.6407083780076613,0.019934918334923304,True
1954,1,1,True,0.6300804158569709,0.6300804158569709,0.02021502637502641,True
1955,1,1,True,0.621615597962364,0.621615597962364,0.0011835878840963726,True
1956,1,0,False,0.6657084945140661,0.6657084945140661,-0.015945953298430196,True
1957,1,0,False,0.5878513654029254,0.5878513654029254,-0.011301400000950465,False
1958,1,0,False,0.5573840361145543,0.5573840361145543,-0.011776801055744105,False
1959,1,0,False,0.5961537213727853,0.5961537213727853,-0.005382748265963299,False
1960,1,0,False,0.5721285036734584,0.5721285036734584,-0.02586136814290537,False
1961,1,0,False,0.6362306049524212,0.6362306049524212,-0.01572985693292952,True
1962,1,0,False,0.5868055412258392,0.5868055412258392,-0.007196189849292649,False
1963,1,1,True,0.5218465442228338,0.5218465442228338,0.005681987120101864,False
1964,1,0,False,0.5349177517725093,0.5349177517725093,-0.002471817946884422,False
1965,1,1,True,0.5255211251492953,0.5255211251492953,0.013316100630926505,False
1966,1,0,False,0.521922452914624,0.521922452914624,-0.0005735373752749582,False
1967,1,1,True,0.5302818651515415,0.5302818651515415,0.0021229391732234173,False
1968,0,0,True,0.542045050720839,0.4579549492791612,-0.024748448437389516,False
1969,1,0,False,0.5338000805127859,0.5338000805127859,-0.026990430223434548,False
1970,1,0,False,0.5256204461171691,0.5256204461171691,-0.020951854964163723,False
1971,1,0,False,0.5419296724740339,0.5419296724740339,-0.026462566986122114,False
1972,1,0,False,0.5673071772438429,0.5673071772438429,-0.029785476322969538,False
1973,1,0,False,0.5254185913859474,0.5254185913859474,-0.004800681716575911,False
1974,1,1,True,0.5237239363578371,0.5237239363578371,0.010475969624176329,False
1975,1,1,True,0.5634945042009126,0.5634945042009126,0.00799522201973916,False
1976,1,1,True,0.5794654202130575,0.5794654202130575,0.02830487101910927,False
1977,1,1,True,0.6428385062831864,0.6428385062831864,0.031474233065001606,True
1978,1,1,True,0.5564342095542085,0.5564342095542085,0.02218330296046869,False
1979,1,1,True,0.5083034016251687,0.5083034016251687,0.017865007671105045,False
1980,1,1,True,0.5088562056179927,0.5088562056179927,0.01577402680562071,False
1981,1,1,True,0.5387847792097755,0.5387847792097755,0.0054868093246396585,False
1982,1,1,True,0.6086013743038846,0.6086013743038846,0.005256124000743172,True
1983,1,1,True,0.6046948263356419,0.6046948263356419,0.0036602020263583838,True
1984,1,1,True,0.6245792936634035,0.6245792936634035,0.007662958589646612,True
1985,1,1,True,0.6496659088418161,0.6496659088418161,0.017006737718379062,True
1986,1,1,True,0.7072403148073306,0.7072403148073306,0.025670043574474725,True
1987,1,1,True,0.664538543890391,0.664538543890391,0.02655965249029744,True
1988,1,1,True,0.6304474896180111,0.6304474896180111,0.028098275208435004,True
1989,1,1,True,0.6069519864384653,0.6069519864384653,0.024915878750597024,True
1990,1,1,True,0.5892567212729821,0.5892567212729821,0.027055596983551602,False
1991,0,1,False,0.5035767570351469,0.49642324296485296,0.023758151686347314,False
1992,1,1,True,0.6319123804178184,0.6319123804178184,0.012496703606112327,True
1993,1,1,True,0.6833681622364253,0.6833681622364253,0.011159501899685302,True
1994,1,0,False,0.5998734491326363,0.5998734491326363,-0.006698536729706196,False
1995,1,0,False,0.662686323541394,0.662686323541394,-0.004840060143291942,True
1996,1,1,True,0.6811878082730624,0.6811878082730624,0.006342867345962803,True
1997,1,1,True,0.6599342465630982,0.6599342465630982,0.01336973234632257,True
1998,1,1,True,0.6771920947833796,0.6771920947833796,0.017114916407283413,True
1999,1,1,True,0.5821648732572445,0.5821648732572445,0.033537329069320346,False
2000,0,1,False,0.5242474643085319,0.4757525356914681,0.026273866403776328,False
2001,0,1,False,0.5125592767317685,0.48744072326823146,0.0044024912290886245,False
2002,1,1,True,0.5513778759504729,0.5513778759504729,0.005276946951936972,False
2003,1,1,True,0.5328023365332877,0.5328023365332877,0.002281274738517045,False
2004,1,0,False,0.5000078455580043,0.5000078455580043,-0.0005297224185368036,False
2005,0,0,True,0.6036392460958324,0.39636075390416753,-0.009787988076371611,True
2006,0,0,True,0.5589281517582171,0.44107184824178286,-0.00810805646208646,False
2007,0,0,True,0.5769238603202445,0.42307613967975555,-0.002337107929120095,False
2008,0,0,True,0.6091207860910784,0.3908792139089216,-0.0066415066858730954,True
2009,0,0,True,0.5458615853736752,0.4541384146263248,-0.0010758862148145475,False
2010,0,0,True,0.564285100406534,0.43571489959346593,-0.0010264430395451145,False
2011,0,0,True,0.5938149672362996,0.4061850327637005,-0.0017351627023242625,False
2012,0,0,True,0.6051670586909805,0.3948329413090194,-0.015331590480527875,True
2013,0,0,True,0.6338182414189796,0.36618175858102037,-0.012800309412666473,True
2014,0,0,True,0.5447379894959159,0.45526201050408405,-0.012295928516801176,False
2015,0,0,True,0.5541425698841584,0.44585743011584156,-0.011910932734572253,False
2016,1,0,False,0.5706669060406592,0.5706669060406592,-0.011682917018113729,False
2017,1,0,False,0.5719610038442295,0.5719610038442295,-0.0036454217769883567,False
2018,1,0,False,0.63492989545948,0.63492989545948,-0.013964798681596212,True
2019,1,0,False,0.5738991714807683,0.5738991714807683,-0.013503341530665201,False
2020,1,0,False,0.6512428660851369,0.6512428660851369,-0.008401858430821706,True
2021,0,0,True,0.5096870577595227,0.4903129422404773,-0.0026714016388219713,False
2022,0,1,False,0.5238059555911851,0.47619404440881485,0.004648814321434585,False
2023,0,1,False,0.5071187229264736,0.4928812770735264,0.027625423060496035,False
2024,0,1,False,0.5049654449419344,0.49503455505806554,0.017545720493616503,False
2025,1,1,True,0.5300546270932459,0.5300546270932459,0.002285787982223123,False
2026,0,0,True,0.5132217590621403,0.4867782409378599,-0.0035141151291058653,False
2027,0,0,True,0.6083551398708229,0.3916448601291771,-0.031127212588793904,True
2028,1,0,False,0.5638606530696929,0.5638606530696929,-0.04535532016461931,False
2029,1,0,False,0.7152164913846425,0.7152164913846425,-0.04965140714480825,True
2030,1,0,False,0.7179357271042903,0.7179357271042903,-0.043042867875791695,True
2031,1,0,False,0.6899575467119113,0.6899575467119113,-0.04641004693074951,True
2032,1,0,False,0.7163038599003979,0.7163038599003979,-0.030751106009210456,True
2033,1,0,False,0.6941667225410493,0.6941667225410493,-0.023324919892901454,True
2034,1,0,False,0.676010556338924,0.676010556338924,-0.016631122153245338,True
2035,1,0,False,0.6184299476797901,0.6184299476797901,-0.005306786589794184,True
2036,1,1,True,0.56738949652953,0.56738949652953,0.00587177912301982,False
2037,1,0,False,0.597080413301935,0.597080413301935,-0.004540402671461028,False
2038,1,0,False,0.6010805234827923,0.6010805234827923,-0.012729681159324966,True
2039,1,0,False,0.6109759678936859,0.6109759678936859,-0.013527614376438832,True
2040,1,0,False,0.6330275014791352,0.6330275014791352,-0.017451662598873867,True
2041,1,0,False,0.6621362627073344,0.6621362627073344,-0.023949434589471883,True
2042,1,0,False,0.6985914887245422,0.6985914887245422,-0.00999554516523693,True
2043,1,1,True,0.6671630220100595,0.6671630220100595,0.0027500134999178046,True
2044,1,1,True,0.5406372353676726,0.5406372353676726,0.006540793037175852,False
2045,1,1,True,0.5921911199269142,0.5921911199269142,0.01483844505872325,False
2046,1,1,True,0.6372957748146924,0.6372957748146924,0.030006729621964347,True
2047,1,1,True,0.7740107370843671,0.7740107370843671,0.03582977552942971,True
2048,1,1,True,0.6448257274100778,0.6448257274100778,0.03600888393323064,True
2049,1,1,True,0.5984670226535979,0.5984670226535979,0.016379848178038857,False
2050,1,1,True,0.6771140253996296,0.6771140253996296,0.010330078751419135,True
2051,1,0,False,0.7536969894443871,0.7536969894443871,-0.006999446387488814,True
2052,1,0,False,0.7969786351024282,0.7969786351024282,-0.008931027882218856,True
2053,1,0,False,0.776060603508037,0.776060603508037,-0.012160900627756235,True
2054,1,0,False,0.633473212890697,0.633473212890697,-0.003962427199999571,True
2055,1,1,True,0.749557638148354,0.749557638148354,0.0011204236183525787,True
2056,1,1,True,0.7041158859088993,0.7041158859088993,0.008070869255300908,True
2057,1,1,True,0.7742544532655976,0.7742544532655976,0.003236488303693287,True
2058,1,1,True,0.758031954338601,0.758031954338601,0.0037787694611161977,True
2059,1,1,True,0.7041879606828445,0.7041879606828445,0.004614699560575504,True
2060,1,1,True,0.6996029477118112,0.6996029477118112,0.00457630566982083,True
2061,1,0,False,0.630712844315734,0.630712844315734,-0.001300860059258595,True
2062,1,0,False,0.5597375064892086,0.5597375064892086,-0.0016443189356777027,False
2063,1,0,False,0.5511113642663855,0.5511113642663855,-0.014277735228446841,False
2064,1,0,False,0.6098013314676013,0.6098013314676013,-0.006185429149134573,True
2065,1,0,False,0.5338171173998072,0.5338171173998072,-0.010899629527453441,False
2066,0,0,True,0.5096331210935234,0.4903668789064766,-0.004112885766960304,False
2067,0,0,True,0.5214491184972848,0.47855088150271524,-0.00734991533497109,False
2068,0,1,False,0.5546587572186368,0.44534124278136317,0.004386098860334286,False
2069,1,0,False,0.5947037657125304,0.5947037657125304,-0.012121615441068392,False
2070,1,0,False,0.6418804852747731,0.6418804852747731,-0.015328646097997077,True
2071,1,0,False,0.6472131660033827,0.6472131660033827,-0.008408549659745156,True
2072,1,1,True,0.635492680084602,0.635492680084602,0.0046420666150559856,True
2073,1,1,True,0.6393401506694435,0.6393401506694435,0.00034648355108550814,True
2074,1,1,True,0.7320174218824511,0.7320174218824511,0.016385049640732507,True
2075,0,1,False,0.5178048230008057,0.48219517699919434,0.00924706677436661,False
2076,1,0,False,0.5085165740302793,0.5085165740302793,-0.005299135053699116,False
2077,1,0,False,0.6157122004034933,0.6157122004034933,-0.030075064042998624,True
2078,1,0,False,0.6590486627957922,0.6590486627957922,-0.028881980995369858,True
2079,1,0,False,0.6606795288956905,0.6606795288956905,-0.01664940511852546,True
2080,1,1,True,0.6620718583670221,0.6620718583670221,0.0011476890072962156,True
2081,1,0,False,0.6106223277265509,0.6106223277265509,-0.0012754516372718223,True
2082,1,1,True,0.6497306434252429,0.6497306434252429,0.0069999924634788135,True
2083,1,1,True,0.5776883870009921,0.5776883870009921,0.012843318867997871,False
2084,1,0,False,0.5552555618626783,0.5552555618626783,-0.0014185205362274751,False
2085,0,0,True,0.5072707741188,0.4927292258812001,-0.0205506561019438,False
2086,0,0,True,0.5048805623011978,0.49511943769880223,-0.017344915737849506,False
2087,1,0,False,0.5262011257106006,0.5262011257106006,-0.031534050511404246,False
2088,1,0,False,0.5001069760661327,0.5001069760661327,-0.03907919458944136,False
2089,0,0,True,0.5376650957358726,0.4623349042641274,-0.028684155757983613,False
2090,0,0,True,0.5279009338868527,0.4720990661131473,-0.018129151753649778,False
2091,0,0,True,0.6189401047905079,0.3810598952094922,-0.009932479589211009,True
2092,0,1,False,0.5792659987921577,0.4207340012078424,0.029848745259913774,False
2093,0,1,False,0.6784026655116584,0.32159733448834155,0.019362077435869565,True
2094,0,1,False,0.6663292583412667,0.3336707416587334,0.01932518243229296,True
2095,0,1,False,0.6547101769641402,0.3452898230358598,0.01725220978228387,True
2096,0,1,False,0.613121053881052,0.3868789461189479,0.008843212100839517,True
2097,1,0,False,0.5052354412494596,0.5052354412494596,-0.005419893883265983,False
2098,1,0,False,0.5518289647369641,0.5518289647369641,-0.00026293346420540667,False
2099,1,0,False,0.5100232082894319,0.5100232082894319,-0.014579481076324851,False
2100,1,0,False,0.5054273090514663,0.5054273090514663,-0.005875302094780026,False
2101,1,1,True,0.5045930934337846,0.5045930934337846,0.008951745880932453,False
2102,0,1,False,0.5505982981817885,0.44940170181821154,0.006493914290695848,False
2103,0,1,False,0.5297317582030997,0.47026824179690035,0.0267666417951025,False
2104,1,1,True,0.5562794529411028,0.5562794529411028,0.02777063512180756,False
2105,1,1,True,0.5591356084309902,0.5591356084309902,0.03946213941711041,False
2106,0,1,False,0.6151752561438265,0.38482474385617343,0.04254929138201879,True
2107,0,1,False,0.5445843919166548,0.4554156080833452,0.053807913747017,False
2108,0,1,False,0.5513211693480354,0.4486788306519645,0.044142726641557016,False
2109,0,1,False,0.5588960153152591,0.4411039846847409,0.0523094200276177,False
2110,0,1,False,0.5059034638276533,0.4940965361723466,0.03507078747328711,False
2111,0,1,False,0.5438409214037132,0.4561590785962868,0.03383133489176542,False
2112,1,1,True,0.5906902199872406,0.5906902199872406,0.03183049109691162,False
2113,1,1,True,0.5808830321765731,0.5808830321765731,0.029357390507012488,False
2114,1,1,True,0.5036469610087521,0.5036469610087521,0.021348494792978474,False
2115,1,1,True,0.5761004592143447,0.5761004592143447,0.006967643490327772,False
2116,1,1,True,0.6338677808565397,0.6338677808565397,0.0024894179597945406,True
2117,1,0,False,0.6472698810861717,0.6472698810861717,-0.005712892319879552,True
2118,1,0,False,0.6984029829285942,0.6984029829285942,-0.0026726809114308043,True
2119,1,1,True,0.708792038616584,0.708792038616584,0.00863079007635952,True
2120,1,1,True,0.6397485012387715,0.6397485012387715,0.0022400662699192143,True
2121,1,0,False,0.6031898824720368,0.6031898824720368,-0.007646766740362119,True
2122,1,0,False,0.5650489367178202,0.5650489367178202,-0.011534508744734539,False
2123,1,0,False,0.5168036479279182,0.5168036479279182,-0.028151915847249628,False
2124,0,0,True,0.5278645784832575,0.47213542151674237,-0.03221388496625419,False
2125,0,0,True,0.5324927945408999,0.4675072054591001,-0.008506740283453095,False
2126,0,0,True,0.6246989922013385,0.37530100779866155,-0.0026638074160389436,True
2127,0,0,True,0.516736514711538,0.483263485288462,-0.010860886387314389,False
2128,1,1,True,0.5347336614867544,0.5347336614867544,0.004166471994972689,False
2129,1,0,False,0.6707562140997917,0.6707562140997917,-0.002925003934443918,True
2130,1,0,False,0.5491703115992305,0.5491703115992305,-0.012802355350609243,False
2131,1,0,False,0.5112545047971423,0.5112545047971423,-0.006072351606001175,False
2132,0,1,False,0.5314704732450863,0.46852952675491366,0.018504701891080375,False
2133,0,1,False,0.5427487715536709,0.4572512284463291,0.018997655043444403,False
2134,1,1,True,0.5024521790898463,0.5024521790898463,0.019084123185322464,False
2135,1,1,True,0.5540821139596924,0.5540821139596924,0.021681007379135416,False
2136,0,1,False,0.5416887438571472,0.4583112561428528,0.01955821032483558,False
2137,0,0,True,0.5287337126767161,0.47126628732328396,-0.006689941514903812,False
2138,1,1,True,0.6095358767613086,0.6095358767613086,0.009530861445812826,True
2139,1,1,True,0.6015780619015286,0.6015780619015286,0.013495940662342398,True
2140,1,1,True,0.5856092633460898,0.5856092633460898,0.015217419058802509,False
2141,1,0,False,0.5731555125883466,0.5731555125883466,-0.007342319054278481,False
2142,1,1,True,0.6342748334718625,0.6342748334718625,0.005407166252965244,True
2143,1,0,False,0.6761445940809429,0.6761445940809429,-0.022559674112831482,True
2144,1,0,False,0.6289839424635955,0.6289839424635955,-0.014402173817105469,True
2145,1,0,False,0.6006487617445743,0.6006487617445743,-0.011037767497994308,True
2146,0,0,True,0.5929188264582602,0.40708117354173984,-0.009604770673299,False
2147,1,0,False,0.6622059039944255,0.6622059039944255,-0.005565040081672868,True
2148,1,1,True,0.6666098324839815,0.6666098324839815,0.008367920455861311,True
2149,1,1,True,0.7115030473448107,0.7115030473448107,0.004762841683706038,True
2150,1,1,True,0.6911363520421787,0.6911363520421787,0.005074231230162989,True
2151,1,1,True,0.5555594347391776,0.5555594347391776,0.030559830379383788,False
2152,1,1,True,0.5940488396522334,0.5940488396522334,0.023557695459349572,False
2153,0,1,False,0.5085983300358756,0.4914016699641244,0.016180477420944053,False
2154,0,1,False,0.5378231826990513,0.4621768173009488,0.002531774029078647,False
2155,1,1,True,0.5414781142382132,0.5414781142382132,0.018064580628190025,False
2156,1,0,False,0.5967775221739705,0.5967775221739705,-0.0017158770650913496,False
2157,1,1,True,0.6873005620213641,0.6873005620213641,0.006507067277233518,True
2158,1,1,True,0.6935443160754974,0.6935443160754974,0.003076162611015933,True
2159,1,1,True,0.6573624890781868,0.6573624890781868,0.011289034528692435,True
2160,1,0,False,0.6521591749582929,0.6521591749582929,-0.026539998213598818,True
2161,1,0,False,0.6048125411851398,0.6048125411851398,-0.011977978937725797,True
2162,1,1,True,0.5640995659719996,0.5640995659719996,0.0006591707282640058,False
2163,1,1,True,0.5797592284868573,0.5797592284868573,0.00989701372362531,False
2164,1,0,False,0.5498825941167607,0.5498825941167607,-0.012209344935609868,False
2165,0,1,False,0.5171701630769792,0.48282983692302084,0.010251834587570193,False
2166,1,0,False,0.604358074573919,0.604358074573919,-0.006579741171519328,True
2167,1,0,False,0.6147498889910628,0.6147498889910628,-0.0334725495559501,True
2168,0,0,True,0.5353684132028063,0.46463158679719374,-0.033715840535888345,False
2169,0,0,True,0.5410669997203356,0.4589330002796645,-0.008540841489127227,False
2170,1,0,False,0.5963247746324679,0.5963247746324679,-0.005696561722026619,False
2171,1,1,True,0.568744291577756,0.568744291577756,0.008987169270170533,False
2172,1,1,True,0.718770860986439,0.718770860986439,0.018824754193496173,True
2173,1,1,True,0.6616486875372128,0.6616486875372128,0.01949769437846521,True
2174,1,1,True,0.6269235023782097,0.6269235023782097,0.003245304158129475,True
2175,1,1,True,0.674896287328688,0.674896287328688,0.005178931820452165,True
2176,1,0,False,0.7396429265823959,0.7396429265823959,-0.009207332402482768,True
2177,1,0,False,0.6331450313399875,0.6331450313399875,-0.006345701264996613,True
2178,1,0,False,0.5970168361059888,0.5970168361059888,-0.001277231208014334,False
2179,1,1,True,0.7160725538142225,0.7160725538142225,0.0025161999294813536,True
2180,1,1,True,0.6737621638217753,0.6737621638217753,0.0009035635758259233,True
2181,1,1,True,0.6744274276381906,0.6744274276381906,0.0173839841037413,True
2182,1,1,True,0.6452273678743619,0.6452273678743619,0.015500482654688882,True
2183,1,0,False,0.6040722741898062,0.6040722741898062,-0.010287366237563529,True
2184,1,1,True,0.6215730758293837,0.6215730758293837,0.0017519526933152975,True
2185,1,0,False,0.642157567114365,0.642157567114365,-0.00324410093072543,True
2186,1,0,False,0.6346111949743266,0.6346111949743266,-0.0015394060286991883,True
2187,1,0,False,0.5830913109525766,0.5830913109525766,-0.011357831920892264,False
2188,1,1,True,0.6048153117621071,0.6048153117621071,0.013916464206540103,True
2189,1,1,True,0.5725492490979113,0.5725492490979113,0.011662746735746207,False
2190,1,1,True,0.5681060316763121,0.5681060316763121,0.009451335070277107,False
2191,0,1,False,0.5086967128251306,0.49130328717486943,0.013241920671353467,False
2192,0,1,False,0.6059267198155985,0.3940732801844015,0.03048158667956427,True
2193,0,1,False,0.5609635508360141,0.43903644916398593,0.028014193582436436,False
2194,0,1,False,0.6492913502977474,0.3507086497022525,0.020078203164039726,True
2195,0,1,False,0.6494591715301063,0.35054082846989365,0.025479307800023814,True
2196,0,1,False,0.6394695073615498,0.3605304926384502,0.0014837265280878294,True
2197,0,0,True,0.6253566993720171,0.37464330062798296,-0.01199345194160377,True
2198,0,0,True,0.6232597256965681,0.376740274303432,-0.024561625396131097,True
2199,0,0,True,0.649312221094729,0.350687778905271,-0.012011177519058768,True
2200,0,0,True,0.6300268223604478,0.36997317763955223,-0.007434984377604516,True
2201,0,1,False,0.6555798687316919,0.3444201312683081,0.005497332585998791,True
2202,1,1,True,0.5166467093170689,0.5166467093170689,0.008872092662585405,False
2203,0,1,False,0.5739974596702155,0.42600254032978446,0.020652926208874118,False
2204,0,1,False,0.5292042335027802,0.47079576649721994,0.015704703478377557,False
2205,0,1,False,0.5357786651952523,0.46422133480474775,0.00747200153170189,False
2206,0,1,False,0.6386907635114084,0.36130923648859153,0.002478702677639956,True
2207,0,1,False,0.6838146160885931,0.316185383911407,0.005810793448497041,True
2208,0,0,True,0.6432426317848622,0.35675736821513776,-0.009264511582511473,True
2209,0,0,True,0.6601896140918045,0.3398103859081954,-0.014600427157181827,True
2210,0,0,True,0.6286938193402278,0.371306180659772,-0.00392541467892508,True
2211,0,0,True,0.5193318626176143,0.48066813738238573,-0.00018256573267977106,False
2212,0,1,False,0.5060949104008087,0.4939050895991914,0.004201056772518962,False
2213,1,1,True,0.5733963413615105,0.5733963413615105,0.008165077250185348,False
2214,1,1,True,0.5648696546707082,0.5648696546707082,0.02411092939914574,False
2215,1,1,True,0.5797505484763636,0.5797505484763636,0.01062631708016963,False
2216,1,1,True,0.6471516833724514,0.6471516833724514,0.023620087672887674,True
2217,1,1,True,0.7226658430494807,0.7226658430494807,0.011354602862788781,True
2218,1,1,True,0.7264641833413812,0.7264641833413812,0.012319661712469412,True
2219,1,0,False,0.6893531760207576,0.6893531760207576,-0.001355824658733837,True
2220,1,0,False,0.6521185069479661,0.6521185069479661,-0.0031080440614278657,True
2221,1,0,False,0.5327638023754461,0.5327638023754461,-0.007589780716653956,False
2222,1,1,True,0.507297013882244,0.507297013882244,0.005839801580848934,False
2223,1,1,True,0.5926203474174995,0.5926203474174995,0.011398095797400674,False
2224,1,1,True,0.6195468658761065,0.6195468658761065,0.01923770504489401,True
2225,1,1,True,0.6369659045055166,0.6369659045055166,0.04488028108606237,True
2226,1,1,True,0.6381627254736871,0.6381627254736871,0.041153686486278845,True
2227,0,1,False,0.5217797952582965,0.47822020474170346,0.040889149814033826,False
2228,0,1,False,0.522098860644618,0.47790113935538203,0.032420786580890905,False
2229,0,1,False,0.602970533468859,0.3970294665311411,0.02224983736746729,True
2230,0,0,True,0.5380004078607387,0.4619995921392613,-0.009634154587640015,False
2231,0,0,True,0.5623928441357958,0.43760715586420423,-0.011869279968137872,False
2232,0,0,True,0.6529854712261602,0.3470145287738397,-0.017970093175866352,True
2233,0,0,True,0.6046557237100562,0.3953442762899438,-0.02407789374642406,True
2234,0,0,True,0.5991925689593324,0.4008074310406675,-0.018033858609105165,False
2235,0,0,True,0.5766952411839065,0.4233047588160935,-0.00505762478736919,False
2236,0,1,False,0.5945966128477099,0.4054033871522902,0.0020351232556761016,False
2237,0,0,True,0.5246454852018624,0.47535451479813756,-0.00121013530399039,False
2238,1,1,True,0.5011272659940101,0.5011272659940101,0.01734774818158097,False
2239,1,1,True,0.6322668097611337,0.6322668097611337,0.020527741383386713,True
2240,1,1,True,0.5413141855638083,0.5413141855638083,0.022264515757427796,False
2241,0,1,False,0.505953444883016,0.494046555116984,0.006629523283644559,False
2242,0,1,False,0.6040284682004354,0.3959715317995645,0.008557104931250338,True
2243,0,1,False,0.5437388662492245,0.45626113375077554,0.012066125424183727,False
2244,0,1,False,0.5775975905286354,0.4224024094713646,0.014312512782837048,False
2245,0,0,True,0.5432678289123392,0.45673217108766084,-0.0024643876914199002,False
2246,0,1,False,0.5608182680710885,0.4391817319289115,0.00980092387437073,False
2247,0,1,False,0.5498498138091761,0.450150186190824,0.0024851409572126575,False
2248,1,0,False,0.5357629618396772,0.5357629618396772,-0.020015809785706756,False
2249,0,0,True,0.5410062302763595,0.45899376972364037,-0.02963226257447872,False
2250,0,0,True,0.5331092996505906,0.4668907003494093,-0.014998079249571326,False
2251,1,0,False,0.5557504915468805,0.5557504915468805,-0.03160017709801726,False
2252,0,0,True,0.5120970043839824,0.4879029956160175,-0.03090682823919727,False
2253,0,0,True,0.5785505943745368,0.4214494056254632,-0.03825244825578087,False
2254,1,0,False,0.7185753267286018,0.7185753267286018,-0.03464868927552976,True
2255,1,0,False,0.6316423750466721,0.6316423750466721,-0.03950067932688123,True
2256,1,0,False,0.7335065223406612,0.7335065223406612,-0.03851399319518582,True
2257,1,0,False,0.7695571121806811,0.7695571121806811,-0.03277761075860817,True
2258,1,0,False,0.7668354933636653,0.7668354933636653,-0.01963737478710577,True
2259,1,0,False,0.6956131466612937,0.6956131466612937,-0.015497627447950978,True
2260,1,0,False,0.6901698253889325,0.6901698253889325,-0.012078053781971356,True
2261,1,0,False,0.6335798209499358,0.6335798209499358,-0.007587509631476598,True
2262,1,0,False,0.6732517880783512,0.6732517880783512,-0.014789907565779113,True
2263,1,0,False,0.5788366309178966,0.5788366309178966,-0.01568693633805498,False
2264,0,0,True,0.5120188083607685,0.4879811916392314,-0.0343219445520583,False
2265,1,0,False,0.5776978032891877,0.5776978032891877,-0.028287466878528504,False
2266,0,0,True,0.6150086253717082,0.38499137462829175,-0.019229241434863393,True
2267,0,0,True,0.558239188084129,0.4417608119158711,-0.020976592200589665,False
2268,0,0,True,0.6408852702255381,0.35911472977446196,-0.006135589824077899,True
2269,1,1,True,0.6152973651489956,0.6152973651489956,0.004573767355711754,True
2270,1,0,False,0.5422328680517048,0.5422328680517048,-0.0075961318705465835,False
2271,1,0,False,0.7021686606504639,0.7021686606504639,-0.016717614660422812,True
2272,1,0,False,0.6141624756192807,0.6141624756192807,-0.01420981024381952,True
2273,1,0,False,0.6046882863630479,0.6046882863630479,-0.019305695773721415,True
2274,1,0,False,0.5488021186535841,0.5488021186535841,-0.007997352944765801,False
2275,1,1,True,0.5296578391410883,0.5296578391410883,0.0051286598579385724,False
2276,0,1,False,0.5180289444929097,0.4819710555070902,0.006397275748416453,False
2277,1,1,True,0.6020308931087845,0.6020308931087845,0.0018148678049223009,True
2278,1,1,True,0.7651482579524082,0.7651482579524082,0.004330382134895367,True
2279,1,0,False,0.7804036200269969,0.7804036200269969,-0.0037778074505467616,True
2280,1,0,False,0.8493177176893699,0.8493177176893699,-0.0011227045413891438,True
2281,1,1,True,0.8696319107073792,0.8696319107073792,0.01301662794253486,True
2282,1,1,True,0.8592958530011096,0.8592958530011096,0.02599750653794172,True
2283,1,1,True,0.8485070796706681,0.8485070796706681,0.03620009658858697,True
2284,1,1,True,0.8457359735145581,0.8457359735145581,0.03834273049714352,True
2285,1,1,True,0.8393430013684678,0.8393430013684678,0.024677566213526268,True
2286,1,1,True,0.7561955915146794,0.7561955915146794,9.539958410951314e-05,True
2287,1,0,False,0.6922707384329049,0.6922707384329049,-0.00788582829510198,True
2288,1,0,False,0.7507999584532049,0.7507999584532049,-0.02326003943318686,True
2289,1,0,False,0.5462229789753573,0.5462229789753573,-0.028021443296438023,False
2290,1,0,False,0.6052674859034781,0.6052674859034781,-0.023007987853317088,True
2291,1,0,False,0.6463566327391316,0.6463566327391316,-0.012510838643145724,True
2292,1,1,True,0.6339662759984553,0.6339662759984553,0.002472379315933336,True
2293,1,1,True,0.7088806937639806,0.7088806937639806,0.007464419466355317,True
2294,1,1,True,0.7283359297437801,0.7283359297437801,0.018049959177561286,True
2295,1,1,True,0.7587783006398068,0.7587783006398068,0.029493521361180764,True
2296,1,1,True,0.7138799209835532,0.7138799209835532,0.03492349148615456,True
2297,1,1,True,0.6951640552590446,0.6951640552590446,0.03210954720427519,True
2298,1,1,True,0.727684240403001,0.727684240403001,0.012174807181315368,True
2299,1,1,True,0.7211545740579625,0.7211545740579625,0.0001401830476161516,True
2300,1,0,False,0.7207372210442289,0.7207372210442289,-0.02037444496571566,True
2301,1,0,False,0.5358551480086862,0.5358551480086862,-0.031255008793473746,False
2302,1,0,False,0.5175165637589635,0.5175165637589635,-0.02593501377809641,False
2303,1,0,False,0.5657162005056565,0.5657162005056565,-0.005080897106427932,False
2304,1,1,True,0.6654040414307171,0.6654040414307171,0.004326117917790968,True
2305,1,1,True,0.7105500028746817,0.7105500028746817,0.009491326712213085,True
2306,1,1,True,0.7181622402561615,0.7181622402561615,0.012006503851123982,True
2307,1,1,True,0.7286200449084799,0.7286200449084799,0.0029992662110193305,True
2308,1,0,False,0.6191782825457938,0.6191782825457938,-0.0017023286159843585,True
2309,1,0,False,0.6491661535523049,0.6491661535523049,-0.02031040521818244,True
2310,1,0,False,0.6252574945337609,0.6252574945337609,-0.01394360604260442,True
2311,0,0,True,0.51042500230225,0.48957499769775,-0.0063903599722947456,False
2312,1,0,False,0.5902292075792617,0.5902292075792617,-0.00709041346977234,False
2313,1,0,False,0.6261396159278867,0.6261396159278867,-0.012621490295678144,True
2314,1,0,False,0.6323006957618512,0.6323006957618512,-0.015354090215990029,True
2315,1,0,False,0.5709809392081275,0.5709809392081275,-0.02315840873683935,False
2316,1,0,False,0.5352999989323542,0.5352999989323542,-0.017631797555165817,False
2317,0,0,True,0.5022981841815158,0.49770181581848405,-0.005266741546596103,False
2318,0,1,False,0.5162716528454822,0.4837283471545178,0.013306009581436603,False
2319,0,1,False,0.5799690657741329,0.42003093422586707,0.02667846295403403,False
2320,0,1,False,0.669359101376871,0.3306408986231289,0.028616303424490418,True
2321,0,1,False,0.6107067617587848,0.3892932382412153,0.03191377961910388,True
2322,0,1,False,0.7024090554073655,0.2975909445926344,0.012019677802859915,True
2323,0,0,True,0.6366015888080977,0.36339841119190236,-0.011580919912114917,True
2324,1,0,False,0.5136010501557867,0.5136010501557867,-0.007107080363610463,False
2325,1,0,False,0.5212720951232427,0.5212720951232427,-0.002997493537194544,False
2326,1,0,False,0.569744065149885,0.569744065149885,-0.011378121029009834,False
2327,1,0,False,0.5952881568973208,0.5952881568973208,-0.008436032273776721,False
2328,0,1,False,0.515670784589101,0.48432921541089896,0.005050822621106162,False
2329,1,1,True,0.502152872809162,0.502152872809162,0.0009908396286301892,False
2330,0,0,True,0.554517980283623,0.44548201971637696,-0.0030908000930833907,False
2331,0,0,True,0.6254653944281574,0.37453460557184254,-0.00451359564576701,True
2332,0,1,False,0.7114980323180372,0.28850196768196273,0.0010512183481215926,True
2333,0,0,True,0.6314881230626326,0.3685118769373674,-0.007448410978028308,True
2334,0,0,True,0.5690465328369161,0.4309534671630841,-0.003432818294988049,False
2335,0,0,True,0.5378008853772288,0.4621991146227713,-0.0195749818025348,False
2336,0,0,True,0.5560334633085176,0.44396653669148245,-0.02548733104351329,False
2337,0,0,True,0.6145284239508726,0.3854715760491274,-0.022944155163077535,True
2338,1,0,False,0.505696245923796,0.505696245923796,-0.020200415765754653,False
2339,0,0,True,0.5086596721829423,0.4913403278170578,-0.0242238443136324,False
2340,1,1,True,0.5157285091179894,0.5157285091179894,0.00016627920293213886,False
2341,0,1,False,0.6633009526652924,0.33669904733470757,0.017928057988714687,True
2342,0,1,False,0.6613369786534321,0.33866302134656795,0.01944214871376636,True
2343,0,1,False,0.7341297936420729,0.2658702063579271,0.02112497728756421,True
2344,0,1,False,0.7345973459012054,0.2654026540987945,0.02066730099986814,True
2345,0,1,False,0.724350102914677,0.27564989708532306,0.007855691359542574,True
2346,0,0,True,0.6665164934145523,0.33348350658544756,-0.0004910369623438339,True
2347,0,0,True,0.6054146792537595,0.3945853207462405,-0.01439489557310261,True
2348,0,0,True,0.5769465637823429,0.42305343621765706,-0.006727083547835402,False
2349,0,1,False,0.5579974372199759,0.44200256278002414,0.00035621882079311327,False
2350,0,1,False,0.5441874769030788,0.4558125230969212,0.002539504119446233,False
2351,0,0,True,0.5042940728107127,0.49570592718928735,-0.0023258301159253527,False
2352,1,1,True,0.542897071852035,0.542897071852035,0.002610314140899276,False
2353,1,0,False,0.6375038786254342,0.6375038786254342,-0.0063515918657449265,True
2354,1,0,False,0.6314414963063708,0.6314414963063708,-0.007999218461971047,True
2355,1,0,False,0.6409010620492553,0.6409010620492553,-0.004635003544930259,True
2356,1,1,True,0.6818934928441163,0.6818934928441163,0.01089960475913416,True
2357,1,1,True,0.7184812867179126,0.7184812867179126,0.023544995337864024,True
2358,1,1,True,0.7410128585258849,0.7410128585258849,0.026777813751423993,True
2359,1,1,True,0.7963716328177525,0.7963716328177525,0.03294490509051198,True
2360,1,1,True,0.7499617985156712,0.7499617985156712,0.03220891491961512,True
2361,1,1,True,0.6947076110297449,0.6947076110297449,0.017172559671367594,True
2362,1,1,True,0.6321881796175376,0.6321881796175376,0.02043270406559665,True
2363,1,1,True,0.6611102167436987,0.6611102167436987,0.011896445074616138,True
2364,1,1,True,0.6496948375171587,0.6496948375171587,0.006709337043457289,True
2365,1,1,True,0.6750543882683172,0.6750543882683172,0.005360676361718995,True
2366,1,1,True,0.5950223271669594,0.5950223271669594,0.0071326355715202695,False
2367,1,0,False,0.5614897978807862,0.5614897978807862,-0.011755109685161308,False
2368,1,0,False,0.5648868566734984,0.5648868566734984,-0.01251151970049714,False
2369,1,0,False,0.611988952958201,0.611988952958201,-0.008261938703849402,True
2370,1,0,False,0.6385768475967301,0.6385768475967301,-0.006864000151265556,True
2371,1,0,False,0.5486846803920143,0.5486846803920143,-0.008559304454876826,False
2372,0,0,True,0.591893288373354,0.40810671162664597,-0.004222298810754347,False
2373,0,1,False,0.5110783476303021,0.48892165236969803,0.011947334667701554,False
2374,1,0,False,0.5747959899643965,0.5747959899643965,-0.002688423129819545,False
2375,1,1,True,0.5130871705189192,0.5130871705189192,0.008125140751929475,False
2376,1,1,True,0.5420395632355587,0.5420395632355587,0.011891164090459864,False
2377,1,1,True,0.5824466732558007,0.5824466732558007,0.010709322544554081,False
2378,1,0,False,0.5290396322277134,0.5290396322277134,-0.001946732647910852,False
2379,1,0,False,0.545748208928451,0.545748208928451,-0.00011878727858963454,False
2380,1,0,False,0.5997484493569013,0.5997484493569013,-0.016414525890701453,False
2381,1,0,False,0.6896282978785536,0.6896282978785536,-0.01260394979992141,True
2382,1,0,False,0.6801157237607246,0.6801157237607246,-0.018372609783589202,True
2383,1,0,False,0.7174646521953768,0.7174646521953768,-0.015311722133418495,True
2384,1,0,False,0.758099105564359,0.758099105564359,-0.008810621083209595,True
2385,1,0,False,0.7249775054115712,0.7249775054115712,-0.010589714019509349,True
2386,1,0,False,0.6890249638238576,0.6890249638238576,-0.0264742731370243,True
2387,1,0,False,0.6460139716298703,0.6460139716298703,-0.032002426523509396,True
2388,1,0,False,0.6900812541792009,0.6900812541792009,-0.04394138531213949,True
2389,1,0,False,0.5844372043785907,0.5844372043785907,-0.04376379929014783,False
2390,1,0,False,0.5679824901905128,0.5679824901905128,-0.046516698989896445,False
2391,1,0,False,0.5557144507809458,0.5557144507809458,-0.03678876395721673,False
2392,1,0,False,0.6171313360638573,0.6171313360638573,-0.02617675308974602,True
2393,1,0,False,0.5313882520425008,0.5313882520425008,-0.009955752049588103,False
2394,1,0,False,0.5563567199722093,0.5563567199722093,-0.01813235629061176,False
2395,0,0,True,0.5382918372050459,0.461708162794954,-0.022292260925396785,False
2396,1,0,False,0.5164532353330792,0.5164532353330792,-0.018148007806757148,False
2397,0,0,True,0.5459790282561667,0.45402097174383327,-0.007344035296912069,False
2398,0,0,True,0.5499518905706564,0.45004810942934365,-0.021939173540755537,False
2399,1,0,False,0.5284499355034259,0.5284499355034259,-0.022859187465169625,False
2400,0,1,False,0.5087588592616966,0.49124114073830344,0.007494146431269865,False
2401,1,0,False,0.6299884868241207,0.6299884868241207,-0.002639817240935734,True
2402,0,0,True,0.5558941362699242,0.4441058637300757,-0.002995480170539901,False
2403,1,1,True,0.591804529189263,0.591804529189263,0.009076001516704365,False
2404,0,1,False,0.5142698915040648,0.4857301084959353,0.026019928393580263,False
2405,1,1,True,0.5897148953561523,0.5897148953561523,0.007410085390582998,False
2406,0,1,False,0.5343487961718458,0.4656512038281542,0.012131234841539681,False
2407,0,1,False,0.6101757650752145,0.3898242349247854,0.021635632938617283,True
2408,0,1,False,0.6468032963883745,0.35319670361162553,0.0241001522672501,True
2409,0,1,False,0.6546869222590664,0.3453130777409335,0.006511491449637555,True
2410,0,1,False,0.6429403910057909,0.3570596089942089,0.007309904518854245,True
2411,0,1,False,0.5818928806173053,0.4181071193826947,0.01694518231438271,False
2412,1,0,False,0.5020486026795463,0.5020486026795463,-0.011651338555897476,False
2413,0,0,True,0.5492104117125178,0.45078958828748217,-0.00479051840058371,False
2414,1,1,True,0.5237117407911925,0.5237117407911925,0.0003275660873492607,False
2415,1,1,True,0.6148609648445104,0.6148609648445104,0.02395540503347389,True
2416,1,1,True,0.5987466705164673,0.5987466705164673,0.01804362078513261,False
2417,1,1,True,0.6346810690940934,0.6346810690940934,0.028525792718216682,True
2418,1,1,True,0.6597688589214828,0.6597688589214828,0.008880454708748615,True
2419,1,1,True,0.5281853818225565,0.5281853818225565,0.02563898395045652,False
2420,1,1,True,0.547164619526001,0.547164619526001,0.012309153151134091,False
2421,0,1,False,0.6614767940505281,0.33852320594947183,0.006399980396551574,True
2422,0,0,True,0.6533072682011457,0.34669273179885424,-0.0029088899036877666,True
2423,0,1,False,0.613057665162303,0.3869423348376971,0.009285850063626668,True
2424,0,0,True,0.5125014845582154,0.4874985154417845,-0.008819278691898896,False
2425,0,0,True,0.5215973483298549,0.4784026516701451,-0.030506347565176287,False
2426,0,0,True,0.5580469429519223,0.44195305704807764,-0.024842374638481865,False
2427,0,0,True,0.5887825991418537,0.41121740085814623,-0.024615688248912772,False
2428,1,0,False,0.507770897600918,0.507770897600918,-0.02347294347898293,False
2429,0,0,True,0.5332497490350226,0.46675025096497724,-0.009196667469089983,False
2430,1,1,True,0.5032639445611301,0.5032639445611301,0.006843132437553627,False
2431,1,0,False,0.5107892890087529,0.5107892890087529,-0.0008645092341988216,False
2432,0,0,True,0.5143969166871368,0.4856030833128632,-0.002208344054896857,False
2433,1,1,True,0.5892308500945046,0.5892308500945046,0.0027209756054009863,False
2434,1,0,False,0.5073631382824818,0.5073631382824818,-0.0026264602520516727,False
2435,0,0,True,0.5340768943574361,0.46592310564256384,-0.008058089339003755,False
2436,0,0,True,0.5194021974276367,0.48059780257236334,-0.003698057452673454,False
2437,0,1,False,0.540484632419975,0.4595153675800249,0.012109173133725948,False
2438,0,0,True,0.5000828107703094,0.4999171892296907,-0.0019888909441374046,False
2439,1,1,True,0.5502657428604306,0.5502657428604306,0.002540891290692868,False
2440,1,1,True,0.541352205012438,0.541352205012438,0.005125976026812252,False
2441,1,0,False,0.5038934724711153,0.5038934724711153,-0.0023457541833370944,False
2442,0,0,True,0.5695463127006003,0.43045368729939976,-0.004042433436997192,False
2443,0,1,False,0.561698623939179,0.438301376060821,0.017161890585614285,False
2444,0,1,False,0.6057359544862096,0.3942640455137904,0.003404799609578586,True
2445,0,1,False,0.577076311224706,0.4229236887752939,0.0016796382060360695,False
2446,0,1,False,0.5880591317895517,0.41194086821044834,0.010896490910676362,False
2447,0,1,False,0.5642935110139459,0.4357064889860542,0.022271834268901343,False
2448,0,1,False,0.5758946535561719,0.4241053464438281,0.01722701900895654,False
2449,0,1,False,0.6069467477846907,0.39305325221530935,0.031239801988600657,True
2450,0,1,False,0.5803821571603955,0.4196178428396044,0.0398157964945756,False
2451,0,1,False,0.5988973027448917,0.4011026972551082,0.035982194700011676,False
2452,1,1,True,0.5029331183428476,0.5029331183428476,0.012488033463873947,False
2453,0,1,False,0.5967229420912346,0.40327705790876545,0.002622440830843708,False
2454,0,0,True,0.516188535023688,0.48381146497631206,-0.014659452598323087,False
2455,0,0,True,0.5039262334901377,0.4960737665098624,-0.02145103593877668,False
2456,0,0,True,0.5086379708634975,0.49136202913650245,-0.01447907090070904,False
2457,0,1,False,0.5073142779696549,0.4926857220303451,0.0032630249483688637,False
2458,0,1,False,0.5240304943545357,0.47596950564546425,0.011760776356807782,False
2459,0,1,False,0.5390235490519673,0.4609764509480326,0.02849275081219366,False
2460,1,1,True,0.5013452545034697,0.5013452545034697,0.019970193301488578,False
2461,0,1,False,0.5102737738388587,0.48972622616114125,0.010349942766262922,False
2462,0,1,False,0.5464814290316057,0.45351857096839443,0.004055706144058617,False
2463,0,1,False,0.5314063404779129,0.46859365952208715,0.002862786178761219,False
2464,0,0,True,0.6414577557107235,0.35854224428927656,-0.01807384081746497,True
2465,0,0,True,0.6804006243877626,0.31959937561223734,-0.007735627432520979,True
2466,0,0,True,0.6334987336967227,0.36650126630327734,-0.00662506597876916,True
2467,0,0,True,0.5630299734293077,0.4369700265706922,-0.003048800724594577,False
2468,0,0,True,0.5862436411638414,0.41375635883615863,-0.010849585067128529,False
2469,1,0,False,0.5093431838662538,0.5093431838662538,-0.0014670515659263882,False
2470,1,0,False,0.5770155031906178,0.5770155031906178,-0.003669476092767852,False
2471,1,1,True,0.5812557737543323,0.5812557737543323,0.006014269881966545,False
2472,1,1,True,0.5632048188901088,0.5632048188901088,0.006360606719838625,False
2473,1,1,True,0.5635013575892759,0.5635013575892759,0.006207302451466216,False
2474,1,1,True,0.6353460107378539,0.6353460107378539,0.00493404146905028,True
2475,1,1,True,0.6826319214838937,0.6826319214838937,0.010840146115126943,True
2476,1,0,False,0.6494840900858834,0.6494840900858834,-0.000590639335820484,True
2477,1,0,False,0.6416500323562134,0.6416500323562134,-0.021020582635283423,True
2478,1,0,False,0.5566712077432022,0.5566712077432022,-0.013547778358802222,False
2479,1,0,False,0.5900212373463269,0.5900212373463269,-0.02173245711064795,False
2480,0,0,True,0.5084642915355561,0.491535708464444,-0.029178164694519795,False
2481,0,0,True,0.5016313095055426,0.4983686904944575,-0.03355591142866714,False
2482,0,0,True,0.5442005336100888,0.45579946638991126,-0.01453539179133573,False
2483,0,0,True,0.6259219914685196,0.3740780085314805,-0.02109378670496806,True
2484,0,0,True,0.5204394167334742,0.47956058326652573,-0.01880911085437931,False
2485,1,0,False,0.523893156674215,0.523893156674215,-0.020683672990555468,False
2486,0,0,True,0.5067035322859653,0.49329646771403474,-0.0020638167154100333,False
2487,0,0,True,0.5233459832190421,0.4766540167809579,-0.01418505490973183,False
2488,0,0,True,0.5414792027862547,0.4585207972137453,-0.014655986000865396,False
2489,1,1,True,0.5234097952505803,0.5234097952505803,0.0020836648592565685,False
2490,1,1,True,0.5684231671585729,0.5684231671585729,0.010346930412136883,False
2491,0,0,True,0.5347582682776376,0.4652417317223625,-0.002925332563153751,False
2492,1,1,True,0.5343252380234883,0.5343252380234883,0.0009871873873972775,False
2493,1,0,False,0.5004297159615584,0.5004297159615584,-0.005015259897253339,False
2494,0,0,True,0.5221786490762532,0.4778213509237468,-0.016183321614656406,False
2495,1,0,False,0.5143431630423105,0.5143431630423105,-0.01676137094222077,False
2496,0,0,True,0.5352946251394385,0.46470537486056146,-0.033718738568396085,False
2497,0,0,True,0.5111621567683566,0.48883784323164337,-0.0259963060233681,False
2498,1,0,False,0.5193416132327492,0.5193416132327492,-0.027264513454225366,False
2499,0,0,True,0.5053594479274935,0.4946405520725065,-0.01606779395314791,False
2500,1,0,False,0.5632629839280104,0.5632629839280104,-0.02438706586743911,False
2501,1,0,False,0.5836700513417671,0.5836700513417671,-0.003990089522731409,False
2502,0,0,True,0.594504415433376,0.405495584566624,-0.0018837101027515876,False
2503,0,0,True,0.5962115575159546,0.40378844248404544,-0.009463673776373275,False
2504,1,0,False,0.5904935383398183,0.5904935383398183,-0.02002052217416113,False
2505,0,0,True,0.6089327368240086,0.39106726317599144,-0.0120790329281558,True
2506,0,0,True,0.5492471159256541,0.4507528840743458,-0.005720068623075936,False
2507,0,0,True,0.5205458837006547,0.4794541162993453,-0.008532097460139929,False
2508,1,1,True,0.5311314111497264,0.5311314111497264,0.0042659567279238675,False
2509,0,1,False,0.5970868943591495,0.4029131056408506,0.016136836173233252,False
2510,0,1,False,0.5186622168578315,0.4813377831421685,0.005305448443871334,False
2511,1,0,False,0.5998333250919732,0.5998333250919732,-0.007421863622708449,False
2512,1,0,False,0.7231930055138376,0.7231930055138376,-0.007820649403165203,True
2513,1,0,False,0.7636842555920764,0.7636842555920764,-0.01449346131485802,True
2514,1,0,False,0.7129079671810166,0.7129079671810166,-0.00786811018381708,True
2515,1,1,True,0.6161985938803243,0.6161985938803243,0.006194049980082066,True
2516,1,1,True,0.7457641136380397,0.7457641136380397,0.009723686158657758,True
2517,1,1,True,0.7554819399285247,0.7554819399285247,0.013688992655994018,True
2518,1,1,True,0.7871894307433002,0.7871894307433002,0.012388510732098651,True
2519,1,1,True,0.6718991127854014,0.6718991127854014,0.010256000181727731,True
2520,1,1,True,0.6279378277026413,0.6279378277026413,0.004010077400263691,True
2521,1,1,True,0.7386264404239672,0.7386264404239672,0.0038021335397972716,True
2522,1,0,False,0.7142247104302192,0.7142247104302192,-0.005383456198675973,True
2523,1,0,False,0.5243875856751504,0.5243875856751504,-0.0015275974389981687,False
2524,1,0,False,0.7825273623835485,0.7825273623835485,-0.014742857548158017,True
2525,1,0,False,0.7459005000519391,0.7459005000519391,-0.024130202894823063,True
2526,1,0,False,0.7748659453080379,0.7748659453080379,-0.005170671900223406,True
2527,1,0,False,0.8578572193014247,0.8578572193014247,-0.0073024233414102245,True
2528,1,1,True,0.8281832486958298,0.8281832486958298,0.00532873494884166,True
2529,1,1,True,0.8269282901336816,0.8269282901336816,0.00880131659299581,True
2530,1,1,True,0.7608789380672331,0.7608789380672331,0.010369051369155658,True
2531,1,0,False,0.7678338621105839,0.7678338621105839,-0.005634938089027001,True
2532,1,1,True,0.6072001122694944,0.6072001122694944,0.00842551459398813,True
2533,1,0,False,0.7391244644097559,0.7391244644097559,-0.0019228639449101691,True
2534,1,0,False,0.6126776567780466,0.6126776567780466,-0.012200308278706756,True
2535,1,0,False,0.5697715484229787,0.5697715484229787,-1.1099720288863557e-05,False
2536,1,0,False,0.6171130015631291,0.6171130015631291,-0.015901336301414683,True
2537,0,0,True,0.5194303339135464,0.4805696660864536,-0.02737004290216126,False
2538,1,0,False,0.6378586428114554,0.6378586428114554,-0.013695698338768101,True
2539,1,0,False,0.6074076312236883,0.6074076312236883,-0.006819896387065429,True
2540,1,0,False,0.7250477631862841,0.7250477631862841,-0.0037212699924271866,True
2541,1,1,True,0.6419747959488219,0.6419747959488219,0.00503413764296404,True
2542,0,1,False,0.5646331487227746,0.43536685127722546,0.005226471367692115,False
2543,0,0,True,0.5521868231217075,0.4478131768782925,-0.007798904762096359,False
2544,0,0,True,0.5315363763005033,0.46846362369949657,-0.0021914957273326454,False
2545,0,0,True,0.5505683368759394,0.4494316631240605,-0.009081685889635123,False
2546,0,0,True,0.5170767569229789,0.482923243077021,-0.01650139188647964,False
2547,0,0,True,0.607442234464023,0.39255776553597704,-0.003133134426695628,True
2548,1,0,False,0.5768545830098727,0.5768545830098727,-0.003911880849022719,False
2549,1,0,False,0.6053846005950551,0.6053846005950551,-0.010253292580095193,True
2550,1,0,False,0.6601246433326956,0.6601246433326956,-0.012686201502565992,True
2551,1,1,True,0.6883931552604022,0.6883931552604022,0.0036006195498160948,True
2552,1,1,True,0.6758002460410782,0.6758002460410782,0.005389970790891218,True
2553,1,1,True,0.5476725678893951,0.5476725678893951,0.005640783758190834,False
2554,1,0,False,0.6713094009395381,0.6713094009395381,-0.0027984352352665954,True
2555,1,1,True,0.66925673549254,0.66925673549254,0.0024304349512559126,True
2556,1,0,False,0.5927733918341075,0.5927733918341075,-0.00010210260306265071,False
2557,1,0,False,0.6831887763283201,0.6831887763283201,-0.0037855744591133206,True
2558,0,0,True,0.5078468370660504,0.4921531629339497,-0.005273273254307151,False
2559,1,1,True,0.5683862005352914,0.5683862005352914,0.021309960575872016,False
2560,1,1,True,0.5537664747890547,0.5537664747890547,0.00600600926085272,False
2561,1,1,True,0.6665990464506567,0.6665990464506567,0.019091063842098962,True
2562,1,1,True,0.7154901984804655,0.7154901984804655,0.03175398833718114,True
2563,1,1,True,0.5944015042027825,0.5944015042027825,0.03178760282643261,False
2564,1,1,True,0.6648948902406818,0.6648948902406818,0.030164773047889955,True
2565,1,1,True,0.5165884845684271,0.5165884845684271,0.03912060057690645,False
2566,1,1,True,0.650094178988248,0.650094178988248,0.02697916398233669,True
2567,1,0,False,0.630859874347395,0.630859874347395,-0.006323507960466148,True
2568,0,1,False,0.5071129417852955,0.49288705821470447,0.0013488736687998187,False
2569,1,0,False,0.503536056866075,0.503536056866075,-0.013520820198358109,False
2570,1,0,False,0.5016892303155601,0.5016892303155601,-0.01893760288392347,False
2571,1,0,False,0.5995882149542032,0.5995882149542032,-0.016692886900243467,False
2572,1,0,False,0.5360064980292368,0.5360064980292368,-0.013002823955282825,False
2573,1,1,True,0.6260540210120736,0.6260540210120736,0.0006961252094554245,True
2574,1,0,False,0.6578739502348663,0.6578739502348663,-0.0008256116755620526,True
2575,1,0,False,0.6726110513483055,0.6726110513483055,-0.00149843495540682,True
2576,1,1,True,0.7308831353872939,0.7308831353872939,0.0019655479445629775,True
2577,1,0,False,0.6197499667511114,0.6197499667511114,-0.011856267818161568,True
2578,1,0,False,0.5953325796589454,0.5953325796589454,-0.0378370394083939,False
2579,1,0,False,0.5398133766484393,0.5398133766484393,-0.027950947015772807,False
2580,0,0,True,0.5380721983060505,0.4619278016939496,-0.028732811078924784,False
2581,1,0,False,0.546584480716486,0.546584480716486,-0.027394754679144456,False
2582,0,1,False,0.5802250739204441,0.41977492607955597,0.001651811219636802,False
2583,1,1,True,0.5215897110940019,0.5215897110940019,0.024302523163106275,False
2584,1,1,True,0.5677835726890191,0.5677835726890191,0.0069678518524481795,False
2585,1,1,True,0.5329842207476823,0.5329842207476823,0.010787276453033344,False
2586,1,1,True,0.5414855849964098,0.5414855849964098,0.012121328783189108,False
2587,0,1,False,0.5571593030873082,0.4428406969126917,0.012905624260689261,False
2588,0,0,True,0.5061091456318504,0.49389085436814967,-0.00483019110333047,False
2589,1,0,False,0.5878436303887314,0.5878436303887314,-0.008294238849686017,False
2590,1,0,False,0.5735302637214074,0.5735302637214074,-0.02459645101705155,False
2591,1,0,False,0.6024748974015665,0.6024748974015665,-0.02417991943485338,True
2592,1,0,False,0.667486636797271,0.667486636797271,-0.028847584135308087,True
2593,1,0,False,0.7327499681911241,0.7327499681911241,-0.01976950243803114,True
2594,1,1,True,0.7066270538727065,0.7066270538727065,0.003090234910176519,True
2595,1,1,True,0.681822507591081,0.681822507591081,0.018178617843107554,True
2596,1,0,False,0.6268059634015105,0.6268059634015105,-0.0011945577780514312,True
2597,1,0,False,0.6771495215127663,0.6771495215127663,-0.000793007845742998,True
2598,1,0,False,0.6358241187539722,0.6358241187539722,-0.0058787343025799525,True
2599,1,0,False,0.6220643682520867,0.6220643682520867,-0.008376787501925276,True
2600,1,0,False,0.535096659220191,0.535096659220191,-0.0007471408108418706,False
2601,1,1,True,0.5701963605252017,0.5701963605252017,0.0060209433689178285,False
2602,1,1,True,0.5433785829948895,0.5433785829948895,0.006142446959370601,False
2603,1,1,True,0.601362955584463,0.601362955584463,0.007834007246087812,True
2604,1,0,False,0.6692455238763837,0.6692455238763837,-0.00011280407660486407,True
2605,1,1,True,0.7266475374471103,0.7266475374471103,0.019307944046686377,True
2606,1,1,True,0.7124838839853908,0.7124838839853908,0.033997185524515736,True
2607,1,1,True,0.6937673031264987,0.6937673031264987,0.03506991098519587,True
2608,1,1,True,0.7089798983578012,0.7089798983578012,0.035322475525993796,True
2609,1,1,True,0.7254998234329912,0.7254998234329912,0.03585353194235483,True
2610,1,1,True,0.7410406664892993,0.7410406664892993,0.013964157745300984,True
2611,1,1,True,0.724149828583393,0.724149828583393,0.006140265007733266,True
2612,1,0,False,0.7422843304147554,0.7422843304147554,-0.003553604645592443,True
2613,1,0,False,0.7027424831495086,0.7027424831495086,-0.013913460314843286,True
2614,1,0,False,0.7021629375867113,0.7021629375867113,-0.014513544934845704,True
2615,1,0,False,0.6747971367967276,0.6747971367967276,-0.009815068877259841,True
2616,1,0,False,0.7425592895862377,0.7425592895862377,-0.003905788140312567,True
2617,1,0,False,0.7083823024910331,0.7083823024910331,-0.0063250387402500495,True
2618,1,1,True,0.7310295135361828,0.7310295135361828,0.003490210425828036,True
2619,1,1,True,0.7450799888821865,0.7450799888821865,0.008057924303252504,True
2620,1,1,True,0.7170950197176297,0.7170950197176297,0.009706154989689181,True
2621,1,1,True,0.5485226432695628,0.5485226432695628,0.014888639091024695,False
2622,0,1,False,0.5189610644561423,0.4810389355438576,0.019021331039226624,False
2623,1,1,True,0.5103902234241343,0.5103902234241343,0.011667880324008128,False
2624,1,1,True,0.547719603049209,0.547719603049209,0.008274201458194424,False
2625,1,1,True,0.5302562909661054,0.5302562909661054,0.002395312026512577,False
2626,0,0,True,0.597544427786543,0.4024555722134569,-0.013528643478429254,False
2627,0,0,True,0.5253342751611907,0.4746657248388093,-0.015503426031876471,False
2628,0,0,True,0.5081040655936491,0.491895934406351,-0.006277757089840083,False
2629,0,0,True,0.5114036120243385,0.48859638797566146,-0.01234056637174006,False
2630,1,0,False,0.5014736905906741,0.5014736905906741,-0.004758256247141496,False
2631,1,1,True,0.5785598160985398,0.5785598160985398,0.0038593668497809348,False
2632,1,1,True,0.5158355874067003,0.5158355874067003,0.011271117448452573,False
2633,1,1,True,0.5313881979973819,0.5313881979973819,0.0008642117207628727,False
2634,1,1,True,0.5253859620787827,0.5253859620787827,0.008229509716490196,False
2635,1,1,True,0.5402299223054398,0.5402299223054398,0.010695589693730795,False
2636,1,1,True,0.5007037136982667,0.5007037136982667,0.011698929562050481,False
2637,0,1,False,0.5977912902344126,0.40220870976558737,0.0138079956803585,False
2638,0,1,False,0.5857743730582914,0.41422562694170867,0.02209640101590706,False
2639,0,1,False,0.6215400137792091,0.37845998622079086,0.01986221651945477,True
2640,1,1,True,0.502929653529813,0.502929653529813,0.021262485423577598,False
2641,0,1,False,0.5483495169188058,0.4516504830811942,0.017060277358748786,False
2642,0,1,False,0.5201571074534957,0.4798428925465042,0.014194567624840868,False
2643,0,1,False,0.5494999464548476,0.45050005354515243,0.03638849063779888,False
2644,0,1,False,0.5658928534159632,0.4341071465840369,0.03405510473731452,False
2645,0,1,False,0.7363130758329203,0.2636869241670796,0.007075523908963691,True
2646,0,1,False,0.7448814363673045,0.25511856363269536,0.0034634170670826744,True
2647,0,1,False,0.7540092916192767,0.24599070838072323,0.00021011448335509313,True
2648,0,0,True,0.690353853466446,0.3096461465335538,-0.019291811939983704,True
2649,0,0,True,0.7920663547648612,0.20793364523513894,-0.013064424793871597,True
2650,0,0,True,0.7546526173780412,0.24534738262195868,-0.011932781298806157,True
2651,0,0,True,0.6850379956893078,0.31496200431069216,-0.006571905812822094,True
2652,0,0,True,0.566776330640392,0.43322366935960793,-0.006116534110543062,False
2653,0,0,True,0.5084195215699197,0.4915804784300803,-0.010298025937515968,False
2654,1,0,False,0.5712704894906165,0.5712704894906165,-0.026719255593059387,False
2655,0,0,True,0.5425373870782979,0.45746261292170204,-1.1104099004298917e-05,False
2656,1,0,False,0.6308868779023421,0.6308868779023421,-0.0073927209626410235,True
2657,1,0,False,0.6104920932787072,0.6104920932787072,-0.0016977287593475607,True
2658,1,0,False,0.5370938715053558,0.5370938715053558,-0.006029096007858078,False
2659,1,1,True,0.5004729399550485,0.5004729399550485,0.009300740510018507,False
2660,1,0,False,0.5008493289447186,0.5008493289447186,-0.004071663935620134,False
2661,1,1,True,0.5310732168385531,0.5310732168385531,0.004298645260415118,False
2662,0,0,True,0.608575190589202,0.391424809410798,-0.003205724251633611,True
2663,0,0,True,0.6042876966931334,0.3957123033068665,-0.0035406055251190733,True
2664,0,0,True,0.6059596010893026,0.39404039891069725,-0.006096772305071474,True
2665,0,0,True,0.6251948591011443,0.3748051408988557,-0.004622044101390122,True
2666,0,0,True,0.5242390928763588,0.475760907123641,-0.007683315899610331,False
2667,1,1,True,0.5336120330860493,0.5336120330860493,0.0018882701524788527,False
2668,1,1,True,0.5187461210326175,0.5187461210326175,0.00023438322121910286,False
2669,0,1,False,0.5381558705311308,0.46184412946886927,0.007299807316652237,False
2670,0,0,True,0.5016351661861617,0.4983648338138384,-0.0017598605589786793,False
2671,1,1,True,0.5171285957294368,0.5171285957294368,0.0010028527761115503,False
2672,1,0,False,0.5041126321824576,0.5041126321824576,-0.0014119025869264801,False
2673,0,1,False,0.5254469444866355,0.4745530555133645,0.003277958041136563,False
2674,1,0,False,0.6207629693407457,0.6207629693407457,-0.009694860606167723,True
2675,0,0,True,0.5104740996336293,0.4895259003663707,-0.006655811176851218,False
2676,1,0,False,0.532016819979198,0.532016819979198,-0.010706776916905332,False
2677,1,0,False,0.6617775224631719,0.6617775224631719,-0.01018818078965457,True
2678,1,0,False,0.5618349370699955,0.5618349370699955,-0.007590303661747968,False
2679,1,0,False,0.5936946402769484,0.5936946402769484,-0.018928504204265745,False
2680,1,0,False,0.6506778701903477,0.6506778701903477,-0.0167410450783836,True
2681,0,0,True,0.5684113977775135,0.4315886022224866,-0.021752922112866464,False
2682,0,0,True,0.5340960085840537,0.46590399141594635,-0.023358060095729324,False
2683,0,0,True,0.5417999383466022,0.4582000616533978,-0.018096399198857225,False
2684,1,1,True,0.5379856787003513,0.5379856787003513,0.0005075979627616511,False
2685,1,1,True,0.5758995725657473,0.5758995725657473,0.011762666286921502,False
2686,1,1,True,0.5474889048392099,0.5474889048392099,0.02404526958603738,False
2687,0,1,False,0.5461506338076023,0.4538493661923977,0.01625017577080443,False
2688,0,1,False,0.5954609453160497,0.4045390546839503,0.005263315693528968,False
2689,0,1,False,0.6433113961011526,0.35668860389884727,0.0034580164260631825,True
2690,0,0,True,0.5529559491043349,0.4470440508956652,-0.016914079192068894,False
2691,0,0,True,0.5204834490122295,0.4795165509877704,-0.023173088341301103,False
2692,1,0,False,0.5120314975684206,0.5120314975684206,-0.02353657088700326,False
2693,1,1,True,0.5073909241703797,0.5073909241703797,0.007155145683673914,False
2694,1,1,True,0.6963511345067941,0.6963511345067941,0.0187322690653253,True
2695,1,1,True,0.7378982797895409,0.7378982797895409,0.027626781405510777,True
2696,1,1,True,0.651303743671383,0.651303743671383,0.01808998227201367,True
2697,1,1,True,0.628901554609482,0.628901554609482,0.01678750599553116,True
2698,1,1,True,0.6349325857130491,0.6349325857130491,4.412419582032569e-05,True
2699,1,0,False,0.5708860480752856,0.5708860480752856,-0.002855128050185483,False
2700,0,1,False,0.6637245154150987,0.33627548458490125,0.013032244038459682,True
2701,0,1,False,0.5787184880444712,0.4212815119555287,0.014356635752034538,False
2702,1,1,True,0.5437205242581313,0.5437205242581313,0.023794906758787107,False
2703,1,1,True,0.7370916874414476,0.7370916874414476,0.009656442919266634,True
2704,1,1,True,0.7557161420635214,0.7557161420635214,0.014590688748911064,True
2705,1,0,False,0.6739604593465044,0.6739604593465044,-0.00303978048405677,True
2706,0,0,True,0.5315210650179579,0.468478934982042,-0.005986131222909866,False
2707,0,0,True,0.5130094807488463,0.48699051925115366,-0.01818270421973422,False
2708,0,0,True,0.5347227277413443,0.4652772722586558,-0.01216093875992783,False
2709,0,0,True,0.5311812651559742,0.46881873484402575,-0.019484203558481288,False
2710,0,0,True,0.5541550241819018,0.4458449758180982,-0.008225482092979798,False
2711,0,0,True,0.5419079370095515,0.4580920629904483,-0.006688064885899393,False
2712,1,0,False,0.5426661621640098,0.5426661621640098,-0.0011502724041478664,False
2713,0,0,True,0.5027079043740609,0.4972920956259392,-0.0050395955556070725,False
2714,1,0,False,0.5098257034100826,0.5098257034100826,-0.019483744958065555,False
2715,0,0,True,0.5233972550983509,0.47660274490164917,-0.02824288790938324,False
2716,0,0,True,0.5240224854040244,0.47597751459597565,-0.009801448107010467,False
2717,0,0,True,0.5553303437327756,0.44466965626722454,-0.016941510787818654,False
2718,1,0,False,0.5928597107475255,0.5928597107475255,-0.011351827723788831,False
2719,1,1,True,0.5017962465812196,0.5017962465812196,0.008642072005733002,False
2720,0,1,False,0.5377350295960922,0.46226497040390774,0.02331610046051776,False
2721,0,1,False,0.6110014995689795,0.3889985004310204,0.026057818063015985,True
2722,1,1,True,0.5788685817273603,0.5788685817273603,0.03913697938482329,False
2723,1,1,True,0.5813224457107633,0.5813224457107633,0.04109553587816132,False
2724,0,1,False,0.5772676815309018,0.4227323184690981,0.025832738604968482,False
2725,0,1,False,0.622622519631802,0.37737748036819796,0.004849422481757331,True
2726,0,0,True,0.5210305508853376,0.4789694491146624,-0.009485814395546958,False
2727,0,0,True,0.5098389330866223,0.4901610669133778,-0.0032307063941065385,False
2728,1,0,False,0.5562052549460484,0.5562052549460484,-0.024196650838296502,False
2729,1,0,False,0.6127323568762438,0.6127323568762438,-0.02387161894860395,True
2730,1,0,False,0.6538264174575676,0.6538264174575676,-0.009400832716630694,True
2731,1,0,False,0.705279240416527,0.705279240416527,-0.008239259087060967,True
2732,1,0,False,0.7372531519760254,0.7372531519760254,-0.007189715862277554,True
2733,1,1,True,0.711699181877001,0.711699181877001,0.01846902089385827,True
2734,1,1,True,0.7256903020617314,0.7256903020617314,0.010779356284331078,True
2735,1,1,True,0.6183250553077043,0.6183250553077043,0.0070712934717082985,True
2736,1,1,True,0.5971353985316723,0.5971353985316723,0.001179513808723502,False
2737,1,0,False,0.6068600875037934,0.6068600875037934,-0.014443436708684577,True
2738,1,0,False,0.5696287292842709,0.5696287292842709,-0.0325715159581405,False
2739,0,0,True,0.5002216047133827,0.49977839528661727,-0.019732914172266837,False
2740,1,0,False,0.5130444663283565,0.5130444663283565,-0.010561337256382204,False
2741,0,0,True,0.5406859611193603,0.45931403888063976,-0.002161325617366801,False
2742,0,0,True,0.5735974750594971,0.42640252494050285,-0.0073771837542867735,False
2743,1,1,True,0.5037263280861436,0.5037263280861436,0.0029217536530169634,False
2744,1,1,True,0.5282543421167155,0.5282543421167155,0.005026929117406989,False
2745,1,0,False,0.6002215529374223,0.6002215529374223,-0.005930393759374578,True
2746,1,0,False,0.5220629410450237,0.5220629410450237,-0.00607164320922893,False
2747,0,0,True,0.530848026359919,0.46915197364008093,-0.00017282717673600313,False
2748,0,0,True,0.5778868943967209,0.42211310560327914,-0.0016466865458260997,False
2749,0,0,True,0.6028132408080068,0.39718675919199325,-0.007991014923696325,True
2750,0,1,False,0.6773494739589264,0.3226505260410736,0.0045293793962481056,True
2751,0,0,True,0.5742876019979094,0.42571239800209065,-0.006032217253139621,False
2752,0,0,True,0.6567738158716019,0.3432261841283981,-0.017464849705778503,True
2753,0,0,True,0.6259353312563666,0.37406466874363337,-0.004752963461648455,True
2754,0,0,True,0.5768239325383185,0.4231760674616815,-0.0014786078601581017,False
2755,1,0,False,0.5973539821135381,0.5973539821135381,-0.022409765782237197,False
2756,1,0,False,0.5771542628487782,0.5771542628487782,-0.007464794611770475,False
2757,1,1,True,0.5292336051097768,0.5292336051097768,0.013940015409808494,False
2758,0,1,False,0.5857915525623799,0.41420844743762003,0.01600457069536903,False
2759,0,1,False,0.5673064609280828,0.4326935390719171,0.016628001344279292,False
2760,0,1,False,0.5144114835361079,0.4855885164638922,0.046108711384724395,False
2761,0,1,False,0.5357051734209138,0.4642948265790863,0.037783174592479436,False
2762,0,1,False,0.5849395262332882,0.41506047376671185,0.037799120658103626,False
2763,0,1,False,0.5547806800885998,0.4452193199114001,0.030223630412804597,False
2764,0,1,False,0.534438490044333,0.465561509955667,0.05425520916182417,False
2765,0,1,False,0.58777492479647,0.4122250752035301,0.030952000630477313,False
2766,1,1,True,0.5698860344661593,0.5698860344661593,0.02815669277651743,False
2767,1,1,True,0.5526903115506274,0.5526903115506274,0.029516391518759642,False
2768,1,1,True,0.637014385512099,0.637014385512099,0.013254926497996018,True
2769,1,0,False,0.5810057338244023,0.5810057338244023,-0.01717242950790885,False
2770,1,0,False,0.5777451879244354,0.5777451879244354,-0.01494581335358064,False
2771,1,1,True,0.5675215698253614,0.5675215698253614,0.008533766307615787,False
2772,1,0,False,0.7111603543305165,0.7111603543305165,-0.0017997934504963523,True
2773,1,1,True,0.6338370331085478,0.6338370331085478,0.008656922033882493,True
2774,1,1,True,0.678098222377587,0.678098222377587,0.014963910788050563,True
2775,1,1,True,0.569377657332843,0.569377657332843,0.020131542229083352,False
2776,0,0,True,0.5843980525937952,0.41560194740620493,-0.0037841812964466495,False
2777,1,1,True,0.5315200382498642,0.5315200382498642,0.00217694903750703,False
2778,0,0,True,0.5517710838375111,0.44822891616248883,-0.01781038434799456,False
2779,0,0,True,0.6360076501065798,0.3639923498934203,-0.0313094937784163,True
2780,0,0,True,0.6537622912296965,0.3462377087703034,-0.035016148770328145,True
2781,0,0,True,0.592244206276956,0.4077557937230441,-0.04112154820217604,False
2782,0,0,True,0.5257925152130615,0.47420748478693847,-0.03867602683091537,False
2783,0,0,True,0.5550057775655305,0.4449942224344696,-0.02076542404478512,False
2784,0,0,True,0.548642920804353,0.4513570791956471,-0.005613068974607954,False
2785,1,1,True,0.5084565415643935,0.5084565415643935,0.0014464056779880726,False
2786,1,1,True,0.5889778663467488,0.5889778663467488,0.00957899070997828,False
2787,1,0,False,0.5194314858811655,0.5194314858811655,-0.007489393735820072,False
2788,1,0,False,0.5924452488613995,0.5924452488613995,-0.012937247258847588,False
2789,1,0,False,0.6684811884115677,0.6684811884115677,-0.007181976078295468,True
2790,1,0,False,0.7092176257158865,0.7092176257158865,-0.0023991913164947585,True
2791,1,0,False,0.6795005776949409,0.6795005776949409,-0.004504437861927762,True
2792,1,1,True,0.7281891645168993,0.7281891645168993,0.00839427452115719,True
2793,0,1,False,0.5358749430511675,0.4641250569488326,0.000857624132225352,False
2794,1,0,False,0.504024054013206,0.504024054013206,-0.0033814064941794903,False
2795,0,0,True,0.5670817966709164,0.4329182033290837,-0.008709824867603046,False
2796,0,0,True,0.5721155515524545,0.4278844484475455,-0.007159267881615179,False
2797,0,0,True,0.578600113174728,0.421399886825272,-0.0011599640264061011,False
2798,0,1,False,0.5380087855563601,0.46199121444363994,0.021066798950413152,False
2799,0,1,False,0.5893200195402354,0.41067998045976467,0.0144019323229638,False
2800,0,0,True,0.503486029581324,0.49651397041867606,-0.0076360696254097315,False
2801,0,0,True,0.510095268504416,0.48990473149558406,-0.01499205348613843,False
2802,0,0,True,0.5358932428789789,0.4641067571210211,-0.01839269392422739,False
2803,1,0,False,0.6105290403857097,0.6105290403857097,-0.025694118007267314,True
2804,1,0,False,0.6120143221643275,0.6120143221643275,-0.026066799018183897,True
2805,1,0,False,0.5573512160253186,0.5573512160253186,-0.023880847519078697,False
2806,0,0,True,0.6009058837505591,0.39909411624944086,-0.02011461388745809,True
2807,0,0,True,0.5442504677947526,0.45574953220524744,-0.015554804170905039,False
2808,1,0,False,0.543792039385674,0.543792039385674,-0.0034229084593759454,False
2809,1,1,True,0.6061906646781171,0.6061906646781171,0.0007581736113106823,True
2810,1,0,False,0.5998361421040657,0.5998361421040657,-0.00011534394755172977,False
2811,1,1,True,0.5365328370121158,0.5365328370121158,0.007884438522379713,False
2812,1,1,True,0.5825361528639296,0.5825361528639296,0.0014546500442960437,False
2813,1,0,False,0.5981434747818399,0.5981434747818399,-0.014118342321938641,False
2814,1,0,False,0.6383798350980943,0.6383798350980943,-0.020587912223524667,True
2815,1,0,False,0.6119756292017939,0.6119756292017939,-0.007026050687460373,True
2816,1,0,False,0.6435477341138657,0.6435477341138657,-0.0038108466689404977,True
2817,1,0,False,0.6620313247609952,0.6620313247609952,-0.006705629977863514,True
2818,1,0,False,0.6717523620711728,0.6717523620711728,-0.007308552602819478,True
2819,1,0,False,0.6683022394409498,0.6683022394409498,-0.0022535663000187766,True
2820,1,1,True,0.6641920396844458,0.6641920396844458,0.0004586213571850008,True
2821,1,0,False,0.704667984455945,0.704667984455945,-0.003500328568112667,True
2822,1,0,False,0.7639870501095395,0.7639870501095395,-0.0008265309151965993,True
2823,1,0,False,0.701708525316023,0.701708525316023,-0.002208091080440746,True
2824,1,1,True,0.7044745311363473,0.7044745311363473,0.004253306059873522,True
2825,1,1,True,0.6825517419612437,0.6825517419612437,0.011286625897684139,True
2826,1,1,True,0.650903808112924,0.650903808112924,0.010499998101839126,True
2827,1,1,True,0.6143425783368611,0.6143425783368611,0.01654397708440874,True
2828,1,1,True,0.6124465711935215,0.6124465711935215,0.02405463370078972,True
2829,1,1,True,0.6525039047074023,0.6525039047074023,0.01019411294498297,True
2830,1,1,True,0.634684390545201,0.634684390545201,0.005825557490744749,True
2831,1,1,True,0.583794237672585,0.583794237672585,0.0054642536200976526,False
2832,1,1,True,0.6599405104894528,0.6599405104894528,0.0050120555500392395,True
2833,1,1,True,0.5596324694666936,0.5596324694666936,0.015464611313913842,False
2834,1,1,True,0.6389293091649956,0.6389293091649956,0.020952284801017865,True
2835,1,1,True,0.6653083144246895,0.6653083144246895,0.008096188863312478,True
2836,1,1,True,0.5703555377796506,0.5703555377796506,0.002951141617450961,False
2837,1,1,True,0.6543927033898304,0.6543927033898304,0.0018453722916896083,True
2838,1,0,False,0.5433037943038339,0.5433037943038339,-0.00576125166409173,False
2839,0,1,False,0.523308181147989,0.476691818852011,0.0021498853012567863,False
2840,0,1,False,0.5659110628244287,0.4340889371755714,0.006997020915859473,False
2841,0,1,False,0.5343037758954218,0.46569622410457834,0.013380209440343903,False
2842,1,1,True,0.5593592720988224,0.5593592720988224,0.008783589760751514,False
2843,1,1,True,0.5105918225091121,0.5105918225091121,0.015563664575820178,False
2844,0,1,False,0.520156834554519,0.47984316544548106,0.006580859088424088,False
2845,0,1,False,0.5964226072131456,0.40357739278685445,0.0047961793799677355,False
2846,0,1,False,0.5501198908054065,0.4498801091945935,0.0002770456875803092,False
2847,0,1,False,0.526146128397015,0.473853871602985,0.008415922620996708,False
2848,0,1,False,0.5071000104498914,0.49289998955010866,0.0033549934072854767,False
2849,0,0,True,0.7237350603292393,0.27626493967076077,-0.0025416520458816936,True
2850,0,0,True,0.6955963577356495,0.3044036422643504,-0.007864632146423285,True
2851,0,0,True,0.6028453344766386,0.3971546655233615,-0.0011380282168337581,True
2852,0,0,True,0.6721452573345248,0.32785474266547526,-0.009832517702748216,True
2853,0,0,True,0.6160512907950264,0.3839487092049736,-0.02992621142755978,True
2854,0,0,True,0.6622577848796426,0.33774221512035735,-0.029855545332158503,True
2855,0,0,True,0.5975991634038192,0.40240083659618064,-0.020204744645728356,False
2856,0,1,False,0.5455566139400322,0.45444338605996776,0.0027960560967419425,False
2857,0,1,False,0.6087981577642392,0.39120184223576066,0.009487502977143418,True
2858,0,1,False,0.6130213824332439,0.38697861756675594,0.03183560697927256,True
2859,0,1,False,0.5082453803638866,0.4917546196361135,0.03518137195127264,False
2860,0,1,False,0.6798526683039533,0.32014733169604676,0.025764367769761657,True
2861,0,0,True,0.7101898492434741,0.2898101507565259,-0.004430494415475586,True
2862,0,0,True,0.5080366543159561,0.4919633456840438,-0.0185952101678941,False
2863,0,0,True,0.5459632501551555,0.4540367498448445,-0.0363203670691186,False
2864,1,0,False,0.535652666709672,0.535652666709672,-0.042631240039037704,False
2865,1,0,False,0.5676610990361285,0.5676610990361285,-0.03736226189515124,False
2866,0,0,True,0.5005522849337126,0.49944771506628743,-0.04024316143943563,False
2867,1,0,False,0.5700148227947428,0.5700148227947428,-0.04333269742876003,False
2868,1,0,False,0.5405695781115256,0.5405695781115256,-0.03129868573029275,False
2869,1,0,False,0.5345833681667478,0.5345833681667478,-0.023780123867200447,False
2870,1,0,False,0.5180093026299996,0.5180093026299996,-0.02206920321043836,False
2871,1,0,False,0.5143026423278596,0.5143026423278596,-0.0045414298606372945,False
2872,0,1,False,0.5041754308739251,0.4958245691260748,0.010196645689386104,False
2873,0,1,False,0.5350238660250984,0.46497613397490145,0.013145698996879738,False
2874,0,1,False,0.602593179497804,0.3974068205021959,0.02036010660731267,True
2875,0,1,False,0.5274713315630853,0.47252866843691455,0.020952821711671732,False
2876,0,0,True,0.5184017865141904,0.4815982134858096,-0.004466183656585038,False
2877,0,1,False,0.5432608204513734,0.4567391795486266,0.0018362026107824078,False
2878,0,1,False,0.5283918039268362,0.4716081960731638,0.0026678051854128852,False
2879,0,1,False,0.538398894654875,0.461601105345125,0.001044931070780996,False
2880,0,0,True,0.5377228375993666,0.46227716240063343,-0.003916430879874385,False
2881,0,1,False,0.528536562378027,0.47146343762197307,0.016443210054518053,False
2882,0,0,True,0.5452143095824198,0.4547856904175802,-0.0002579882416591635,False
2883,0,0,True,0.5977476675851466,0.4022523324148535,-0.0009098966930599431,False
2884,0,0,True,0.5210585733460967,0.4789414266539033,-0.005987097749082241,False
2885,1,1,True,0.5342511864618595,0.5342511864618595,0.002887870171770413,False
2886,1,1,True,0.5711160075371395,0.5711160075371395,0.006952380080199638,False
2887,1,1,True,0.6359681999934135,0.6359681999934135,0.015173922755848984,True
2888,1,1,True,0.6332016594051116,0.6332016594051116,0.014278003411239401,True
2889,1,1,True,0.7117564061886464,0.7117564061886464,0.03391705561001398,True
2890,1,1,True,0.6619375063796032,0.6619375063796032,0.03444274555961035,True
2891,1,1,True,0.5816123086084639,0.5816123086084639,0.01650730118413953,False
2892,0,1,False,0.5471348565985074,0.4528651434014927,0.020625517236875647,False
2893,0,1,False,0.536892938468885,0.463107061531115,0.014114325733398214,False
2894,0,1,False,0.5546147416667894,0.4453852583332106,0.012088601442035884,False
2895,0,1,False,0.5107805017888308,0.4892194982111691,0.006372544646561926,False
2896,1,1,True,0.5269612403674474,0.5269612403674474,0.010986497258578006,False
2897,0,1,False,0.5095372706240129,0.4904627293759871,0.00964950611170678,False
2898,0,1,False,0.5792748085145133,0.42072519148548665,0.014337837346445715,False
2899,0,1,False,0.559424656707555,0.44057534329244485,0.006962690118077012,False
2900,1,1,True,0.5044588215224701,0.5044588215224701,0.006225738368951671,False
2901,0,1,False,0.5911100551856204,0.4088899448143795,0.01523170028723534,False
2902,0,0,True,0.6026022416777328,0.3973977583222672,-0.0012478202777722101,True
2903,0,0,True,0.5844670886567678,0.4155329113432324,-0.0077300334906285975,False
2904,0,0,True,0.6700847780824285,0.32991522191757144,-0.008117826702831942,True
2905,0,0,True,0.7258833006776763,0.27411669932232363,-0.01866368983979924,True
2906,0,0,True,0.6620018046917208,0.3379981953082792,-0.021428985157143414,True
2907,0,0,True,0.6709248028795513,0.3290751971204486,-0.007037226830312723,True
2908,0,0,True,0.6798613185975317,0.3201386814024682,-0.008273061920731808,True
2909,0,0,True,0.5880636042452898,0.41193639575471014,-0.009453693643896963,False
2910,0,0,True,0.5730681132643408,0.4269318867356591,-0.0004492754175890837,False
2911,1,1,True,0.6500631690746238,0.6500631690746238,0.0017238847000622137,True
2912,1,1,True,0.538101177403648,0.538101177403648,0.0023008281819519426,False
2913,0,1,False,0.5137146609210337,0.48628533907896626,0.015411927405229025,False
2914,1,1,True,0.5364552400728401,0.5364552400728401,0.028781829679224078,False
2915,0,1,False,0.6719356085168329,0.3280643914831671,0.03688866133256096,True
2916,0,1,False,0.6322086150560546,0.36779138494394537,0.04001562200139227,True
2917,0,1,False,0.6726524147222834,0.32734758527771657,0.02795189861779074,True
2918,0,1,False,0.6958932086394102,0.30410679136058966,0.025028237744271844,True
2919,0,0,True,0.7456054809940555,0.2543945190059444,-0.008791827081040026,True
2920,0,0,True,0.6466861864837211,0.3533138135162788,-0.006403921800223359,True
2921,0,0,True,0.6832589450510825,0.3167410549489175,-0.023679567940213937,True
2922,0,0,True,0.6168441947388089,0.38315580526119103,-0.008583886081328778,True
2923,0,0,True,0.7115719966482468,0.2884280033517532,-0.0037333314114967203,True
2924,0,1,False,0.6986992302999818,0.30130076970001823,0.017971499140235214,True
2925,1,0,False,0.556686515973449,0.556686515973449,-0.001485451256209773,False
2926,1,1,True,0.5164804174632684,0.5164804174632684,0.0041107352118313996,False
2927,0,0,True,0.5102120051595126,0.48978799484048735,-0.0173621764527738,False
2928,1,0,False,0.5252987528773924,0.5252987528773924,-0.01121746041908808,False
2929,0,0,True,0.642517165775654,0.3574828342243461,-0.011501502140372155,True
2930,0,1,False,0.7133934127713778,0.28660658722862214,0.008460060821322918,True
2931,0,1,False,0.5916686426476868,0.4083313573523131,0.003641457066045296,False
2932,0,1,False,0.6120686617239195,0.38793133827608045,0.012171553978093781,True
2933,1,0,False,0.6143086570217172,0.6143086570217172,-0.0052288952351033,True
2934,1,0,False,0.6177467337154461,0.6177467337154461,-0.0019680124384108214,True
2935,0,0,True,0.5085493426234563,0.49145065737654353,-0.013961479841391584,False
2936,0,1,False,0.5245179929870823,0.47548200701291776,0.008998209287640526,False
2937,0,1,False,0.5542633284964472,0.4457366715035527,0.004004293757930422,False
2938,0,1,False,0.538777808230807,0.46122219176919294,0.003920959464130935,False
2939,0,1,False,0.5678630820560221,0.43213691794397774,0.007089772849361172,False
2940,1,1,True,0.5236935472817503,0.5236935472817503,0.005163931810641913,False
2941,1,0,False,0.5584967158428092,0.5584967158428092,-0.013517010057898375,False
2942,1,0,False,0.5733540665397462,0.5733540665397462,-0.0006533269943718077,False
2943,0,0,True,0.5161570825296783,0.4838429174703216,-0.006939048199255606,False
2944,0,0,True,0.5909696873259768,0.4090303126740233,-0.03036451266446584,False
2945,1,0,False,0.6597665411767871,0.6597665411767871,-0.028119412761650128,True
2946,1,0,False,0.6241489506211682,0.6241489506211682,-0.01503544065873637,True
2947,1,0,False,0.5280484484110882,0.5280484484110882,-0.01785703411134145,False
2948,1,0,False,0.5068329880497081,0.5068329880497081,-0.018175695217470183,False
2949,0,0,True,0.529957708621096,0.47004229137890396,-0.013136697624589806,False
2950,0,0,True,0.5751018205940795,0.42489817940592056,-0.00036141399605421636,False
2951,0,0,True,0.5451923468379138,0.454807653162086,-0.0153636312839698,False
2952,1,0,False,0.5263470541799989,0.5263470541799989,-0.010484583564192986,False
2953,1,0,False,0.5191725936229651,0.5191725936229651,-0.004897961863139277,False
2954,1,1,True,0.5017133859447419,0.5017133859447419,0.005635140271735692,False
2955,0,1,False,0.5369370266915464,0.46306297330845364,0.005659912283542512,False
2956,0,1,False,0.5199192127070642,0.4800807872929358,0.01915641148636377,False
2957,0,1,False,0.5417261387790769,0.458273861220923,0.00832381201496445,False
2958,0,1,False,0.6197739687283116,0.38022603127168836,0.009511696554856968,True
2959,0,1,False,0.615762564250726,0.384237435749274,0.0028787727917138537,True
2960,0,1,False,0.6250340139133631,0.37496598608663684,0.004643256697895736,True
2961,1,0,False,0.5428544932066767,0.5428544932066767,-0.010603615256938734,False
2962,1,0,False,0.5436459211603649,0.5436459211603649,-0.00019058084968952426,False
2963,1,1,True,0.5371353151917219,0.5371353151917219,0.003922619625137991,False
2964,1,1,True,0.5693566448670038,0.5693566448670038,0.0011640733510922686,False
2965,1,0,False,0.6621037761004577,0.6621037761004577,-0.02059344430234102,True
2966,1,0,False,0.7036919452777859,0.7036919452777859,-0.01835169478791116,True
2967,1,0,False,0.6507878109856945,0.6507878109856945,-0.023835641568509144,True
2968,1,0,False,0.7401568845106351,0.7401568845106351,-0.028438884813490745,True
2969,1,0,False,0.6938162849368384,0.6938162849368384,-0.02451555998745019,True
2970,1,0,False,0.697090167209068,0.697090167209068,-0.006748950239087088,True
2971,1,1,True,0.659692339612202,0.659692339612202,0.004693159178140903,True
2972,1,1,True,0.6516969282837386,0.6516969282837386,0.015686898048059256,True
2973,1,1,True,0.6468243192283898,0.6468243192283898,0.011763528545064605,True
2974,1,1,True,0.6628329027752632,0.6628329027752632,0.013518039815941872,True
2975,1,1,True,0.5114367418876062,0.5114367418876062,0.01996450903892961,False
2976,0,1,False,0.5017695092862692,0.49823049071373077,0.012170776659379242,False
2977,0,1,False,0.5172043644595795,0.48279563554042054,0.018444623710134056,False
2978,0,1,False,0.5603878920550988,0.4396121079449011,0.020031750188438845,False
2979,0,1,False,0.5268754170936735,0.4731245829063265,0.02534316371387517,False
2980,1,1,True,0.5517906119251612,0.5517906119251612,0.019219273653363577,False
2981,1,1,True,0.5910909615922181,0.5910909615922181,0.019267313989641915,False
2982,1,1,True,0.60459351121988,0.60459351121988,0.001161299824178931,True
2983,0,0,True,0.5389716362197979,0.4610283637802021,-0.002906722435181176,False
2984,0,0,True,0.5550739558700842,0.4449260441299159,-0.010006797924921292,False
2985,1,0,False,0.5137624993579337,0.5137624993579337,-0.02565197616696355,False
2986,0,0,True,0.587954083796208,0.41204591620379216,-0.015949337209159323,False
2987,1,0,False,0.5021212497586163,0.5021212497586163,-0.02445104100322815,False
2988,0,0,True,0.5024859412834076,0.49751405871659243,-0.02129480139644249,False
2989,1,0,False,0.6219692113507933,0.6219692113507933,-0.016961633849714965,True
2990,1,0,False,0.6285985360933363,0.6285985360933363,-0.006138726836406511,True
2991,1,0,False,0.7059020138528217,0.7059020138528217,-0.021150583064269608,True
2992,1,0,False,0.6871341029048383,0.6871341029048383,-0.007029087310361569,True
2993,1,0,False,0.6873051900517927,0.6873051900517927,-0.012017042459095023,True
2994,1,0,False,0.6861998095287327,0.6861998095287327,-0.011927768868122671,True
2995,1,0,False,0.6022491844535693,0.6022491844535693,-0.01813286376308094,True
2996,0,0,True,0.5941248560638518,0.40587514393614826,-0.02721607388616874,False
2997,0,0,True,0.5928384427674326,0.4071615572325675,-0.030352302753310648,False
2998,1,0,False,0.5340603847400825,0.5340603847400825,-0.01944922519342534,False
2999,0,0,True,0.5707941062522924,0.42920589374770746,-0.03073226125981702,False
3000,0,0,True,0.5844940244351032,0.4155059755648967,-0.010421372987081318,False
3001,0,0,True,0.650220484554768,0.34977951544523195,-0.032127326676772164,True
3002,0,0,True,0.7752552718152542,0.2247447281847459,-0.014130554081501497,True
3003,0,0,True,0.60421311276858,0.3957868872314199,-0.026767462218591564,True
3004,0,0,True,0.5251123633951299,0.4748876366048702,-0.01728481364855601,False
3005,0,0,True,0.5364092514408308,0.46359074855916926,-0.05171301041443329,False
3006,0,1,False,0.5973467230064798,0.4026532769935202,0.018030781698857284,False
3007,0,1,False,0.598448208167643,0.401551791832357,0.016304830216139748,False
3008,0,1,False,0.5275187057041842,0.47248129429581565,0.03662674102175378,False
3009,0,1,False,0.5669939668043545,0.4330060331956455,0.04776329431293902,False
3010,0,1,False,0.6027226054730884,0.39727739452691163,0.06182021271843839,True
3011,0,1,False,0.5455727761717833,0.4544272238282166,0.030256521749982317,False
3012,0,1,False,0.5343615555312679,0.4656384444687321,0.021566003954858345,False
3013,0,1,False,0.5568380999131032,0.44316190008689677,0.01817025002391799,False
3014,0,1,False,0.5141629338579355,0.4858370661420644,0.03223798263622866,False
3015,1,1,True,0.5409971161812034,0.5409971161812034,0.03801866078236663,False
3016,0,1,False,0.5475626510437277,0.45243734895627225,0.03787057976342102,False
3017,1,1,True,0.5849183656480665,0.5849183656480665,0.05535731427179159,False
3018,0,1,False,0.5054789038797755,0.4945210961202245,0.05879245145978005,False
3019,0,1,False,0.5772110376064944,0.4227889623935057,0.042345834619336206,False
3020,0,1,False,0.5188140755178576,0.48118592448214237,0.04985247827136689,False
3021,1,1,True,0.6034759047443464,0.6034759047443464,0.039624159614650434,True
3022,1,1,True,0.6141265138805271,0.6141265138805271,0.014189699454394923,True
3023,1,0,False,0.7223272584442677,0.7223272584442677,-0.003152961409788493,True
3024,1,1,True,0.6703237261504397,0.6703237261504397,0.0012064408471387108,True
3025,1,1,True,0.681771073882857,0.681771073882857,0.003910427863503101,True
3026,1,1,True,0.6428545750508319,0.6428545750508319,0.0070820502469578364,True
3027,1,1,True,0.6702171317388824,0.6702171317388824,0.011841208006630513,True
3028,1,1,True,0.6939373469871878,0.6939373469871878,0.01916962426920362,True
3029,1,1,True,0.5589485385866463,0.5589485385866463,0.010033903237438604,False
3030,1,1,True,0.5907593291756082,0.5907593291756082,0.012137402283081274,False
3031,1,1,True,0.5994725271179645,0.5994725271179645,0.018528740315918574,False
3032,0,0,True,0.5873244666692035,0.4126755333307965,-0.013927815937202773,False
3033,0,1,False,0.6457316328975794,0.35426836710242054,0.009090340159826,True
3034,0,0,True,0.7276842766480761,0.27231572335192394,-0.0031110364057829404,True
3035,0,0,True,0.7599317379287949,0.24006826207120516,-0.0239803808436884,True
3036,0,0,True,0.6394141396513279,0.36058586034867224,-0.02836686881750585,True
3037,0,1,False,0.7021198841334108,0.2978801158665892,0.011545394355366993,True
3038,1,0,False,0.6057720023079588,0.6057720023079588,-0.004389476481510309,True
3039,1,0,False,0.592674249293995,0.592674249293995,-0.014094853585272734,False
3040,1,0,False,0.6487117383024468,0.6487117383024468,-0.01786589216343625,True
3041,1,1,True,0.6931105562777922,0.6931105562777922,0.0058943444611741875,True
3042,0,0,True,0.5757546304106389,0.42424536958936115,-0.004952998525507817,False
3043,0,1,False,0.5708907166756991,0.4291092833243008,0.0028077793625958265,False
3044,0,1,False,0.5233382081158369,0.47666179188416313,0.020455291835906744,False
3045,1,1,True,0.5099207401231751,0.5099207401231751,0.048361813126841464,False
3046,1,1,True,0.6058917181098288,0.6058917181098288,0.021639349879089626,True
3047,1,1,True,0.616402438549441,0.616402438549441,0.01025707937832552,True
3048,1,1,True,0.6512694523310241,0.6512694523310241,0.003507986928028301,True
3049,1,1,True,0.7186217324741654,0.7186217324741654,0.026341844582296003,True
3050,1,1,True,0.7673265296993222,0.7673265296993222,0.009499774161504056,True
3051,1,1,True,0.8195066884256746,0.8195066884256746,0.0007963545809031747,True
3052,1,1,True,0.8113515669022447,0.8113515669022447,0.03082085365808891,True
3053,1,1,True,0.7502716664819365,0.7502716664819365,0.005345459116041755,True
3054,1,0,False,0.7963722857047296,0.7963722857047296,-0.029816521386702034,True
3055,1,0,False,0.6751439078172131,0.6751439078172131,-0.03862414163793595,True
3056,1,0,False,0.6794368771031877,0.6794368771031877,-0.01661288528254326,True
3057,1,0,False,0.6047066515948457,0.6047066515948457,-0.017391671187738152,True
3058,1,1,True,0.5566595664364202,0.5566595664364202,0.011125238433270512,False
3059,1,1,True,0.694047902257713,0.694047902257713,0.02249621718611338,True
3060,1,1,True,0.7108318289919194,0.7108318289919194,0.04100107873836234,True
3061,1,1,True,0.6848171774681728,0.6848171774681728,0.03642775898561453,True
3062,1,1,True,0.6394433865297148,0.6394433865297148,0.026955810810976293,True
3063,0,1,False,0.5383777115634921,0.4616222884365078,0.0408425376206042,False
3064,0,1,False,0.7054108117025947,0.29458918829740527,0.05329389085378484,True
3065,0,1,False,0.6620642991041742,0.33793570089582586,0.032121389791492726,True
3066,1,1,True,0.5109489848240137,0.5109489848240137,0.03420014368841828,False
3067,0,1,False,0.5842539161925302,0.4157460838074698,0.005668008575229931,False
3068,1,0,False,0.6365563595593541,0.6365563595593541,-0.004917386298340196,True
3069,1,0,False,0.6793667544604531,0.6793667544604531,-0.00583735826723608,True
3070,1,1,True,0.7231971564172001,0.7231971564172001,0.02563612739549717,True
3071,0,1,False,0.5182329878587261,0.48176701214127404,0.0158539263733256,False
3072,0,1,False,0.5248252811395928,0.47517471886040713,0.03160883848750938,False
3073,1,0,False,0.5152004574495792,0.5152004574495792,-0.0022521249810545244,False
3074,0,0,True,0.662811776027465,0.33718822397253495,-0.03549565444182968,True
3075,0,0,True,0.6206613753357242,0.3793386246642758,-0.035750533710329165,True
3076,0,0,True,0.6139655942268244,0.38603440577317566,-0.03925732809126607,True
3077,0,0,True,0.5765874286279362,0.4234125713720638,-0.05584225027867751,False
3078,0,0,True,0.5348508324918186,0.4651491675081813,-0.04839735769890205,False
3079,0,0,True,0.5144241724353349,0.4855758275646651,-0.042176265355435616,False
3080,1,0,False,0.6160420582704772,0.6160420582704772,-0.05981195067017259,True
3081,1,0,False,0.6297868140216893,0.6297868140216893,-0.05394691538336273,True
3082,1,0,False,0.6403793257402809,0.6403793257402809,-0.02663035870900409,True
3083,1,0,False,0.6290415610105776,0.6290415610105776,-0.02060900673778656,True
3084,0,1,False,0.507738452564516,0.49226154743548384,0.01096564134517654,False
3085,1,1,True,0.5480034232348246,0.5480034232348246,0.007821214690905331,False
3086,0,0,True,0.6336493168237906,0.3663506831762093,-0.010627042208999755,True
3087,0,0,True,0.5346433897594302,0.4653566102405698,-0.017217513890544572,False
3088,1,0,False,0.5775078117073723,0.5775078117073723,-0.01545371819688083,False
3089,1,0,False,0.6520413931103186,0.6520413931103186,-0.008668927099134393,True
3090,1,0,False,0.5476437873302441,0.5476437873302441,-0.0030767670816646405,False
3091,1,1,True,0.6608779286427152,0.6608779286427152,0.0018845261757628442,True
3092,1,0,False,0.7168152852160826,0.7168152852160826,-0.013166486364737877,True
3093,1,0,False,0.7395063192521776,0.7395063192521776,-0.009697131553983608,True
3094,1,0,False,0.7515383262327444,0.7515383262327444,-0.051681243152979665,True
3095,1,0,False,0.6624548587107665,0.6624548587107665,-0.053153688315747585,True
3096,1,0,False,0.5332470010856435,0.5332470010856435,-0.04248811749727703,False
3097,0,0,True,0.5080954859267491,0.4919045140732509,-0.03668736986896094,False
3098,1,0,False,0.5632660153195531,0.5632660153195531,-0.023158819541321932,False
3099,1,0,False,0.6084214718824913,0.6084214718824913,-0.007360944724659999,True
3100,1,0,False,0.5110796300816384,0.5110796300816384,-0.00036602980554690476,False
3101,1,1,True,0.5656933412267166,0.5656933412267166,0.006692238309050086,False
3102,1,1,True,0.556433498512834,0.556433498512834,0.03174762285901627,False
3103,0,1,False,0.5590428202652814,0.44095717973471854,0.018790316325346064,False
3104,1,1,True,0.5356287168483954,0.5356287168483954,0.017388061479815843,False
3105,1,1,True,0.5325000238556732,0.5325000238556732,0.014600538714044743,False
3106,1,1,True,0.6066233579434331,0.6066233579434331,0.01999915609908867,True
3107,1,1,True,0.6750110522929234,0.6750110522929234,0.013670597850722136,True
3108,1,1,True,0.6390081749291764,0.6390081749291764,0.023161011996957203,True
3109,1,1,True,0.6771175025822594,0.6771175025822594,0.025578916111812216,True
3110,1,1,True,0.7174238872254204,0.7174238872254204,0.02531514057449537,True
3111,1,1,True,0.7069125575566827,0.7069125575566827,0.01507725422439481,True
3112,1,1,True,0.6685849152405661,0.6685849152405661,0.016634586626582234,True
3113,1,0,False,0.5562899993907623,0.5562899993907623,-0.006994269978546669,False
3114,0,1,False,0.603694052085483,0.39630594791451695,0.00860125479602261,True
3115,1,1,True,0.5022359942194666,0.5022359942194666,0.010741820106038589,False
3116,0,1,False,0.5671794707681195,0.4328205292318805,0.04270662540153578,False
3117,0,1,False,0.5108769305287689,0.489123069471231,0.0428444047991949,False
3118,0,1,False,0.5574406499113328,0.44255935008866715,0.04685512761580947,False
3119,1,1,True,0.5084171970115521,0.5084171970115521,0.001795978446855943,False
3120,0,0,True,0.6612613802559656,0.3387386197440343,-0.0016602294441805312,True
3121,0,0,True,0.6589388461985711,0.34106115380142893,-0.0280524653110391,True
3122,1,0,False,0.5184193090945569,0.5184193090945569,-0.045833409033512615,False
3123,0,0,True,0.5022707625499349,0.4977292374500652,-0.04139930858678148,False
3124,0,1,False,0.5244237069447851,0.475576293055215,0.005745203776877086,False
3125,1,0,False,0.5832954952974012,0.5832954952974012,-0.0011551216402742842,False
3126,1,1,True,0.6121350225680704,0.6121350225680704,0.01889985332040246,True
3127,1,1,True,0.5115525783618787,0.5115525783618787,0.023653294532533033,False
3128,0,1,False,0.553953877004857,0.4460461229951429,0.005484743703332239,False
3129,0,0,True,0.5891082047933426,0.4108917952066575,-0.010643103317494587,False
3130,0,0,True,0.5804642689134352,0.41953573108656483,-0.006752480301667974,False
3131,0,0,True,0.6029826481199932,0.3970173518800067,-0.027206273065198048,True
3132,0,0,True,0.6520828814611367,0.34791711853886326,-0.030653589449594947,True
3133,0,0,True,0.6231747848512952,0.3768252151487048,-0.010910897639097625,True
3134,0,0,True,0.5082681283794906,0.4917318716205094,-0.0010862322179021192,False
3135,1,1,True,0.5678552997480085,0.5678552997480085,0.012993820645117863,False
3136,1,0,False,0.614806080763845,0.614806080763845,-0.0016133845645538544,True
3137,1,1,True,0.5386634498859765,0.5386634498859765,0.0027903350441474957,False
3138,1,0,False,0.5266633597402287,0.5266633597402287,-0.01593296875688599,False
3139,0,0,True,0.5930285411047221,0.4069714588952779,-0.014741735912939782,False
3140,1,0,False,0.5131040465992376,0.5131040465992376,-0.02665038813842819,False
3141,1,0,False,0.6246930718474434,0.6246930718474434,-0.019149646019632146,True
3142,1,0,False,0.6581977895377583,0.6581977895377583,-0.015883080338122295,True
3143,1,1,True,0.6073501420309891,0.6073501420309891,0.007107842414428523,True
3144,0,0,True,0.5385910119319247,0.46140898806807523,-0.0037021728520847397,False
3145,0,1,False,0.5222245365812374,0.4777754634187626,0.003619984965778616,False
3146,1,1,True,0.6079283217391249,0.6079283217391249,0.007422414713571292,True
3147,1,1,True,0.6181315746713362,0.6181315746713362,0.031924311917649745,True
3148,1,1,True,0.6565469788108115,0.6565469788108115,0.04998027067502749,True
3149,1,1,True,0.658339451748569,0.658339451748569,0.06101204962520764,True
3150,0,1,False,0.5502252342757677,0.4497747657242323,0.050453872081397434,False
3151,1,1,True,0.6753393238588102,0.6753393238588102,0.03897730485206045,True
3152,1,1,True,0.6036379952097152,0.6036379952097152,0.018119833618293113,True
3153,1,1,True,0.6880562629395249,0.6880562629395249,0.01968468796091403,True
3154,1,1,True,0.7420953182708763,0.7420953182708763,0.022356541760904826,True
3155,1,1,True,0.6827146770866066,0.6827146770866066,0.06052064847832437,True
3156,1,1,True,0.7301859231943256,0.7301859231943256,0.051704100889852035,True
3157,1,1,True,0.6781622901457588,0.6781622901457588,0.06076537280856419,True
3158,1,1,True,0.7619707121529037,0.7619707121529037,0.03783912219173632,True
3159,1,1,True,0.7383922653200194,0.7383922653200194,0.009720814706202119,True
3160,1,0,False,0.7484623888422881,0.7484623888422881,-0.029953292991876015,True
3161,1,1,True,0.661891196624207,0.661891196624207,0.0002952201542501206,True
3162,1,0,False,0.680297520334825,0.680297520334825,-0.020724158799572096,True
3163,1,0,False,0.7269303227125729,0.7269303227125729,-0.021498244303682815,True
3164,1,0,False,0.7208399856540257,0.7208399856540257,-0.0021255918021352584,True
3165,1,1,True,0.6320824191348274,0.6320824191348274,0.01669724882593122,True
3166,1,1,True,0.5933053757687536,0.5933053757687536,0.0031221754427244518,False
3167,1,1,True,0.5873984608081751,0.5873984608081751,0.012298024070002817,False
3168,0,1,False,0.5160361017214751,0.4839638982785249,0.008950737090375454,False
3169,0,1,False,0.5987124760846662,0.4012875239153339,0.00783859554859418,False
3170,0,1,False,0.6808907898827696,0.3191092101172303,0.008982590082847382,True
3171,0,0,True,0.720685380400005,0.2793146195999951,-0.013379299624405669,True
3172,0,0,True,0.7462359771868794,0.25376402281312055,-0.007815802356801262,True
3173,0,1,False,0.7121670060592775,0.2878329939407224,0.001101783819361429,True
3174,0,0,True,0.6229472040461962,0.37705279595380387,-0.0065037031054007545,True
3175,0,0,True,0.5560290996985561,0.443970900301444,-0.03386686961645928,False
3176,0,1,False,0.6128254095876705,0.3871745904123294,0.005096432036873632,True
3177,1,0,False,0.6610457710248965,0.6610457710248965,-0.020152256280317908,True
3178,1,0,False,0.5514528853376232,0.5514528853376232,-0.011734258100656394,False
3179,1,0,False,0.741241855770427,0.741241855770427,-0.00652557110905032,True
3180,1,1,True,0.7703661582383304,0.7703661582383304,0.006468788978934554,True
3181,1,0,False,0.6802371794776879,0.6802371794776879,-0.02209944099553463,True
3182,1,0,False,0.7143232029078125,0.7143232029078125,-0.008684288144111596,True
3183,1,0,False,0.7449324393007237,0.7449324393007237,-0.03029328856583878,True
3184,1,0,False,0.7020818476857107,0.7020818476857107,-0.025798935686723666,True
3185,1,0,False,0.6685147871170448,0.6685147871170448,-0.01677293424618549,True
3186,1,0,False,0.6553335048945201,0.6553335048945201,-0.020142200187072308,True
3187,1,0,False,0.628926696456492,0.628926696456492,-0.009564155669109935,True
3188,1,1,True,0.6827829427760902,0.6827829427760902,0.010831289448340772,True
3189,1,1,True,0.6725107929964085,0.6725107929964085,0.009664686112615596,True
3190,1,0,False,0.6747992969215644,0.6747992969215644,-0.007584527527361394,True
3191,1,1,True,0.6659654795282015,0.6659654795282015,0.0246904317223387,True
3192,1,1,True,0.6624592772100354,0.6624592772100354,0.01792215450442296,True
3193,1,1,True,0.7216362425096432,0.7216362425096432,0.027215527309504686,True
3194,1,1,True,0.7126598433156661,0.7126598433156661,0.037980785916317705,True
3195,1,1,True,0.7078646092783116,0.7078646092783116,0.051863344107312095,True
3196,1,1,True,0.7208875759891029,0.7208875759891029,0.029239951607193386,True
3197,1,1,True,0.7492508110120476,0.7492508110120476,0.016513335154754026,True
3198,1,1,True,0.7264205419406973,0.7264205419406973,0.007437841314697436,True
3199,1,0,False,0.7583928966606664,0.7583928966606664,-0.0197611102741731,True
3200,1,0,False,0.7623933855552422,0.7623933855552422,-0.027606666097348215,True
3201,1,0,False,0.7556403592072072,0.7556403592072072,-0.020808181088576416,True
3202,1,1,True,0.5992987166572663,0.5992987166572663,0.004878170222026572,False
3203,1,0,False,0.5006896995416992,0.5006896995416992,-0.026926502843607293,False
3204,0,0,True,0.5190754400709822,0.4809245599290179,-0.010145047194830899,False
3205,1,0,False,0.5214290684430513,0.5214290684430513,-0.013448138935524236,False
3206,0,0,True,0.5312075620845096,0.4687924379154904,-0.02003028951444565,False
3207,0,0,True,0.5583333724854128,0.44166662751458713,-0.02025059661743393,False
3208,0,1,False,0.5317911498742348,0.46820885012576513,0.01624054656244479,False
3209,0,1,False,0.5117107639675137,0.48828923603248625,0.017356848885091494,False
3210,0,1,False,0.6507464489500251,0.34925355104997485,0.0405307149867355,True
3211,0,1,False,0.5752879923712744,0.42471200762872563,0.0632726081470539,False
3212,0,1,False,0.5653435526610319,0.4346564473389681,0.03766896781268408,False
3213,0,1,False,0.6663744479544441,0.3336255520455558,0.040609886936968015,True
3214,1,1,True,0.5116702262316857,0.5116702262316857,0.06283942584849848,False
3215,1,1,True,0.6018587922755078,0.6018587922755078,0.03416318393504603,True
3216,1,1,True,0.5388647349529684,0.5388647349529684,0.031315278251684085,False
3217,1,1,True,0.5391360042099675,0.5391360042099675,0.04832336133215342,False
3218,0,0,True,0.5692682653856623,0.4307317346143377,-0.009558815499963803,False
3219,0,0,True,0.5672054304241134,0.4327945695758866,-0.05767515350470635,False
3220,0,0,True,0.6619550525043216,0.33804494749567837,-0.04546179444554883,True
3221,0,0,True,0.7097913551699322,0.2902086448300678,-0.0795643172819856,True
3222,0,0,True,0.6533277092442281,0.34667229075577194,-0.09455442822260728,True
3223,0,0,True,0.5432232961158301,0.4567767038841699,-0.048301025448827584,False
3224,0,0,True,0.5534068527053112,0.44659314729468874,-0.01900523782376634,False
3225,1,0,False,0.6754740035886777,0.6754740035886777,-0.015164316047693322,True
3226,1,0,False,0.5805251010353272,0.5805251010353272,-0.002484291021151865,False
3227,0,0,True,0.6101064845470764,0.38989351545292356,-0.003095964363660281,True
3228,0,0,True,0.6858465796227852,0.31415342037721466,-0.007621874175070885,True
3229,0,0,True,0.6828287084638548,0.3171712915361451,-0.00847095003564066,True
3230,0,0,True,0.6697189779719522,0.33028102202804777,-0.004040348551632372,True
3231,0,1,False,0.6702418816228626,0.32975811837713737,0.022326081343512112,True
3232,0,1,False,0.6491220090274821,0.35087799097251793,0.030617219167865358,True
3233,0,1,False,0.6361593782694376,0.3638406217305625,0.022248932488440502,True
3234,1,1,True,0.525778934229762,0.525778934229762,0.03644565596975168,False
3235,1,1,True,0.6620065173838019,0.6620065173838019,0.035545686908743705,True
3236,1,1,True,0.6793111015230733,0.6793111015230733,0.02540758352661593,True
3237,1,1,True,0.6024219638887717,0.6024219638887717,0.023522718737800437,True
3238,1,1,True,0.6617606924288914,0.6617606924288914,0.03261405720662924,True
3239,1,1,True,0.6938284231694508,0.6938284231694508,0.013969397404176784,True
3240,1,1,True,0.5991713987894047,0.5991713987894047,0.031665892902395146,False
3241,1,1,True,0.6911412333308565,0.6911412333308565,0.03032070793379122,True
3242,1,1,True,0.6699721028066686,0.6699721028066686,0.04904277637297171,True
3243,1,1,True,0.5517641721617116,0.5517641721617116,0.05655996697478203,False
3244,1,1,True,0.5498784677224515,0.5498784677224515,0.059077564499886076,False
3245,0,1,False,0.5174404404334162,0.48255955956658375,0.020436495252438264,False
3246,0,1,False,0.53782536757562,0.4621746324243798,0.028701465609890994,False
3247,0,1,False,0.5002278783071726,0.4997721216928273,0.016239973528565214,False
3248,1,0,False,0.511846582285738,0.511846582285738,-0.0004905409821983339,False
3249,1,0,False,0.5171797939912395,0.5171797939912395,-0.012056534472857887,False
3250,0,0,True,0.5051903060435972,0.49480969395640284,-0.0038279873928419423,False
3251,0,0,True,0.5210167591118885,0.4789832408881116,-0.013423368562848589,False
3252,1,0,False,0.5543709684906962,0.5543709684906962,-0.011999018953709842,False
3253,1,0,False,0.6056406869227109,0.6056406869227109,-0.005675329621888146,True
3254,1,0,False,0.5484909369289078,0.5484909369289078,-0.00680984711221687,False
3255,0,1,False,0.6271390656058276,0.3728609343941724,0.004165586590309237,True
3256,0,1,False,0.5842793016277383,0.41572069837226167,0.002679712641469644,False
3257,0,1,False,0.726427925796394,0.2735720742036057,0.030669911060069412,True
3258,0,1,False,0.7768259975210143,0.22317400247898547,0.030174605143693328,True
3259,0,1,False,0.6937730168611588,0.3062269831388411,0.009251675004796215,True
3260,0,0,True,0.7269484269876115,0.27305157301238847,-0.004786552671497616,True
3261,0,1,False,0.7222700758590447,0.2777299241409554,0.002322885868649089,True
3262,0,0,True,0.6854593174048054,0.3145406825951947,-0.025091641722015827,True
3263,1,0,False,0.5071120832625073,0.5071120832625073,-0.015522728539187755,False
3264,1,1,True,0.5046676029895388,0.5046676029895388,0.022664658295294016,False
3265,1,1,True,0.525722887312484,0.525722887312484,0.030515204428266336,False
3266,0,1,False,0.588857414401559,0.4111425855984409,0.029539302213204534,False
3267,0,1,False,0.5876003109596003,0.41239968904039964,0.0030511399280654904,False
3268,0,1,False,0.6009655406513185,0.3990344593486815,0.0053531616028718665,True
3269,0,0,True,0.6763183526613813,0.3236816473386187,-0.012672083578091395,True
3270,1,0,False,0.5627190782859127,0.5627190782859127,-0.023926488168002205,False
3271,0,0,True,0.514481667549119,0.48551833245088094,-0.019943425312256718,False
3272,0,0,True,0.5989969441513364,0.4010030558486637,-0.004922934623606413,False
3273,1,0,False,0.521902591828363,0.521902591828363,-0.03606052772464101,False
3274,1,0,False,0.5461710938718957,0.5461710938718957,-0.031317912672891725,False
3275,1,0,False,0.6581357263184218,0.6581357263184218,-0.056085221960851875,True
3276,0,0,True,0.5705814325731234,0.4294185674268765,-0.062390117607167374,False
3277,0,0,True,0.5323284257209587,0.4676715742790412,-0.04965826822274493,False
3278,0,0,True,0.5348165688899217,0.4651834311100782,-0.03775797139651756,False
3279,0,0,True,0.5073025046237091,0.4926974953762909,-0.014818234543419323,False
3280,1,1,True,0.5604950757650168,0.5604950757650168,0.003451988828964292,False
3281,1,0,False,0.6066657757166318,0.6066657757166318,-0.00410627908255141,True
3282,1,0,False,0.6504711552914201,0.6504711552914201,-0.006594469938615634,True
3283,1,0,False,0.6403806719591888,0.6403806719591888,-0.012427931658575732,True
3284,1,0,False,0.6866185911591597,0.6866185911591597,-0.04862773260175653,True
3285,1,0,False,0.6877326481363574,0.6877326481363574,-0.027867884298075785,True
3286,0,0,True,0.5770543869980166,0.4229456130019833,-0.020196338971504288,False
3287,0,0,True,0.5399468531810002,0.4600531468189999,-0.03957224454157736,False
3288,1,0,False,0.5843552019971795,0.5843552019971795,-0.045687712969029064,False
3289,1,0,False,0.7250285775691839,0.7250285775691839,-0.011497652065436714,True
3290,1,0,False,0.6522555446619921,0.6522555446619921,-0.0021371274831028892,True
3291,1,0,False,0.6665893662023019,0.6665893662023019,-0.012673448552565332,True
3292,1,1,True,0.6507228126818316,0.6507228126818316,0.022970284364179604,True
3293,1,1,True,0.5834925138114414,0.5834925138114414,0.051931226982528396,False
3294,0,1,False,0.5600525818971229,0.4399474181028771,0.06494040368313714,False
3295,1,1,True,0.5306940470041156,0.5306940470041156,0.04965637348300283,False
3296,1,1,True,0.5303143308948782,0.5303143308948782,0.06765872898258486,False
3297,1,1,True,0.5442631080383024,0.5442631080383024,0.06399613685551402,False
3298,1,1,True,0.5658951900461617,0.5658951900461617,0.03642455726106011,False
3299,1,1,True,0.5363280550119235,0.5363280550119235,0.0018557361207130825,False
3300,0,1,False,0.5798716182347281,0.42012838176527195,0.01235487536878158,False
3301,0,1,False,0.700865391670504,0.29913460832949595,2.757092519977897e-06,True
3302,0,0,True,0.6645664292173946,0.3354335707826055,-0.019608395302501292,True
3303,0,1,False,0.5990970930698855,0.4009029069301145,0.010074567229707017,False
3304,0,1,False,0.663834985059032,0.336165014940968,0.005778174215142053,True
3305,0,0,True,0.706295085381709,0.2937049146182911,-0.008666323824029421,True
3306,0,0,True,0.6473377925984748,0.35266220740152526,-0.0024927923604292383,True
3307,0,1,False,0.5242718826644842,0.4757281173355159,0.009938682239674358,False
3308,0,0,True,0.6160826367592381,0.38391736324076176,-0.02298042218170327,True
3309,0,0,True,0.5498354654255743,0.4501645345744258,-0.0028550116407066437,False
3310,0,0,True,0.5439620253248195,0.45603797467518065,-0.003071668307405522,False
3311,0,0,True,0.7021343592102726,0.29786564078972755,-0.008650194474629589,True
3312,0,0,True,0.7566107488355841,0.24338925116441582,-0.00846936770476443,True
3313,0,0,True,0.6623092785849477,0.33769072141505224,-0.0015222662375704468,True
3314,0,1,False,0.5251067624537554,0.4748932375462447,0.004733903915214227,False
3315,0,0,True,0.5961289181905967,0.4038710818094034,-0.001954349911788493,False
3316,0,0,True,0.5281369893032187,0.4718630106967814,-0.012644325844036276,False
3317,0,0,True,0.5249714844969902,0.47502851550300984,-0.02202569147707387,False
3318,0,1,False,0.6940260450483359,0.3059739549516642,0.0019271360075066885,True
3319,0,0,True,0.573648748410717,0.42635125158928294,-0.012864922455166499,False
3320,0,1,False,0.567385580055053,0.43261441994494704,0.0024621067766932973,False
3321,0,1,False,0.5620355916718817,0.43796440832811817,0.0008607627481112505,False
3322,0,1,False,0.5181782127153953,0.48182178728460473,0.0019481548664464765,False
3323,0,0,True,0.5056741095559144,0.49432589044408554,-0.015032680298378197,False
3324,1,0,False,0.5638870224637037,0.5638870224637037,-0.026035077192790097,False
3325,1,0,False,0.5554377841243624,0.5554377841243624,-0.024226695820323836,False
3326,0,0,True,0.5409001890143158,0.45909981098568436,-0.00969661372954978,False
3327,0,1,False,0.6239547474185639,0.3760452525814361,0.003179303693629583,True
3328,1,1,True,0.5704045919051773,0.5704045919051773,0.007129313014281542,False
3329,1,1,True,0.5747565201791779,0.5747565201791779,0.01671159914248954,False
3330,1,1,True,0.6411811523003038,0.6411811523003038,0.01848710993168832,True
3331,1,1,True,0.6122234591985548,0.6122234591985548,0.025180847299287816,True
3332,1,1,True,0.6596753491406686,0.6596753491406686,0.027434286867671902,True
3333,1,1,True,0.6682143583984349,0.6682143583984349,0.013629160224372374,True
3334,1,1,True,0.617926390625494,0.617926390625494,0.010937705844148682,True
3335,1,1,True,0.6048204035252439,0.6048204035252439,0.019518412046976404,True
3336,1,1,True,0.6552354489278401,0.6552354489278401,0.010925908084624545,True
3337,1,1,True,0.70247239698012,0.70247239698012,0.0013246889415783091,True
3338,1,1,True,0.7435466982392219,0.7435466982392219,0.0036705088026364333,True
3339,1,0,False,0.7269367014594743,0.7269367014594743,-0.0037783531212934782,True
3340,1,0,False,0.6434232904218778,0.6434232904218778,-0.00036672742104291604,True
3341,1,1,True,0.6861146368182937,0.6861146368182937,0.02471540863150203,True
3342,1,1,True,0.6958666901340355,0.6958666901340355,0.011214188151542537,True
3343,1,1,True,0.7118006277053267,0.7118006277053267,0.017231246576964555,True
3344,1,1,True,0.7175753230570309,0.7175753230570309,0.0483206815680859,True
3345,1,1,True,0.6333144614793521,0.6333144614793521,0.03601169668525576,True
3346,1,0,False,0.6630069285986075,0.6630069285986075,-0.001725954740052109,True
3347,1,1,True,0.6841867053131517,0.6841867053131517,0.010305471291149955,True
3348,1,1,True,0.7079574225244752,0.7079574225244752,0.013295794867353153,True
3349,1,0,False,0.6367635722964714,0.6367635722964714,-9.20991108817501e-05,True
3350,1,0,False,0.6487590407078644,0.6487590407078644,-0.004923687203713651,True
3351,1,1,True,0.6174185773959109,0.6174185773959109,0.0013858135044435072,True
3352,1,0,False,0.5894701621022667,0.5894701621022667,-0.005530131524865615,False
3353,1,0,False,0.5525243995348935,0.5525243995348935,-0.0022802843816095604,False
3354,1,0,False,0.6467639178299976,0.6467639178299976,-0.02824748894714958,True
3355,0,0,True,0.5170759376441946,0.48292406235580554,-0.03462314029230295,False
3356,0,0,True,0.6354317203292262,0.3645682796707737,-0.023776057254644926,True
3357,0,0,True,0.5574350202586783,0.4425649797413218,-0.029051064398078478,False
3358,0,0,True,0.5858012594938297,0.4141987405061703,-0.03033642168289441,False
3359,0,0,True,0.7123562298710923,0.2876437701289077,-0.017323862800838127,True
3360,1,0,False,0.5603243563650239,0.5603243563650239,-0.002739244785310127,False
3361,0,0,True,0.5498298077944762,0.45017019220552373,-0.006594162694445671,False
3362,0,0,True,0.6590837057599175,0.3409162942400825,-0.0008983778752285481,True
3363,1,1,True,0.5251436279276102,0.5251436279276102,0.022561026719288852,False
3364,1,1,True,0.5495650032455525,0.5495650032455525,0.028612830572559686,False
3365,1,1,True,0.5683831015756099,0.5683831015756099,0.025000668918147853,False
3366,1,1,True,0.686127019284632,0.686127019284632,0.032282189808042684,True
3367,1,1,True,0.6610012905028625,0.6610012905028625,0.07064309969760092,True
3368,1,1,True,0.6419455231558714,0.6419455231558714,0.05370112405123797,True
3369,1,1,True,0.588294621666907,0.588294621666907,0.04333045514214732,False
3370,1,1,True,0.6416231451304579,0.6416231451304579,0.03029938697211179,True
3371,1,1,True,0.7050382686390203,0.7050382686390203,0.02071116552875851,True
3372,1,0,False,0.7985542616900926,0.7985542616900926,-0.013797210073786249,True
3373,1,0,False,0.7535216696103723,0.7535216696103723,-0.03192365397968766,True
3374,1,1,True,0.7168464947794909,0.7168464947794909,0.010832171892045,True
3375,1,1,True,0.6109296881167707,0.6109296881167707,0.027977857212109377,True
3376,1,1,True,0.6628293765442511,0.6628293765442511,0.04371408791440194,True
3377,1,1,True,0.7215096261667066,0.7215096261667066,0.07169145107377366,True
3378,1,1,True,0.7462958631721907,0.7462958631721907,0.09441500833923998,True
3379,1,1,True,0.692583413578097,0.692583413578097,0.06151560857064827,True
3380,1,1,True,0.5399574553155784,0.5399574553155784,0.0698998179948148,False
3381,1,1,True,0.6048781011528099,0.6048781011528099,0.05648835518490315,True
3382,1,1,True,0.6580581478186829,0.6580581478186829,0.026042285014687912,True
3383,1,0,False,0.5598358477741201,0.5598358477741201,-0.007664345112867341,False
3384,1,0,False,0.6453003475127187,0.6453003475127187,-0.0007536390932188167,True
3385,1,0,False,0.6879807765106379,0.6879807765106379,-0.0022846365316333238,True
3386,1,0,False,0.7154783771313412,0.7154783771313412,-0.0017743292203743508,True
3387,1,1,True,0.5636416486934935,0.5636416486934935,0.010146992062200572,False
3388,1,1,True,0.5117515597295378,0.5117515597295378,0.023456179282782198,False
3389,1,1,True,0.549760806337593,0.549760806337593,0.002263561239637673,False
3390,1,1,True,0.506079417098365,0.506079417098365,0.010368095731060309,False
3391,1,1,True,0.5690859582235946,0.5690859582235946,0.008170727039405095,False
3392,0,1,False,0.5807126499992535,0.4192873500007465,0.00232270199756173,False
3393,0,1,False,0.6394271384420968,0.36057286155790313,0.020823663675232813,True
3394,0,1,False,0.5932997066689868,0.40670029333101315,0.02148403231959888,False
3395,1,1,True,0.5530232680164203,0.5530232680164203,0.004028593989558291,False
3396,1,1,True,0.5714905412236778,0.5714905412236778,0.027704938776900164,False
3397,1,1,True,0.5787790253597286,0.5787790253597286,0.019702076871490067,False
3398,1,1,True,0.5368219004930509,0.5368219004930509,0.028278677133946408,False
3399,0,1,False,0.5250563716146159,0.4749436283853841,0.04085817984239209,False
3400,1,1,True,0.6115927201170537,0.6115927201170537,0.028980416104396254,True
3401,0,1,False,0.5068728398515948,0.49312716014840513,0.03395227752666056,False
3402,0,1,False,0.6105108984380445,0.3894891015619555,0.06298188820363726,True
3403,0,1,False,0.6829214542127998,0.31707854578720013,0.06333796692793099,True
3404,0,1,False,0.7066097226844246,0.2933902773155754,0.06894986260076329,True
3405,0,1,False,0.6525367549756881,0.34746324502431186,0.07568919776824333,True
3406,0,1,False,0.6967116988042422,0.30328830119575767,0.06005780134394869,True
3407,0,1,False,0.7572896467897019,0.24271035321029807,0.0399999383849897,True
3408,0,0,True,0.7758697764866453,0.22413022351335468,-0.00033483030110013126,True
3409,0,0,True,0.7204254110314764,0.27957458896852355,-0.020076786991674443,True
3410,0,1,False,0.7879122333065013,0.21208776669349869,0.0027461290043893256,True
3411,0,0,True,0.7397012869787578,0.26029871302124225,-0.006428833162993123,True
3412,0,0,True,0.7538774215925724,0.24612257840742757,-0.009846831020142006,True
3413,0,1,False,0.715599209139384,0.28440079086061604,0.029977340312519526,True
3414,0,1,False,0.7643261817574593,0.23567381824254077,0.03693550545362851,True
3415,0,1,False,0.8154042038679711,0.1845957961320289,0.01654102481939945,True
3416,0,1,False,0.7496720140370466,0.2503279859629532,0.018057627158450353,True
3417,0,1,False,0.7584164099825962,0.24158359001740382,0.014935422207663706,True
3418,0,1,False,0.7541159832339308,0.24588401676606927,0.003924310261427959,True
3419,0,1,False,0.7139210454938727,0.28607895450612736,0.0014666040642416446,True
3420,0,0,True,0.8024267969381707,0.19757320306182938,-0.016702516812399464,True
3421,0,0,True,0.7993700645571159,0.20062993544288407,-0.02197398070304546,True
3422,0,0,True,0.8180537271323013,0.1819462728676987,-0.00832584145427457,True
3423,0,0,True,0.7015574113960389,0.29844258860396095,-0.008133738149923199,True
3424,0,1,False,0.7095023633399467,0.2904976366600532,0.0024485608575782764,True
3425,0,1,False,0.6828261606121154,0.31717383938788457,0.012912324001168048,True
3426,0,1,False,0.7024644794718823,0.29753552052811766,0.009014571343077435,True
3427,0,0,True,0.7865073772576047,0.21349262274239525,-0.01592906149182415,True
3428,0,0,True,0.7569011695250497,0.24309883047495026,-0.003766608697347763,True
3429,0,1,False,0.7643840114095456,0.2356159885904543,0.0016563645606041404,True
3430,0,1,False,0.750736622942064,0.24926337705793608,0.016492956905872748,True
3431,0,1,False,0.6538508668466664,0.34614913315333357,0.02349248651485308,True
3432,0,1,False,0.6216455798775907,0.37835442012240933,0.032762220777639565,True
3433,0,0,True,0.6825206894464274,0.31747931055357254,-0.0002475093107418837,True
3434,0,0,True,0.740753012561342,0.25924698743865815,-0.0058075136057273566,True
3435,0,0,True,0.582109722844487,0.4178902771555129,-0.027948339864271088,False
3436,0,0,True,0.7477930386730237,0.25220696132697634,-0.03974298255618573,True
3437,0,0,True,0.5476318070541205,0.45236819294587954,-0.016686459911508397,False
3438,0,1,False,0.65445448593707,0.34554551406292994,0.014260266613418329,True
3439,0,1,False,0.6937408816985903,0.3062591183014096,0.01722893817544004,True
3440,0,1,False,0.6712524565312329,0.328747543468767,0.026578770780383766,True
3441,0,1,False,0.661781629950918,0.33821837004908195,0.05876008644075516,True
3442,0,1,False,0.6543264205707795,0.34567357942922056,0.02214693989423924,True
3443,0,0,True,0.6820181196310507,0.3179818803689492,-0.014283094368939894,True
3444,0,0,True,0.6993460210556471,0.30065397894435286,-0.009240619996395494,True
3445,0,1,False,0.5873946951704979,0.41260530482950214,0.0016408583752397171,False
3446,0,0,True,0.6633045575413551,0.33669544245864486,-0.03339159086335303,True
3447,0,0,True,0.5910295626255834,0.4089704373744166,-0.027954051722394582,False
3448,0,1,False,0.6675459106620382,0.3324540893379617,5.124562280505353e-05,True
3449,0,1,False,0.7298548903006997,0.2701451096993002,0.004186688708494735,True
3450,0,1,False,0.726337343614658,0.27366265638534193,0.006624177091881583,True
3451,0,1,False,0.6849547911086521,0.31504520889134796,0.03976979333445795,True
3452,0,1,False,0.6391122214625714,0.3608877785374285,0.08022027256530714,True
3453,0,1,False,0.7529712294311021,0.24702877056889797,0.06744904665139213,True
3454,0,1,False,0.7437243345096743,0.2562756654903256,0.03972897718230356,True
3455,0,1,False,0.7374830716204017,0.2625169283795982,0.013858336609640443,True
3456,0,0,True,0.7977985266966906,0.20220147330330931,-0.014318734876980196,True
3457,0,0,True,0.5278527471047979,0.47214725289520204,-0.03662076037566445,False
3458,0,0,True,0.5565948800653037,0.4434051199346962,-0.03255705278302575,False
3459,1,0,False,0.5173715441256856,0.5173715441256856,-0.02530479834532529,False
3460,1,0,False,0.5233422127145451,0.5233422127145451,-0.01088269414883142,False
3461,1,0,False,0.5348606400160797,0.5348606400160797,-0.008862836814730077,False
3462,1,0,False,0.5369029390043952,0.5369029390043952,-0.0043207111761255305,False
3463,1,1,True,0.5421078756570213,0.5421078756570213,0.009716768886193132,False
3464,1,1,True,0.5624219350197257,0.5624219350197257,0.01896188755602627,False
3465,1,1,True,0.5618164629244835,0.5618164629244835,0.011804151179807668,False
3466,1,1,True,0.5174327704926373,0.5174327704926373,0.02500638705526038,False
3467,0,1,False,0.5677206230395361,0.4322793769604638,0.03516515832092252,False
3468,0,1,False,0.5532842079634178,0.4467157920365821,0.029434540808508814,False
3469,1,1,True,0.5403372228028543,0.5403372228028543,0.028491124002641352,False
3470,1,1,True,0.6058973596460148,0.6058973596460148,0.021512931810099976,True
3471,1,0,False,0.6274119114869944,0.6274119114869944,-0.005841160023732075,True
3472,1,0,False,0.6094525901262907,0.6094525901262907,-0.017514316934077408,True
3473,1,0,False,0.6295865921667587,0.6295865921667587,-0.01073587646703598,True
3474,1,0,False,0.607939276109083,0.607939276109083,-0.014649751053626463,True
3475,1,0,False,0.5831587553565574,0.5831587553565574,-0.02530093651002605,False
3476,1,1,True,0.574274634448583,0.574274634448583,0.007842889409268009,False
3477,1,0,False,0.5908246849985835,0.5908246849985835,-0.013093600217065104,False
3478,1,0,False,0.6049143126267839,0.6049143126267839,-0.025021005901596963,True
3479,1,0,False,0.5986436919378613,0.5986436919378613,-0.013966651375017482,False
3480,1,0,False,0.5644997445462354,0.5644997445462354,-0.006998028596117042,False
3481,0,0,True,0.5060175950579114,0.4939824049420884,-0.010275206133742701,False
3482,0,0,True,0.6673893088275352,0.33261069117246467,-0.0056751258548243255,True
3483,1,1,True,0.5849694125321762,0.5849694125321762,0.004703112935755601,False
3484,0,0,True,0.5180529490886716,0.4819470509113282,-0.00694187627779753,False
3485,0,0,True,0.6669174886602881,0.33308251133971173,-0.0007840613246460644,True
3486,1,0,False,0.557568272775396,0.557568272775396,-0.006223923685495017,False
3487,0,0,True,0.5335245514533707,0.46647544854662915,-0.0031206616714437112,False
3488,0,0,True,0.578568320098575,0.42143167990142505,-0.019662940979820805,False
3489,1,0,False,0.5234640412127919,0.5234640412127919,-0.004113832417831847,False
3490,1,1,True,0.5257477023902902,0.5257477023902902,0.01780560273600777,False
3491,1,1,True,0.5537388959331192,0.5537388959331192,0.006918757511479024,False
3492,1,1,True,0.6555705276210269,0.6555705276210269,0.006657542831545814,True
3493,1,1,True,0.6857638346723566,0.6857638346723566,0.0012302027143214983,True
3494,1,1,True,0.5662534804284326,0.5662534804284326,0.0075094676844286844,False
3495,1,0,False,0.5926771900793679,0.5926771900793679,-0.0074338603764717934,False
3496,0,1,False,0.5187659608564953,0.48123403914350465,0.016727963472217968,False
3497,0,1,False,0.5821998348757723,0.41780016512422763,0.026208346959287608,False
3498,0,1,False,0.6523301495247328,0.34766985047526716,0.03033270108888894,True
3499,1,1,True,0.5939788368119193,0.5939788368119193,0.006953157261502177,False
3500,0,1,False,0.5342786999903413,0.4657213000096587,0.01902700234227644,False
3501,0,0,True,0.5052344086737177,0.4947655913262823,-0.0030589803979616565,False
3502,0,0,True,0.5462356532288427,0.4537643467711574,-0.015444912018837537,False
3503,1,0,False,0.5157480244196649,0.5157480244196649,-0.01153119424656642,False
3504,1,0,False,0.5301148820129573,0.5301148820129573,-0.009806805726038951,False
3505,0,0,True,0.5072870071703309,0.492712992829669,-0.01989133399258866,False
3506,1,0,False,0.5370567413764461,0.5370567413764461,-0.019743435501325544,False
3507,1,1,True,0.5509472155406289,0.5509472155406289,0.006401569297017032,False
3508,1,1,True,0.5848301885485498,0.5848301885485498,0.0413846403533374,False
3509,1,1,True,0.5119403318464285,0.5119403318464285,0.030192582709392995,False
3510,1,1,True,0.530451668327453,0.530451668327453,0.0065155580998865,False
3511,0,1,False,0.5530594230158432,0.44694057698415673,0.00890690558343615,False
3512,0,0,True,0.5251285417116728,0.4748714582883273,-0.029892901522968814,False
3513,0,0,True,0.5376231866925505,0.46237681330744945,-0.07808550478902997,False
3514,0,0,True,0.5218251500162197,0.4781748499837804,-0.07220146419334794,False
3515,0,0,True,0.5302475716665994,0.46975242833340064,-0.04069317196358782,False
3516,0,0,True,0.532366874519967,0.467633125480033,-0.040820829066205565,False
3517,0,0,True,0.5182535255754636,0.4817464744245364,-0.04458684475566404,False
3518,1,0,False,0.5360747066086081,0.5360747066086081,-0.030111445500495056,False
3519,0,0,True,0.5418985378824721,0.4581014621175279,-0.026309785847084415,False
3520,0,0,True,0.5438080284021266,0.45619197159787345,-0.036214341760653156,False
3521,0,0,True,0.5165747113544651,0.48342528864553497,-0.020619500933487352,False
3522,0,1,False,0.5368227735168482,0.46317722648315196,0.018141784981487632,False
3523,0,1,False,0.5201008931706352,0.47989910682936476,0.022199567108427864,False
3524,0,1,False,0.5021801096940512,0.49781989030594875,0.0497997884883908,False
3525,1,1,True,0.5548788308842584,0.5548788308842584,0.033813802535763444,False
3526,0,1,False,0.5016317205689357,0.4983682794310644,0.014061464616172695,False
3527,1,1,True,0.5251475989945288,0.5251475989945288,0.0016293640204801927,False
3528,0,1,False,0.5058303006720918,0.49416969932790816,0.00046902103515025296,False
3529,1,0,False,0.5081709567169366,0.5081709567169366,-0.04029227835280859,False
3530,0,0,True,0.5139862465187379,0.4860137534812621,-0.046190263034670755,False
3531,0,0,True,0.5391575198068691,0.46084248019313084,-0.04030267272923817,False
3532,1,0,False,0.5718252364927702,0.5718252364927702,-0.05717885195398702,False
3533,0,0,True,0.541577126057989,0.45842287394201103,-0.0644225231825087,False
3534,1,0,False,0.5486259394578229,0.5486259394578229,-0.046848954977892876,False
3535,1,0,False,0.5760225656704375,0.5760225656704375,-0.039165961982481484,False
3536,1,0,False,0.5746434157353039,0.5746434157353039,-0.035316864512912396,False
3537,1,0,False,0.5425119082915913,0.5425119082915913,-0.029755387955406835,False
3538,0,0,True,0.5284039701419158,0.4715960298580842,-0.016040433053502404,False
3539,0,0,True,0.5468893593185714,0.45311064068142853,-0.013178215694250114,False
3540,1,1,True,0.5414009501597085,0.5414009501597085,0.0032764193181217052,False
3541,1,0,False,0.5132710499511955,0.5132710499511955,-0.0025068443083168922,False
3542,1,1,True,0.5375777156001122,0.5375777156001122,0.003291573554217388,False
3543,1,0,False,0.5358152164251909,0.5358152164251909,-0.010539185161230695,False
3544,1,0,False,0.5421117264909107,0.5421117264909107,-0.019093232523670244,False
3545,1,0,False,0.5283862007761743,0.5283862007761743,-0.014266412908554021,False
3546,1,0,False,0.5515384360466613,0.5515384360466613,-0.01409658902045253,False
3547,1,0,False,0.5691098237145548,0.5691098237145548,-0.009238603636155253,False
3548,1,1,True,0.5621767241573398,0.5621767241573398,0.0051356912718101356,False
3549,1,1,True,0.6799304294196089,0.6799304294196089,0.01647745584312591,True
3550,1,1,True,0.6874768131680514,0.6874768131680514,6.281830830986327e-05,True
3551,1,0,False,0.6968890863548572,0.6968890863548572,-0.0008762087703058849,True
3552,1,0,False,0.6901728128111125,0.6901728128111125,-0.010292615013871634,True
3553,1,0,False,0.6408643430423838,0.6408643430423838,-0.02254442801769099,True
3554,1,0,False,0.6281917049340652,0.6281917049340652,-0.03095616124807876,True
3555,1,0,False,0.634695096091317,0.634695096091317,-0.014770845272633882,True
3556,1,0,False,0.6320674818194812,0.6320674818194812,-0.018130405018084515,True
3557,1,1,True,0.636959387109921,0.636959387109921,0.005398021679141021,True
3558,1,0,False,0.6805860135994379,0.6805860135994379,-0.005589720980702434,True
3559,1,0,False,0.7010997436181899,0.7010997436181899,-0.009053059178023197,True
3560,1,0,False,0.6915629779086929,0.6915629779086929,-0.022199739290002806,True
3561,1,0,False,0.6727895873676987,0.6727895873676987,-0.005651770600391166,True
3562,1,0,False,0.685046323944506,0.685046323944506,-0.020787478625206537,True
3563,1,0,False,0.6487784156654878,0.6487784156654878,-0.01031656727101155,True
3564,1,0,False,0.5860245685655964,0.5860245685655964,-0.019928715809557556,False
3565,1,0,False,0.5537333409251283,0.5537333409251283,-0.005570557645635058,False
3566,1,0,False,0.5807378596467975,0.5807378596467975,-0.03607272954341558,False
3567,1,0,False,0.5819536554265867,0.5819536554265867,-0.024649323687644917,False
3568,1,0,False,0.5728024673038071,0.5728024673038071,-0.02016920148510095,False
3569,1,0,False,0.5555453243754124,0.5555453243754124,-0.01204401272764275,False
3570,1,0,False,0.540665189903227,0.540665189903227,-0.023661727892959433,False
3571,1,0,False,0.5475829043390655,0.5475829043390655,-0.007462011513370195,False
3572,1,0,False,0.5127368416283565,0.5127368416283565,-0.019278869818558676,False
3573,1,0,False,0.5449207499787599,0.5449207499787599,-0.04204608211962459,False
3574,1,0,False,0.5433608782924928,0.5433608782924928,-0.024025927000080376,False
3575,1,0,False,0.5807100229838632,0.5807100229838632,-0.03302640489552325,False
3576,1,0,False,0.5280566484895942,0.5280566484895942,-0.041270031904312984,False
3577,1,0,False,0.560331747979696,0.560331747979696,-0.04059127856028296,False
3578,1,0,False,0.5583614924048841,0.5583614924048841,-0.007253528963081685,False
3579,1,0,False,0.5877364586159876,0.5877364586159876,-0.01614597629911885,False
3580,1,0,False,0.6289277248917303,0.6289277248917303,-0.014473131694870621,True
3581,1,1,True,0.5816837565590308,0.5816837565590308,0.014758229900955138,False
3582,1,1,True,0.5904526870876486,0.5904526870876486,0.015444680719977247,False
3583,1,1,True,0.5844174556215289,0.5844174556215289,0.028331754065604835,False
3584,1,1,True,0.5904886473326332,0.5904886473326332,0.030712510475993934,False
3585,1,1,True,0.5764612383923486,0.5764612383923486,0.04908991505274865,False
3586,1,1,True,0.558211835123214,0.558211835123214,0.02200784928842104,False
3587,1,1,True,0.5786003684182348,0.5786003684182348,0.0033642606367646696,False
3588,1,0,False,0.5681099436144815,0.5681099436144815,-0.028941176986588383,False
3589,1,0,False,0.5213208941386355,0.5213208941386355,-0.02468736399237451,False
3590,0,0,True,0.5129575820588795,0.4870424179411204,-0.028142576623484777,False
3591,1,0,False,0.530416529045827,0.530416529045827,-0.0338826061851364,False
3592,1,1,True,0.5604701758364614,0.5604701758364614,0.007918147203405237,False
3593,1,1,True,0.6100217781155454,0.6100217781155454,0.019789880761006056,True
3594,1,1,True,0.5965675057276955,0.5965675057276955,0.012644228799759127,False
3595,1,1,True,0.6228786500678407,0.6228786500678407,0.017403688027291964,True
3596,1,1,True,0.6307186157512282,0.6307186157512282,0.024501275581932425,True
3597,1,1,True,0.5318350770076566,0.5318350770076566,0.018711330402121307,False
3598,1,0,False,0.5047387058506396,0.5047387058506396,-0.00118262024029794,False
3599,0,1,False,0.5104972116375289,0.48950278836247113,0.0033752831240756657,False
3600,1,1,True,0.5491482623476387,0.5491482623476387,0.026953812466899183,False
3601,0,1,False,0.5440614254420396,0.45593857455796044,0.012524451453922872,False
3602,1,0,False,0.5512555341953543,0.5512555341953543,-0.01999207198718976,False
3603,1,1,True,0.5449750736767079,0.5449750736767079,0.00966780477180962,False
3604,1,0,False,0.5786372767569792,0.5786372767569792,-0.018360173236355692,False
3605,1,0,False,0.5463678555814626,0.5463678555814626,-0.041664121194231955,False
3606,0,0,True,0.5002719006099797,0.4997280993900202,-0.019692308516501195,False
3607,1,1,True,0.577892434230754,0.577892434230754,0.00412323783093873,False
3608,1,0,False,0.5548849353220474,0.5548849353220474,-0.014425910951760828,False
3609,1,1,True,0.5652117288519903,0.5652117288519903,0.0039032980829487563,False
3610,1,0,False,0.5966676232300502,0.5966676232300502,-0.0012808337990427333,False
3611,1,1,True,0.5686864084893603,0.5686864084893603,0.009109634575433472,False
3612,1,0,False,0.5320372245865491,0.5320372245865491,-0.010025545078075813,False
3613,1,0,False,0.5477447950036981,0.5477447950036981,-0.00844570479995277,False
3614,0,0,True,0.5163881744803959,0.4836118255196041,-0.011658822419479482,False
3615,1,0,False,0.5025350224510449,0.5025350224510449,-0.05102120597751237,False
3616,1,0,False,0.5400767351313643,0.5400767351313643,-0.04745001729084107,False
3617,1,0,False,0.6057796854375704,0.6057796854375704,-0.05369112978851931,True
3618,1,0,False,0.5740750634511188,0.5740750634511188,-0.02975125725244882,False
3619,1,0,False,0.6189623430075368,0.6189623430075368,-0.016774625642001436,True
3620,1,1,True,0.6393218133298818,0.6393218133298818,0.02839034299163651,True
3621,1,1,True,0.6385987891718831,0.6385987891718831,0.001933233732832727,True
3622,1,1,True,0.6646551373976701,0.6646551373976701,0.02897687119819725,True
3623,1,1,True,0.62726183396298,0.62726183396298,0.008302690789702655,True
3624,1,1,True,0.6430506203711278,0.6430506203711278,0.0023610047323127923,True
3625,1,1,True,0.6071194988374039,0.6071194988374039,0.017165159344633186,True
3626,1,1,True,0.5391661689700281,0.5391661689700281,0.026288428172921638,False
3627,1,1,True,0.5933073776664087,0.5933073776664087,0.03562473504749265,False
3628,1,1,True,0.5745864559949214,0.5745864559949214,0.03315277068322237,False
3629,1,0,False,0.5823588602196259,0.5823588602196259,-0.005348819386558646,False
3630,1,0,False,0.6062307119725395,0.6062307119725395,-0.03754886614970612,True
3631,1,0,False,0.5730501984125652,0.5730501984125652,-0.04975377152929117,False
3632,1,0,False,0.5976942875306187,0.5976942875306187,-0.06318231682364835,False
3633,1,0,False,0.5506017106377419,0.5506017106377419,-0.05113914590985747,False
3634,1,0,False,0.5619383674431048,0.5619383674431048,-0.008849543264265505,False
3635,1,1,True,0.5588393168634996,0.5588393168634996,0.016840906976136456,False
3636,1,1,True,0.5612651193495364,0.5612651193495364,0.038625881883352746,False
3637,1,1,True,0.5295599135364766,0.5295599135364766,0.018720437922306765,False
3638,0,1,False,0.5119316430152056,0.48806835698479456,0.012566947494163757,False
3639,1,0,False,0.5035264916415664,0.5035264916415664,-0.0024430719867115807,False
3640,0,0,True,0.5492911254596047,0.4507088745403953,-0.014234786014540623,False
3641,0,0,True,0.570568077204222,0.42943192279577796,-0.023976361253915213,False
3642,0,0,True,0.6017902629084482,0.39820973709155183,-0.01352057171486808,True
3643,0,0,True,0.5383161439642085,0.4616838560357916,-0.019771106709230102,False
3644,0,1,False,0.5173853801986174,0.4826146198013826,0.006266288002933192,False
3645,1,0,False,0.5655922238773012,0.5655922238773012,-0.018818484622463997,False
3646,1,0,False,0.596950448796517,0.596950448796517,-0.029187551745832655,False
3647,1,0,False,0.5762377934201867,0.5762377934201867,-0.03666290568059242,False
3648,1,0,False,0.5758833292676263,0.5758833292676263,-0.03758024735136944,False
3649,1,0,False,0.5819799066892392,0.5819799066892392,-0.049179769411506896,False
3650,1,0,False,0.53778562062445,0.53778562062445,-0.056679271302616185,False
3651,0,0,True,0.5356519670706202,0.4643480329293797,-0.04755058779887667,False
3652,1,0,False,0.5500375969796161,0.5500375969796161,-0.0267780683734761,False
3653,1,0,False,0.5637823128975765,0.5637823128975765,-0.010863151024041683,False
3654,1,0,False,0.6001914989175451,0.6001914989175451,-0.03706403500246832,True
3655,1,1,True,0.5675435926816469,0.5675435926816469,0.0058264569951469595,False
3656,1,1,True,0.5222906424362113,0.5222906424362113,0.019591566144610415,False
3657,0,1,False,0.5134001333060768,0.48659986669392313,0.025349902271480103,False
3658,1,1,True,0.5218234654303062,0.5218234654303062,0.011653073698447907,False
3659,1,1,True,0.5026403574849465,0.5026403574849465,0.03440340113929844,False
3660,1,1,True,0.604850181003716,0.604850181003716,0.03179079211781745,True
3661,1,1,True,0.5828692485305771,0.5828692485305771,0.02410517526845444,False
3662,1,0,False,0.5608481149483285,0.5608481149483285,-0.009215344503063567,False
3663,1,0,False,0.5392133383382811,0.5392133383382811,-0.02032360671041593,False
3664,1,0,False,0.5140897139717555,0.5140897139717555,-0.023590462797631655,False
3665,1,0,False,0.5863936793987409,0.5863936793987409,-0.01418752603783512,False
3666,1,0,False,0.5451853065656703,0.5451853065656703,-0.010055566955584601,False
3667,1,0,False,0.5346581329486222,0.5346581329486222,-0.00039082731346752923,False
3668,1,1,True,0.5227296499010139,0.5227296499010139,0.0037805735113564374,False
3669,1,0,False,0.5670244548382258,0.5670244548382258,-0.0030211400597645365,False
3670,1,0,False,0.5624808538468296,0.5624808538468296,-0.024943450223485104,False
3671,1,0,False,0.553587791393836,0.553587791393836,-0.032936350635140485,False
3672,1,0,False,0.5074616429901675,0.5074616429901675,-0.027248752027654397,False
3673,0,0,True,0.5209502914427218,0.47904970855727824,-0.022155902321095183,False
3674,1,0,False,0.542763057400761,0.542763057400761,-0.032678698675700876,False
3675,0,0,True,0.5158529848596549,0.484147015140345,-0.046990275861204744,False
3676,0,0,True,0.5036008380192062,0.49639916198079376,-0.05060686714799061,False
3677,1,0,False,0.5532530451894457,0.5532530451894457,-0.060934562808098815,False
3678,1,0,False,0.6184527124081476,0.6184527124081476,-0.061052945041161696,True
3679,1,0,False,0.6083298941279839,0.6083298941279839,-0.03516269353692634,True
3680,1,0,False,0.6189134897556005,0.6189134897556005,-0.0037270558163330168,True
3681,1,1,True,0.5776454410931267,0.5776454410931267,0.011235178759565572,False
3682,1,1,True,0.5937320255225952,0.5937320255225952,0.02547799509035389,False
3683,1,1,True,0.5361882381492032,0.5361882381492032,0.03525105537873599,False
3684,1,1,True,0.5796445058577308,0.5796445058577308,0.02564684219707407,False
3685,1,1,True,0.5506541272774863,0.5506541272774863,0.009103612074500458,False
3686,1,1,True,0.5957219286716534,0.5957219286716534,0.007097414051936081,False
3687,1,1,True,0.622826583809352,0.622826583809352,0.003221502942070771,True
3688,1,0,False,0.5568893066851915,0.5568893066851915,-0.021374500441642578,False
3689,1,0,False,0.5427222769138185,0.5427222769138185,-0.02521561909851469,False
3690,1,0,False,0.6276961393524795,0.6276961393524795,-0.04225060165477721,True
3691,1,0,False,0.6484141616187711,0.6484141616187711,-0.053494434172163145,True
3692,1,0,False,0.6554443076783922,0.6554443076783922,-0.04604467885919062,True
3693,1,0,False,0.6642872791634387,0.6642872791634387,-0.025833235629979353,True
3694,1,0,False,0.6836052851845394,0.6836052851845394,-0.021573943723897013,True
3695,1,0,False,0.644631584607504,0.644631584607504,-0.004064459816815845,True
3696,1,1,True,0.6034142199537963,0.6034142199537963,0.004038689407003667,True
3697,1,1,True,0.5828134283782705,0.5828134283782705,0.006800878255156221,False
3698,1,0,False,0.5635574655286151,0.5635574655286151,-0.0008386383776114249,False
3699,1,0,False,0.5901616167674391,0.5901616167674391,-0.014824166927914774,False
3700,1,0,False,0.590649122806029,0.590649122806029,-0.009143452035211577,False
3701,1,0,False,0.6073286218977875,0.6073286218977875,-0.024401635357404677,True
3702,1,0,False,0.5661922645540892,0.5661922645540892,-0.041196219474694935,False
3703,1,0,False,0.5979069279130095,0.5979069279130095,-0.02656661786077135,False
3704,1,0,False,0.6309842654540043,0.6309842654540043,-0.009620008480835489,True
3705,1,1,True,0.6263781797370042,0.6263781797370042,0.0034311609819372606,True
3706,1,1,True,0.6591646409015882,0.6591646409015882,0.028415883344451328,True
3707,1,1,True,0.6546247518982291,0.6546247518982291,0.03947181314403477,True
3708,1,1,True,0.6541294455557919,0.6541294455557919,0.039781075609337475,True
3709,1,1,True,0.6106438197827698,0.6106438197827698,0.023117998505493967,True
3710,1,1,True,0.594481263026046,0.594481263026046,0.004176635531518264,False
3711,1,0,False,0.543161688119211,0.543161688119211,-0.007523614558757463,False
3712,1,0,False,0.5436991141676707,0.5436991141676707,-0.011252862890595851,False
3713,1,0,False,0.556549063408963,0.556549063408963,-0.01206737506147275,False
3714,1,1,True,0.5453354741256538,0.5453354741256538,0.004766453618110207,False
3715,1,1,True,0.5902901695737869,0.5902901695737869,0.01039371291370362,False
3716,1,1,True,0.6310320854512018,0.6310320854512018,0.02865472273546627,True
3717,1,1,True,0.6661606342753917,0.6661606342753917,0.032597956997071374,True
3718,1,1,True,0.677262470205941,0.677262470205941,0.035921491968247746,True
3719,1,1,True,0.6541840594488771,0.6541840594488771,0.04574931459443395,True
3720,1,1,True,0.6368187137626186,0.6368187137626186,0.050530354190818305,True
3721,1,1,True,0.637419325586578,0.637419325586578,0.04994483053550452,True
3722,0,1,False,0.5004239121471502,0.4995760878528497,0.05169783129863739,False
3723,1,1,True,0.532368613170768,0.532368613170768,0.042389837379421626,False
3724,0,1,False,0.5611340011481903,0.4388659988518097,0.020949016343540357,False
3725,0,1,False,0.5750542231336792,0.4249457768663208,0.008033437069209842,False
3726,0,0,True,0.5893355168234208,0.41066448317657933,-0.006443631202180512,False
3727,0,0,True,0.5546540921485517,0.4453459078514483,-0.011742931065113107,False
3728,0,0,True,0.5736397499017187,0.42636025009828127,-0.010258004776196292,False
3729,0,0,True,0.528969426458207,0.471030573541793,-0.0023334151955461953,False
3730,1,1,True,0.5048270783731104,0.5048270783731104,0.015795378133167996,False
3731,1,1,True,0.5521616035694558,0.5521616035694558,0.011976064570882482,False
3732,1,1,True,0.5741927378461008,0.5741927378461008,0.027844761097938688,False
3733,1,1,True,0.5457454625042771,0.5457454625042771,0.004618386455908732,False
3734,0,0,True,0.5675390882797524,0.4324609117202476,-0.004502359244455836,False
3735,0,0,True,0.6018669084357293,0.39813309156427074,-0.01431267760935065,True
3736,0,0,True,0.6135094847163284,0.38649051528367157,-0.01876598238352848,True
3737,0,0,True,0.6436442759777852,0.3563557240222148,-0.030544366366863054,True
3738,0,0,True,0.6369130465700945,0.3630869534299055,-0.014706185178245994,True
3739,0,0,True,0.5396120103039723,0.46038798969602773,-0.007555013407543485,False
3740,1,0,False,0.5143710968884633,0.5143710968884633,-0.02787123310083722,False
3741,1,0,False,0.5248952915947634,0.5248952915947634,-0.021126193007937305,False
3742,1,0,False,0.5306800847147304,0.5306800847147304,-0.0012305788272249363,False
3743,1,1,True,0.525464918195058,0.525464918195058,0.0008449039166038214,False
3744,0,1,False,0.5235966566011504,0.47640334339884954,0.0030774185353237694,False
3745,0,1,False,0.5085525150593654,0.49144748494063445,0.04250690744224022,False
3746,1,1,True,0.5391644587226107,0.5391644587226107,0.07241378006564274,False
3747,1,1,True,0.5290530209741683,0.5290530209741683,0.04019750656781083,False
3748,1,1,True,0.5427093697717296,0.5427093697717296,0.06283189869874392,False
3749,1,1,True,0.5058633226368657,0.5058633226368657,0.06085289512032996,False
3750,0,1,False,0.5164168636376134,0.4835831363623866,0.024683474844057657,False
3751,1,1,True,0.5239316329745276,0.5239316329745276,0.003863623767754029,False
3752,0,0,True,0.5263628885560787,0.4736371114439213,-0.0003873170976895539,False
3753,0,0,True,0.5078541720784125,0.4921458279215874,-0.024578896611180026,False
3754,0,0,True,0.5289202660086146,0.4710797339913853,-0.026942798874819852,False
3755,1,0,False,0.5107814422785929,0.5107814422785929,-0.012736324992591237,False
3756,1,0,False,0.6051642236422444,0.6051642236422444,-0.036984954930955716,True
3757,1,0,False,0.5969437919077704,0.5969437919077704,-0.03960727079432396,False
3758,1,0,False,0.6244332354968876,0.6244332354968876,-0.028468212303871133,True
3759,1,0,False,0.6030459746917548,0.6030459746917548,-0.011064752369550932,True
3760,1,1,True,0.5929587597392253,0.5929587597392253,0.003027557398547411,False
3761,1,0,False,0.5937024758143941,0.5937024758143941,-0.0004576918108857378,False
3762,1,1,True,0.595418249188968,0.595418249188968,0.009635149042719877,False
3763,0,1,False,0.530010717511926,0.4699892824880741,0.028071518911247383,False
3764,1,1,True,0.5010355625563997,0.5010355625563997,0.003417759185675001,False
3765,1,0,False,0.5260854390122988,0.5260854390122988,-0.03027054443328359,False
3766,0,0,True,0.5072970587249106,0.4927029412750894,-0.017538210589613936,False
3767,0,0,True,0.5248120489271011,0.47518795107289885,-0.033893576542078856,False
3768,1,0,False,0.5351546632378851,0.5351546632378851,-0.0791551670054131,False
3769,1,0,False,0.5504010243947716,0.5504010243947716,-0.07594248150649857,False
3770,1,0,False,0.6125329270806157,0.6125329270806157,-0.06401704448428065,True
3771,1,0,False,0.5517954288862897,0.5517954288862897,-0.07840067410379194,False
3772,1,0,False,0.5841607072937944,0.5841607072937944,-0.04142139346678687,False
3773,1,0,False,0.5443229703264331,0.5443229703264331,-0.02624203118533317,False
3774,0,0,True,0.5356171189612767,0.4643828810387232,-0.023700557004834005,False
3775,0,0,True,0.5680941216677738,0.4319058783322262,-0.02229211039974222,False
3776,0,0,True,0.5491449521174858,0.4508550478825142,-0.0015222273200842442,False
3777,0,1,False,0.5324765640836696,0.46752343591633044,0.005310953866404102,False
3778,1,1,True,0.5438994087654753,0.5438994087654753,0.017089024262886346,False
3779,1,1,True,0.5556202016324988,0.5556202016324988,0.0219533725688927,False
3780,1,1,True,0.6205954666027401,0.6205954666027401,0.013813186179822842,True
3781,1,1,True,0.6547742521730853,0.6547742521730853,0.004370080162115101,True
3782,1,0,False,0.6549273481009437,0.6549273481009437,-0.021461096398833677,True
3783,1,0,False,0.6245663829707122,0.6245663829707122,-0.03297740367704132,True
3784,1,0,False,0.6401373103004745,0.6401373103004745,-0.02753858695243792,True
3785,1,0,False,0.6194833026317523,0.6194833026317523,-0.034577442956831836,True
3786,1,0,False,0.6322201310984924,0.6322201310984924,-0.015124308087955608,True
3787,1,0,False,0.6597231738864112,0.6597231738864112,-0.013666078358257066,True
3788,1,0,False,0.7089714145114213,0.7089714145114213,-0.023381412921480937,True
3789,1,0,False,0.6961197167584959,0.6961197167584959,-0.028619663929359634,True
3790,1,0,False,0.684128063509883,0.684128063509883,-0.011793226040285818,True
3791,1,0,False,0.6608111370606372,0.6608111370606372,-0.030479211574667882,True
3792,1,1,True,0.6335077724653287,0.6335077724653287,0.0017524539561002415,True
3793,1,1,True,0.6494055943502909,0.6494055943502909,0.011367975499303563,True
3794,1,1,True,0.6621279563066501,0.6621279563066501,0.022781134644596957,True
3795,1,1,True,0.6605318606862548,0.6605318606862548,0.04742226174113947,True
3796,1,1,True,0.6625052468644931,0.6625052468644931,0.05787051247461722,True
3797,1,1,True,0.6873465797635306,0.6873465797635306,0.03801451893604547,True
3798,1,1,True,0.6756255879884329,0.6756255879884329,0.052233977980212454,True
3799,1,1,True,0.6817454260357354,0.6817454260357354,0.052188917246231946,True
3800,1,1,True,0.6886019522748211,0.6886019522748211,0.029025322899083345,True
3801,1,1,True,0.5719032657932788,0.5719032657932788,0.03731846599129693,False
3802,1,1,True,0.5906314842801333,0.5906314842801333,0.031169907727694155,False
3803,1,1,True,0.5421321597407563,0.5421321597407563,0.013906753869047708,False
3804,1,1,True,0.5531189639468405,0.5531189639468405,0.01104324636210494,False
3805,0,1,False,0.5086863758943353,0.49131362410566465,0.00511182155061028,False
3806,0,1,False,0.5071470253143605,0.49285297468563954,0.01531795571175864,False
3807,0,1,False,0.5659212922840332,0.4340787077159667,0.0009604753828484091,False
3808,0,1,False,0.5694047484834996,0.43059525151650035,0.003744615062730337,False
3809,0,0,True,0.5762455267126714,0.4237544732873286,-0.03098683803038116,False
3810,0,0,True,0.6192101166028396,0.3807898833971602,-0.033512384319643984,True
3811,0,0,True,0.5753277055907575,0.4246722944092425,-0.03196975301176251,False
3812,0,0,True,0.6327477299433365,0.3672522700566634,-0.004076760143318982,True
3813,0,1,False,0.6565491842668121,0.3434508157331879,0.0028988798669630977,True
3814,0,1,False,0.6807163665314667,0.31928363346853333,0.021739938293393508,True
3815,0,1,False,0.6030437575565686,0.39695624244343125,0.03553138084473891,True
3816,0,1,False,0.6005567495622287,0.3994432504377711,0.004717494539562287,True
3817,0,0,True,0.6523141787881874,0.3476858212118124,-0.018437713043796256,True
3818,0,0,True,0.682831910142102,0.31716808985789796,-0.012357955692934634,True
3819,0,0,True,0.6508044362333455,0.34919556376665456,-0.009086289410514174,True
3820,0,0,True,0.6518525618193453,0.3481474381806547,-0.011901158595467424,True
3821,0,1,False,0.592169911329406,0.40783008867059395,0.004995487466826849,False
3822,0,1,False,0.5589806172338267,0.44101938276617325,0.017201559809515668,False
3823,0,1,False,0.5473864319740898,0.4526135680259102,0.004233016440734736,False
3824,1,1,True,0.546191945459429,0.546191945459429,0.00046770061466120934,False
3825,1,1,True,0.5508305349905641,0.5508305349905641,0.007660922441466231,False
3826,1,0,False,0.5681043381031288,0.5681043381031288,-0.000615530339209077,False
3827,1,1,True,0.572631593676726,0.572631593676726,0.0010202686509968627,False
3828,1,0,False,0.5303380927678181,0.5303380927678181,-0.0013447386259152869,False
3829,1,1,True,0.5526603590859661,0.5526603590859661,0.0020347398098523413,False
3830,1,1,True,0.5714406363801131,0.5714406363801131,0.004586824812349398,False
3831,1,1,True,0.5904943684498157,0.5904943684498157,2.1921635368792622e-05,False
3832,1,0,False,0.58675375498843,0.58675375498843,-0.04850830410341219,False
3833,1,0,False,0.5516934279004687,0.5516934279004687,-0.0319454412628565,False
3834,1,0,False,0.5333305361659937,0.5333305361659937,-0.023374148345491255,False
3835,1,0,False,0.5121417054681804,0.5121417054681804,-0.038489492997662585,False
3836,1,0,False,0.5668860907248728,0.5668860907248728,-0.012849436333013603,False
3837,1,1,True,0.5682665581956344,0.5682665581956344,0.015128078366144233,False
3838,0,1,False,0.5513042688181504,0.4486957311818496,0.00673693748321249,False
3839,0,1,False,0.5115676269372851,0.48843237306271486,0.0014614485669190477,False
3840,1,0,False,0.5322113347960283,0.5322113347960283,-0.013037802517811926,False
3841,1,0,False,0.519898251708639,0.519898251708639,-0.03625406997205617,False
3842,1,0,False,0.5209022823606391,0.5209022823606391,-0.010128922762072447,False
3843,1,0,False,0.5258752031844839,0.5258752031844839,-0.013332169438994715,False
3844,1,0,False,0.5241269100962408,0.5241269100962408,-0.015501636364477402,False
3845,1,1,True,0.5369933953255892,0.5369933953255892,0.020521031860359914,False
3846,1,1,True,0.540902779400404,0.540902779400404,0.008265058262122222,False
3847,1,1,True,0.5957115644620622,0.5957115644620622,0.006563354245345441,False
3848,1,0,False,0.5694720450298317,0.5694720450298317,-0.01302138696087476,False
3849,1,1,True,0.5442455355618782,0.5442455355618782,0.002759538484798257,False
3850,1,0,False,0.5355129859257116,0.5355129859257116,-0.028320199788226103,False
3851,1,0,False,0.6034979711065792,0.6034979711065792,-0.022887948562956836,True
3852,1,0,False,0.5815617211526827,0.5815617211526827,-0.04905659577547412,False
3853,1,0,False,0.6192186624521149,0.6192186624521149,-0.01920421290439311,True
3854,1,0,False,0.6348552260048238,0.6348552260048238,-0.030736219690827946,True
3855,1,0,False,0.6204819130228679,0.6204819130228679,-0.005902309047756661,True
3856,1,1,True,0.6082230846511316,0.6082230846511316,0.00590345203434725,True
3857,1,1,True,0.5915325730538906,0.5915325730538906,0.015971839882489784,False
3858,1,1,True,0.6198782696853357,0.6198782696853357,0.014738711472896465,True
3859,1,1,True,0.6215271889375877,0.6215271889375877,0.01731992427429984,True
3860,1,1,True,0.5744006360292312,0.5744006360292312,0.009501533361547385,False
3861,1,1,True,0.6078512308296801,0.6078512308296801,0.0018371230310346757,True
3862,1,1,True,0.5623349687874271,0.5623349687874271,0.006663653846624031,False
3863,1,0,False,0.6264544150790019,0.6264544150790019,-0.003885684893701937,True
3864,1,0,False,0.6018405487021422,0.6018405487021422,-0.011183564136291999,True
3865,1,0,False,0.6718095672828021,0.6718095672828021,-0.011324191420993331,True
3866,1,1,True,0.689291309434954,0.689291309434954,0.022689662955257584,True
3867,1,1,True,0.7032916244430201,0.7032916244430201,0.014250073049049537,True
3868,1,1,True,0.7218884965478279,0.7218884965478279,0.038670234558426296,True
3869,1,1,True,0.7271449202825565,0.7271449202825565,0.05164078522754569,True
3870,1,1,True,0.7201598204811388,0.7201598204811388,0.04727691887311126,True
3871,1,1,True,0.6832343191693112,0.6832343191693112,0.004548800820534353,True
3872,1,0,False,0.646263331447468,0.646263331447468,-0.0048044314417772915,True
3873,1,0,False,0.5896292100068875,0.5896292100068875,-0.030645431572145693,False
3874,1,0,False,0.5472610913927071,0.5472610913927071,-0.03889601270522655,False
3875,1,0,False,0.5078886140873847,0.5078886140873847,-0.023309526158506188,False
3876,0,1,False,0.5312826304087753,0.4687173695912248,0.0012201821754426368,False
3877,0,1,False,0.5130532151292456,0.48694678487075443,0.015941487831349934,False
3878,1,1,True,0.5547030322423114,0.5547030322423114,0.015949877871688976,False
3879,1,1,True,0.5876118521217294,0.5876118521217294,0.013289485862238144,False
3880,1,0,False,0.6226741734632948,0.6226741734632948,-0.00010696181754892516,True
3881,0,0,True,0.5149983775477427,0.48500162245225736,-0.020157780080193245,False
3882,0,0,True,0.5107310644771114,0.4892689355228886,-0.015174234823310666,False
3883,0,0,True,0.5641217367192772,0.43587826328072277,-0.008621588182273314,False
3884,0,0,True,0.5370366476593025,0.46296335234069746,-0.0043690706466086235,False
3885,0,1,False,0.5269587776757166,0.47304122232428325,0.013100081751388331,False
3886,1,1,True,0.5011677709190431,0.5011677709190431,0.03875239890349639,False
3887,1,1,True,0.5302618577169097,0.5302618577169097,0.042470643676657434,False
3888,1,1,True,0.5199951719049728,0.5199951719049728,0.04588489610905131,False
3889,1,1,True,0.5177780418101049,0.5177780418101049,0.07304767144901396,False
3890,0,1,False,0.501365344056356,0.49863465594364403,0.02010219791497713,False
3891,1,1,True,0.5139170943790257,0.5139170943790257,0.01576467006366242,False
3892,1,1,True,0.5156843624202714,0.5156843624202714,0.04155788525106524,False
3893,1,1,True,0.5748469451319128,0.5748469451319128,0.03337279268129395,False
3894,1,1,True,0.5775943998041398,0.5775943998041398,0.010124290426317226,False
3895,0,1,False,0.5500447554645879,0.4499552445354121,0.04357221902268537,False
3896,0,1,False,0.6119475689406747,0.3880524310593252,0.0345734617473158,True
3897,0,1,False,0.579275979653168,0.42072402034683204,0.016279092766275767,False
3898,0,1,False,0.5110063414223149,0.4889936585776851,0.039955758340052626,False
3899,1,1,True,0.567662707488886,0.567662707488886,0.03298166252303301,False
3900,1,1,True,0.522837289734652,0.522837289734652,0.04438861646135296,False
3901,1,1,True,0.6100485504006686,0.6100485504006686,0.053765382253088446,True
3902,1,1,True,0.6192033684430626,0.6192033684430626,0.03691428249106696,True
3903,1,1,True,0.6025419045528732,0.6025419045528732,0.021666056001283594,True
3904,1,1,True,0.5832191754659718,0.5832191754659718,0.030260731101857088,False
3905,1,0,False,0.5972649048154411,0.5972649048154411,-0.00024266322381655197,False
3906,1,0,False,0.5553516780700233,0.5553516780700233,-0.024397695098531676,False
3907,0,0,True,0.5001529780957792,0.49984702190422087,-0.01179314689249402,False
3908,1,0,False,0.5178199805388798,0.5178199805388798,-0.004533559857121201,False
3909,1,0,False,0.5086235073651383,0.5086235073651383,-0.005212088414546502,False
3910,1,1,True,0.5938073615811773,0.5938073615811773,0.016365232171491613,False
3911,1,1,True,0.6378818362211863,0.6378818362211863,0.00782875513829809,True
3912,1,1,True,0.6629675809355654,0.6629675809355654,0.022007258786009433,True
3913,1,1,True,0.6193652804953412,0.6193652804953412,0.018603588828209554,True
3914,1,1,True,0.6568606255509716,0.6568606255509716,0.005100878986010462,True
3915,1,1,True,0.5878534430430075,0.5878534430430075,0.004789526316432899,False
3916,1,1,True,0.5086389601242929,0.5086389601242929,0.02130319317129373,False
3917,1,0,False,0.6781409651923083,0.6781409651923083,-0.004541700457908558,True
3918,1,1,True,0.6757833327739431,0.6757833327739431,0.0016038583712279018,True
3919,1,0,False,0.6237338421264921,0.6237338421264921,-0.0011288915529238338,True
3920,1,1,True,0.6362516696483557,0.6362516696483557,0.006227520236862381,True
3921,1,1,True,0.6630272237658613,0.6630272237658613,0.026102583194661605,True
3922,1,1,True,0.6698350893676385,0.6698350893676385,0.035536399259042215,True
3923,1,1,True,0.6539994069814843,0.6539994069814843,0.018854308149235312,True
3924,1,1,True,0.6998404771391841,0.6998404771391841,0.02080025525100034,True
3925,1,1,True,0.6900889912249694,0.6900889912249694,0.004001992910955457,True
3926,1,0,False,0.685932638503255,0.685932638503255,-0.009245501448795858,True
3927,1,0,False,0.6951282580021084,0.6951282580021084,-0.038110296460274175,True
3928,1,0,False,0.6734076621016339,0.6734076621016339,-0.03568786030908765,True
3929,1,0,False,0.6650706681045594,0.6650706681045594,-0.016482356365089608,True
3930,1,0,False,0.6377208954703776,0.6377208954703776,-0.02609810617654871,True
3931,1,0,False,0.6316181424706303,0.6316181424706303,-0.013813791329617377,True
3932,1,1,True,0.6327329340198693,0.6327329340198693,0.04182999649338909,True
3933,1,1,True,0.6060558254831218,0.6060558254831218,0.040371076668184055,True
3934,1,1,True,0.645342985384692,0.645342985384692,0.02696482808702716,True
3935,1,1,True,0.6018483544644541,0.6018483544644541,0.043681273902560894,True
3936,1,1,True,0.5273336564461066,0.5273336564461066,0.03024339447799781,False
3937,1,0,False,0.5126338954147046,0.5126338954147046,-0.005769291237430913,False
3938,1,0,False,0.508209075858599,0.508209075858599,-0.028104754668247845,False
3939,1,0,False,0.525921386319876,0.525921386319876,-0.02727877272166045,False
3940,1,0,False,0.5171989905932516,0.5171989905932516,-0.03723486461964606,False
3941,1,0,False,0.5293516878796972,0.5293516878796972,-0.03653448800254022,False
3942,1,0,False,0.5464614637217308,0.5464614637217308,-0.017837495377830397,False
3943,1,0,False,0.5502178166871253,0.5502178166871253,-0.005941355261461369,False
3944,0,1,False,0.5171986976131695,0.48280130238683033,0.016787594430824924,False
3945,1,1,True,0.5272038334627752,0.5272038334627752,0.02436789313886563,False
3946,1,1,True,0.5523859567211999,0.5523859567211999,0.012055940567749522,False
3947,1,1,True,0.5258663590060478,0.5258663590060478,0.004563610448411416,False
3948,1,1,True,0.5087751983654254,0.5087751983654254,0.010303936542337666,False
3949,1,0,False,0.541523215871778,0.541523215871778,-0.011036601042922627,False
3950,0,0,True,0.6109072533258092,0.3890927466741909,-0.006410335450005263,True
3951,0,1,False,0.6070112051893768,0.3929887948106232,0.011234368899712525,True
3952,0,1,False,0.5770909101653819,0.4229090898346179,0.002071010534207401,False
3953,0,1,False,0.5335771394270407,0.46642286057295923,0.0056170296220769255,False
3954,1,1,True,0.5127502403875518,0.5127502403875518,0.001443112541612084,False
3955,1,1,True,0.5832056862176432,0.5832056862176432,0.007364994924538245,False
3956,1,0,False,0.5833630013394872,0.5833630013394872,-0.006463820729577803,False
3957,1,1,True,0.5632893108802964,0.5632893108802964,0.010564517760821733,False
3958,1,1,True,0.5589947288197156,0.5589947288197156,0.013223228396994817,False
3959,1,0,False,0.5634001930938147,0.5634001930938147,-0.002536184622110845,False
3960,1,0,False,0.5858292076307435,0.5858292076307435,-0.00499096889758538,False
3961,1,1,True,0.5884421228802809,0.5884421228802809,0.0070666461835919864,False
3962,1,1,True,0.5589175512728667,0.5589175512728667,0.007225000086360005,False
3963,1,0,False,0.5161088263963899,0.5161088263963899,-0.0020994031880670607,False
3964,1,1,True,0.5183542156211308,0.5183542156211308,0.007725645989960382,False
3965,0,1,False,0.5290217046846024,0.4709782953153976,0.01194999173281175,False
3966,1,1,True,0.5153170774545951,0.5153170774545951,0.020302909343435566,False
3967,0,0,True,0.5068432193335425,0.49315678066645746,-0.005485451503961793,False
3968,0,1,False,0.6339730642234007,0.3660269357765993,0.00667172613367005,True
3969,0,1,False,0.5740524432645926,0.4259475567354074,0.016672663344477708,False
3970,0,0,True,0.5314495357649319,0.468550464235068,-0.00030253293567495516,False
3971,0,0,True,0.5454186057873037,0.4545813942126962,-0.015485429108144799,False
3972,0,1,False,0.549138507068522,0.45086149293147804,0.0066916992983236225,False
3973,0,1,False,0.5221746491942221,0.4778253508057779,0.003878789101896364,False
3974,0,1,False,0.5408263154426863,0.4591736845573136,0.0025393052827188977,False
3975,1,1,True,0.5103423926869234,0.5103423926869234,0.018873320027396612,False
3976,1,1,True,0.5300931582651375,0.5300931582651375,0.03482275342264344,False
3977,1,1,True,0.5618608762592993,0.5618608762592993,0.009700657974056915,False
3978,1,1,True,0.5376312434226519,0.5376312434226519,0.01304089927101887,False
3979,1,1,True,0.521016196029318,0.521016196029318,0.01072062436758534,False
3980,1,1,True,0.5510327483820849,0.5510327483820849,0.003972035158308678,False
3981,1,0,False,0.513773045972265,0.513773045972265,-0.0019680466536076257,False
3982,1,1,True,0.5034633337306754,0.5034633337306754,0.006288624050991112,False
3983,1,0,False,0.5379003978688527,0.5379003978688527,-0.02184712931440729,False
3984,1,0,False,0.5250049727202905,0.5250049727202905,-0.018581912526722606,False
3985,1,0,False,0.5031768844890112,0.5031768844890112,-0.007424522973615977,False
3986,1,0,False,0.5147481785645965,0.5147481785645965,-0.010219981846314312,False
3987,1,0,False,0.519302857482833,0.519302857482833,-0.008089788848937168,False
3988,0,1,False,0.5064107127975769,0.49358928720242307,0.01830997439370086,False
3989,0,1,False,0.5155651057798171,0.484434894220183,0.02010651007613227,False
3990,0,0,True,0.5160115397047261,0.4839884602952739,-0.012968392224587143,False
3991,0,0,True,0.5727962208999738,0.4272037791000261,-0.016423037081875556,False
3992,0,0,True,0.5337760461399538,0.4662239538600463,-0.030198406704492413,False
3993,0,0,True,0.5284879340519163,0.47151206594808376,-0.018409027134670398,False
3994,0,0,True,0.5012391064355511,0.4987608935644488,-0.03436384905277291,False
3995,1,0,False,0.527668260345394,0.527668260345394,-0.018548502544543526,False
3996,0,0,True,0.526219101116045,0.47378089888395497,-0.04802539135191574,False
3997,0,1,False,0.5295723456126533,0.47042765438734674,0.011176624279021944,False
3998,0,1,False,0.5116960036255886,0.48830399637441135,0.00873501382878351,False
3999,0,1,False,0.5188218359534822,0.48117816404651786,0.038379255561052386,False
4000,0,1,False,0.5463245592858926,0.4536754407141073,0.05586216950645257,False
4001,0,1,False,0.5116468809308599,0.48835311906914014,0.1160735563521621,False
4002,1,1,True,0.5343767593431098,0.5343767593431098,0.049186623219632075,False
4003,1,1,True,0.5678484967751628,0.5678484967751628,0.009964984597127205,False
4004,1,0,False,0.5539343947631564,0.5539343947631564,-0.0316972560307716,False
4005,0,0,True,0.5791977634522595,0.42080223654774057,-0.05925296662499325,False
4006,0,0,True,0.6232443507143505,0.3767556492856496,-0.13266078001281298,True
4007,0,0,True,0.5543640774813652,0.44563592251863476,-0.10750768725298813,False
4008,0,0,True,0.5179070577839187,0.4820929422160813,-0.09413311302389309,False
4009,1,0,False,0.5591879165470898,0.5591879165470898,-0.06937947022135674,False
4010,0,0,True,0.5559834116141035,0.4440165883858966,-0.02965517364798778,False
4011,0,1,False,0.6753040692171705,0.32469593078282954,0.08143336254031668,True
4012,0,1,False,0.6600787421771611,0.33992125782283883,0.056260859031017026,True
4013,0,1,False,0.6790532704175346,0.32094672958246534,0.0572479410606183,True
4014,0,1,False,0.636122617694359,0.3638773823056411,0.06490769521266462,True
4015,0,1,False,0.6219189692417625,0.37808103075823757,0.03809226625768277,True
4016,0,1,False,0.508300877374411,0.49169912262558907,0.04529518275337966,False
4017,1,1,True,0.5184853681224147,0.5184853681224147,0.02045901090050357,False
4018,1,1,True,0.5668360925762567,0.5668360925762567,0.04502807725579095,False
4019,1,1,True,0.503866997369987,0.503866997369987,0.026778931578066906,False
4020,1,0,False,0.5032654450235972,0.5032654450235972,-0.04052352401305711,False
4021,0,0,True,0.6088901175786996,0.3911098824213004,-0.09365553136471833,True
4022,0,0,True,0.6565305811138824,0.3434694188861176,-0.060048686710144725,True
4023,0,0,True,0.5759794024702726,0.42402059752972737,-0.04750028671160949,False
4024,0,0,True,0.5501242697092961,0.4498757302907039,-0.02556077892043753,False
4025,0,1,False,0.5299319482387174,0.4700680517612826,0.04864490894876494,False
4026,1,1,True,0.6150071868325333,0.6150071868325333,0.08346345634168277,True
4027,1,1,True,0.5235334969942942,0.5235334969942942,0.11644580132613273,False
4028,1,1,True,0.5182562884964432,0.5182562884964432,0.13374043032878585,False
4029,1,1,True,0.5336000763508567,0.5336000763508567,0.1431107996916306,False
4030,0,1,False,0.6143974224620177,0.38560257753798216,0.11812903678044087,True
4031,0,1,False,0.6212880367330538,0.37871196326694617,0.03596185483367717,True
4032,0,0,True,0.7219088729188886,0.2780911270811115,-0.015522174814421799,True
4033,0,1,False,0.668294867004042,0.331705132995958,0.028130228417410783,True
4034,0,1,False,0.6850597852391576,0.3149402147608424,0.014915758680084453,True
4035,0,1,False,0.6290198831155714,0.3709801168844285,0.012289337081113946,True
4036,0,1,False,0.6398257476081096,0.36017425239189027,0.07199137905906518,True
4037,0,1,False,0.5167085705106073,0.4832914294893927,0.10408014019662618,False
4038,1,0,False,0.5578610284150708,0.5578610284150708,-0.012458943457955446,False
4039,1,0,False,0.6910580723639786,0.6910580723639786,-0.02439478733093524,True
4040,1,0,False,0.6406457574140986,0.6406457574140986,-0.00617174992995593,True
4041,1,0,False,0.6036668814086023,0.6036668814086023,-0.033452066161967886,True
4042,1,0,False,0.5458277485839882,0.5458277485839882,-0.05548597353618535,False
4043,1,0,False,0.7266595079169721,0.7266595079169721,-0.024016636970923263,True
4044,1,0,False,0.5466978539462157,0.5466978539462157,-0.06046171368900467,False
4045,1,0,False,0.5114501615962563,0.5114501615962563,-0.04422592817505881,False
4046,1,0,False,0.6291206724009178,0.6291206724009178,-0.025651797387497437,True
4047,1,0,False,0.6768152555687982,0.6768152555687982,-0.029685680743102526,True
4048,1,0,False,0.5113618376471504,0.5113618376471504,-0.0052034765504735585,False
4049,0,1,False,0.5157186534430539,0.4842813465569462,0.06114251137029181,False
4050,0,1,False,0.5414835514661639,0.45851644853383605,0.02473639080341171,False
4051,1,1,True,0.570273741181839,0.570273741181839,0.02905380270456221,False
4052,1,1,True,0.6390028631240868,0.6390028631240868,0.030328159170958092,True
4053,1,0,False,0.7733734988571443,0.7733734988571443,-0.0037466363025980935,True
4054,1,0,False,0.7001716003466597,0.7001716003466597,-0.01825731284403535,True
4055,1,0,False,0.7035996640509877,0.7035996640509877,-0.018926990448751256,True
4056,1,0,False,0.6542337677138298,0.6542337677138298,-0.014507781377670117,True
4057,1,1,True,0.5755543725628868,0.5755543725628868,0.002907347053645105,False
4058,1,1,True,0.7761424126413505,0.7761424126413505,0.008305154225336165,True
4059,1,1,True,0.775141803022803,0.775141803022803,0.0032760455922959133,True
4060,1,1,True,0.8234217068609726,0.8234217068609726,0.048068736316694144,True
4061,1,1,True,0.745837976491195,0.745837976491195,0.060834016777439756,True
4062,1,1,True,0.7126201165392172,0.7126201165392172,0.10242287574738992,True
4063,1,1,True,0.6812881930086038,0.6812881930086038,0.166929064784527,True
4064,1,1,True,0.6444868357616343,0.6444868357616343,0.13398901507614988,True
4065,1,1,True,0.6951027363002126,0.6951027363002126,0.10500899978280037,True
4066,1,1,True,0.5982119659173563,0.5982119659173563,0.07274450549384787,False
4067,0,1,False,0.5431821279223965,0.4568178720776035,0.01030022048181668,False
4068,0,0,True,0.6643726566923752,0.3356273433076247,-0.0778221881173308,True
4069,0,0,True,0.6900029772035653,0.30999702279643476,-0.052741759788411724,True
4070,0,0,True,0.5736228730219931,0.4263771269780068,-0.013390744132466185,False
4071,1,0,False,0.5327724696937592,0.5327724696937592,-0.034697584045293044,False
4072,1,0,False,0.6368764406800054,0.6368764406800054,-0.04623002257504351,True
4073,1,0,False,0.658284220725891,0.658284220725891,-0.010704563025043181,True
4074,1,1,True,0.626015261785267,0.626015261785267,0.01071886830983795,True
4075,1,0,False,0.634391957854208,0.634391957854208,-0.03161383211764235,True
4076,1,1,True,0.7054261443372768,0.7054261443372768,0.0009775887661730462,True
4077,1,1,True,0.68323681483513,0.68323681483513,0.04180629305862486,True
4078,0,1,False,0.5641142811901255,0.4358857188098744,0.03637466811794149,False
4079,0,0,True,0.600342608950021,0.399657391049979,-0.014191071124550153,True
4080,0,0,True,0.5651064823573828,0.4348935176426172,-0.047808387766260424,False
4081,0,0,True,0.6155256796779377,0.38447432032206236,-0.06708601655626785,True
4082,0,0,True,0.6663244951705243,0.33367550482947567,-0.0961750655385804,True
4083,0,0,True,0.5506738897232161,0.449326110276784,-0.058483418198113514,False
4084,0,0,True,0.5155888042743075,0.48441119572569247,-0.011551908554372499,False
4085,0,1,False,0.5268209538124948,0.4731790461875051,0.025352014092552933,False
4086,1,1,True,0.7040944426442799,0.7040944426442799,0.060673988281317946,True
4087,1,1,True,0.6415823950867149,0.6415823950867149,0.11237054198684326,True
4088,0,1,False,0.5010499726622091,0.4989500273377909,0.07475635103939784,False
4089,1,1,True,0.6226720380215679,0.6226720380215679,0.08969940923621615,True
4090,1,1,True,0.6550351185530464,0.6550351185530464,0.03567429836028473,True
4091,1,1,True,0.5762866036491293,0.5762866036491293,0.036390796413153695,False
4092,0,0,True,0.5413263411321251,0.45867365886787487,-0.013835668552695874,False
4093,0,0,True,0.5565779919154512,0.4434220080845488,-0.006275185157673579,False
4094,0,0,True,0.5141776550418767,0.48582234495812315,-0.0570070588734916,False
4095,1,1,True,0.5517890119076546,0.5517890119076546,0.0386538235633924,False
4096,1,1,True,0.5348965103856901,0.5348965103856901,0.02229502030189239,False
4097,0,1,False,0.5214376582599134,0.4785623417400866,0.06391275196061857,False
4098,1,1,True,0.6133026153557598,0.6133026153557598,0.06301004338913478,True
4099,1,1,True,0.6985678871310359,0.6985678871310359,0.1394918827581682,True
4100,1,1,True,0.6897236154402814,0.6897236154402814,0.06660233814139886,True
4101,1,1,True,0.6608249173131012,0.6608249173131012,0.05501294232959063,True
4102,1,1,True,0.6831467094491686,0.6831467094491686,0.08071320070943597,True
4103,1,1,True,0.7072163012065097,0.7072163012065097,0.05305473483642353,True
4104,1,1,True,0.543585528727694,0.543585528727694,0.004933088506260586,False
4105,0,0,True,0.5551545999484225,0.4448454000515774,-0.004123172811039369,False
4106,0,1,False,0.656314704767616,0.34368529523238395,0.028236893134557278,True
4107,0,0,True,0.5465622900289305,0.4534377099710694,-0.022018797992379654,False
4108,0,0,True,0.5333456729879759,0.4666543270120241,-0.002839551865216559,False
4109,1,0,False,0.5875868907091559,0.5875868907091559,-0.00018074416839243188,False
4110,0,1,False,0.5138085258548893,0.4861914741451107,0.07191729951053315,False
4111,1,1,True,0.5481231100563865,0.5481231100563865,0.00806193902917913,False
4112,1,1,True,0.6397436794344038,0.6397436794344038,0.010810071375400292,True
4113,1,0,False,0.676352363706,0.676352363706,-0.0031147816012723627,True
4114,1,0,False,0.7282989683422444,0.7282989683422444,-0.022985524640410235,True
4115,0,0,True,0.5549248540255197,0.4450751459744802,-0.0538123578527631,False
4116,0,0,True,0.6121648627982235,0.38783513720177654,-0.03730000721671693,True
4117,0,0,True,0.578233926904438,0.4217660730955621,-0.012450449509956977,False
4118,0,0,True,0.6176010303109779,0.38239896968902215,-0.013076920368229454,True
4119,0,1,False,0.6109930486534547,0.3890069513465452,0.003886469753463707,True
4120,0,1,False,0.511344178334213,0.48865582166578697,0.01050081717961648,False
4121,0,0,True,0.6032670500288521,0.396732949971148,-0.009034201037983913,True
4122,0,0,True,0.5173757295353582,0.4826242704646419,-0.0006238865442002872,False
4123,0,1,False,0.500277683797566,0.499722316202434,0.05896491547729718,False
4124,1,1,True,0.6044765796081688,0.6044765796081688,0.05042358998902169,True
4125,0,1,False,0.5610402776578866,0.4389597223421135,0.053046454310795736,False
4126,1,1,True,0.6569718538595026,0.6569718538595026,0.10185922373158214,True
4127,1,1,True,0.6511201249413615,0.6511201249413615,0.032827066648235814,True
4128,1,0,False,0.6625308239660758,0.6625308239660758,-0.02123695760466035,True
4129,0,0,True,0.5348449398253584,0.46515506017464153,-0.04468357826914912,False
4130,0,0,True,0.5334649109329491,0.4665350890670508,-0.05843759267718132,False
4131,0,0,True,0.5021248585112922,0.4978751414887079,-0.07429573784211618,False
4132,0,0,True,0.5288153062858484,0.47118469371415167,-0.02650900353818255,False
4133,1,0,False,0.5202238135182419,0.5202238135182419,-0.03439010228485933,False
4134,1,0,False,0.6399304937086036,0.6399304937086036,-0.054506506400243106,True
4135,1,0,False,0.5489760218739881,0.5489760218739881,-0.075307218623367,False
4136,1,0,False,0.5299283797224262,0.5299283797224262,-0.08388608424706497,False
4137,1,0,False,0.6586402958370363,0.6586402958370363,-0.07232841734419353,True
4138,1,0,False,0.5627419867074247,0.5627419867074247,-0.07621554461144972,False
4139,1,1,True,0.5764090931037226,0.5764090931037226,0.019851501086348672,False
4140,0,1,False,0.5714985368239239,0.4285014631760761,0.06475414395744701,False
4141,0,1,False,0.649124803879354,0.350875196120646,0.052802406948824356,True
4142,0,1,False,0.6040125405349516,0.3959874594650484,0.01679339227077854,True
4143,0,1,False,0.5764143822883269,0.4235856177116731,0.05666492816913309,False
4144,0,0,True,0.5110097338352623,0.4889902661647378,-0.006026400062089527,False
4145,1,0,False,0.5430045173129184,0.5430045173129184,-0.04976306807571365,False
4146,0,0,True,0.5343629907459755,0.46563700925402446,-0.04349626196387871,False
4147,1,0,False,0.5056434336712251,0.5056434336712251,-0.03577520637151023,False
4148,1,0,False,0.6904008647152717,0.6904008647152717,-0.0748163174102246,True
4149,1,0,False,0.6494947553999056,0.6494947553999056,-0.07298552470273166,True
4150,1,0,False,0.5581394288332299,0.5581394288332299,-0.043262407192205234,False
4151,1,0,False,0.5607270060337707,0.5607270060337707,-0.09443169355190109,False
4152,1,0,False,0.5666967511797936,0.5666967511797936,-0.06650148802337699,False
4153,0,0,True,0.6122889987745396,0.38771100122546037,-0.07295461070617404,True
4154,0,0,True,0.7042721395773479,0.29572786042265203,-0.019067980941442988,True
4155,0,1,False,0.661828290919917,0.3381717090800829,0.01170899079939093,True
4156,0,1,False,0.531539841355832,0.4684601586441681,0.15068955331060355,False
4157,0,1,False,0.7554484401911816,0.24455155980881838,0.10176608630821732,True
4158,0,1,False,0.7016603035808117,0.2983396964191883,0.13152532562273367,True
4159,0,1,False,0.7197833265932934,0.2802166734067066,0.09121582681477805,True
4160,0,1,False,0.6176348915609887,0.3823651084390114,0.032058565463403625,True
4161,0,0,True,0.6761878555928945,0.3238121444071055,-0.020383854447473183,True
4162,0,1,False,0.5707563237703849,0.4292436762296152,0.01960550220904986,False
4163,0,1,False,0.6561431135930521,0.34385688640694795,0.004684996292118666,True
4164,0,0,True,0.7186402713438816,0.2813597286561183,-0.038086893882091195,True
4165,0,0,True,0.74100209471779,0.25899790528221,-0.001157526658977647,True
4166,0,1,False,0.6380692706698204,0.3619307293301795,0.00874886431219336,True
4167,0,0,True,0.6102583015501627,0.38974169844983725,-0.013926829518290254,True
4168,0,0,True,0.6328275777616823,0.36717242223831775,-0.014303780518507506,True
4169,0,0,True,0.606598765196254,0.39340123480374595,-0.035550770873554564,True
4170,0,0,True,0.6180555024579373,0.3819444975420628,-0.024237007446527892,True
4171,0,0,True,0.6806172642814201,0.3193827357185799,-0.05691402833059594,True
4172,0,0,True,0.6946401938427006,0.3053598061572995,-0.07361905635331052,True
4173,0,0,True,0.7038104211692704,0.29618957883072955,-0.0771214414956302,True
4174,0,1,False,0.7383734758824505,0.26162652411754944,0.00010477623842970773,True
4175,0,1,False,0.6246576986643849,0.37534230133561514,0.007650849518004469,True
4176,0,1,False,0.6789403210450216,0.3210596789549785,0.011483604864202137,True
4177,0,1,False,0.6704546353210693,0.32954536467893064,0.005843002343150008,True
4178,0,1,False,0.7428610703193232,0.2571389296806767,0.02115836816836127,True
4179,0,0,True,0.7185760366684798,0.2814239633315202,-0.01592501841583701,True
4180,0,0,True,0.7275077874433954,0.27249221255660455,-0.07854059756840275,True
4181,0,0,True,0.6664840976454051,0.3335159023545949,-0.03299313652338008,True
4182,0,1,False,0.6395451226037419,0.36045487739625814,0.008294272331654837,True
4183,0,0,True,0.5353809227096997,0.4646190772903003,-0.02132286239042352,False
4184,0,0,True,0.544416292027878,0.45558370797212205,-0.00035094227213696084,False
4185,0,1,False,0.6764532444080226,0.3235467555919774,0.03205782564302465,True
4186,0,1,False,0.703119629459929,0.29688037054007094,0.01984200307175999,True
4187,0,0,True,0.6531503005769767,0.3468496994230233,-0.028701538815368317,True
4188,0,1,False,0.6419069266895848,0.3580930733104151,0.033286608191262515,True
4189,1,1,True,0.5115070323865051,0.5115070323865051,0.019060651504210855,False
4190,1,1,True,0.5146745506529758,0.5146745506529758,0.02887204853928307,False
4191,1,0,False,0.5933536170049162,0.5933536170049162,-0.01628989645497391,False
4192,1,1,True,0.5593394553969575,0.5593394553969575,0.002167063250888493,False
4193,1,0,False,0.5422774057277416,0.5422774057277416,-0.04279015302125488,False
4194,0,0,True,0.5923435112720191,0.4076564887279808,-0.07886302611488352,False
4195,0,0,True,0.6537795951002026,0.3462204048997974,-0.11603432616788951,True
4196,0,0,True,0.5872280081912762,0.41277199180872387,-0.10918699452683972,False
4197,0,0,True,0.5835666900870883,0.4164333099129118,-0.10127525590716643,False
4198,0,0,True,0.5998442783797598,0.4001557216202401,-0.06994150761186028,False
4199,0,1,False,0.5958997533054614,0.40410024669453853,0.0002649177428426685,False
4200,0,1,False,0.5755981308524366,0.42440186914756345,0.04987366420995828,False
4201,0,1,False,0.6635590269543937,0.33644097304560633,0.09635341874187024,True
4202,0,1,False,0.6252111708655744,0.3747888291344255,0.14059915003076526,True
4203,0,1,False,0.7243138666613866,0.2756861333386133,0.12367625390872658,True
4204,0,1,False,0.5581769399777871,0.4418230600222129,0.12049511730468461,False
4205,0,1,False,0.6307249557646837,0.3692750442353163,0.0821316878827349,True
4206,0,1,False,0.6419601198803068,0.3580398801196932,0.0559259164872303,True
4207,0,1,False,0.7834532979097034,0.2165467020902964,0.017441150526836285,True
4208,0,1,False,0.726399188579436,0.2736008114205639,0.02635055084185508,True
4209,0,0,True,0.8080091044308153,0.1919908955691846,-0.0014786413993671213,True
4210,0,0,True,0.6925045253340066,0.3074954746659933,-0.010643855895041725,True
4211,0,0,True,0.6697600754032692,0.3302399245967307,-0.024213511956719037,True
4212,0,0,True,0.6428938107666133,0.3571061892333865,-0.029127424756410572,True
4213,0,0,True,0.6461780698397842,0.35382193016021574,-0.08276577246958376,True
4214,0,0,True,0.5930630870698536,0.4069369129301463,-0.05049484416274037,False
4215,0,0,True,0.5419048371899075,0.4580951628100925,-0.023742262326840107,False
4216,0,1,False,0.6103258219100253,0.3896741780899747,0.0007404866435746358,True
4217,0,1,False,0.679777291767142,0.320222708232858,0.028430731526028208,True
4218,0,1,False,0.6976483189388016,0.30235168106119836,0.09945994739462331,True
4219,0,1,False,0.6837008190790641,0.31629918092093584,0.04635495586274035,True
4220,0,1,False,0.6733875967513283,0.3266124032486714,0.054045603737355,True
4221,0,1,False,0.7324594594562729,0.267540540543727,0.05727577883171585,True
4222,0,1,False,0.7077116572665177,0.29228834273348225,0.03531962957493344,True
4223,0,0,True,0.7466899779761519,0.25331002202384806,-0.009473910491693886,True
4224,0,1,False,0.7464390656196641,0.2535609343803357,0.015328146783610583,True
4225,0,0,True,0.7381946449050809,0.26180535509491903,-0.048273687020019586,True
4226,0,0,True,0.6121300501254247,0.3878699498745753,-0.017727170194228765,True
4227,0,0,True,0.5643243916480581,0.43567560835194175,-0.023180263484250833,False
4228,1,0,False,0.5262109785437211,0.5262109785437211,-0.0041202084143127276,False
4229,1,0,False,0.5234968678164268,0.5234968678164268,-0.005851401633020553,False
4230,0,1,False,0.5055354865958909,0.4944645134041091,0.07675492443616894,False
4231,1,0,False,0.558010688600394,0.558010688600394,-0.015273158228112467,False
4232,1,1,True,0.6285849779473827,0.6285849779473827,0.029467312851838123,True
4233,1,0,False,0.6253167899095201,0.6253167899095201,-0.012939220090548847,True
4234,1,1,True,0.7114966486533886,0.7114966486533886,0.02886555232232384,True
4235,1,1,True,0.5142159471480555,0.5142159471480555,0.0030314632724606524,False
4236,1,1,True,0.5718873134950475,0.5718873134950475,0.01848135273657902,False
4237,1,0,False,0.6298186159420779,0.6298186159420779,-0.026338697072400694,True
4238,1,0,False,0.6069106752365591,0.6069106752365591,-0.032399230349647555,True
4239,1,0,False,0.6572371632989366,0.6572371632989366,-0.08434830449899362,True
4240,1,0,False,0.7430025558312593,0.7430025558312593,-0.08902949868580086,True
4241,1,0,False,0.5966263138334367,0.5966263138334367,-0.05075812953928198,False
4242,1,0,False,0.7347977361150414,0.7347977361150414,-0.037889263514359776,True
4243,1,0,False,0.6044925236357888,0.6044925236357888,-0.005867715944616375,True
4244,1,1,True,0.6199039114015387,0.6199039114015387,0.004557932550890816,True
4245,1,1,True,0.54159188832278,0.54159188832278,0.0030364968240722805,False
4246,1,0,False,0.6492718304269892,0.6492718304269892,-0.04292193741673934,True
4247,1,0,False,0.6544869201264863,0.6544869201264863,-0.06085783931285387,True
4248,1,0,False,0.6787582248599359,0.6787582248599359,-0.027693027522012865,True
4249,1,0,False,0.6843674257236128,0.6843674257236128,-0.024858079965118088,True
4250,1,0,False,0.5797254670362578,0.5797254670362578,-0.050418444931863794,False
4251,1,0,False,0.7114515142311274,0.7114515142311274,-0.018219437167157283,True
4252,1,0,False,0.6620177993544702,0.6620177993544702,-0.03477955633346328,True
4253,1,0,False,0.7041975726167172,0.7041975726167172,-0.05544104972421964,True
4254,1,0,False,0.7425535950469494,0.7425535950469494,-0.06839336656803915,True
4255,1,0,False,0.7289281856489498,0.7289281856489498,-0.0369631843130066,True
4256,1,0,False,0.6152361558263416,0.6152361558263416,-0.035609525111052434,True
4257,1,0,False,0.5689028117438869,0.5689028117438869,-0.0355074927219401,False
4258,1,0,False,0.5349244640627574,0.5349244640627574,-0.04090329090745983,False
4259,1,0,False,0.5427008669441197,0.5427008669441197,-0.057232403670712854,False
4260,1,0,False,0.521407354979139,0.521407354979139,-0.06391001923467779,False
4261,1,0,False,0.5814312494740942,0.5814312494740942,-0.09052351927022322,False
4262,1,0,False,0.5198705496329771,0.5198705496329771,-0.04386694058506067,False
4263,0,0,True,0.5611986701493132,0.4388013298506868,-0.044364411049442,False
4264,0,1,False,0.6197666917301728,0.3802333082698272,0.03722560810664965,True
4265,0,1,False,0.6358438286288027,0.3641561713711973,0.04553659645151672,True
4266,0,1,False,0.576633702424465,0.423366297575535,0.039392822266846435,False
4267,0,0,True,0.5835362113401024,0.41646378865989764,-0.04181835800892332,False
4268,1,0,False,0.5843691120812501,0.5843691120812501,-0.060213308175486924,False
4269,1,0,False,0.5021430826547616,0.5021430826547616,-0.08342873509105461,False
4270,1,0,False,0.5252299682003795,0.5252299682003795,-0.11842790695302186,False
4271,0,0,True,0.5037833481212669,0.49621665187873315,-0.06014592449748557,False
4272,1,1,True,0.6285631902144991,0.6285631902144991,0.012615283197428826,True
4273,1,1,True,0.6491998926289693,0.6491998926289693,0.06828897409001684,True
4274,1,1,True,0.6540619646429918,0.6540619646429918,0.06702479191057882,True
4275,1,1,True,0.6459633267913328,0.6459633267913328,0.08140698669071007,True
4276,1,1,True,0.5458170375762501,0.5458170375762501,0.07226667997096485,False
4277,1,1,True,0.6013186918026224,0.6013186918026224,0.03471048605015185,True
4278,1,0,False,0.5500756097516681,0.5500756097516681,-0.00253733125986725,False
4279,1,0,False,0.5391907555367278,0.5391907555367278,-0.07412868019014002,False
4280,1,0,False,0.5314024540709926,0.5314024540709926,-0.05241383717378237,False
4281,0,0,True,0.5631675481302411,0.4368324518697589,-0.07508690520248182,False
4282,0,0,True,0.5842408161571339,0.4157591838428662,-0.06875472387634493,False
4283,0,0,True,0.647248819574821,0.3527511804251789,-0.025470434101439905,True
4284,0,1,False,0.6980327038312822,0.3019672961687177,0.052642010359441736,True
4285,0,1,False,0.7450809732396707,0.25491902676032935,0.04630553801761775,True
4286,0,1,False,0.7243097042391063,0.2756902957608936,0.048043379748287346,True
4287,0,1,False,0.7755232696158664,0.22447673038413352,0.047521750903042684,True
4288,0,1,False,0.7179657607117806,0.2820342392882193,0.011049676459223523,True
4289,0,0,True,0.7093269472760918,0.29067305272390814,-0.010763873736112848,True
4290,0,0,True,0.7436984497912555,0.2563015502087444,-0.054399030816264016,True
4291,0,0,True,0.7558405753145901,0.24415942468540974,-0.061811543568999976,True
4292,0,0,True,0.788395674016304,0.21160432598369613,-0.03466094306839254,True
4293,0,0,True,0.7396057086724417,0.26039429132755826,-0.06648573713052494,True
4294,0,0,True,0.6760865354251943,0.3239134645748057,-0.0820468766442136,True
4295,0,0,True,0.6923867564607037,0.30761324353929637,-0.034709513173914075,True
4296,0,0,True,0.6317979688675669,0.36820203113243316,-0.018813300229767654,True
4297,0,0,True,0.6181627274674829,0.38183727253251704,-0.021603154276625975,True
4298,0,1,False,0.5663435753197097,0.4336564246802903,0.03863112006080701,False
4299,0,1,False,0.5469258342793967,0.4530741657206033,0.009387412060824888,False
4300,0,1,False,0.6520366596720976,0.34796334032790255,0.012752077005495042,True
4301,0,1,False,0.5825902867315843,0.41740971326841575,0.004331578391583917,False
4302,0,0,True,0.6319910727426685,0.3680089272573315,-0.054097124489925076,True
4303,0,0,True,0.6202783969411118,0.3797216030588883,-0.042000034623652614,True
4304,0,1,False,0.593742053490693,0.406257946509307,0.011222378297554106,False
4305,0,0,True,0.5483521193155162,0.45164788068448386,-0.01796836960400245,False
4306,1,0,False,0.5123959901812934,0.5123959901812934,-0.03204206985275122,False
4307,1,1,True,0.6022561106256646,0.6022561106256646,0.04623171719153314,True
4308,1,1,True,0.7387396711945685,0.7387396711945685,0.00026961444504547145,True
4309,1,1,True,0.7115080544884956,0.7115080544884956,0.012943755177553456,True
4310,1,1,True,0.6206605892927116,0.6206605892927116,0.052914827261351736,True
4311,1,1,True,0.6944807745526846,0.6944807745526846,0.08271850808419662,True
4312,1,1,True,0.7236076119124893,0.7236076119124893,0.05303591239024145,True
4313,1,1,True,0.6946903838983784,0.6946903838983784,0.08888912873385446,True
4314,1,0,False,0.7081241538315716,0.7081241538315716,-0.0019973932805650717,True
4315,1,0,False,0.5890807592138773,0.5890807592138773,-0.02148346427146002,False
4316,0,0,True,0.5774285327537937,0.42257146724620637,-0.012526360108896802,False
4317,0,0,True,0.5555611676885774,0.44443883231142256,-0.06398795451777686,False
4318,0,0,True,0.6362458381382298,0.3637541618617701,-0.06581244903294649,True
4319,0,1,False,0.703947019664033,0.29605298033596694,0.01859984667320824,True
4320,1,1,True,0.614721430776408,0.614721430776408,0.04882963326222418,True
4321,1,1,True,0.5958274566369802,0.5958274566369802,0.006074847244187372,False
4322,1,1,True,0.6803566281808965,0.6803566281808965,0.027477903512622887,True
4323,1,1,True,0.7224030461905686,0.7224030461905686,0.013874902119235106,True
4324,1,1,True,0.6324554496291194,0.6324554496291194,0.015986408574284437,True
4325,1,0,False,0.6076115276363955,0.6076115276363955,-0.01829373731571878,True
4326,1,1,True,0.6248178754986338,0.6248178754986338,0.0070082961404320365,True
4327,0,1,False,0.5756253766748363,0.42437462332516374,0.07168143520108337,False
4328,1,1,True,0.5691017560972282,0.5691017560972282,0.04085636443383321,False
4329,1,1,True,0.7069037897780217,0.7069037897780217,0.04099897441759429,True
4330,1,1,True,0.6681087258421039,0.6681087258421039,0.0136508008456731,True
4331,1,1,True,0.5564648659836248,0.5564648659836248,0.014175164744488222,False
4332,1,0,False,0.5450139705017591,0.5450139705017591,-0.001609138911938619,False
4333,0,1,False,0.6201187064213913,0.3798812935786086,0.03996895863827461,True
4334,1,0,False,0.6521474860444987,0.6521474860444987,-0.03165140251534114,True
4335,0,1,False,0.5388271987962647,0.46117280120373527,0.014313458129474823,False
4336,1,0,False,0.72331598007066,0.72331598007066,-0.011911949442752126,True
4337,1,0,False,0.7799637236947051,0.7799637236947051,-0.08818076255463014,True
4338,1,0,False,0.763911918958704,0.763911918958704,-0.09906367008403451,True
4339,1,0,False,0.7421492695848905,0.7421492695848905,-0.06783259165836629,True
4340,1,0,False,0.7092648984581272,0.7092648984581272,-0.11936440525926377,True
4341,1,0,False,0.7395428625105637,0.7395428625105637,-0.07640155079659601,True
4342,1,0,False,0.641559208167746,0.641559208167746,-0.019175640799798475,True
4343,1,1,True,0.6572268380789353,0.6572268380789353,0.013619763039842294,True
4344,1,1,True,0.6648705188566649,0.6648705188566649,0.012254930140892841,True
4345,1,1,True,0.6639150149201437,0.6639150149201437,0.0748062524284253,True
4346,1,1,True,0.6469757393789562,0.6469757393789562,0.03488354124488198,True
4347,1,1,True,0.6188383476589913,0.6188383476589913,0.0405243684301061,True
4348,1,1,True,0.5939884972904044,0.5939884972904044,0.0107892750531612,False
4349,1,0,False,0.7033290090978097,0.7033290090978097,-0.022798235415967618,True
4350,1,0,False,0.5319893403602503,0.5319893403602503,-0.052100692914874375,False
4351,1,0,False,0.5154460131065633,0.5154460131065633,-0.017789949346958173,False
4352,1,1,True,0.5409515155480525,0.5409515155480525,0.013026122712890727,False
4353,1,0,False,0.6182584268205613,0.6182584268205613,-0.010767807015450336,True
4354,1,1,True,0.6654595279365546,0.6654595279365546,0.04060480168683619,True
4355,1,1,True,0.6440397318503577,0.6440397318503577,0.0851252954988114,True
4356,1,1,True,0.7540220515094616,0.7540220515094616,0.05346304654648829,True
4357,1,0,False,0.7031319682598213,0.7031319682598213,-0.001153672832722621,True
4358,1,1,True,0.6395446018842758,0.6395446018842758,0.07576541884518327,True
4359,1,1,True,0.5305062185769599,0.5305062185769599,0.03290218016436986,False
4360,0,1,False,0.61992206824201,0.38007793175798993,0.037561795472310255,True
4361,0,1,False,0.5470200358684777,0.45297996413152236,0.0267248809229382,False
4362,1,1,True,0.6160078959392045,0.6160078959392045,0.07159875395854065,True
4363,1,1,True,0.5971208969304596,0.5971208969304596,0.023949145956535627,False
4364,1,1,True,0.5641489654648597,0.5641489654648597,0.07017457314687076,False
4365,1,1,True,0.665807813639267,0.665807813639267,0.07268610329377595,True
4366,1,1,True,0.5927037012240483,0.5927037012240483,0.06700809704556819,False
4367,1,1,True,0.5351426077657155,0.5351426077657155,0.030118312768677963,False
4368,1,0,False,0.6235756763629176,0.6235756763629176,-0.009002893465988428,True
4369,1,0,False,0.5064236522825609,0.5064236522825609,-0.009395160917731933,False
4370,0,0,True,0.527846547680812,0.4721534523191879,-0.0279057069277967,False
4371,0,1,False,0.6345760588493018,0.36542394115069826,0.030380701138166946,True
4372,1,1,True,0.5715884889504558,0.5715884889504558,0.0067217004192261,False
4373,1,1,True,0.6382198738179126,0.6382198738179126,0.01179116402854088,True
4374,0,1,False,0.5325746626472245,0.4674253373527753,0.0432069690462474,False
4375,0,1,False,0.6741001376092927,0.3258998623907073,0.028016346895455947,True
4376,0,0,True,0.5279320258564087,0.4720679741435913,-0.04841503987280389,False
4377,0,0,True,0.5699628639264549,0.4300371360735451,-0.008664004482572535,False
4378,1,0,False,0.5167824661235626,0.5167824661235626,-0.010211699908425093,False
4379,1,0,False,0.5770124792033875,0.5770124792033875,-0.04473052800596972,False
4380,1,0,False,0.5736636591094443,0.5736636591094443,-0.06047284298301413,False
4381,1,1,True,0.755068478298455,0.755068478298455,0.003591045483415054,True
4382,1,1,True,0.6272920100427924,0.6272920100427924,0.021124125741829126,True
4383,1,1,True,0.73303453722865,0.73303453722865,0.05185676813499678,True
4384,1,1,True,0.6292850423348556,0.6292850423348556,0.035596548158097895,True
4385,1,1,True,0.661907160995919,0.661907160995919,0.07655455074830674,True
4386,1,1,True,0.5509939265972608,0.5509939265972608,0.0739656789834612,False
4387,1,1,True,0.7088375224077605,0.7088375224077605,0.05393519230280338,True
4388,1,1,True,0.6679241451115768,0.6679241451115768,0.034182679625429,True
4389,1,1,True,0.6244043839762151,0.6244043839762151,0.051083984533394036,True
4390,1,1,True,0.6101263123486743,0.6101263123486743,0.029058828100750562,True
4391,1,1,True,0.687515263838984,0.687515263838984,0.007200815779424429,True
4392,1,1,True,0.6429476213037675,0.6429476213037675,0.02152612653704864,True
4393,1,1,True,0.592032592845192,0.592032592845192,0.003270760224006579,False
4394,1,1,True,0.6533648751160323,0.6533648751160323,0.015335431522022318,True
4395,1,1,True,0.6635722397610838,0.6635722397610838,0.01809233121301093,True
4396,1,0,False,0.7945609635271017,0.7945609635271017,-0.03015416886789196,True
4397,1,0,False,0.7750913337630109,0.7750913337630109,-0.061578138248015925,True
4398,1,0,False,0.5877843170920533,0.5877843170920533,-0.06053812830705644,False
4399,1,0,False,0.7380411100951653,0.7380411100951653,-0.077508019745346,True
4400,1,0,False,0.6924031702453575,0.6924031702453575,-0.07812490749271218,True
4401,1,0,False,0.6331074315210489,0.6331074315210489,-0.0492780486554839,True
4402,1,1,True,0.5697260873390348,0.5697260873390348,0.021450353331357752,False
4403,1,1,True,0.5950415141691784,0.5950415141691784,0.04940114237242432,False
4404,1,1,True,0.5173765402504686,0.5173765402504686,0.038763862026528775,False
4405,0,1,False,0.5734687510750353,0.42653124892496486,0.030186747944777312,False
4406,1,1,True,0.5430258904174606,0.5430258904174606,0.09395293965610035,False
4407,0,1,False,0.5219491072219883,0.47805089277801177,0.007650938346477789,False
4408,1,0,False,0.5991574665411047,0.5991574665411047,-0.007328874231553453,False
4409,1,1,True,0.5428715971207644,0.5428715971207644,0.04046248941668099,False
4410,1,1,True,0.5276897762142684,0.5276897762142684,0.0562734510923535,False
4411,1,0,False,0.6817877353748457,0.6817877353748457,-0.0017159586470310638,True
4412,1,1,True,0.7308838458478717,0.7308838458478717,0.07227069801858427,True
4413,1,1,True,0.6884649972008475,0.6884649972008475,0.09894587785169758,True
4414,1,1,True,0.7644997683701128,0.7644997683701128,0.06028034008528819,True
4415,1,1,True,0.6057819644328731,0.6057819644328731,0.03077663138220481,True
4416,1,1,True,0.6862115683876228,0.6862115683876228,0.032230339675965045,True
4417,1,0,False,0.7365956569888411,0.7365956569888411,-0.051491151890940015,True
4418,1,0,False,0.5083627387822722,0.5083627387822722,-0.04985866012813812,False
4419,0,0,True,0.5107835795108302,0.4892164204891698,-0.02542715748568882,False
4420,0,0,True,0.5263479849546949,0.47365201504530513,-0.027043256019680776,False
4421,1,0,False,0.5606051044235243,0.5606051044235243,-0.017131800490111506,False
4422,1,1,True,0.5945356735940187,0.5945356735940187,0.019342206622582372,False
4423,1,0,False,0.5568704649754306,0.5568704649754306,-0.027114700705713778,False
4424,1,0,False,0.5302507557422543,0.5302507557422543,-0.03259170522352381,False
4425,1,0,False,0.5927942462925447,0.5927942462925447,-0.04912756252094477,False
4426,0,0,True,0.5248917938737544,0.47510820612624566,-0.06329491790538888,False
4427,0,0,True,0.5495132760235445,0.45048672397645556,-0.0048336226518359065,False
4428,0,1,False,0.5420241622155765,0.45797583778442347,0.047765854801684944,False
4429,0,1,False,0.575801676817627,0.4241983231823731,0.018171157941330368,False
4430,0,1,False,0.5855030210732229,0.414496978926777,0.020706919425087403,False
4431,1,1,True,0.650885538646241,0.650885538646241,0.0636313214720468,True
4432,1,1,True,0.6166674401187614,0.6166674401187614,0.040945871281245425,True
4433,1,0,False,0.5947729180377562,0.5947729180377562,-0.01220212066282219,False
4434,1,1,True,0.7063124267674469,0.7063124267674469,0.007156725677960387,True
4435,1,1,True,0.6373680685321538,0.6373680685321538,0.07399845074094145,True
4436,1,1,True,0.6470440612140475,0.6470440612140475,0.0813126466301567,True
4437,1,1,True,0.7217304136135231,0.7217304136135231,0.04897675821453147,True
4438,1,1,True,0.7226178254638582,0.7226178254638582,0.080431787317906,True
4439,1,1,True,0.7192190638150974,0.7192190638150974,0.02571414606188221,True
4440,1,0,False,0.5565640422175172,0.5565640422175172,-0.008688523725804068,False
4441,0,0,True,0.5220051790265691,0.4779948209734309,-0.042590515335052856,False
4442,0,0,True,0.5438629014345245,0.4561370985654755,-0.07270743999561907,False
4443,0,0,True,0.6659059941343718,0.3340940058656281,-0.07846531408323544,True
4444,0,0,True,0.5410316986052097,0.4589683013947902,-0.041323760304423945,False
4445,0,0,True,0.6071890763702971,0.3928109236297029,-0.04943105129184916,True
4446,0,0,True,0.5021338982615645,0.49786610173843543,-0.05308719825945999,False
4447,0,0,True,0.5711634687971079,0.4288365312028921,-0.02381766360713214,False
4448,0,0,True,0.5797194574993015,0.4202805425006986,-0.008887209205056222,False
4449,0,0,True,0.5273118942172137,0.4726881057827863,-0.03371866536430227,False
4450,0,0,True,0.7225719340774096,0.27742806592259034,-0.10183656205734039,True
4451,0,0,True,0.7568325872897099,0.24316741271029,-0.11427346980309919,True
4452,0,0,True,0.5281116965003713,0.4718883034996287,-0.14709860524320645,False
4453,0,0,True,0.5160449712344003,0.48395502876559976,-0.12146265074838195,False
4454,1,0,False,0.51048210324269,0.51048210324269,-0.1074779036758188,False
4455,0,0,True,0.5634902374079828,0.4365097625920173,-0.03711797069449006,False
4456,0,0,True,0.6887360516836741,0.3112639483163259,-0.018371375703321147,True
4457,0,1,False,0.6418889008088171,0.35811109919118306,0.04244961121590947,True
4458,0,1,False,0.700078389352773,0.2999216106472271,0.004514662976495148,True
4459,0,1,False,0.6261103512936835,0.3738896487063166,0.005926994118139297,True
4460,0,0,True,0.5401279539420165,0.4598720460579835,-0.020126642566332842,False
4461,0,1,False,0.6682874321659439,0.3317125678340561,0.025834291998458943,True
4462,0,1,False,0.5861339890312158,0.41386601096878417,0.010172706840386165,False
4463,0,0,True,0.5002590129803642,0.4997409870196356,-0.040354108046834,False
4464,1,0,False,0.5333045087235081,0.5333045087235081,-0.06817610067978438,False
4465,1,0,False,0.5953350181897369,0.5953350181897369,-0.038352100517217255,False
4466,1,0,False,0.5450925732264846,0.5450925732264846,-0.0649258590116956,False
4467,0,0,True,0.6004815764211925,0.39951842357880746,-0.07556503714794781,True
4468,0,0,True,0.6879020454065992,0.31209795459340084,-0.029024623108122302,True
4469,0,1,False,0.5724754086801437,0.4275245913198564,0.05369013415480969,False
4470,1,1,True,0.5419459211515882,0.5419459211515882,0.06799925717991114,False
4471,0,1,False,0.501197568864414,0.49880243113558603,0.01776008882995639,False
4472,1,1,True,0.5399116732651846,0.5399116732651846,0.0383537395566406,False
4473,0,1,False,0.5126432674487472,0.4873567325512527,0.05713671914922683,False
4474,0,0,True,0.6236755228090829,0.37632447719091705,-0.003173605942050114,True
4475,0,1,False,0.674855892225304,0.32514410777469605,0.012750767786691456,True
4476,0,1,False,0.6740927219573051,0.32590727804269476,0.0782320998200376,True
4477,0,1,False,0.6483448790841908,0.3516551209158092,0.08928261986405978,True
4478,0,1,False,0.672869785024143,0.32713021497585687,0.07687105019297118,True
4479,0,1,False,0.6604956506422859,0.33950434935771395,0.08815710872166094,True
4480,0,1,False,0.6440516891623984,0.3559483108376014,0.11605669669940255,True
4481,0,1,False,0.6520118985069198,0.34798810149308035,0.05227285657440664,True
4482,0,0,True,0.6440928966500343,0.35590710334996567,-0.0033050197416474828,True
4483,0,1,False,0.6989784263885395,0.3010215736114604,0.004555662033222526,True
4484,0,1,False,0.7804474700178163,0.21955252998218358,0.027507242110109915,True
4485,0,0,True,0.7818259229625751,0.21817407703742486,-0.05392464151608789,True
4486,0,1,False,0.6722072795743804,0.32779272042561963,0.014542004563068884,True
4487,0,1,False,0.6199351138563133,0.3800648861436866,0.08614880784005767,True
4488,0,1,False,0.556700343942671,0.443299656057329,0.10588633622956546,False
4489,0,1,False,0.553752715142344,0.4462472848576559,0.07412779299596994,False
4490,0,1,False,0.5583085283515502,0.44169147164844974,0.09521777655800541,False
4491,0,1,False,0.6787614805629657,0.32123851943703424,0.012226792840249339,True
4492,0,0,True,0.6816778719205955,0.31832212807940435,-0.05046241213599153,True
4493,0,0,True,0.7246430804112479,0.2753569195887518,-0.07331006218714795,True
4494,0,0,True,0.6545097577186835,0.3454902422813165,-0.026283832736047355,True
4495,0,0,True,0.6734809026049963,0.32651909739500373,-0.01513668848990617,True
4496,0,1,False,0.6523973696135688,0.34760263038643124,0.0323215017952413,True
4497,0,1,False,0.5156165841856953,0.4843834158143047,0.05503703994052806,False
4498,0,1,False,0.5635582550521164,0.4364417449478836,0.12239012968071675,False
4499,1,1,True,0.7691919154066534,0.7691919154066534,0.10559901226857155,True
4500,1,1,True,0.513314599201434,0.513314599201434,0.1434599678445465,False
4501,0,1,False,0.5368013750889484,0.4631986249110515,0.06203875931570461,False
4502,1,1,True,0.5053936057815765,0.5053936057815765,0.04291882207826562,False
4503,1,0,False,0.5323259583711905,0.5323259583711905,-0.04988679965407286,False
4504,0,0,True,0.6376268838983866,0.3623731161016133,-0.12224946520491387,True
4505,0,0,True,0.5916124373389069,0.40838756266109305,-0.14785739814823168,False
4506,0,0,True,0.5367915763858657,0.46320842361413433,-0.07500570271742646,False
4507,0,0,True,0.7053907100211395,0.2946092899788607,-0.08169635254045479,True
4508,1,0,False,0.625378560522769,0.625378560522769,-0.10001035905902939,True
4509,1,0,False,0.8009546542605653,0.8009546542605653,-0.07416108483723366,True
4510,1,0,False,0.8546030603015734,0.8546030603015734,-0.07697427208068817,True
4511,1,0,False,0.8369239425249148,0.8369239425249148,-0.1007411952632502,True
4512,1,0,False,0.6905384232520028,0.6905384232520028,-0.07830517664686508,True
4513,1,0,False,0.772036942645586,0.772036942645586,-0.02138871121900487,True
4514,1,1,True,0.8400551586872972,0.8400551586872972,0.0005020792029193852,True
4515,1,1,True,0.8961477473509646,0.8961477473509646,0.0265883651697841,True
4516,1,1,True,0.8957646542754448,0.8957646542754448,0.008151124020420238,True
4517,1,1,True,0.9098370151137124,0.9098370151137124,0.0010064143958887256,True
4518,1,1,True,0.7697760359160181,0.7697760359160181,0.005125401862407897,True
4519,0,1,False,0.518462006288292,0.4815379937117081,0.012544945909259234,False
4520,1,1,True,0.6172609450188887,0.6172609450188887,0.036163648619697765,True
4521,0,1,False,0.6698572503843021,0.33014274961569795,0.03717154983651474,True
4522,0,1,False,0.7018099784179855,0.2981900215820144,0.060070788447849355,True
4523,0,1,False,0.6574838578613307,0.3425161421386693,0.02833346467485003,True
4524,0,1,False,0.7280469688107254,0.27195303118927455,0.002412623579265934,True
4525,0,0,True,0.7399087844205668,0.2600912155794332,-0.01551277894783334,True
4526,1,1,True,0.5050867175661259,0.5050867175661259,0.006732753500335093,False
4527,0,0,True,0.6699349529807241,0.3300650470192758,-0.0017058847886788707,True
4528,1,1,True,0.5568230019794843,0.5568230019794843,0.0001007548973441929,False
4529,1,1,True,0.6041016120215107,0.6041016120215107,0.005952211050864645,True
4530,1,0,False,0.79757916611649,0.79757916611649,-0.057816246514717694,True
4531,1,0,False,0.6044700030769069,0.6044700030769069,-0.05293061051776773,True
4532,1,0,False,0.5843667042272207,0.5843667042272207,-0.08350209233966623,False
4533,0,0,True,0.6177083893765559,0.382291610623444,-0.0738101233450077,True
4534,0,0,True,0.7147757836354227,0.28522421636457745,-0.041395740434304475,True
4535,0,0,True,0.5815549622730217,0.4184450377269782,-0.04757977278083084,False
4536,1,1,True,0.7552346144095248,0.7552346144095248,0.019041418928183253,True
4537,1,1,True,0.7061732128488111,0.7061732128488111,0.026436501101657954,True
4538,1,1,True,0.8171213621606471,0.8171213621606471,0.027160562834956156,True
4539,1,1,True,0.7505111233428255,0.7505111233428255,0.01169898562870816,True
4540,1,1,True,0.6694837304949467,0.6694837304949467,0.037736912077721105,True
4541,1,0,False,0.8584516777716927,0.8584516777716927,-0.04586473886486381,True
4542,1,0,False,0.7311736829238082,0.7311736829238082,-0.0002960912209588632,True
4543,1,1,True,0.7101609789614928,0.7101609789614928,0.021525037572944175,True
4544,1,1,True,0.7114616361419012,0.7114616361419012,0.00845541034528694,True
4545,1,1,True,0.5666031622800345,0.5666031622800345,0.028573560088674368,False
4546,1,1,True,0.8196409540418683,0.8196409540418683,0.044465291210122965,True
4547,0,1,False,0.6278219063686922,0.3721780936313077,0.030145466424553912,True
4548,0,1,False,0.6122973364733785,0.3877026635266214,0.02699071315771678,True
4549,0,1,False,0.604013108687007,0.3959868913129931,0.049125478557221144,True
4550,0,1,False,0.6221329623591275,0.3778670376408724,0.038418646424226946,True
4551,0,1,False,0.6877530713190446,0.31224692868095544,0.03758349650454635,True
4552,0,1,False,0.6834875304738097,0.31651246952619033,0.048860751699867436,True
4553,0,1,False,0.6986020179120147,0.3013979820879853,0.08949776302385203,True
4554,0,1,False,0.6999799309180893,0.30002006908191065,0.07542687968428777,True
4555,1,1,True,0.6558731424122233,0.6558731424122233,0.07188611955291122,True
4556,1,1,True,0.5153936229388926,0.5153936229388926,0.04758801597624075,False
4557,1,1,True,0.6043737722186816,0.6043737722186816,0.037726261947952436,True
4558,0,0,True,0.520558802839039,0.47944119716096106,-0.05486566442908933,False
4559,0,0,True,0.6026423223789553,0.3973576776210448,-0.04205401955974455,True
4560,0,0,True,0.7010180526352356,0.2989819473647643,-0.013361055033886533,True
4561,0,0,True,0.5889243267032949,0.41107567329670514,-0.005939611003430728,False
4562,1,0,False,0.6681282324982378,0.6681282324982378,-0.015054717494382726,True
4563,1,1,True,0.7234786139274171,0.7234786139274171,0.019246370246295587,True
4564,1,0,False,0.6324473272132561,0.6324473272132561,-0.02982100173180353,True
4565,1,0,False,0.6150457937809658,0.6150457937809658,-0.032134568159297904,True
4566,1,0,False,0.5889729725093346,0.5889729725093346,-0.008704164032142471,False
4567,1,0,False,0.6190880212081088,0.6190880212081088,-0.025271230062167426,True
4568,0,1,False,0.5090938337167695,0.4909061662832304,0.033695289733584335,False
4569,0,1,False,0.6066352562558697,0.39336474374413033,0.06949244196046261,True
4570,1,1,True,0.572629787281263,0.572629787281263,0.006372597549561464,False
4571,0,1,False,0.5246256723403465,0.47537432765965343,0.021466351206410144,False
4572,1,1,True,0.5993285609455331,0.5993285609455331,0.052985714366122046,False
4573,1,1,True,0.504431829985648,0.504431829985648,0.02124434353931162,False
4574,0,0,True,0.5906215552809564,0.40937844471904367,-0.004114921672511015,False
4575,0,1,False,0.6417047608844796,0.35829523911552047,0.04968607547343294,True
4576,1,1,True,0.6665042222484299,0.6665042222484299,0.022419934787755173,True
4577,1,0,False,0.571867350673759,0.571867350673759,-0.001698191376491707,False
4578,1,1,True,0.7576579639168629,0.7576579639168629,0.008659956619914365,True
4579,1,1,True,0.7443609982072014,0.7443609982072014,0.034696503530363625,True
4580,0,1,False,0.5699269274674049,0.43007307253259514,0.01893267707367307,False
4581,0,1,False,0.5413249563041185,0.4586750436958815,0.008766490949201195,False
4582,1,0,False,0.6630760509938517,0.6630760509938517,-0.013579942497469232,True
4583,1,0,False,0.6318408600592199,0.6318408600592199,-0.042778645270990165,True
4584,1,0,False,0.5703688728213456,0.5703688728213456,-0.009117238197808122,False
4585,1,0,False,0.730552917201211,0.730552917201211,-0.00719906099474255,True
4586,1,1,True,0.5748695517617849,0.5748695517617849,0.009806739794995686,False
4587,0,1,False,0.508594753550761,0.49140524644923894,0.03228582690365057,False
4588,1,1,True,0.6593207232992301,0.6593207232992301,0.027106257892142424,True
4589,1,1,True,0.64546076394991,0.64546076394991,0.012457471278500316,True
4590,1,0,False,0.5650041231235349,0.5650041231235349,-0.006541781897960363,False
4591,1,0,False,0.5947583947399234,0.5947583947399234,-0.0496036701722159,False
4592,0,0,True,0.6561510340675004,0.34384896593249953,-0.024915983245217863,True
4593,0,0,True,0.5763113362716181,0.4236886637283819,-0.03229941988793856,False
4594,0,0,True,0.6328385490056113,0.3671614509943886,-0.04955284296972869,True
4595,0,0,True,0.7359074471039402,0.2640925528960599,-0.054308511929020954,True
4596,0,1,False,0.6109762382324497,0.38902376176755027,0.007153721529808949,True
4597,1,0,False,0.7004330275722296,0.7004330275722296,-0.02923564585986171,True
4598,1,1,True,0.6873057069433846,0.6873057069433846,0.02542928711066277,True
4599,1,1,True,0.7163506928745846,0.7163506928745846,0.02550579740210145,True
4600,1,1,True,0.6991838180567428,0.6991838180567428,0.008276821653779414,True
4601,1,0,False,0.7398607334024407,0.7398607334024407,-0.0017291940395892593,True
4602,1,1,True,0.7293219200368449,0.7293219200368449,0.07470282295737528,True
4603,1,1,True,0.5611267313290088,0.5611267313290088,0.024401608217933805,False
4604,0,1,False,0.590126087041115,0.4098739129588849,0.02937506609676257,False
4605,0,1,False,0.7161747049862376,0.28382529501376247,0.13092313850738846,True
4606,1,1,True,0.5417061211186763,0.5417061211186763,0.059614238530925574,False
4607,1,0,False,0.5616693242576157,0.5616693242576157,-0.03765495464060295,False
4608,0,0,True,0.5425378801885881,0.45746211981141194,-0.03174686321119306,False
4609,1,0,False,0.5033174715330689,0.5033174715330689,-0.05330549535429304,False
4610,0,0,True,0.7123530142424096,0.28764698575759046,-0.09205987184777789,True
4611,0,0,True,0.7506004625413594,0.2493995374586405,-0.0661786092622308,True
4612,0,1,False,0.5808761104604421,0.4191238895395579,0.005523683463831814,False
4613,1,1,True,0.6100094347367914,0.6100094347367914,0.019462446508260768,True
4614,1,1,True,0.6270282518146625,0.6270282518146625,0.04901726461512041,True
4615,1,1,True,0.7271564032442611,0.7271564032442611,0.042714618053166266,True
4616,1,1,True,0.5283441223522614,0.5283441223522614,0.05952497447973676,False
4617,0,0,True,0.6510432488151717,0.34895675118482833,-0.007883566831215027,True
4618,0,1,False,0.6779523137318764,0.3220476862681237,0.012444253557323988,True
4619,0,1,False,0.6322711480246797,0.3677288519753204,0.011327689633229854,True
4620,1,1,True,0.5591421296164734,0.5591421296164734,0.003246882830975536,False
4621,0,1,False,0.7845251211341764,0.21547487886582353,0.02930560650004859,True
4622,0,1,False,0.7798202502801957,0.2201797497198041,0.0817245321198993,True
4623,0,1,False,0.7775936037458152,0.22240639625418476,0.05418635788136891,True
4624,0,1,False,0.7390736543302934,0.2609263456697067,0.0868536360367688,True
4625,0,1,False,0.7055909941096509,0.29440900589034924,0.13224008411792176,True
4626,0,1,False,0.7092508823807616,0.2907491176192383,0.12990546299774278,True
4627,0,1,False,0.7361554130070473,0.26384458699295266,0.10088232052158717,True
4628,0,1,False,0.7457031897516385,0.2542968102483614,0.07912606649216965,True
4629,0,1,False,0.7202029640050996,0.27979703599490025,0.06498721164271833,True
4630,0,1,False,0.7097017687218171,0.29029823127818283,0.06957274510838268,True
4631,0,1,False,0.6188701376220042,0.38112986237799573,0.11710457675875358,True
4632,0,1,False,0.5817463660893497,0.4182536339106501,0.12648678406194117,False
4633,0,1,False,0.7868036138978401,0.21319638610215966,0.13884161042413293,True
4634,0,1,False,0.6571171080350825,0.34288289196491756,0.07029479484455207,True
4635,0,1,False,0.5873821710802433,0.41261782891975657,0.07941328699227292,False
4636,0,1,False,0.7821852936033888,0.21781470639661116,0.02621515483751632,True
4637,0,1,False,0.7728223791386796,0.22717762086132062,0.0712582598062301,True
4638,0,1,False,0.771704861126666,0.22829513887333408,0.03154096787723582,True
4639,0,1,False,0.8434892813554976,0.15651071864450253,0.062109964519354216,True
4640,0,1,False,0.6172540452499476,0.38274595475005224,0.01273523786873244,True
4641,1,1,True,0.63739182414142,0.63739182414142,0.02182181182476723,True
4642,0,0,True,0.5390096534669911,0.46099034653300897,-0.01382036709835234,False
4643,0,1,False,0.5537312489553171,0.44626875104468294,0.03595033235199622,False
4644,0,1,False,0.6986152822267554,0.30138471777324466,0.023713075403880745,True
4645,1,1,True,0.6061946533680259,0.6061946533680259,0.039132896375072855,True
4646,1,1,True,0.5692910180706027,0.5692910180706027,0.03865284876473495,False
4647,1,1,True,0.6722828568493342,0.6722828568493342,0.029566131675212583,True
4648,0,1,False,0.5468252980383435,0.4531747019616567,0.00361962601348734,False
4649,0,0,True,0.7554584885264166,0.2445415114735833,-0.008494656850918861,True
4650,0,1,False,0.5509218763124538,0.4490781236875463,0.005745070639913559,False
4651,0,0,True,0.5294148820950212,0.47058511790497876,-0.0023954190491027117,False
4652,0,1,False,0.5990071142248214,0.40099288577517855,0.06324221109398365,False
4653,1,1,True,0.5021822938021987,0.5021822938021987,0.10769129449219811,False
4654,1,1,True,0.5179672174438973,0.5179672174438973,0.09771229975431185,False
4655,1,1,True,0.5750266234860416,0.5750266234860416,0.034403685985182994,False
4656,1,1,True,0.5827444255302642,0.5827444255302642,0.043618038024155655,False
4657,1,0,False,0.5593613379877561,0.5593613379877561,-0.0011212792062596571,False
4658,0,0,True,0.6783426661652577,0.3216573338347422,-0.03144333715861602,True
4659,0,1,False,0.8077302196086311,0.192269780391369,0.028415936009743147,True
4660,0,1,False,0.7572570211158167,0.2427429788841833,0.07672637591709539,True
4661,0,1,False,0.6287018306062131,0.37129816939378674,0.06012553539707739,True
4662,0,0,True,0.5696876311290573,0.4303123688709427,-0.012325727574955873,False
4663,1,1,True,0.5824739245939795,0.5824739245939795,0.01774099472498302,False
4664,0,0,True,0.608596802952415,0.39140319704758486,-0.06359960663303336,True
4665,0,0,True,0.6248152441872893,0.3751847558127106,-0.035405667706682166,True
4666,0,1,False,0.6485141825200139,0.3514858174799859,0.011096345363476215,True
4667,0,1,False,0.5373570781699089,0.462642921830091,0.036796915885276164,False
4668,1,0,False,0.6715437832518824,0.6715437832518824,-0.01792391144324937,True
4669,1,1,True,0.6259403287125419,0.6259403287125419,0.04045904964722282,True
4670,1,1,True,0.7846473103032015,0.7846473103032015,0.0012977564898495083,True
4671,1,0,False,0.7046568523606555,0.7046568523606555,-0.042253487657334936,True
4672,0,1,False,0.5973955004697196,0.40260449953028044,0.0054305580038560295,False
4673,1,1,True,0.5377009462950416,0.5377009462950416,0.04748828554773695,False
4674,0,1,False,0.6500829229435833,0.34991707705641656,0.04833467451474103,True
4675,1,0,False,0.6496199897442825,0.6496199897442825,-0.0006234564366278032,True
4676,1,0,False,0.7578847678428714,0.7578847678428714,-0.02097145067835362,True
4677,0,0,True,0.5023215681906397,0.49767843180936033,-0.05876514013051655,False
4678,0,0,True,0.6297891334064333,0.3702108665935666,-0.05580895533880768,True
4679,0,0,True,0.7418022423549563,0.25819775764504366,-0.05131712971454552,True
4680,0,0,True,0.7754561068965155,0.22454389310348433,-0.002310162489235658,True
4681,1,0,False,0.6244328760030291,0.6244328760030291,-0.008949742707975277,True
4682,1,1,True,0.7459863989980503,0.7459863989980503,0.04231746696341171,True
4683,1,1,True,0.7984104222398744,0.7984104222398744,0.028170967691697316,True
4684,1,1,True,0.5413644755127583,0.5413644755127583,0.0023418981208110042,False
4685,0,0,True,0.6936238775600229,0.3063761224399771,-0.022134452664400558,True
4686,0,1,False,0.7034639880911886,0.2965360119088113,0.006001693985711247,True
4687,0,0,True,0.6232624006724321,0.3767375993275679,-0.0495267772567006,True
4688,0,0,True,0.7200937407482949,0.27990625925170515,-0.0687525623878682,True
4689,0,0,True,0.6223270652749213,0.3776729347250787,-0.07470192641431342,True
4690,0,0,True,0.6677994808713353,0.3322005191286647,-0.03886543276785884,True
4691,0,0,True,0.7100762139984093,0.2899237860015907,-0.06738557327648875,True
4692,0,0,True,0.7578996953515301,0.2421003046484698,-0.008367710317013626,True
4693,0,1,False,0.6300806465613897,0.36991935343861027,0.018912417053918638,True
4694,0,1,False,0.6715564158570863,0.3284435841429138,0.018821047610875778,True
4695,0,1,False,0.6470599289844582,0.35294007101554187,0.015608466909584973,True
4696,0,1,False,0.721660038658238,0.278339961341762,0.07441160956370213,True
4697,0,1,False,0.6375693621919588,0.36243063780804124,0.0313934705704586,True
4698,0,1,False,0.7414484136928544,0.2585515863071456,0.058904228821216174,True
4699,0,1,False,0.7641375041632296,0.23586249583677033,0.10199835251317331,True
4700,0,1,False,0.7073339217869318,0.2926660782130682,0.06994719272104542,True
4701,0,1,False,0.6093818937088687,0.3906181062911312,0.09095330933821666,True
4702,0,1,False,0.694444630850895,0.3055553691491048,0.056194196912788,True
4703,0,1,False,0.7030470701649046,0.2969529298350954,0.008916828434034258,True
4704,0,0,True,0.6376707706461727,0.3623292293538272,-0.0038104048176963987,True
4705,0,1,False,0.772746188370648,0.22725381162935185,0.06090282025030032,True
4706,0,1,False,0.7829984246161473,0.21700157538385267,0.024282604835504595,True
4707,0,1,False,0.8208517958819903,0.1791482041180096,0.07513198842875672,True
4708,0,1,False,0.707945262761994,0.29205473723800596,0.06424650290520832,True
4709,0,1,False,0.7453420053776991,0.25465799462230104,0.06209824088098269,True
4710,0,0,True,0.6455903356961593,0.35440966430384074,-0.0021324719214359297,True
4711,0,0,True,0.7371318312841039,0.26286816871589613,-0.0075608475691628435,True
4712,0,1,False,0.8276810062283962,0.17231899377160353,0.008042512541768639,True
4713,0,1,False,0.8101369138880612,0.18986308611193872,0.09091403046304536,True
4714,0,1,False,0.8215796730147336,0.1784203269852663,0.08165645584167042,True
4715,0,1,False,0.747105916533027,0.25289408346697295,0.05924886928996898,True
4716,1,1,True,0.5052318346775045,0.5052318346775045,0.04822638777449246,False
4717,0,0,True,0.6859150849531517,0.3140849150468483,-0.0038475419222140147,True
4718,0,0,True,0.7740675784913439,0.22593242150865608,-0.04259348444577993,True
4719,0,0,True,0.8049720579664399,0.19502794203356,-0.031541053086506836,True
4720,0,1,False,0.8352120653465533,0.16478793465344646,0.0316756523938847,True
4721,0,1,False,0.8140506257040597,0.1859493742959402,0.012715528673812546,True
4722,0,1,False,0.7595028590715437,0.24049714092845628,0.03032797422122215,True
4723,1,1,True,0.6729740295232434,0.6729740295232434,0.0043554764281555506,True
4724,0,1,False,0.7454069276945609,0.2545930723054391,0.034954769871113886,True
4725,0,0,True,0.7793163285645422,0.2206836714354579,-0.01160741344682641,True
4726,0,0,True,0.846925306208243,0.15307469379175684,-0.0023977008000368115,True
4727,0,0,True,0.8109241385986096,0.18907586140139035,-0.01113113634325289,True
4728,0,1,False,0.7174899371436342,0.2825100628563659,0.03585549251463671,True
4729,0,1,False,0.6937029609225976,0.30629703907740236,0.03373339567696676,True
4730,0,1,False,0.6250193246045176,0.37498067539548224,0.06586766377528372,True
4731,0,1,False,0.581372493514375,0.4186275064856249,0.095321693421571,False
4732,0,1,False,0.6206311018582299,0.37936889814177005,0.08288252157213095,True
4733,0,1,False,0.6225325274401333,0.37746747255986657,0.05501085956453522,True
4734,0,1,False,0.5822842531341602,0.41771574686583973,0.03580304086195319,False
4735,0,1,False,0.7134552984509354,0.2865447015490646,0.0037607191449008604,True
4736,0,0,True,0.7214897818131633,0.2785102181868367,-0.0551072415021316,True
4737,0,0,True,0.7686751771616492,0.23132482283835068,-0.028645684463630312,True
4738,0,0,True,0.7777904403545218,0.22220955964547803,-0.04285827841313492,True
4739,0,0,True,0.6262191091653537,0.37378089083464633,-0.09215997194136204,True
4740,1,0,False,0.5914538185884841,0.5914538185884841,-0.06812966363921809,False
4741,1,0,False,0.5716840004909184,0.5716840004909184,-0.01135092607751412,False
4742,1,1,True,0.5659430771964402,0.5659430771964402,0.012205986494571589,False
4743,1,1,True,0.6246409190909863,0.6246409190909863,0.00888657473242582,True
4744,1,1,True,0.6318672333642591,0.6318672333642591,0.060428639265735336,True
4745,1,1,True,0.7271164816707515,0.7271164816707515,0.08094852875028724,True
4746,1,1,True,0.5369676210551443,0.5369676210551443,0.060081030918910566,False
4747,0,1,False,0.5144898220687126,0.48551017793128737,0.014445903105075764,False
4748,0,0,True,0.6351729333624727,0.3648270666375273,-0.00034880392493330775,True
4749,0,1,False,0.8073851424853208,0.1926148575146792,0.015187214468676182,True
4750,0,0,True,0.7681487477989531,0.23185125220104688,-0.00545224889010703,True
4751,0,0,True,0.7725886975616291,0.2274113024383709,-0.012720337582508427,True
4752,0,0,True,0.7171785351703748,0.28282146482962517,-0.01475067463756035,True
4753,0,0,True,0.5745474302253019,0.4254525697746982,-0.005777812257576634,False
4754,0,0,True,0.6729830892853101,0.3270169107146899,-0.02354920282932123,True
4755,0,1,False,0.8021264034311697,0.1978735965688303,0.010038266697799513,True
4756,0,1,False,0.7160957970969691,0.28390420290303076,0.04946512095921002,True
4757,0,1,False,0.7920433846077398,0.20795661539225999,0.11791207152209095,True
4758,0,1,False,0.7529235156999725,0.24707648430002738,0.11329227691348712,True
4759,0,1,False,0.6391682965928996,0.36083170340710025,0.05771597075958791,True
4760,0,1,False,0.5052598872792107,0.4947401127207893,0.011596760986393844,False
4761,0,0,True,0.6214735437278696,0.37852645627213044,-0.003991193948027572,True
4762,0,0,True,0.8083293778663214,0.19167062213367855,-0.03886501010810469,True
4763,0,1,False,0.8268944812633757,0.17310551873662428,0.03355468267642602,True
4764,0,1,False,0.823494718687836,0.17650528131216411,0.10641835397399167,True
4765,0,1,False,0.6932795580113545,0.3067204419886454,0.09556416771817673,True
4766,1,1,True,0.5283735903995163,0.5283735903995163,0.11307633985320904,False
4767,0,1,False,0.5977660976703788,0.4022339023296213,0.06009014305111878,False
4768,0,0,True,0.7262509444487102,0.2737490555512899,-0.012560488974896328,True
4769,0,0,True,0.8225545226044962,0.17744547739550373,-0.040557690144179356,True
4770,0,1,False,0.8395899720127403,0.16041002798725976,0.006269257445682218,True
4771,0,0,True,0.8147378724021695,0.18526212759783053,-0.014662766757018846,True
4772,0,1,False,0.7889652275411665,0.2110347724588335,0.006840650967875183,True
4773,1,0,False,0.5742638880559238,0.5742638880559238,-0.04622275540095013,False
4774,1,0,False,0.5360722632893741,0.5360722632893741,-0.06597531351183289,False
4775,0,0,True,0.5984630681133838,0.40153693188661627,-0.08351258806979014,False
4776,0,0,True,0.5605046368658457,0.4394953631341543,-0.03703899964717425,False
4777,0,0,True,0.7702689236891059,0.22973107631089404,-0.02154562052998869,True
4778,0,0,True,0.679821828284084,0.3201781717159161,-0.0004768973499685194,True
4779,0,1,False,0.5434003827115342,0.45659961728846565,0.052167803161240985,False
4780,1,1,True,0.7907272829994022,0.7907272829994022,0.05138401236150383,True
4781,1,0,False,0.8031327438184229,0.8031327438184229,-0.021143517345451196,True
4782,0,0,True,0.6809606061518396,0.3190393938481603,-0.04865389594094515,True
4783,0,0,True,0.7820552406111446,0.2179447593888555,-0.020250258088999114,True
4784,0,0,True,0.7384496762267436,0.26155032377325643,-0.040957901067162475,True
4785,0,0,True,0.7501480436415654,0.24985195635843457,-0.058438216782123756,True
4786,0,0,True,0.6447842048082902,0.3552157951917098,-0.07441749732990993,True
4787,0,0,True,0.7050536007219425,0.2949463992780575,-0.07548181574537742,True
4788,0,0,True,0.7122183416067037,0.28778165839329634,-0.07963553792746701,True
4789,0,0,True,0.6516592950594998,0.3483407049405001,-0.06451828761056216,True
4790,0,0,True,0.723845277180324,0.276154722819676,-0.06663384784405395,True
4791,0,0,True,0.7343391032182564,0.2656608967817437,-0.014051645262646684,True
4792,0,1,False,0.7074234165491436,0.2925765834508563,0.007140808864403455,True
4793,0,1,False,0.6096389971986499,0.39036100280135017,0.047244891854469596,True
4794,1,1,True,0.5036602239320641,0.5036602239320641,0.04948126260191306,False
4795,0,1,False,0.6305038214379266,0.36949617856207334,0.0491290061654342,True
4796,0,1,False,0.7326779096396594,0.26732209036034055,0.06924812075137318,True
4797,0,1,False,0.8226064236083556,0.17739357639164435,0.10548941477908871,True
4798,0,1,False,0.7742657300459047,0.22573426995409526,0.11502031909368003,True
4799,0,1,False,0.5623965373903623,0.4376034626096377,0.11623943561771226,False
4800,0,1,False,0.7213227963956053,0.2786772036043946,0.11614637108614068,True
4801,0,1,False,0.5873791736110893,0.4126208263889106,0.1120164967676758,False
4802,0,1,False,0.5819897153448105,0.4180102846551896,0.11395488270967495,False
4803,0,1,False,0.6519683334723042,0.3480316665276957,0.08799602311261448,True
4804,0,1,False,0.6079015825871446,0.39209841741285545,0.09619179558902573,True
4805,0,1,False,0.6101819539286774,0.38981804607132253,0.13963378356887363,True
4806,0,1,False,0.642175181159693,0.357824818840307,0.12339645938149246,True
4807,0,1,False,0.6123003622938971,0.3876996377061029,0.09520921236891859,True
4808,0,1,False,0.5199900171724127,0.4800099828275872,0.06001747385663628,False
4809,1,1,True,0.5366952186699674,0.5366952186699674,0.052762573562358306,False
4810,0,1,False,0.6957388576704694,0.30426114232953044,0.02700890158259098,True
4811,0,0,True,0.7662568209565744,0.23374317904342554,-0.02645457630307328,True
4812,0,0,True,0.7669649448167412,0.2330350551832587,-0.021418039610712723,True
4813,0,1,False,0.7746325443936701,0.22536745560632973,0.016969710125001314,True
4814,0,1,False,0.5194367004223815,0.4805632995776185,0.0003668138772329883,False
4815,0,0,True,0.536429513675175,0.46357048632482506,-0.06148089696676186,False
4816,1,0,False,0.527499937336987,0.527499937336987,-0.02297663090719808,False
4817,1,0,False,0.5274201908962795,0.5274201908962795,-0.035387117398991204,False
4818,0,0,True,0.7128166387522139,0.28718336124778593,-0.05042489590048212,True
4819,0,0,True,0.7123135292787137,0.2876864707212862,-0.039122631925319694,True
4820,0,0,True,0.7563463253107093,0.24365367468929064,-0.056862764753741905,True
4821,1,0,False,0.5714156211749206,0.5714156211749206,-0.0962662011158581,False
4822,1,0,False,0.5422123454355373,0.5422123454355373,-0.05903144509581331,False
4823,1,0,False,0.6099513213541226,0.6099513213541226,-0.058048266611514306,True
4824,1,0,False,0.7255806947947464,0.7255806947947464,-0.0540552738936036,True
4825,0,1,False,0.739892033001956,0.260107966998044,0.03704987555061295,True
4826,0,1,False,0.5565810363789672,0.4434189636210328,0.07414375779108634,False
4827,1,1,True,0.7107737068776968,0.7107737068776968,0.03734415275345257,True
4828,0,1,False,0.5217890739377119,0.4782109260622882,0.05272068810028864,False
4829,1,1,True,0.6703730760436658,0.6703730760436658,0.03647623324818588,True
4830,0,0,True,0.7307699343241278,0.26923006567587227,-0.015931206029463522,True
4831,0,0,True,0.8123524385029987,0.18764756149700143,-0.06366046268094727,True
4832,0,0,True,0.7682815497713197,0.2317184502286804,-0.051591629100812476,True
4833,0,0,True,0.7749142856865392,0.22508571431346072,-0.08330875863475122,True
4834,0,0,True,0.7460691729114824,0.25393082708851744,-0.06345307526632844,True
4835,0,0,True,0.7625249272140274,0.23747507278597266,-0.0701667973599424,True
4836,0,0,True,0.6822547659709993,0.3177452340290007,-0.005386994332269761,True
4837,0,1,False,0.6174630936978075,0.38253690630219245,0.005687652717671421,True
4838,0,1,False,0.672139456185947,0.327860543814053,0.0313644514500455,True
4839,1,0,False,0.5035382432195114,0.5035382432195114,-0.04867335981587083,False
4840,0,0,True,0.699881995381281,0.3001180046187189,-0.012649709654025195,True
4841,0,0,True,0.607059607857757,0.3929403921422429,-0.018301563218368382,True
4842,0,0,True,0.5491867792398143,0.4508132207601856,-0.0963954428818945,False
4843,0,0,True,0.6349560745167347,0.3650439254832653,-0.08052940846913124,True
4844,0,0,True,0.5843078931651952,0.41569210683480473,-0.055546471557166466,False
4845,0,0,True,0.5675958702420919,0.4324041297579082,-0.08660184357259572,False
4846,1,0,False,0.6023873318072875,0.6023873318072875,-0.08470304196516214,True
4847,1,0,False,0.5783130392072396,0.5783130392072396,-0.030872023724162916,False
4848,1,0,False,0.8172020015534364,0.8172020015534364,-0.04037139713155534,True
4849,1,0,False,0.6126754042591088,0.6126754042591088,-0.010629531583031822,True
4850,1,1,True,0.5916418564479939,0.5916418564479939,0.01975877057340874,False
4851,1,0,False,0.866034003760534,0.866034003760534,-0.051617150633863455,True
4852,0,0,True,0.5196335192147352,0.4803664807852648,-0.033426393910263794,False
4853,0,0,True,0.5173627617499555,0.4826372382500445,-0.025092086203985724,False
4854,0,0,True,0.5968008651418027,0.40319913485819714,-0.020298079503964655,False
4855,0,1,False,0.6273651357669539,0.37263486423304615,0.00019282681653416906,True
4856,0,1,False,0.5944167494095355,0.4055832505904646,0.05840542007428935,False
4857,0,1,False,0.5435736226170076,0.45642637738299247,0.03826205007572216,False
4858,1,1,True,0.7404561634442676,0.7404561634442676,0.05049624575682271,True
4859,0,1,False,0.5579476275821863,0.4420523724178136,0.07763955564300157,False
4860,0,1,False,0.6023528902442021,0.39764710975579787,0.11458617819972508,True
4861,0,1,False,0.7122745396758491,0.2877254603241509,0.060799501056815364,True
4862,0,1,False,0.7634377002914032,0.23656229970859674,0.11023870561779156,True
4863,0,1,False,0.8087506550900793,0.1912493449099207,0.0815372586352693,True
4864,0,1,False,0.5261738039800097,0.47382619601999015,0.031686608267120386,False
4865,0,0,True,0.6908000316417661,0.3091999683582339,-0.044049317919451964,True
4866,0,1,False,0.7371494886654991,0.26285051133450094,0.019712686519316954,True
4867,0,0,True,0.6928769168897001,0.30712308311029995,-0.007578978182189492,True
4868,0,0,True,0.6871445974386924,0.31285540256130756,-0.0018887917020655805,True
4869,0,1,False,0.6310739135786032,0.36892608642139674,0.024916129462685982,True
4870,1,1,True,0.681626933183319,0.681626933183319,0.07436245712983433,True
4871,0,1,False,0.5783608746606155,0.4216391253393845,0.10282918189003283,False
4872,1,1,True,0.5649887864678179,0.5649887864678179,0.0969599368213418,False
4873,0,1,False,0.5568077145221895,0.4431922854778107,0.10293144025954393,False
4874,0,1,False,0.7222152168506382,0.2777847831493618,0.07861745538963325,True
4875,0,1,False,0.7425252233727941,0.25747477662720586,0.11494352075463538,True
4876,0,1,False,0.7579588803184132,0.2420411196815867,0.023074576538243914,True
4877,0,1,False,0.7176626403887142,0.28233735961128587,0.048983806486698485,True
4878,0,1,False,0.653334630464154,0.346665369535846,0.041634960902228235,True
4879,0,1,False,0.7193356280243516,0.28066437197564836,0.047254201595775695,True
4880,0,0,True,0.7358860813891682,0.2641139186108317,-0.032304803835109405,True
4881,0,1,False,0.6886454547458166,0.3113545452541835,0.02824863052270247,True
4882,0,0,True,0.6335766955543153,0.36642330444568466,-0.02322780053138168,True
4883,0,0,True,0.6790182225560822,0.3209817774439177,-0.003934924584578017,True
4884,0,0,True,0.6859814993580766,0.31401850064192344,-0.0019588951618336446,True
4885,0,0,True,0.6564431268418187,0.3435568731581811,-0.009653493886943702,True
4886,0,0,True,0.7098236747745195,0.2901763252254805,-0.024668524578525215,True
4887,0,0,True,0.6817798990948257,0.3182201009051743,-0.003707989171603586,True
4888,0,1,False,0.5730276476458013,0.42697235235419867,0.02021704699314308,False
4889,0,1,False,0.6999260161661903,0.3000739838338095,0.0517238662901911,True
4890,0,1,False,0.5953891114709994,0.4046108885290007,0.13989795372138328,False
4891,1,1,True,0.515274352280499,0.515274352280499,0.15892759063332162,False
4892,1,1,True,0.5044878278471339,0.5044878278471339,0.12067447096941353,False
4893,1,1,True,0.5143080011665471,0.5143080011665471,0.08911100560557225,False
4894,0,1,False,0.6517784267214443,0.3482215732785558,0.047750555085631925,True
4895,0,0,True,0.7860430515433411,0.21395694845665914,-0.008397327170550691,True
4896,0,0,True,0.7684894424228488,0.2315105575771513,-0.011557311128991296,True
4897,0,1,False,0.7188891355101633,0.28111086448983674,0.006688348325070142,True
4898,0,1,False,0.7522355654354834,0.2477644345645166,0.020467692529391845,True
4899,0,0,True,0.7640907163862177,0.23590928361378238,-0.009515723190248033,True
4900,0,1,False,0.6485968831212552,0.3514031168787448,0.0035216117723101516,True
4901,0,0,True,0.6927286692465633,0.30727133075343677,-0.01283886915813876,True
4902,0,0,True,0.7210586202077981,0.27894137979220196,-0.02530009769529732,True
4903,0,0,True,0.7092499933025046,0.2907500066974954,-0.06844750160963478,True
4904,0,0,True,0.7315723481719205,0.26842765182807937,-0.04071846108165673,True
4905,0,0,True,0.697271525813442,0.3027284741865579,-0.07919500744857326,True
4906,0,0,True,0.6209795646633033,0.37902043533669666,-0.09730237283806015,True
4907,0,0,True,0.7734483337634434,0.22655166623655656,-0.07612708017444388,True
4908,0,0,True,0.6218528503480372,0.37814714965196283,-0.07234211493145931,True
4909,0,0,True,0.6849166134258059,0.3150833865741941,-0.04385549685949247,True
4910,0,1,False,0.6722924454911733,0.32770755450882677,0.02958523110088033,True
4911,1,1,True,0.5361387204734613,0.5361387204734613,0.04105551957248403,False
4912,0,1,False,0.5078572622663956,0.49214273773360445,0.013390836895811713,False
4913,0,1,False,0.598516529116789,0.4014834708832112,0.02961006095029,False
4914,0,1,False,0.5319361498509887,0.46806385014901136,0.006910206930046194,False
4915,0,0,True,0.7041587354621942,0.29584126453780585,-0.0013580884465774937,True
4916,0,1,False,0.7637258139498678,0.23627418605013215,0.003780235958299489,True
4917,0,1,False,0.7978973448886112,0.20210265511138878,0.035963003853004855,True
4918,0,1,False,0.7469959579858778,0.25300404201412213,0.020179875726420486,True
4919,0,1,False,0.747524690939593,0.252475309060407,0.06229295834514547,True
4920,0,1,False,0.7974873437102636,0.20251265628973633,0.03961226738180115,True
4921,0,1,False,0.7891065508101045,0.21089344918989528,0.07159113046026233,True
4922,0,1,False,0.7398223711842883,0.26017762881571166,0.06152982628633611,True
4923,0,1,False,0.7736994307738846,0.22630056922611533,0.08338860921507095,True
4924,0,1,False,0.7589523397570485,0.24104766024295154,0.0647396892973062,True
4925,0,1,False,0.6692280991298808,0.33077190087011915,0.05326376544171203,True
4926,0,1,False,0.6930461779403201,0.30695382205967986,0.046298235827472084,True
4927,0,1,False,0.7212920947754501,0.2787079052245499,0.013214520709751583,True
4928,0,1,False,0.7543314047332331,0.2456685952667668,0.004083432909604335,True
4929,0,1,False,0.758490990978455,0.24150900902154507,0.001004816709581494,True
4930,0,0,True,0.7466047712643364,0.25339522873566356,-0.009734347819019253,True
4931,0,0,True,0.577149250030043,0.422850749969957,-0.04216200081389549,False
4932,0,0,True,0.6868600144253585,0.31313998557464157,-0.030290275662254385,True
4933,0,0,True,0.6039836035334644,0.3960163964665356,-0.061258659912365614,True
4934,1,0,False,0.5515920736339507,0.5515920736339507,-0.09573639920003726,False
4935,0,0,True,0.5289408801296046,0.47105911987039534,-0.0599386205778389,False
4936,1,0,False,0.5593847199147247,0.5593847199147247,-0.06654464839270051,False
4937,0,0,True,0.6506226075914462,0.349377392408554,-0.08771025014962017,True
4938,0,0,True,0.6132206063414191,0.3867793936585809,-0.051804689872932096,True
4939,1,0,False,0.7777244097599256,0.7777244097599256,-0.07826657630391248,True
4940,1,0,False,0.5729100183913499,0.5729100183913499,-0.09847963195126719,False
4941,1,0,False,0.5465653409388481,0.5465653409388481,-0.08784438363868559,False
4942,1,0,False,0.6275687980808976,0.6275687980808976,-0.04908190596937073,True
4943,1,0,False,0.8103284129160918,0.8103284129160918,-0.09546069152336147,True
4944,0,0,True,0.5043495964025472,0.4956504035974527,-0.04028642831166901,False
4945,1,0,False,0.917830572212441,0.917830572212441,-0.05773930320300424,True
4946,1,0,False,0.8022670680496705,0.8022670680496705,-0.1257387670531591,True
4947,0,0,True,0.5364629024659133,0.46353709753408673,-0.10089418435839116,False
4948,0,0,True,0.6842357671450287,0.3157642328549713,-0.056285505640766384,True
4949,0,0,True,0.6334623476605216,0.3665376523394785,-0.03491947642073152,True
4950,0,0,True,0.6099907655711362,0.39000923442886387,-0.013229077792451091,True
4951,0,1,False,0.6232962035372211,0.37670379646277885,0.08617786443433355,True
4952,1,1,True,0.5949029480487407,0.5949029480487407,0.04981901901803061,False
4953,1,0,False,0.561080729627052,0.561080729627052,-0.011082522785604489,False
4954,0,0,True,0.5335990299369423,0.46640097006305786,-0.06138872789680191,False
4955,0,0,True,0.5780817572408106,0.42191824275918943,-0.05243604209690829,False
4956,0,0,True,0.6898444198562125,0.3101555801437876,-0.059170023604706495,True
4957,0,0,True,0.7453025080137605,0.2546974919862394,-0.05158391897151217,True
4958,0,0,True,0.7798578449146185,0.22014215508538146,-0.015367825521004025,True
4959,0,0,True,0.5705174226311164,0.4294825773688837,-0.024756714208850505,False
4960,0,0,True,0.6877449046711547,0.3122550953288454,-0.04371060199592393,True
4961,0,0,True,0.6166315685722844,0.38336843142771554,-0.05757000792576923,True
4962,0,0,True,0.625923778239064,0.3740762217609359,-0.020883302071629452,True
4963,0,0,True,0.7677028988710162,0.2322971011289839,-0.0005991713376293055,True
4964,0,1,False,0.6573907288116329,0.34260927118836704,0.03183230700486799,True
4965,1,1,True,0.687647125112744,0.687647125112744,0.044885960995384826,True
4966,1,1,True,0.8257252688314353,0.8257252688314353,0.09286397328740231,True
4967,1,1,True,0.7699354958952682,0.7699354958952682,0.04754240966219194,True
4968,0,1,False,0.5895281299295142,0.4104718700704859,0.022022920221048306,False
4969,0,1,False,0.7211228094754111,0.27887719052458876,0.05940189536750567,True
4970,1,1,True,0.540846519058401,0.540846519058401,0.07274927009769766,False
4971,1,1,True,0.5939306624206457,0.5939306624206457,0.016947484094082914,False
4972,1,1,True,0.5740125523907936,0.5740125523907936,0.06971131001674959,False
4973,1,1,True,0.5652452979628388,0.5652452979628388,0.0759253979181483,False
4974,1,1,True,0.6581385479563485,0.6581385479563485,0.025815430078830342,True
4975,0,0,True,0.585668017780919,0.41433198221908096,-0.026553617844829024,False
4976,0,0,True,0.6539787186427033,0.34602128135729676,-0.03854848694843295,True
4977,0,0,True,0.6776342695403516,0.32236573045964845,-0.05383214661597487,True
4978,0,0,True,0.5587548165155749,0.4412451834844251,-0.04896778847252139,False
4979,0,0,True,0.6134756431851843,0.3865243568148158,-0.041572704048216155,True
4980,0,1,False,0.6504907392488621,0.34950926075113786,0.023795380024796586,True
4981,1,1,True,0.5893364958594448,0.5893364958594448,0.06661496311264034,False
4982,1,1,True,0.8201696058902458,0.8201696058902458,0.012272892032085963,True
4983,1,1,True,0.6565755985554524,0.6565755985554524,0.045595843144971,True
4984,1,1,True,0.6749059599035698,0.6749059599035698,0.07289509243640258,True
4985,1,1,True,0.6406803141294635,0.6406803141294635,0.03599756798459906,True
4986,0,0,True,0.584870388118773,0.41512961188122705,-0.009555756139517244,False
4987,1,1,True,0.6262630048350125,0.6262630048350125,0.02836914593388709,True
4988,0,0,True,0.6859961535689431,0.314003846431057,-0.024764477786661698,True
4989,0,0,True,0.7877995528290226,0.21220044717097752,-0.05497904423823117,True
4990,0,0,True,0.7292900698759256,0.27070993012407446,-0.05630629196266225,True
4991,0,0,True,0.6792627119383785,0.32073728806162155,-0.046433306882001105,True
4992,0,0,True,0.6692376590464514,0.3307623409535486,-0.023492669009908516,True
4993,0,0,True,0.7261956211875885,0.27380437881241154,-0.01607784995707514,True
4994,0,1,False,0.6607261196204363,0.3392738803795638,0.021626822273284677,True
4995,0,1,False,0.6438202200193117,0.35617977998068834,0.029279450884592797,True
4996,0,1,False,0.6772929528026633,0.32270704719733684,0.02514947280703186,True
4997,1,1,True,0.602228936288418,0.602228936288418,0.02793580897220715,True
4998,0,1,False,0.7685424229503495,0.23145757704965053,0.0369935117795766,True
4999,1,1,True,0.7088954447894805,0.7088954447894805,0.011376201276182257,True
5000,1,1,True,0.5261840444837517,0.5261840444837517,0.003852774580974745,False
5001,0,1,False,0.5723526526224157,0.4276473473775842,0.05508487722022287,False
5002,1,1,True,0.5459045210565171,0.5459045210565171,0.03942154236781649,False
5003,0,1,False,0.6618975572819004,0.3381024427180996,0.10148190798090126,True
5004,0,1,False,0.6840159968713003,0.3159840031286995,0.07862506167788705,True
5005,0,1,False,0.6697845674365247,0.33021543256347535,0.12178636333366263,True
5006,0,1,False,0.6642225457510088,0.33577745424899136,0.10042522277588203,True
5007,0,1,False,0.7352291128845478,0.2647708871154521,0.029627836770445976,True
5008,0,0,True,0.6751119207672653,0.32488807923273466,-0.052070789999427686,True
5009,0,0,True,0.7419263266245508,0.25807367337544906,-0.05341665706184128,True
5010,0,0,True,0.7072474797290099,0.29275252027099014,-0.08158037435377104,True
5011,0,0,True,0.684496805676404,0.31550319432359597,-0.11135946402822715,True
5012,0,0,True,0.6375795951384732,0.36242040486152693,-0.06251642051942762,True
5013,0,0,True,0.621978176546042,0.3780218234539579,-0.03568768843276339,True
5014,0,1,False,0.6870743067566988,0.3129256932433011,0.00395633786200227,True
5015,0,1,False,0.6755391124179306,0.3244608875820693,0.009677867057671371,True
5016,0,1,False,0.7152784223053423,0.28472157769465767,0.04722018853741871,True
5017,0,1,False,0.6707006122170597,0.3292993877829404,0.03006788021797967,True
5018,0,1,False,0.6561733236918812,0.3438266763081188,0.0383391275767377,True
5019,0,1,False,0.7022165346916687,0.2977834653083313,0.012774738873220875,True
5020,0,0,True,0.6872422815603452,0.31275771843965483,-0.00255549503961306,True
5021,0,0,True,0.5834837738420207,0.41651622615797934,-0.034207241953068714,False
5022,0,0,True,0.723886014161911,0.27611398583808894,-0.0018458599284887631,True
5023,0,0,True,0.7076017238814724,0.2923982761185277,-0.003138701070563832,True
5024,0,1,False,0.718125186485924,0.281874813514076,0.013704075638874378,True
5025,0,1,False,0.7911747425292704,0.20882525747072966,0.02163941821181584,True
5026,0,1,False,0.6473348763083299,0.35266512369167,0.03680925203181742,True
5027,1,0,False,0.5161536125344591,0.5161536125344591,-0.01084614606397347,False
5028,0,0,True,0.6104092630854477,0.3895907369145523,-0.016075164066198067,True
5029,0,0,True,0.622129261586811,0.37787073841318897,-0.055619677760739186,True
5030,0,0,True,0.5283546870075838,0.47164531299241624,-0.0543112122094958,False
5031,1,0,False,0.6401806815592138,0.6401806815592138,-0.09383711773483477,True
5032,1,0,False,0.5202939839884341,0.5202939839884341,-0.05199123319300013,False
5033,0,0,True,0.5479167020614434,0.45208329793855656,-0.1406611421630201,False
5034,0,0,True,0.5309388715110304,0.46906112848896964,-0.10568763185247296,False
5035,1,0,False,0.559364599025558,0.559364599025558,-0.1187018733944176,False
5036,0,0,True,0.5992592397750586,0.4007407602249414,-0.09768496132474394,False
5037,1,0,False,0.8223277155601473,0.8223277155601473,-0.12087763499502972,True
5038,1,0,False,0.7334329302253143,0.7334329302253143,-0.011624243911859173,True
5039,1,0,False,0.8593321877477756,0.8593321877477756,-0.010970610330166037,True
5040,1,1,True,0.8329769466354349,0.8329769466354349,0.021950251088106762,True
5041,1,1,True,0.5549416159042692,0.5549416159042692,0.06419666176633976,False
5042,1,1,True,0.8279688640952738,0.8279688640952738,0.02672662118198322,True
5043,0,0,True,0.6597463689029406,0.3402536310970594,-0.005644424860799196,True
5044,0,1,False,0.7061757491695774,0.29382425083042274,0.007897715247284802,True
5045,0,1,False,0.6743078837980631,0.325692116201937,0.0022766965922899405,True
5046,0,1,False,0.6691815870930543,0.33081841290694564,0.04176212937810852,True
5047,0,1,False,0.7007162474198357,0.29928375258016426,0.05845297671842178,True
5048,0,1,False,0.8438099129338931,0.15619008706610701,0.0722162590793042,True
5049,0,1,False,0.7975672539863377,0.20243274601366232,0.06430035467300238,True
5050,0,1,False,0.8234289198396597,0.1765710801603404,0.0065345812116503555,True
5051,0,0,True,0.7694663105828782,0.23053368941712185,-0.0384048295141437,True
5052,0,1,False,0.7453520044868047,0.25464799551319534,0.011004048993696223,True
5053,0,1,False,0.838188783511407,0.16181121648859306,0.05403627966805525,True
5054,0,1,False,0.800111238123446,0.19988876187655416,0.02579965758344391,True
5055,0,1,False,0.8159957108418135,0.18400428915818642,0.06351228687329963,True
5056,1,1,True,0.5810483454733736,0.5810483454733736,0.002369513069780725,False
5057,0,0,True,0.6633078175258845,0.33669218247411553,-0.04372205851949971,True
5058,1,0,False,0.6239529016255503,0.6239529016255503,-0.08825238701911446,True
5059,1,0,False,0.5036620578867109,0.5036620578867109,-0.09038978418473789,False
5060,0,0,True,0.5282465175858118,0.4717534824141882,-0.10528697317789655,False
5061,1,0,False,0.6665331749549339,0.6665331749549339,-0.05256442196440689,True
5062,1,0,False,0.6716954479374145,0.6716954479374145,-0.02932419191961325,True
5063,1,0,False,0.7282168008413589,0.7282168008413589,-0.029703256533440903,True
5064,1,0,False,0.6961246722922679,0.6961246722922679,-0.02464072377180463,True
5065,1,0,False,0.755570507302688,0.755570507302688,-0.002815823879344904,True
5066,1,1,True,0.6870857562501739,0.6870857562501739,0.009593406124820304,True
5067,1,0,False,0.7638017328239975,0.7638017328239975,-0.005078211254471237,True
5068,1,1,True,0.741743026220063,0.741743026220063,0.004163537706637266,True
5069,1,0,False,0.8103147437523927,0.8103147437523927,-0.03433386396845456,True
5070,1,0,False,0.8345883429223214,0.8345883429223214,-0.0351633020372085,True
5071,1,1,True,0.5737003443153553,0.5737003443153553,0.006818238562552217,False
5072,0,1,False,0.5754116171433955,0.42458838285660444,0.07258295892393482,False
5073,0,1,False,0.6020797220698287,0.3979202779301712,0.1092435029116451,True
5074,0,1,False,0.7500263899921542,0.2499736100078459,0.15392656178965045,True
5075,0,1,False,0.6064533058404805,0.39354669415951954,0.16544831198479606,True
5076,0,1,False,0.5788037567805334,0.42119624321946664,0.0777189084756236,False
5077,0,1,False,0.5432917803246258,0.4567082196753742,0.012960042469138185,False
5078,0,0,True,0.7204149101168227,0.27958508988317726,-0.03979706072835511,True
5079,0,0,True,0.724805127535945,0.275194872464055,-0.03078593139792382,True
5080,0,0,True,0.602852974397187,0.39714702560281295,-0.022272705267885485,True
5081,0,1,False,0.6518107199440505,0.3481892800559494,0.0036446972155843344,True
5082,0,1,False,0.6297926060749406,0.37020739392505936,0.019701538424223928,True
5083,0,1,False,0.5645614582418111,0.4354385417581888,0.018071393205570684,False
5084,0,0,True,0.6492072136102411,0.35079278638975886,-0.02986179853043708,True
5085,0,0,True,0.5537693004632636,0.44623069953673644,-0.03844001712757491,False
5086,0,0,True,0.5436601220993408,0.45633987790065916,-0.01261833864076125,False
5087,0,0,True,0.7187766800606304,0.2812233199393695,-0.025678421976224178,True
5088,0,0,True,0.6622065856984284,0.33779341430157156,-0.04836978410419211,True
5089,0,0,True,0.6627053557060202,0.3372946442939799,-0.01827260602193785,True
5090,0,0,True,0.5877810544845817,0.4122189455154183,-0.034400212236946906,False
5091,0,0,True,0.5991131980393697,0.40088680196063026,-0.04077248302406661,False
5092,0,0,True,0.7057476310399217,0.2942523689600783,-0.015719146434706635,True
5093,0,1,False,0.6749483949835263,0.32505160501647373,0.030082506513939473,True
5094,0,1,False,0.6928392678357153,0.30716073216428463,0.07487896440864714,True
5095,0,1,False,0.6450705279503698,0.35492947204963027,0.0786036482926475,True
5096,1,1,True,0.7594699289675262,0.7594699289675262,0.04404362396667744,True
5097,0,0,True,0.5506663691020197,0.4493336308979803,-0.0005141689054472594,False
5098,0,0,True,0.5707171472532625,0.42928285274673755,-0.022226047353267796,False
5099,0,0,True,0.5976625117602188,0.4023374882397812,-0.0685381221846852,False
5100,1,0,False,0.5345356828061182,0.5345356828061182,-0.06929709032202341,False
5101,0,0,True,0.5352358828672464,0.4647641171327536,-0.07334726452083015,False
5102,0,0,True,0.630384126521203,0.3696158734787971,-0.021914262821401152,True
5103,0,0,True,0.5789600309907655,0.42103996900923435,-0.002393403377080813,False
5104,1,1,True,0.6759437137563017,0.6759437137563017,0.00955148523008389,True
5105,1,1,True,0.5704026170328722,0.5704026170328722,0.020293192769947642,False
5106,1,1,True,0.5413405448836716,0.5413405448836716,0.04480794383731217,False
5107,1,0,False,0.6091444495297978,0.6091444495297978,-0.015853909135819976,True
5108,1,0,False,0.5538660513901048,0.5538660513901048,-0.021802462905400898,False
5109,1,0,False,0.6369166957640991,0.6369166957640991,-0.03437896794586999,True
5110,1,0,False,0.69448996101123,0.69448996101123,-0.047358859641354355,True
5111,1,0,False,0.6561611500474785,0.6561611500474785,-0.07910804000033779,True
5112,0,0,True,0.5496040130005747,0.45039598699942524,-0.02737309028615736,False
5113,0,0,True,0.5386206772700898,0.46137932272991033,-0.02883274506960837,False
5114,0,0,True,0.6132306506803292,0.3867693493196707,-0.006373163243156664,True
5115,1,0,False,0.6198478120215734,0.6198478120215734,-0.01453055430797362,True
5116,1,0,False,0.5146287613188152,0.5146287613188152,-0.014080628757784845,False
5117,1,0,False,0.6536258875326505,0.6536258875326505,-0.038811441805166554,True
5118,1,0,False,0.6672393732179902,0.6672393732179902,-0.03156851132312314,True
5119,1,0,False,0.6539127232886669,0.6539127232886669,-0.029004746091404583,True
5120,1,0,False,0.6453105941613955,0.6453105941613955,-0.016159006526511886,True
5121,1,0,False,0.6031001851921977,0.6031001851921977,-0.022667010884973197,True
5122,1,0,False,0.6857608106032202,0.6857608106032202,-0.05901885686649663,True
5123,1,0,False,0.5857310516039522,0.5857310516039522,-0.0757108991597898,False
5124,1,0,False,0.5536376029310931,0.5536376029310931,-0.0979301133424683,False
5125,0,0,True,0.5037504838501631,0.49624951614983703,-0.14362717313901338,False
5126,0,0,True,0.658308423643322,0.34169157635667796,-0.09594683289246835,True
5127,1,0,False,0.6403334611812466,0.6403334611812466,-0.05828242161825256,True
5128,1,0,False,0.7462935611182105,0.7462935611182105,-0.06637532385275759,True
5129,1,0,False,0.8132932720518745,0.8132932720518745,-0.032284204448649816,True
5130,1,1,True,0.7165358448044907,0.7165358448044907,0.03998649335829094,True
5131,1,1,True,0.7540348531611234,0.7540348531611234,0.018913487654364576,True
5132,1,1,True,0.7658527273815569,0.7658527273815569,0.049903341872655285,True
5133,1,1,True,0.7155439943162208,0.7155439943162208,0.00999337082872937,True
5134,1,0,False,0.6942457060844687,0.6942457060844687,-0.01235722048843894,True
5135,1,0,False,0.67151160216959,0.67151160216959,-0.04651623222983736,True
5136,1,0,False,0.5938850538826411,0.5938850538826411,-0.0323084167292142,False
5137,0,0,True,0.5123524928585678,0.4876475071414322,-0.06393639368188234,False
5138,0,1,False,0.6172377040135196,0.3827622959864803,0.020173473629298794,True
5139,1,1,True,0.662704288933619,0.662704288933619,0.031227772780247385,True
5140,1,1,True,0.6446706028913892,0.6446706028913892,0.06354435143032676,True
5141,1,1,True,0.7438500334808387,0.7438500334808387,0.05433197926458982,True
5142,1,1,True,0.7362870490557168,0.7362870490557168,0.09596430175504916,True
5143,0,1,False,0.6116536079780166,0.38834639202198346,0.05880236133675556,True
5144,0,1,False,0.7194414881056913,0.28055851189430864,0.04338203715119218,True
5145,0,1,False,0.7064866022109123,0.2935133977890877,0.03658669205754972,True
5146,0,1,False,0.6853703620862529,0.31462963791374704,0.04739861412904267,True
5147,1,1,True,0.5632383593445934,0.5632383593445934,0.024862054543966748,False
5148,0,1,False,0.6733222213256026,0.32667777867439735,0.04923239121305413,True
5149,0,1,False,0.718354908192524,0.281645091807476,0.04873969236409297,True
5150,0,1,False,0.5688145253192394,0.4311854746807606,0.04815710838445828,False
5151,0,0,True,0.6271032390827155,0.3728967609172846,-0.008675233101542126,True
5152,0,0,True,0.5732914929515418,0.42670850704845814,-0.03671236596971599,False
5153,1,0,False,0.5387535932507667,0.5387535932507667,-0.01934668136829862,False
5154,1,1,True,0.579846407558756,0.579846407558756,0.012143405968061741,False
5155,1,1,True,0.5658661752909316,0.5658661752909316,0.024749565829017005,False
5156,1,1,True,0.5886992933601581,0.5886992933601581,0.09206336457629505,False
5157,1,1,True,0.7060788101946732,0.7060788101946732,0.1194042624975577,True
5158,1,1,True,0.6919326266790033,0.6919326266790033,0.115756705794134,True
5159,1,1,True,0.6693395453023235,0.6693395453023235,0.1309988568242299,True
5160,1,1,True,0.5363123092698805,0.5363123092698805,0.09967563877907706,False
5161,0,1,False,0.6091534429723909,0.390846557027609,0.03944563963895619,True
5162,0,1,False,0.6076333064492717,0.39236669355072834,0.003145873846388076,True
5163,1,1,True,0.6277051530725992,0.6277051530725992,0.002562150246601472,True
5164,1,1,True,0.7004598253459156,0.7004598253459156,0.025771257432064782,True
5165,1,1,True,0.6207581482420198,0.6207581482420198,0.06041251885794197,True
5166,0,1,False,0.5612566327248593,0.4387433672751408,0.0662766930348958,False
5167,0,1,False,0.6526860912100942,0.3473139087899058,0.0776639787127828,True
5168,0,1,False,0.6585562262052514,0.34144377379474844,0.0706054556027153,True
5169,0,0,True,0.6372584132673059,0.362741586732694,-0.014724546767675352,True
5170,0,0,True,0.5933233764628506,0.4066766235371495,-0.03601612213497552,False
5171,0,0,True,0.6499214372113455,0.3500785627886544,-0.0239054842333532,True
5172,0,0,True,0.6927364113283426,0.30726358867165726,-0.0039465558529564945,True
5173,0,0,True,0.6525248656543586,0.3474751343456413,-0.024924119503212147,True
5174,1,1,True,0.5057138646707534,0.5057138646707534,0.003748108067586707,False
5175,0,1,False,0.721455383578821,0.2785446164211789,0.014854453473161196,True
5176,0,1,False,0.6868899938138989,0.31311000618610113,0.03268552832003598,True
5177,0,1,False,0.7286901556149007,0.2713098443850993,0.014643839724720576,True
5178,0,1,False,0.6888247393884744,0.3111752606115256,0.013884492808781807,True
5179,1,1,True,0.5215740328844906,0.5215740328844906,0.02993882743326208,False
5180,1,0,False,0.6564430770353745,0.6564430770353745,-0.05004023200185657,True
5181,0,0,True,0.5399553699857408,0.46004463001425927,-0.04680561237550765,False
5182,0,0,True,0.5099430968702267,0.4900569031297734,-0.08923627929498426,False
5183,1,0,False,0.5841171606166341,0.5841171606166341,-0.0930175295401629,False
5184,1,0,False,0.6456497256111421,0.6456497256111421,-0.0839277108390915,True
5185,1,0,False,0.6108387829345986,0.6108387829345986,-0.0020339517613307853,True
5186,0,0,True,0.5767128217017037,0.42328717829829626,-0.04967149337246454,False
5187,0,1,False,0.5853870453650306,0.41461295463496933,0.07035851822800188,False
5188,1,1,True,0.6404797739818792,0.6404797739818792,0.06508163352929881,True
5189,1,1,True,0.5219168443516443,0.5219168443516443,0.0485325406931543,False
5190,0,1,False,0.6976813902893296,0.3023186097106704,0.05092449246453024,True
5191,0,1,False,0.6841175479111429,0.3158824520888572,0.04908478046910862,True
5192,0,0,True,0.7313104803180864,0.2686895196819136,-0.07864316848891056,True
5193,0,0,True,0.7046670128274507,0.2953329871725494,-0.07841031756601947,True
5194,0,0,True,0.7050814130374422,0.2949185869625578,-0.10463876408816047,True
5195,0,0,True,0.7117608131515788,0.2882391868484212,-0.1465634588909675,True
5196,0,0,True,0.7949630418621475,0.20503695813785258,-0.11547170968519307,True
5197,0,0,True,0.8032728017944984,0.19672719820550164,-0.05530673615639477,True
5198,0,0,True,0.8011910079313839,0.19880899206861602,-0.02729297144661921,True
5199,0,0,True,0.7287830864207582,0.2712169135792419,-0.034335883300175576,True
5200,0,0,True,0.7020271795169646,0.29797282048303536,-0.058282324204505825,True
5201,0,0,True,0.6241224760752525,0.37587752392474755,-0.06215326343455789,True
5202,0,0,True,0.7325583475681018,0.2674416524318983,-0.09781750663857477,True
5203,0,0,True,0.6624027005388778,0.3375972994611221,-0.0976143015750224,True
5204,0,0,True,0.7759448481537242,0.2240551518462757,-0.0589925317839372,True
5205,1,0,False,0.5488439383825635,0.5488439383825635,-0.014480593635810056,False
5206,0,0,True,0.608065523177851,0.39193447682214905,-0.02917867086915944,True
5207,1,0,False,0.5413102879644744,0.5413102879644744,-0.011436298954786553,False
5208,1,0,False,0.8357492299827554,0.8357492299827554,-0.006899183154102286,True
5209,1,0,False,0.7340763561495454,0.7340763561495454,-0.018854048381425414,True
5210,0,1,False,0.7553729649370062,0.2446270350629937,0.0036232462443320417,True
5211,0,1,False,0.6955410198243448,0.30445898017565526,0.027275021010929074,True
5212,0,1,False,0.7493971470679893,0.2506028529320106,0.034970363930489495,True
5213,0,0,True,0.6930470526121285,0.30695294738787143,-0.012749790022244262,True
5214,0,1,False,0.6792716617229604,0.32072833827703956,0.004696058064189964,True
5215,0,0,True,0.7472583022537362,0.2527416977462637,-0.02139288747359159,True
5216,0,1,False,0.7002457116604379,0.29975428833956197,0.017118197992800215,True
5217,0,1,False,0.686206116312189,0.3137938836878111,0.04499013012670093,True
5218,0,1,False,0.684700604731809,0.3152993952681909,0.14331009115713042,True
5219,0,1,False,0.5378010627888072,0.46219893721119276,0.09467655163768643,False
5220,1,1,True,0.6118976921093808,0.6118976921093808,0.15520218943394737,True
5221,1,1,True,0.6281056328083908,0.6281056328083908,0.1611556582178157,True
5222,1,1,True,0.5508490693623903,0.5508490693623903,0.15193580645656596,False
5223,1,1,True,0.5109172087110423,0.5109172087110423,0.06068856196774093,False
5224,0,1,False,0.5204010143565893,0.4795989856434108,0.06058633946918863,False
5225,1,0,False,0.526982747086703,0.526982747086703,-0.014124927291439018,False
5226,0,0,True,0.5071606027523908,0.4928393972476092,-0.0687215135454386,False
5227,1,0,False,0.6057697219756749,0.6057697219756749,-0.08306688753270493,True
5228,1,0,False,0.5283138220484505,0.5283138220484505,-0.04191892787703653,False
5229,1,0,False,0.700771524704975,0.700771524704975,-0.03776892413172551,True
5230,1,0,False,0.7407806139863647,0.7407806139863647,-0.013736942108695433,True
5231,1,1,True,0.7137042181498833,0.7137042181498833,0.019148912980126186,True
5232,1,1,True,0.822225349792669,0.822225349792669,0.035925527461142304,True
5233,1,1,True,0.7779724912018096,0.7779724912018096,0.06022350441512367,True
5234,1,1,True,0.8132955336083869,0.8132955336083869,0.038706097438995724,True
5235,1,1,True,0.7988065254216853,0.7988065254216853,0.06253935474693452,True
5236,1,1,True,0.8270526856566311,0.8270526856566311,0.049432843223457285,True
5237,1,0,False,0.7655450734145902,0.7655450734145902,-0.006795453109101094,True
5238,1,0,False,0.7535468475037099,0.7535468475037099,-0.08372119705108096,True
5239,1,0,False,0.6979652422515904,0.6979652422515904,-0.04128096064535379,True
5240,1,0,False,0.7096097656658532,0.7096097656658532,-0.03473111680054105,True
5241,0,0,True,0.6018477627099347,0.39815223729006527,-0.08930562588226862,True
5242,1,0,False,0.5492045008775382,0.5492045008775382,-0.008696416534259042,False
5243,1,1,True,0.7378021348355018,0.7378021348355018,0.01029044550638322,True
5244,1,1,True,0.743167985906649,0.743167985906649,0.03585426179980742,True
5245,1,1,True,0.8241753412149215,0.8241753412149215,0.03169822738453893,True
5246,1,1,True,0.7458340881531949,0.7458340881531949,0.09663423719095052,True
5247,1,1,True,0.6650232799898415,0.6650232799898415,0.060081056942417235,True
5248,0,1,False,0.5514420528994655,0.4485579471005346,0.08500833424970845,False
5249,0,1,False,0.5392269799431549,0.4607730200568451,0.05183967390405117,False
5250,0,1,False,0.5891375070437459,0.4108624929562541,0.046694081529697326,False
5251,0,1,False,0.6976348711393459,0.3023651288606541,0.035518438203380985,True
5252,0,1,False,0.6854887759382905,0.31451122406170945,0.058406225965979386,True
5253,0,1,False,0.5983454832047496,0.40165451679525055,0.06203462405528312,False
5254,1,1,True,0.5118511005629676,0.5118511005629676,0.04514288646138019,False
5255,0,1,False,0.5344167604862194,0.4655832395137806,0.03775318260279631,False
5256,1,1,True,0.6503129970965867,0.6503129970965867,0.030141614179610168,True
5257,1,1,True,0.6690057122694771,0.6690057122694771,0.03276914523598377,True
5258,1,1,True,0.7546711012963797,0.7546711012963797,0.05204033376092953,True
5259,1,1,True,0.7568261521791902,0.7568261521791902,0.11584799144999507,True
5260,1,1,True,0.6743316890770141,0.6743316890770141,0.10803000002138746,True
5261,1,1,True,0.5976227810141604,0.5976227810141604,0.08494575866735639,False
5262,0,1,False,0.6544513639880781,0.345548636011922,0.08025789838142082,True
5263,0,1,False,0.5935122333834859,0.4064877666165141,0.04719910588196505,False
5264,0,0,True,0.5278000883139158,0.47219991168608405,-0.008406676777055913,False
5265,0,0,True,0.5018445627309398,0.4981554372690602,-0.026370123935879508,False
5266,1,0,False,0.5277736545406353,0.5277736545406353,-0.014197504359634726,False
5267,0,1,False,0.6132404919278169,0.3867595080721831,0.0011267872202950352,True
5268,1,1,True,0.5024099787173743,0.5024099787173743,0.020579674541649516,False
5269,1,1,True,0.5115958150878123,0.5115958150878123,0.014799383437229141,False
5270,1,1,True,0.6123163880285939,0.6123163880285939,0.02365754142725385,True
5271,0,1,False,0.5583596061033833,0.4416403938966167,0.04613995937715612,False
5272,0,1,False,0.5274939073397221,0.47250609266027793,0.02171690300505697,False
5273,0,0,True,0.7184370803425928,0.2815629196574072,-0.03101419583113498,True
5274,1,0,False,0.5524318578039624,0.5524318578039624,-0.03374288032692259,False
5275,0,0,True,0.5757833617837501,0.42421663821625,-0.04295810415229955,False
5276,0,0,True,0.715307048681411,0.28469295131858896,-0.06471541698603701,True
5277,0,0,True,0.7279282339676914,0.2720717660323087,-0.0759953316790714,True
5278,0,0,True,0.6894637787649088,0.3105362212350911,-0.043938349828909956,True
5279,1,0,False,0.5687851949840518,0.5687851949840518,-0.02622755726186216,False
5280,1,0,False,0.5069826750774192,0.5069826750774192,-0.00873881764808483,False
5281,0,1,False,0.5493605716713041,0.4506394283286958,0.0032787479915774497,False
5282,1,0,False,0.586430295788198,0.586430295788198,-0.038180301332350425,False
5283,1,0,False,0.7245461967280926,0.7245461967280926,-0.05382131940475266,True
5284,1,0,False,0.7362524135002801,0.7362524135002801,-0.013954176938101456,True
5285,1,1,True,0.7667207902559997,0.7667207902559997,0.017168652593765727,True
5286,1,1,True,0.7696990940598344,0.7696990940598344,0.07566708591843453,True
5287,1,1,True,0.7184415611946308,0.7184415611946308,0.11858640845435181,True
5288,1,1,True,0.7258266134846454,0.7258266134846454,0.11748181962610504,True
5289,1,1,True,0.7297773805513094,0.7297773805513094,0.09952119641229523,True
5290,0,1,False,0.5371839104877983,0.4628160895122016,0.08057860351279973,False
5291,0,1,False,0.5889684763193181,0.41103152368068185,0.015818491223184468,False
5292,1,1,True,0.6146923547463605,0.6146923547463605,0.04129618293411016,True
5293,1,1,True,0.6929153246239408,0.6929153246239408,0.057167170838178856,True
5294,0,1,False,0.5344205205443731,0.4655794794556269,0.013592232842656541,False
5295,0,0,True,0.509797676592873,0.49020232340712716,-0.006245925325740882,False
5296,0,0,True,0.5753962755825186,0.4246037244174814,-0.020841153946823496,False
5297,0,0,True,0.5498305610348279,0.4501694389651721,-0.04725795768433228,False
5298,1,0,False,0.628441985137789,0.628441985137789,-0.016280514065445624,True
5299,1,1,True,0.5067796295955921,0.5067796295955921,0.009336614685057587,False
5300,0,1,False,0.6749528573405703,0.32504714265942963,0.02158833594038314,True
5301,0,1,False,0.7158541400503893,0.28414585994961067,0.03489466485240373,True
5302,0,1,False,0.5766761023997408,0.4233238976002592,0.08007529993659646,False
5303,0,1,False,0.6586687159738841,0.34133128402611596,0.07318900196464578,True
5304,0,1,False,0.7100205355416639,0.28997946445833617,0.0428829857882887,True
5305,0,0,True,0.720046678679129,0.279953321320871,-0.005212350891782526,True
5306,0,1,False,0.7293130991964835,0.27068690080351654,0.008838082965100346,True
5307,0,0,True,0.6181292537067288,0.3818707462932713,-0.013606822383514267,True
5308,0,0,True,0.6390358543998101,0.36096414560018975,-0.04959044928939386,True
5309,0,0,True,0.5901120513880147,0.4098879486119853,-0.025555778066844385,False
5310,0,1,False,0.6699803188643797,0.33001968113562036,0.0056356657750794075,True
5311,0,0,True,0.6644796191906247,0.33552038080937524,-0.0176415270839784,True
5312,0,0,True,0.6306034496189141,0.36939655038108593,-0.026560181438020188,True
5313,0,0,True,0.5788227955931086,0.4211772044068913,-0.028644940389824042,False
5314,0,0,True,0.5312448125557659,0.468755187444234,-0.02381347559839565,False
5315,0,1,False,0.5322147203082839,0.4677852796917161,0.005726317163478741,False
5316,0,1,False,0.5251014994437476,0.4748985005562523,0.05521438508777121,False
5317,1,1,True,0.509887607178697,0.509887607178697,0.03147729460898157,False
5318,1,1,True,0.7085769763383682,0.7085769763383682,0.02122811022314137,True
5319,1,1,True,0.7464308011254394,0.7464308011254394,0.012179654464511148,True
5320,1,1,True,0.6215273441764108,0.6215273441764108,0.019130208507129976,True
5321,0,1,False,0.6771996712436628,0.32280032875633735,0.010289225574109554,True
5322,0,1,False,0.6475797126875539,0.35242028731244623,0.011404067521846134,True
5323,0,1,False,0.628513101525845,0.37148689847415484,0.025396408887985986,True
5324,0,1,False,0.566050059802531,0.4339499401974691,0.010315647975015087,False
5325,0,1,False,0.5723522260334134,0.4276477739665865,0.00874402198838631,False
5326,0,0,True,0.6628914435741521,0.33710855642584797,-0.0004150784078727337,True
5327,0,1,False,0.5425393411003115,0.4574606588996884,0.02309989202691042,False
5328,0,0,True,0.566278331153212,0.4337216688467879,-0.026457127777027908,False
5329,0,0,True,0.5253945887916216,0.47460541120837846,-0.01741106956535344,False
5330,1,0,False,0.6031728800008277,0.6031728800008277,-0.014901044113656694,True
5331,0,1,False,0.5717736567206327,0.4282263432793673,0.002735313169273861,False
5332,0,1,False,0.5775670576262314,0.42243294237376855,0.0070187551698055834,False
5333,0,1,False,0.5686221240037406,0.43137787599625943,0.05669241037010885,False
5334,0,1,False,0.6639559301337769,0.3360440698662231,0.03482562534870869,True
5335,0,1,False,0.6436778946639236,0.3563221053360765,0.002750084603656466,True
5336,0,1,False,0.7338054210855427,0.26619457891445725,0.005324047914245463,True
5337,0,0,True,0.651717546964528,0.34828245303547195,-0.03917210222517226,True
5338,0,0,True,0.7717207269910998,0.22827927300890014,-0.02432608804829633,True
5339,0,1,False,0.7693289533050729,0.23067104669492702,0.012943340402038903,True
5340,0,1,False,0.7995437236048467,0.2004562763951532,0.03831839496714935,True
5341,0,1,False,0.755415569948564,0.244584430051436,0.03652917183153151,True
5342,0,1,False,0.6108023843555676,0.38919761564443234,0.07357823990324329,True
5343,0,1,False,0.7231794694006473,0.27682053059935274,0.020743071577952788,True
5344,0,1,False,0.6054852016831801,0.39451479831681996,0.01683587625283103,True
5345,0,0,True,0.6576899539110256,0.3423100460889745,-0.013459145656201661,True
5346,0,0,True,0.6709289445112617,0.3290710554887382,-0.05757317515015233,True
5347,0,0,True,0.7754774855176249,0.224522514482375,-0.09848486915616045,True
5348,0,0,True,0.7597977091125,0.24020229088749998,-0.05751130309764844,True
5349,0,0,True,0.7449393933963367,0.2550606066036632,-0.08561715578209705,True
5350,0,0,True,0.685396097023314,0.3146039029766859,-0.09107225584402381,True
5351,0,0,True,0.6375367406249467,0.36246325937505325,-0.07259116273629769,True
5352,0,0,True,0.7309989467111957,0.26900105328880425,-0.04196205812897601,True
5353,0,0,True,0.7144049695854439,0.2855950304145563,-0.05631312429498146,True
5354,0,0,True,0.7477784726898805,0.2522215273101195,-0.03177632236541404,True
5355,0,0,True,0.6368265305496824,0.36317346945031764,-0.020998372746544567,True
5356,0,0,True,0.5720508594861787,0.4279491405138212,-0.0073018377734759,False
5357,1,1,True,0.5459454678665365,0.5459454678665365,0.03286613411106667,False
5358,1,1,True,0.6925519780592885,0.6925519780592885,0.07398162948107377,True
5359,1,1,True,0.7966909930272358,0.7966909930272358,0.015220464010010655,True
5360,1,1,True,0.5326069510385122,0.5326069510385122,0.007813257396911674,False
5361,1,0,False,0.5121641111963648,0.5121641111963648,-0.046667510103974005,False
5362,0,0,True,0.5856779950907076,0.41432200490929233,-0.06064606246090051,False
5363,0,0,True,0.6354936670903762,0.3645063329096238,-0.0507823209531646,True
5364,0,0,True,0.6230426290502139,0.37695737094978604,-0.0033862958749905927,True
5365,0,1,False,0.768227266585641,0.23177273341435908,0.008850731099612342,True
5366,0,1,False,0.6914501421241398,0.30854985787586003,0.018184687395727872,True
5367,1,1,True,0.5122334127952844,0.5122334127952844,0.01872479773307935,False
5368,1,1,True,0.6187414830192918,0.6187414830192918,0.02372263362526699,True
5369,0,1,False,0.6913095095602704,0.30869049043972957,0.033633228400870144,True
5370,0,1,False,0.6826694750572103,0.3173305249427897,0.02500497537500698,True
5371,0,1,False,0.6607413274313926,0.33925867256860737,0.08070282808050545,True
5372,1,1,True,0.5033158311273658,0.5033158311273658,0.06341155028785535,False
5373,1,1,True,0.5111954020258226,0.5111954020258226,0.0772964420179477,False
5374,0,1,False,0.7164181353235964,0.2835818646764034,0.047437314754509,True
5375,0,1,False,0.7247816118725542,0.27521838812744576,0.026855853590947845,True
5376,0,1,False,0.7056738640002568,0.29432613599974317,0.010832507865640488,True
5377,0,1,False,0.7322353103990564,0.2677646896009435,0.011300181979938055,True
5378,0,1,False,0.6239607988885408,0.3760392011114592,0.009018074239400816,True
5379,0,1,False,0.7186165354285124,0.2813834645714875,0.004456714996187285,True
5380,0,1,False,0.6943414236562199,0.3056585763437802,0.013069108652557282,True
5381,0,0,True,0.7154754689238022,0.28452453107619774,-0.0497559007997218,True
5382,0,0,True,0.7040656714343593,0.29593432856564067,-0.02810764011586672,True
5383,1,0,False,0.5196072020426212,0.5196072020426212,-0.0721816004912028,False
5384,0,0,True,0.5609685819790684,0.43903141802093154,-0.06661048115909984,False
5385,0,0,True,0.680021065358884,0.319978934641116,-0.04603304476143121,True
5386,0,1,False,0.6269856059363653,0.37301439406363457,0.0353670483254974,True
5387,1,1,True,0.5727758520629477,0.5727758520629477,0.045836797564222466,False
5388,1,1,True,0.5789697463750462,0.5789697463750462,0.06245638417051596,False
5389,0,1,False,0.6223287724357099,0.3776712275642901,0.053116981630715286,True
5390,0,1,False,0.6257488057230537,0.37425119427694636,0.022437229896422984,True
5391,0,1,False,0.7278355664056703,0.27216443359432957,0.013006275857505746,True
5392,0,0,True,0.7341487032328112,0.2658512967671888,-0.03628278022029769,True
5393,1,0,False,0.5273629628663487,0.5273629628663487,-0.05266969441236805,False
5394,0,0,True,0.5778703956118797,0.4221296043881204,-0.024876551809344498,False
5395,0,0,True,0.7831040243052865,0.21689597569471364,-0.06255850243916884,True
5396,0,0,True,0.6859716376381986,0.31402836236180137,-0.07883892919456542,True
5397,1,0,False,0.5569348648170944,0.5569348648170944,-0.027221468195643393,False
5398,0,0,True,0.5879661334419394,0.4120338665580607,-0.02668913606699662,False
5399,0,0,True,0.5465057050683604,0.4534942949316396,-0.04532669168705936,False
5400,0,1,False,0.553158955875598,0.446841044124402,0.012100941895077825,False
5401,1,1,True,0.6959236494000872,0.6959236494000872,0.005729881185496565,True
5402,1,1,True,0.5350141616540834,0.5350141616540834,0.0006254339664241404,False
5403,0,0,True,0.7275096439642263,0.2724903560357737,-0.02672480442184777,True
5404,0,0,True,0.5249403133869555,0.47505968661304454,-0.006882466336657481,False
5405,0,1,False,0.6350707894088111,0.36492921059118894,0.009113135252766781,True
5406,0,1,False,0.5686827110904524,0.4313172889095475,0.03717579918404458,False
5407,1,0,False,0.5809498165309673,0.5809498165309673,-0.004309606473307451,False
5408,1,1,True,0.5253910511488264,0.5253910511488264,0.03242356227154885,False
5409,0,1,False,0.5484430998085238,0.4515569001914761,0.017714899901144606,False
5410,0,1,False,0.6245939957642692,0.3754060042357308,0.006540891521558343,True
5411,0,0,True,0.7002524929625368,0.2997475070374632,-0.0017893854254543463,True
5412,0,1,False,0.6496877061891538,0.3503122938108462,0.0561642728372932,True
5413,0,1,False,0.5127009741380494,0.48729902586195056,0.03473077357338252,False
5414,0,1,False,0.5710880100476916,0.42891198995230834,0.053219544340663553,False
5415,1,1,True,0.5085659879897263,0.5085659879897263,0.06114612683211113,False
5416,1,1,True,0.5226795499345077,0.5226795499345077,0.00556898101285974,False
5417,1,0,False,0.5066331019947978,0.5066331019947978,-0.03160884677271097,False
5418,0,0,True,0.6393187198217322,0.3606812801782679,-0.0630151285428428,True
5419,0,0,True,0.6534635210541047,0.34653647894589534,-0.03087168423851676,True
5420,0,0,True,0.6316755138688593,0.3683244861311406,-0.01977516366980653,True
5421,0,0,True,0.5924035536805037,0.4075964463194963,-0.019072919525661775,False
5422,1,0,False,0.6670915601210324,0.6670915601210324,-0.017071295652286964,True
5423,1,1,True,0.6439322408836147,0.6439322408836147,0.042914990313440156,True
5424,1,1,True,0.7817116380262537,0.7817116380262537,0.017403319003426766,True
5425,1,1,True,0.5658702918292832,0.5658702918292832,0.008399417794682347,False
5426,0,1,False,0.7409243708137764,0.25907562918622373,0.056338753501560104,True
5427,0,1,False,0.6338972520551397,0.36610274794486025,0.0009776084360196362,True
5428,0,1,False,0.752729902960997,0.24727009703900313,0.0397500724188112,True
5429,0,1,False,0.7429874891775835,0.25701251082241655,0.03067970985017733,True
5430,0,1,False,0.7117067544840946,0.2882932455159055,0.04475819124983696,True
5431,0,1,False,0.7671206359136841,0.23287936408631596,0.03312555471671245,True
5432,0,1,False,0.7518247027715854,0.24817529722841458,0.07645015916448683,True
5433,0,1,False,0.6735461500547807,0.32645384994521914,0.02954810403957997,True
5434,0,1,False,0.8098585126770104,0.1901414873229896,0.018370206482040824,True
5435,0,0,True,0.8032973896545114,0.19670261034548875,-0.003721669419423258,True
5436,0,0,True,0.827814265637432,0.17218573436256798,-0.024186323221038843,True
5437,0,0,True,0.8085710645406156,0.19142893545938447,-0.01688094100865839,True
5438,0,0,True,0.7716192614579374,0.22838073854206267,-0.049665274884195726,True
5439,0,0,True,0.7608960183741833,0.2391039816258168,-0.07576821313368563,True
5440,0,0,True,0.7438757894924853,0.2561242105075147,-0.131054807338232,True
5441,0,0,True,0.5572383508666117,0.4427616491333883,-0.07543310546691134,False
5442,0,0,True,0.632670451024797,0.3673295489752029,-0.07386643885031545,True
5443,0,0,True,0.5250567643487942,0.47494323565120583,-0.041054763655533885,False
5444,1,0,False,0.5542954717876528,0.5542954717876528,-0.022790471719260692,False
5445,1,1,True,0.7867974082828275,0.7867974082828275,0.06988889236664028,True
5446,1,1,True,0.849518544593121,0.849518544593121,0.049681519909502536,True
5447,1,1,True,0.7321590473001068,0.7321590473001068,0.006691146185191416,True
5448,1,0,False,0.5046098855308359,0.5046098855308359,-0.027961122387091954,False
5449,0,0,True,0.585294360691539,0.414705639308461,-0.03329076791426801,False
5450,0,0,True,0.6087391780773733,0.39126082192262657,-0.07574260329432703,True
5451,0,0,True,0.7387065122997004,0.26129348770029964,-0.140648958507436,True
5452,0,0,True,0.6921079447686173,0.3078920552313827,-0.08804814364305902,True
5453,0,0,True,0.684464677557326,0.315535322442674,-0.027536806994521806,True
5454,0,0,True,0.622500047214649,0.37749995278535103,-0.0174816148107423,True
5455,0,0,True,0.6442231019483872,0.3557768980516128,-0.0031896040805025755,True
5456,1,1,True,0.512416784398825,0.512416784398825,0.04702749745135785,False
5457,1,1,True,0.5991865773637579,0.5991865773637579,0.05217368289833672,False
5458,1,1,True,0.5014486148539526,0.5014486148539526,0.01677382274884499,False
5459,0,1,False,0.7620734389590013,0.23792656104099877,0.07102539742492593,True
5460,0,1,False,0.8086280231452466,0.19137197685475346,0.0759568510161167,True
5461,0,1,False,0.7957374760652646,0.20426252393473532,0.07845007954316854,True
5462,0,1,False,0.7609367590915616,0.23906324090843845,0.05913705512744385,True
5463,0,1,False,0.7441121636284324,0.2558878363715677,0.10659073672852833,True
5464,0,1,False,0.7335435590975194,0.26645644090248055,0.058853360291565814,True
5465,0,1,False,0.7367795912039737,0.26322040879602643,0.087318402873089,True
5466,0,1,False,0.6354061202280595,0.3645938797719404,0.12149208024121658,True
5467,0,1,False,0.6402914688440625,0.35970853115593754,0.0620302403702017,True
5468,0,1,False,0.6994392435206458,0.3005607564793542,0.010537669703390725,True
5469,0,0,True,0.6936947581227376,0.3063052418772623,-0.0274872985711904,True
5470,0,0,True,0.5625909784598219,0.4374090215401781,-0.07484630972101296,False
5471,1,0,False,0.668893018666321,0.668893018666321,-0.07886296195789168,True
5472,1,0,False,0.6187568565293887,0.6187568565293887,-0.03257121491059785,True
5473,0,0,True,0.623507251368371,0.37649274863162896,-0.03474888548019212,True
5474,1,1,True,0.5272538204068681,0.5272538204068681,0.013562379297744852,False
5475,1,1,True,0.5869093086793106,0.5869093086793106,0.01453288886202656,False
5476,1,0,False,0.6256287312307317,0.6256287312307317,-0.03464267085448088,True
5477,0,0,True,0.5084373270443739,0.491562672955626,-0.08935049767668161,False
5478,1,0,False,0.6688903781081089,0.6688903781081089,-0.05143245673068434,True
5479,1,0,False,0.6173361269208174,0.6173361269208174,-0.03597730884316095,True
5480,1,0,False,0.568079157029795,0.568079157029795,-0.014827833458376453,False
5481,0,1,False,0.5049061484135209,0.49509385158647906,0.04212843690058805,False
5482,0,1,False,0.5953727810246999,0.4046272189753,0.13958399258575205,False
5483,1,1,True,0.8088800653490456,0.8088800653490456,0.13879800983302495,True
5484,1,1,True,0.6446346816391645,0.6446346816391645,0.09573970526762386,True
5485,0,1,False,0.5091357914191718,0.4908642085808282,0.11364605901761926,False
5486,0,1,False,0.7721841335931035,0.22781586640689652,0.015252175940606547,True
5487,0,1,False,0.7929855845721269,0.20701441542787322,0.0009624254572676278,True
5488,0,0,True,0.7379594033299172,0.2620405966700828,-0.0654807443147555,True
5489,0,0,True,0.7870335497921772,0.2129664502078228,-0.03282147437841072,True
5490,0,0,True,0.8092151120388493,0.19078488796115067,-0.07062193786706245,True
5491,0,1,False,0.720450629836287,0.27954937016371295,0.01932813015740084,True
5492,0,1,False,0.5231183709724297,0.4768816290275703,0.011717960049430142,False
5493,0,1,False,0.5036435274042718,0.4963564725957282,0.06315410224322558,False
5494,0,1,False,0.5222622555209914,0.4777377444790086,0.029435305666539735,False
5495,0,1,False,0.7745389628140185,0.22546103718598162,0.04178320173065766,True
5496,0,1,False,0.7719358442308432,0.22806415576915676,0.09127536620495699,True
5497,0,1,False,0.7983095062183864,0.20169049378161363,0.06634888964975282,True
5498,0,1,False,0.7533589070820224,0.24664109291797762,0.04971240579144228,True
5499,1,1,True,0.594019861862981,0.594019861862981,0.06175859218618222,False
5500,1,1,True,0.6561463406148942,0.6561463406148942,0.07803819119465184,True
5501,1,0,False,0.5192268319452175,0.5192268319452175,-0.019019199205773604,False
5502,0,0,True,0.5729849092516955,0.4270150907483045,-0.029115551311360354,False
5503,0,0,True,0.6364094700603163,0.3635905299396837,-0.011673841613380628,True
5504,0,0,True,0.5572758686778423,0.4427241313221577,-0.006921054280776653,False
5505,0,0,True,0.574553551245781,0.4254464487542191,-0.032171832439428304,False
5506,1,0,False,0.5588706248924552,0.5588706248924552,-0.014891598908368484,False
5507,0,1,False,0.5370142916457309,0.46298570835426917,0.045770291551511244,False
5508,0,0,True,0.5177984046260481,0.48220159537395185,-0.023421507966861304,False
5509,0,0,True,0.5363772295474519,0.4636227704525481,-0.0920408557846888,False
5510,0,0,True,0.5325222747285522,0.46747772527144776,-0.12177273814226075,False
5511,0,0,True,0.6014570737614818,0.3985429262385181,-0.07047486910047462,True
5512,0,0,True,0.5347401265589325,0.4652598734410674,-0.1324084321226373,False
5513,0,0,True,0.5186952025181496,0.48130479748185045,-0.09258955230650492,False
5514,1,0,False,0.7495271600035295,0.7495271600035295,-0.019574700527155174,True
5515,1,1,True,0.7943557233732568,0.7943557233732568,0.0453888962836768,True
5516,1,0,False,0.7453613078205578,0.7453613078205578,-0.01533324396658942,True
5517,1,1,True,0.5718118553753181,0.5718118553753181,0.0456102470904425,False
5518,1,1,True,0.6192504690157761,0.6192504690157761,0.07410231256706186,True
5519,1,1,True,0.5826325552209121,0.5826325552209121,0.043021678663556114,False
5520,0,1,False,0.573499748595232,0.426500251404768,0.005309863507743586,False
5521,0,1,False,0.6453948011891153,0.35460519881088476,0.01548584244101152,True
5522,0,1,False,0.676143401315108,0.32385659868489197,0.0016660546889168233,True
5523,0,1,False,0.5909091830120846,0.40909081698791544,0.026548857787431872,False
5524,0,1,False,0.6186088648655463,0.3813911351344536,0.05106563545266901,True
5525,0,1,False,0.636661962574052,0.3633380374259479,0.06806683967905842,True
5526,0,1,False,0.5491615604398243,0.4508384395601757,0.0979922230888968,False
5527,0,1,False,0.558150619852417,0.44184938014758296,0.10603009134306798,False
5528,0,1,False,0.52960614010537,0.47039385989463,0.07892459788587426,False
5529,1,1,True,0.586060492051193,0.586060492051193,0.03929765028408004,False
5530,1,1,True,0.5615692256977162,0.5615692256977162,0.040577659208371794,False
5531,0,1,False,0.5680377499348519,0.4319622500651481,0.0037082004985446323,False
5532,1,0,False,0.5372878932719711,0.5372878932719711,-0.005091292290239772,False
5533,0,0,True,0.592599733130975,0.4074002668690249,-0.06740545714083274,False
5534,0,0,True,0.5947786666065246,0.4052213333934754,-0.048525034984799875,False
5535,0,0,True,0.6841250749071723,0.31587492509282766,-0.040617050606439366,True
5536,0,0,True,0.6957977063275713,0.3042022936724287,-0.041439601371263964,True
5537,0,0,True,0.6416169403952354,0.3583830596047646,-0.02050194215683774,True
5538,0,1,False,0.6169822113041926,0.38301778869580744,0.05142627395967874,True
5539,0,1,False,0.5901901259612213,0.4098098740387787,0.0882678463675328,False
5540,0,1,False,0.54258615375918,0.4574138462408201,0.07534420490297813,False
5541,0,1,False,0.5506202111281459,0.4493797888718542,0.08610360999812718,False
5542,1,1,True,0.5832848126900333,0.5832848126900333,0.021080822377144443,False
5543,0,0,True,0.5249438896243551,0.4750561103756448,-0.024449510989086768,False
5544,0,0,True,0.5532789434150337,0.44672105658496636,-0.02413583838697499,False
5545,0,1,False,0.612696294967053,0.38730370503294714,0.007503034533795797,True
5546,0,0,True,0.5843483879875393,0.4156516120124607,-0.019827728738355376,False
5547,0,1,False,0.5802335162145464,0.41976648378545356,0.0041769956908812985,False
5548,1,0,False,0.5617005664973442,0.5617005664973442,-0.012392143907991515,False
5549,1,0,False,0.6483909149629928,0.6483909149629928,-0.024204183433341818,True
5550,1,0,False,0.5722327154897612,0.5722327154897612,-0.0663326106448242,False
5551,1,0,False,0.5846394539936446,0.5846394539936446,-0.041800524797675986,False
5552,1,0,False,0.6263138145470645,0.6263138145470645,-0.0028939126130246807,True
5553,1,1,True,0.5130475838411698,0.5130475838411698,0.007905567768726432,False
5554,1,1,True,0.7051420327194565,0.7051420327194565,0.0035033852801815745,True
5555,1,1,True,0.7101733601674315,0.7101733601674315,0.02665686965523351,True
5556,1,0,False,0.6816004501935696,0.6816004501935696,-0.005105576575608886,True
5557,1,0,False,0.6992846921247523,0.6992846921247523,-0.06320890785787221,True
5558,1,0,False,0.6014882167783593,0.6014882167783593,-0.027472211444051944,True
5559,1,0,False,0.7525783059452996,0.7525783059452996,-0.040766714311826054,True
5560,1,0,False,0.6174137460925465,0.6174137460925465,-0.005970736470987465,True
5561,1,1,True,0.560446275546919,0.560446275546919,0.03523321007352457,False
5562,1,1,True,0.5556032064320412,0.5556032064320412,0.0276731112557076,False
5563,1,1,True,0.5589024843420568,0.5589024843420568,0.0387237445611084,False
5564,1,1,True,0.5802619797834122,0.5802619797834122,0.07010764530481074,False
5565,1,1,True,0.5200717550872703,0.5200717550872703,0.040717450718701906,False
5566,0,1,False,0.5665860299471729,0.43341397005282706,0.04290183366101282,False
5567,0,1,False,0.6422684739895589,0.357731526010441,0.07631190073690183,True
5568,0,1,False,0.5773875651221602,0.4226124348778399,0.08597264238103393,False
5569,0,1,False,0.5503662084097711,0.44963379159022887,0.08855451383924005,False
5570,1,1,True,0.550705917694503,0.550705917694503,0.04129180846240969,False
5571,0,0,True,0.5233280346558439,0.4766719653441562,-0.013391950611888984,False
5572,1,0,False,0.5024994382239698,0.5024994382239698,-0.024394828872154856,False
5573,0,0,True,0.5713651480702832,0.4286348519297169,-0.03467671183341656,False
5574,0,0,True,0.5303086451391638,0.4696913548608363,-0.032407433926416596,False
5575,0,0,True,0.5334483510347465,0.4665516489652534,-0.004088016303895582,False
5576,1,1,True,0.5119502775052495,0.5119502775052495,0.03093527922589673,False
5577,1,1,True,0.5924744932524023,0.5924744932524023,0.028258959520307568,False
5578,1,1,True,0.6757664927380649,0.6757664927380649,0.00611851435624957,True
5579,1,0,False,0.6074500973263793,0.6074500973263793,-0.019128999100458094,True
5580,1,0,False,0.6007376695711365,0.6007376695711365,-0.021721467423284645,True
5581,0,0,True,0.5345379643396997,0.4654620356603003,-0.02371285283174782,False
5582,0,0,True,0.5743261229236146,0.4256738770763855,-0.007140695216561627,False
5583,0,0,True,0.6355780928789408,0.36442190712105926,-0.03583304395953503,True
5584,0,1,False,0.6534654202872592,0.3465345797127408,0.0048900406431791445,True
5585,0,1,False,0.5937709149813301,0.40622908501867,0.0709851516492972,False
5586,0,1,False,0.5841570182538911,0.4158429817461089,0.09967878540238015,False
5587,0,1,False,0.6287864220539745,0.37121357794602544,0.1262897044814053,True
5588,0,1,False,0.5396762877969022,0.46032371220309765,0.13652327246627685,False
5589,0,1,False,0.5519779933786594,0.44802200662134056,0.07023220348569821,False
5590,0,0,True,0.5826825078056523,0.4173174921943477,-0.04176483383363348,False
5591,0,0,True,0.6836679362870862,0.31633206371291384,-0.05873648377882822,True
5592,0,0,True,0.682763494586467,0.31723650541353304,-0.0879300554571872,True
5593,0,0,True,0.5463719777204837,0.4536280222795163,-0.06092115043986721,False
5594,0,0,True,0.5553615460424957,0.44463845395750434,-0.08567792921379783,False
5595,1,0,False,0.5707052003167322,0.5707052003167322,-0.031682050505557585,False
5596,1,0,False,0.7312447803578532,0.7312447803578532,-0.024766661625298184,True
5597,1,0,False,0.576381108709051,0.576381108709051,-0.014760778000584857,False
5598,0,0,True,0.5821032081246061,0.4178967918753938,-0.03492761036095127,False
5599,0,1,False,0.5207283315052863,0.4792716684947136,0.05718743244080577,False
5600,1,1,True,0.5539437913427417,0.5539437913427417,0.05214469654658346,False
5601,0,1,False,0.5111504173396757,0.4888495826603243,0.04729703734307732,False
5602,0,1,False,0.5100249905021187,0.48997500949788125,0.026002564602110326,False
5603,0,1,False,0.582097100798149,0.417902899201851,0.0263631866620285,False
5604,0,0,True,0.7147663514926026,0.2852336485073973,-0.007301408396248718,True
5605,0,0,True,0.711396203710737,0.288603796289263,-0.04140565530108382,True
5606,0,0,True,0.7216937123039688,0.27830628769603133,-0.027708679321257167,True
5607,0,0,True,0.7035543379072763,0.2964456620927239,-0.01646103097990669,True
5608,0,0,True,0.7353651347504228,0.26463486524957713,-0.007435571622803391,True
5609,0,0,True,0.6404288861886781,0.35957111381132184,-0.05224599346332173,True
5610,0,0,True,0.595612127771734,0.40438787222826594,-0.012011698734871134,False
5611,0,0,True,0.7156235650284529,0.28437643497154713,-0.01384467935558266,True
5612,0,0,True,0.6691608146949718,0.33083918530502815,-0.01283277690622506,True
5613,0,0,True,0.6313001972296131,0.36869980277038694,-0.010153440747067498,True
5614,0,1,False,0.5623177203823776,0.43768227961762235,0.013800981655963596,False
5615,1,1,True,0.6787071654585474,0.6787071654585474,0.001797251000540807,True
5616,1,0,False,0.6017108836144799,0.6017108836144799,-0.041560580010799555,True
5617,1,0,False,0.6741707118959761,0.6741707118959761,-0.0305837354042538,True
5618,1,0,False,0.7308693593381598,0.7308693593381598,-0.023392913894704093,True
5619,1,0,False,0.7106752287556227,0.7106752287556227,-0.0005400922224355824,True
5620,1,0,False,0.6991236131425772,0.6991236131425772,-0.0009611330369318376,True
5621,1,1,True,0.6563807248501836,0.6563807248501836,0.023335665365087323,True
5622,1,0,False,0.5940289290844752,0.5940289290844752,-0.02174138973328687,False
5623,1,0,False,0.5967025782334611,0.5967025782334611,-0.06491230117378259,False
5624,0,0,True,0.5447398642057796,0.4552601357942205,-0.07867914531464389,False
5625,1,0,False,0.6472936672650617,0.6472936672650617,-0.1162225788179026,True
5626,1,0,False,0.6134726936085166,0.6134726936085166,-0.10493202628039819,True
5627,1,0,False,0.5841456846721235,0.5841456846721235,-0.0914605811961996,False
5628,1,0,False,0.5712438649878007,0.5712438649878007,-0.0017055697651088765,False
5629,1,0,False,0.7905884337082424,0.7905884337082424,-0.0034050618614236998,True
5630,1,1,True,0.7409743710137696,0.7409743710137696,0.06581165238720997,True
5631,1,1,True,0.7705831693100399,0.7705831693100399,0.03932210176143137,True
5632,1,1,True,0.7499551097118422,0.7499551097118422,0.08498447358293028,True
5633,1,1,True,0.7253184201120066,0.7253184201120066,0.05891253532296863,True
5634,1,1,True,0.5807888565027874,0.5807888565027874,0.08377564176130724,False
5635,1,1,True,0.5136782377500118,0.5136782377500118,0.12183584017745772,False
5636,1,1,True,0.6048537791139282,0.6048537791139282,0.11061018131130342,True
5637,1,1,True,0.6101006601599148,0.6101006601599148,0.09712029137609178,True
5638,1,1,True,0.6628703670340967,0.6628703670340967,0.044002123909020155,True
5639,1,0,False,0.631813965281009,0.631813965281009,-0.006475668837958176,True
5640,1,0,False,0.5923901250003977,0.5923901250003977,-0.054492802425195754,False
5641,1,0,False,0.6054656989732838,0.6054656989732838,-0.023030575440970206,True
5642,1,0,False,0.5238647662043913,0.5238647662043913,-0.041144541183080904,False
5643,0,0,True,0.5960078662625917,0.4039921337374082,-0.05381133840223848,False
5644,0,0,True,0.58194725111695,0.41805274888304994,-0.027518559296829767,False
5645,1,0,False,0.5440480071335206,0.5440480071335206,-0.027162707050848497,False
5646,0,0,True,0.6306713935724607,0.3693286064275392,-0.05670975216535513,True
5647,0,0,True,0.620781699257102,0.3792183007428979,-0.019935741398309333,True
5648,0,1,False,0.6538974640318285,0.3461025359681715,0.05987185658169443,True
5649,0,1,False,0.5074866022721704,0.4925133977278296,0.061552046120839456,False
5650,1,1,True,0.6121827800722436,0.6121827800722436,0.0876942264137712,True
5651,1,1,True,0.5570057749538929,0.5570057749538929,0.046926397592885305,False
5652,1,1,True,0.6845258771054393,0.6845258771054393,0.01008962426285754,True
5653,0,0,True,0.5697565543438311,0.43024344565616895,-0.008918758845366975,False
5654,0,0,True,0.6574113133472922,0.34258868665270786,-0.011685094522980477,True
5655,0,0,True,0.6206861646485273,0.3793138353514727,-0.03770165116906872,True
5656,0,1,False,0.5733449406681249,0.42665505933187514,0.04212309547799607,False
5657,1,1,True,0.5505745767388104,0.5505745767388104,0.10148040574428331,False
5658,1,1,True,0.6841710642866888,0.6841710642866888,0.08117704051731509,True
5659,1,1,True,0.5925901615074801,0.5925901615074801,0.0844850889031627,False
5660,1,1,True,0.6020823285304963,0.6020823285304963,0.12366907076816185,True
5661,1,1,True,0.5170274752663745,0.5170274752663745,0.11780424230735784,False
5662,0,1,False,0.5665065457978432,0.43349345420215685,0.1032889332136275,False
5663,0,1,False,0.7148605205541436,0.2851394794458563,0.06680475682322644,True
5664,0,1,False,0.6828590813181735,0.31714091868182653,0.0368307757683051,True
5665,0,0,True,0.6156153874839587,0.38438461251604134,-0.017083602445858707,True
5666,0,0,True,0.6552356582582031,0.34476434174179693,-0.00662708160058294,True
5667,0,0,True,0.6234134162392795,0.37658658376072046,-0.03958468466426903,True
5668,1,0,False,0.5499569237353473,0.5499569237353473,-0.021196180915453527,False
5669,0,1,False,0.6338956073736466,0.3661043926263534,0.012288112875102463,True
5670,0,1,False,0.6793863004900142,0.3206136995099857,0.060539116129494995,True
5671,0,1,False,0.6992130147279569,0.3007869852720431,0.02958349429788687,True
5672,0,1,False,0.6088505198947683,0.3911494801052316,0.035885614056052,True
5673,0,1,False,0.6553083085182946,0.3446916914817053,0.0034228081597659213,True
5674,0,0,True,0.6376038184249174,0.36239618157508263,-0.03837480140044748,True
5675,0,0,True,0.6637516916653335,0.3362483083346665,-0.048190991685414034,True
5676,0,0,True,0.7076118456608227,0.2923881543391773,-0.05430556008201595,True
5677,0,0,True,0.6174196394021488,0.3825803605978512,-0.044834044030056065,True
5678,0,1,False,0.6619402768596517,0.3380597231403484,0.0054165178943581345,True
5679,0,1,False,0.5819775752203227,0.4180224247796773,0.020081767030575473,False
5680,1,1,True,0.5129544475531319,0.5129544475531319,0.021449323051907488,False
5681,1,1,True,0.5249963844254825,0.5249963844254825,0.02459886780408045,False
5682,1,0,False,0.5111872854319065,0.5111872854319065,-0.0010759323707548458,False
5683,0,0,True,0.638384238939972,0.3616157610600281,-0.03387962621126472,True
5684,0,0,True,0.7442511773678478,0.2557488226321522,-0.014099832251408765,True
5685,0,0,True,0.6625708773553416,0.33742912264465846,-0.026855539021214896,True
5686,0,0,True,0.7146555755317648,0.28534442446823516,-0.00716587494198276,True
5687,0,1,False,0.6172587979479993,0.3827412020520007,0.0002082258834672172,True
5688,0,0,True,0.6271324626109691,0.3728675373890309,-0.01206534471956575,True
5689,0,1,False,0.5069403927871122,0.49305960721288783,0.011798768435475667,False
5690,1,1,True,0.5200231603825561,0.5200231603825561,0.017870946399015025,False
5691,1,1,True,0.5810003939262693,0.5810003939262693,0.010225468876131714,False
5692,1,1,True,0.5696985531925572,0.5696985531925572,0.012464627940927031,False
5693,0,1,False,0.5236483793593026,0.4763516206406973,0.0804244194101461,False
5694,1,1,True,0.5201521897940754,0.5201521897940754,0.03856575079690311,False
5695,0,1,False,0.51970133611183,0.48029866388816983,0.008960050026534772,False
5696,1,0,False,0.5065403392138562,0.5065403392138562,-0.014727252990485109,False
5697,1,0,False,0.5609718475447868,0.5609718475447868,-0.027606468177741286,False
5698,0,0,True,0.5650351839094789,0.43496481609052107,-0.11399821950047616,False
5699,1,0,False,0.5576743733968664,0.5576743733968664,-0.06541313517932842,False
5700,1,0,False,0.5772290085527955,0.5772290085527955,-0.002105603004182675,False
5701,0,0,True,0.5057165051633375,0.49428349483666256,-0.004596411971395529,False
5702,1,1,True,0.5399467309396943,0.5399467309396943,0.04693848008153389,False
5703,1,1,True,0.5796856432745973,0.5796856432745973,0.08560985949297785,False
5704,1,1,True,0.6500213211675918,0.6500213211675918,0.04487741768253853,True
5705,1,1,True,0.6983151689564845,0.6983151689564845,0.006946316357781713,True
5706,1,1,True,0.5960883224164778,0.5960883224164778,0.03472136047015285,False
5707,1,0,False,0.5043515364553168,0.5043515364553168,-0.024812205927247487,False
5708,0,0,True,0.6562838463389785,0.34371615366102143,-0.01485914616051744,True
5709,0,1,False,0.612654159330657,0.387345840669343,0.004743366122618617,True
5710,0,1,False,0.6299202862344748,0.3700797137655252,0.025555277931251123,True
5711,0,0,True,0.693128970847106,0.30687102915289405,-0.019655386845384492,True
5712,0,0,True,0.6158085705930815,0.3841914294069184,-0.00042429686450194573,True
5713,0,1,False,0.7090886142918325,0.2909113857081676,0.02912956156024447,True
5714,0,1,False,0.6491191449348418,0.3508808550651581,0.01327729781655387,True
5715,0,0,True,0.6227069085389978,0.3772930914610022,-0.04908140052760635,True
5716,0,1,False,0.63031990438556,0.3696800956144401,0.005120800262158019,True
5717,0,1,False,0.6036451156291848,0.3963548843708152,0.025432492905424216,True
5718,0,0,True,0.5008195719739522,0.49918042802604773,-0.009268479958673984,False
5719,0,0,True,0.6752404263291011,0.3247595736708988,-0.026894683863042685,True
5720,0,1,False,0.7202906627551293,0.2797093372448707,0.01119444632594987,True
5721,0,0,True,0.7418892498519171,0.2581107501480828,-0.003360272586820376,True
5722,0,0,True,0.7668935268970453,0.23310647310295454,-0.042024740521210614,True
5723,0,0,True,0.7825853233158596,0.21741467668414036,-0.050633245849066234,True
5724,0,0,True,0.7309028636260567,0.2690971363739432,-0.04866399205734009,True
5725,0,0,True,0.5641804609642641,0.43581953903573584,-0.10076828511623998,False
5726,0,0,True,0.5575689817254407,0.4424310182745594,-0.08535574120241839,False
5727,0,0,True,0.5456375451111032,0.4543624548888967,-0.0887321698878678,False
5728,1,0,False,0.6296571620308445,0.6296571620308445,-0.04399335989810593,True
5729,1,0,False,0.5071534474641354,0.5071534474641354,-0.03830430110686745,False
5730,0,1,False,0.5805930568877786,0.4194069431122214,0.015928166722736583,False
5731,0,0,True,0.6057796169595014,0.3942203830404985,-0.037658147452828354,True
5732,0,0,True,0.6366585328020096,0.3633414671979904,-0.0041888284848612505,True
5733,0,1,False,0.5315835680856021,0.4684164319143979,0.039558621882934755,False
5734,0,1,False,0.6269144799021441,0.37308552009785584,0.03574782161944955,True
5735,0,1,False,0.5906029101152502,0.4093970898847498,0.035267283804821116,False
5736,1,1,True,0.5385767048473348,0.5385767048473348,0.0829010411955467,False
5737,0,1,False,0.6532085322621192,0.34679146773788094,0.03136087828885642,True
5738,0,0,True,0.6466250713310581,0.353374928668942,-0.055571520438829666,True
5739,1,0,False,0.5510925610038989,0.5510925610038989,-0.034141530198035445,False
5740,1,0,False,0.6309141156031058,0.6309141156031058,-0.055729024898318276,True
5741,1,0,False,0.6067107478422012,0.6067107478422012,-0.06673214366536451,True
5742,1,0,False,0.5866898079074935,0.5866898079074935,-0.033359962942402455,False
5743,1,1,True,0.6780107030790479,0.6780107030790479,0.006090332127524459,True
5744,0,0,True,0.5213530428290566,0.47864695717094335,-0.011531223220467861,False
5745,1,1,True,0.6131928076450507,0.6131928076450507,0.0042849441661621315,True
5746,1,1,True,0.5815727471033251,0.5815727471033251,0.06924315184702118,False
5747,1,1,True,0.6448574070193956,0.6448574070193956,0.09072430220747124,True
5748,1,1,True,0.5784758960811048,0.5784758960811048,0.06624874836826342,False
5749,1,1,True,0.6723570311861352,0.6723570311861352,0.06722526110728543,True
5750,1,1,True,0.6508505344602316,0.6508505344602316,0.11966316810046367,True
5751,1,1,True,0.7117714322693324,0.7117714322693324,0.07286549060119286,True
5752,1,1,True,0.5239299388966194,0.5239299388966194,0.07652661679363829,False
5753,0,1,False,0.5579169814775284,0.44208301852247156,0.07587138478639555,False
5754,0,1,False,0.5588673334453613,0.44113266655463884,0.06683249202061266,False
5755,1,1,True,0.5275393821716473,0.5275393821716473,0.05884597715854116,False
5756,0,1,False,0.7186956208269454,0.2813043791730545,0.04208411275852802,True
5757,0,1,False,0.6221958987179506,0.37780410128204944,0.012456653361727507,True
5758,1,1,True,0.5156798844056946,0.5156798844056946,0.010865536252931523,False
5759,0,1,False,0.526714633701639,0.4732853662983611,0.049615509601316825,False
5760,0,1,False,0.585520950019155,0.41447904998084484,0.04092618959994761,False
5761,0,1,False,0.7096383540475278,0.29036164595247216,0.047623828780798065,True
5762,0,1,False,0.6448826203262629,0.3551173796737371,0.016050804619001775,True
5763,0,1,False,0.6390230879684868,0.36097691203151316,0.10175919669600829,True
5764,0,1,False,0.7032694217583515,0.29673057824164845,0.08656062378088707,True
5765,0,1,False,0.6580697721636771,0.34193022783632276,0.0618247745679491,True
5766,0,1,False,0.557386435989482,0.44261356401051816,0.07544245721220763,False
5767,0,1,False,0.5825902855779378,0.4174097144220621,0.12289404752542128,False
5768,0,1,False,0.6018425241390754,0.3981574758609246,0.0692186696923712,True
5769,0,1,False,0.5934118886723296,0.4065881113276704,0.005657268933241819,False
5770,0,0,True,0.5043542261998167,0.4956457738001834,-0.009476911907700359,False
5771,0,0,True,0.644751867592187,0.35524813240781294,-0.05098411658378851,True
5772,0,0,True,0.6184891401697891,0.3815108598302108,-0.10569248560155604,True
5773,0,0,True,0.7082077220499917,0.29179227795000834,-0.1277512477748471,True
5774,0,0,True,0.6263690597645871,0.37363094023541293,-0.0624283224673526,True
5775,0,0,True,0.6436920135838325,0.35630798641616734,-0.06721776247534092,True
5776,1,0,False,0.5100876448044772,0.5100876448044772,-0.03557968808812173,False
5777,0,1,False,0.619175677385898,0.380824322614102,0.044070260558701106,True
5778,1,1,True,0.6048576691976707,0.6048576691976707,0.04107684266663289,True
5779,1,1,True,0.625375689180064,0.625375689180064,0.04441231996660033,True
5780,1,1,True,0.5688322026441806,0.5688322026441806,0.08505271009216347,False
5781,1,1,True,0.5895629168031867,0.5895629168031867,0.08421735526389411,False
5782,1,1,True,0.51895311988586,0.51895311988586,0.01983273222130799,False
5783,1,0,False,0.5478590468109755,0.5478590468109755,-0.023450053376810054,False
5784,0,0,True,0.6432925968878876,0.3567074031121123,-0.06534175963767726,True
5785,0,0,True,0.674596493259726,0.3254035067402739,-0.09705462722123086,True
5786,0,0,True,0.732617810302771,0.267382189697229,-0.10943526398378006,True
5787,0,0,True,0.6179158201765296,0.38208417982347037,-0.06824927275907755,True
5788,0,0,True,0.5765600378864834,0.4234399621135167,-0.03894257655869006,False
5789,0,0,True,0.5824926236637659,0.4175073763362341,-0.0066237577232587525,False
5790,0,1,False,0.5259419725659437,0.4740580274340563,0.045825566840675444,False
5791,1,1,True,0.5370515029414195,0.5370515029414195,0.04793162531926187,False
5792,1,1,True,0.5793731131629957,0.5793731131629957,0.03776074241635085,False
5793,1,1,True,0.5164576515703911,0.5164576515703911,0.09893983980851441,False
5794,1,1,True,0.5114965277409947,0.5114965277409947,0.10254830877116172,False
5795,0,1,False,0.5084067627675061,0.4915932372324939,0.04007166066945807,False
5796,1,1,True,0.5021518717121719,0.5021518717121719,0.09012207037081817,False
5797,0,1,False,0.5412456030164942,0.4587543969835058,0.08950070236972409,False
5798,0,1,False,0.5885464685549743,0.4114535314450258,0.032344771855186805,False
5799,1,0,False,0.5364753398613896,0.5364753398613896,-0.027291180494660602,False
5800,1,0,False,0.5815694886100418,0.5815694886100418,-0.027756736819268612,False
5801,1,0,False,0.5927337004751833,0.5927337004751833,-0.07457119009069206,False
5802,1,0,False,0.5394897649736036,0.5394897649736036,-0.10356267861212369,False
5803,1,0,False,0.5780142545461348,0.5780142545461348,-0.10518436990461785,False
5804,0,0,True,0.5416607021398786,0.45833929786012145,-0.08421616091315877,False
5805,1,0,False,0.5769120091108699,0.5769120091108699,-0.07314536382733806,False
5806,1,0,False,0.5741951263685104,0.5741951263685104,-0.037729520318234656,False
5807,0,0,True,0.5318768212924422,0.4681231787075579,-0.0074760396006998565,False
5808,1,1,True,0.5725638998431407,0.5725638998431407,0.029431488286092607,False
5809,1,1,True,0.5261489354222798,0.5261489354222798,0.04987750953995887,False
5810,1,1,True,0.5936594264138171,0.5936594264138171,0.0464149669247957,False
5811,1,0,False,0.5527932216188319,0.5527932216188319,-0.03298646803869311,False
5812,0,0,True,0.5230381827358798,0.4769618172641202,-0.05943252716292239,False
5813,0,0,True,0.5211365626642649,0.47886343733573505,-0.07736637387802195,False
5814,1,0,False,0.5424429290350783,0.5424429290350783,-0.07527576704392973,False
5815,1,0,False,0.5881505479064457,0.5881505479064457,-0.043575362606662435,False
5816,1,0,False,0.5668069830449841,0.5668069830449841,-0.03548712021789008,False
5817,1,1,True,0.530295734434886,0.530295734434886,0.04059758596541321,False
5818,1,0,False,0.6523324770467823,0.6523324770467823,-0.00862910362507271,True
5819,1,0,False,0.5686424702453508,0.5686424702453508,-0.014247444130870486,False
5820,1,0,False,0.5106203921718581,0.5106203921718581,-0.051044498072626864,False
5821,0,0,True,0.5808250432633125,0.4191749567366874,-0.03589653583745409,False
5822,1,0,False,0.5736885243839897,0.5736885243839897,-0.04909478264014972,False
5823,1,0,False,0.6484222203645356,0.6484222203645356,-0.015020285908760466,True
5824,1,0,False,0.68809949481596,0.68809949481596,-0.053514949810278364,True
5825,1,0,False,0.6949192482593514,0.6949192482593514,-0.06912410804765635,True
5826,1,0,False,0.7585235713704911,0.7585235713704911,-0.020402238418788476,True
5827,1,0,False,0.834118188037667,0.834118188037667,-0.08437174501051531,True
5828,1,0,False,0.7063774429314518,0.7063774429314518,-0.10449046632719647,True
5829,1,0,False,0.6118694802144576,0.6118694802144576,-0.06232278328451139,True
5830,0,0,True,0.52411604007004,0.47588395992996,-0.039449385948015996,False
5831,1,0,False,0.5670333666536816,0.5670333666536816,-0.05461980918545954,False
5832,1,0,False,0.5875675089605165,0.5875675089605165,-0.035520312778531106,False
5833,1,1,True,0.605187322571424,0.605187322571424,0.017100919022871548,True
5834,1,0,False,0.5835625942301442,0.5835625942301442,-0.020406154800417624,False
5835,1,0,False,0.5752548537146557,0.5752548537146557,-0.04986332216516828,False
5836,1,0,False,0.6170967061489742,0.6170967061489742,-0.05395939190424753,True
5837,1,0,False,0.5319303893729802,0.5319303893729802,-0.0510560808862159,False
5838,1,0,False,0.6337261345553616,0.6337261345553616,-0.07788247628300049,True
5839,1,0,False,0.6186732276324273,0.6186732276324273,-0.032390919333361176,True
5840,1,1,True,0.6861482351411637,0.6861482351411637,0.062067350343337026,True
5841,1,1,True,0.7421266343157827,0.7421266343157827,0.01683102027474944,True
5842,1,1,True,0.7538022830769585,0.7538022830769585,0.05662631378538979,True
5843,1,1,True,0.7765832764047098,0.7765832764047098,0.08586757659512054,True
5844,1,1,True,0.7765795970107221,0.7765795970107221,0.056693180517101455,True
5845,1,1,True,0.7316678218903193,0.7316678218903193,0.03993969493453802,True
5846,1,1,True,0.7621508177722346,0.7621508177722346,0.046219993354085484,True
5847,1,1,True,0.7787736627252305,0.7787736627252305,0.02399657766005008,True
5848,1,1,True,0.7957055043210924,0.7957055043210924,0.0027682301183765364,True
5849,1,1,True,0.7765312685429704,0.7765312685429704,0.0027725702860214928,True
5850,1,0,False,0.759470855264873,0.759470855264873,-0.06269785234616396,True
5851,1,1,True,0.7046567580172329,0.7046567580172329,0.02948200937228648,True
5852,1,0,False,0.6481251272559655,0.6481251272559655,-0.03750837897617273,True
5853,1,0,False,0.6147515328761495,0.6147515328761495,-0.0022376556863865447,True
5854,1,0,False,0.6729521947700402,0.6729521947700402,-0.0235738845766857,True
5855,1,0,False,0.8257296883075501,0.8257296883075501,-0.016500893142809402,True
5856,1,0,False,0.846441634844907,0.846441634844907,-0.07845623558885097,True
5857,1,0,False,0.7459551917143461,0.7459551917143461,-0.010672821163933286,True
5858,1,0,False,0.7917759701641579,0.7917759701641579,-0.05237401030317363,True
5859,1,0,False,0.7308531980023535,0.7308531980023535,-0.03420418829992756,True
5860,1,1,True,0.7473761555195956,0.7473761555195956,0.013458794586175838,True
5861,1,0,False,0.784326951068074,0.784326951068074,-0.0029284741643945144,True
5862,1,0,False,0.7272784630759573,0.7272784630759573,-0.024499402987754892,True
5863,1,0,False,0.7396239759122576,0.7396239759122576,-0.07252588360184588,True
5864,1,0,False,0.7607212940060372,0.7607212940060372,-0.04803340640655503,True
5865,1,0,False,0.7446109058334041,0.7446109058334041,-0.06249933445140634,True
5866,1,0,False,0.707685655080609,0.707685655080609,-0.035841897158917536,True
5867,1,0,False,0.7609020719457806,0.7609020719457806,-0.020076525059734018,True
5868,1,1,True,0.811553248168361,0.811553248168361,0.04805107334681648,True
5869,1,1,True,0.7196825593509425,0.7196825593509425,0.02954373051548342,True
5870,1,1,True,0.77188404098868,0.77188404098868,0.03928536189863281,True
5871,1,1,True,0.7221371958064237,0.7221371958064237,0.04344683629929125,True
5872,1,1,True,0.7311195730962899,0.7311195730962899,0.01909516488793471,True
5873,1,1,True,0.6943061027209402,0.6943061027209402,0.006561537253332103,True
5874,1,0,False,0.7240765889140789,0.7240765889140789,-0.01781241367609312,True
5875,1,0,False,0.7589190379697369,0.7589190379697369,-0.050751633212716536,True
5876,1,0,False,0.6788687337448711,0.6788687337448711,-0.08972348880959806,True
5877,1,0,False,0.6739928718768136,0.6739928718768136,-0.054489394059631796,True
5878,1,1,True,0.6230502782705399,0.6230502782705399,0.011728759519985595,True
5879,1,1,True,0.6183312247166565,0.6183312247166565,0.012706108993294898,True
5880,1,1,True,0.6896285672370609,0.6896285672370609,0.020092057911220564,True
5881,1,1,True,0.7950626358407501,0.7950626358407501,0.03986893108329899,True
5882,1,0,False,0.8228159862684681,0.8228159862684681,-0.03563394214964645,True
5883,1,0,False,0.7645373950939942,0.7645373950939942,-0.10761154942565321,True
5884,1,0,False,0.7160869615836765,0.7160869615836765,-0.039232500117854986,True
5885,1,0,False,0.7261463941023978,0.7261463941023978,-0.031440781362600416,True
5886,1,0,False,0.6905863100302927,0.6905863100302927,-0.027191411977187437,True
5887,1,0,False,0.7777884724608538,0.7777884724608538,-0.002632923201634795,True
5888,1,1,True,0.8354758904496545,0.8354758904496545,0.03410288886888133,True
5889,1,0,False,0.793587692415584,0.793587692415584,-0.023206607301655326,True
5890,1,0,False,0.7689889168580609,0.7689889168580609,-0.044323419602722784,True
5891,1,0,False,0.7579614027897713,0.7579614027897713,-0.02428574918029621,True
5892,1,0,False,0.7545561772881433,0.7545561772881433,-0.001535787576898612,True
5893,1,0,False,0.7317803059559019,0.7317803059559019,-0.0439933300472902,True
5894,1,0,False,0.7152984673721042,0.7152984673721042,-0.013408418378804243,True
5895,1,1,True,0.7631461464198269,0.7631461464198269,0.007512886982381114,True
5896,1,1,True,0.730583197164958,0.730583197164958,0.009974443526890751,True
5897,1,1,True,0.7586788123573162,0.7586788123573162,0.011201903580966115,True
5898,1,1,True,0.7437333948456221,0.7437333948456221,0.10348791363688319,True
5899,1,1,True,0.7579928139462938,0.7579928139462938,0.03972446874996334,True
5900,1,1,True,0.7943874582341123,0.7943874582341123,0.1003681491487476,True
5901,1,1,True,0.7728799067270615,0.7728799067270615,0.06372953215933269,True
5902,1,1,True,0.7799378781766534,0.7799378781766534,0.02562812385869592,True
5903,1,0,False,0.7390342563940303,0.7390342563940303,-0.03237915744652348,True
5904,1,1,True,0.6142027012108041,0.6142027012108041,0.0365720136520234,True
5905,1,0,False,0.6859116294037934,0.6859116294037934,-0.013378355539855438,True
5906,1,0,False,0.5293448172270124,0.5293448172270124,-0.04219487043251659,False
5907,0,0,True,0.5349811755992383,0.46501882440076175,-0.04452870689252645,False
5908,1,0,False,0.7668024693492432,0.7668024693492432,-0.08447096391275877,True
5909,1,0,False,0.7032749014214964,0.7032749014214964,-0.1247897707596945,True
5910,1,0,False,0.698124742760808,0.698124742760808,-0.16277249475355315,True
5911,1,0,False,0.6412894879008996,0.6412894879008996,-0.13093653853077547,True
5912,1,0,False,0.8043970706903111,0.8043970706903111,-0.1363189303266597,True
5913,1,0,False,0.7956205509259684,0.7956205509259684,-0.10805868996497779,True
5914,1,0,False,0.794309658801979,0.794309658801979,-0.08495107600371045,True
5915,1,0,False,0.7514290129635249,0.7514290129635249,-0.026048864444746727,True
5916,1,0,False,0.7389207845595714,0.7389207845595714,-0.014630621490099473,True
5917,1,1,True,0.730315778052837,0.730315778052837,0.06956853174592711,True
5918,1,1,True,0.6147979418674313,0.6147979418674313,0.08042845850209615,True
5919,1,1,True,0.5771278775235754,0.5771278775235754,0.0383796549748461,False
5920,1,1,True,0.5904600994150911,0.5904600994150911,2.396675078897633e-05,False
5921,1,0,False,0.6639423474537721,0.6639423474537721,-0.022439298803575213,True
5922,1,0,False,0.700627553526111,0.700627553526111,-0.0538940543736765,True
5923,1,0,False,0.7067648880031574,0.7067648880031574,-0.10768070729393339,True
5924,1,0,False,0.7154670659365356,0.7154670659365356,-0.05042858887942392,True
5925,1,0,False,0.6411125721188645,0.6411125721188645,-0.02623787344184671,True
5926,1,0,False,0.6966126812859507,0.6966126812859507,-0.009417449883360995,True
5927,1,1,True,0.6559788534390641,0.6559788534390641,0.05230051100407149,True
5928,1,1,True,0.6108064697951615,0.6108064697951615,0.16056436773424898,True
5929,1,1,True,0.7061901032293042,0.7061901032293042,0.1397310573109979,True
5930,1,1,True,0.7160050816111756,0.7160050816111756,0.12210555586602269,True
5931,1,1,True,0.7576603327537375,0.7576603327537375,0.11517135611947191,True
5932,1,1,True,0.7904722231351498,0.7904722231351498,0.03915606709339484,True
5933,1,0,False,0.5510162594357514,0.5510162594357514,-0.024226107035171335,False
5934,1,0,False,0.5711561118564153,0.5711561118564153,-0.05475170419107928,False
5935,0,0,True,0.5541580137060743,0.4458419862939256,-0.05706641660650912,False
5936,0,0,True,0.5706072821447153,0.42939271785528454,-0.025259797284625126,False
5937,0,0,True,0.5680504043155464,0.43194959568445346,-0.019089976312710172,False
5938,0,0,True,0.6287524427126131,0.37124755728738684,-0.0351548336996332,True
5939,1,0,False,0.6638943833869403,0.6638943833869403,-0.025152120536896794,True
5940,1,0,False,0.7653920255269924,0.7653920255269924,-0.04734282002959085,True
5941,1,0,False,0.7372657682898556,0.7372657682898556,-0.035689871692066756,True
5942,1,0,False,0.8091485410560915,0.8091485410560915,-0.08240928948636837,True
5943,1,0,False,0.7951540666958121,0.7951540666958121,-0.0496511296469301,True
5944,1,0,False,0.7341079606497881,0.7341079606497881,-0.06784138150825288,True
5945,1,0,False,0.7563554117450528,0.7563554117450528,-0.050666980299994474,True
5946,1,0,False,0.8285647800040271,0.8285647800040271,-0.08684373349713691,True
5947,1,0,False,0.6724926259966919,0.6724926259966919,-0.01759688144814439,True
5948,1,0,False,0.7810317421577154,0.7810317421577154,-0.028532274769855405,True
5949,1,0,False,0.7998252558672596,0.7998252558672596,-0.002653345278262295,True
5950,1,0,False,0.7823616892428902,0.7823616892428902,-0.06026692267673155,True
5951,1,0,False,0.8156752996416851,0.8156752996416851,-0.029624828580538665,True
5952,1,0,False,0.7445276716590056,0.7445276716590056,-0.01928407127337144,True
5953,1,1,True,0.7507642927570854,0.7507642927570854,0.04615654490540795,True
5954,1,1,True,0.7374596677142224,0.7374596677142224,0.02296502655403236,True
5955,1,1,True,0.720370605693629,0.720370605693629,0.15375425650726549,True
5956,1,1,True,0.7364387340124535,0.7364387340124535,0.10842497938837656,True
5957,1,1,True,0.7513127629723239,0.7513127629723239,0.11497279095616493,True
5958,1,1,True,0.8069322525768702,0.8069322525768702,0.07821439377056799,True
5959,1,1,True,0.7795494664512734,0.7795494664512734,0.09020684889750252,True
5960,1,1,True,0.7375498704448883,0.7375498704448883,0.10429241857368236,True
5961,0,1,False,0.5496325557913079,0.4503674442086922,0.15247027951166622,False
5962,1,1,True,0.5417183982497006,0.5417183982497006,0.07632135665167832,False
5963,0,1,False,0.5278232350784093,0.47217676492159066,0.012938012286632165,False
5964,0,1,False,0.6301754124737494,0.3698245875262505,0.00748335984842144,True
5965,0,0,True,0.6774732832956181,0.32252671670438193,-0.03776199644274359,True
5966,0,0,True,0.7461593966981019,0.253840603301898,-0.04487172809195739,True
5967,0,0,True,0.7301104315315078,0.2698895684684923,-0.016140410451109907,True
5968,0,1,False,0.6344899445020966,0.36551005549790333,0.019048311064706176,True
5969,0,1,False,0.5206849878298015,0.4793150121701985,0.02538472053033684,False
5970,1,1,True,0.6513485060590213,0.6513485060590213,0.026522370937740302,True
5971,1,0,False,0.5172021370747121,0.5172021370747121,-0.00686912772703725,False
5972,1,0,False,0.5698154831688473,0.5698154831688473,-0.0037711038786825213,False
5973,0,1,False,0.5402441276700282,0.4597558723299718,0.033368787445466806,False
5974,0,1,False,0.5097148711516059,0.4902851288483941,0.053959815657879225,False
5975,0,1,False,0.5353216520046707,0.4646783479953292,0.03308560774869435,False
5976,0,1,False,0.5775344129284523,0.4224655870715477,0.02535950785752629,False
5977,0,1,False,0.6495423797801415,0.3504576202198586,0.023935526595709158,True
5978,0,0,True,0.6684011576846101,0.3315988423153899,-0.024152886380784416,True
5979,0,0,True,0.603381109431048,0.3966188905689521,-0.02569776093608892,True
5980,0,0,True,0.5883100242480523,0.41168997575194766,-0.03795179842458489,False
5981,0,0,True,0.587855774502366,0.41214422549763396,-0.03219050788011182,False
5982,0,0,True,0.512404179884296,0.48759582011570407,-0.03200417554355781,False
5983,0,1,False,0.5671782439798204,0.43282175602017964,0.027587095681335657,False
5984,1,0,False,0.5001752365401547,0.5001752365401547,-0.018392474068405808,False
5985,1,1,True,0.6296932466793765,0.6296932466793765,0.0022579622692534738,True
5986,1,0,False,0.6397171308480805,0.6397171308480805,-0.01735607947673339,True
5987,1,0,False,0.7220875359275157,0.7220875359275157,-0.024090559278159743,True
5988,1,0,False,0.6394035649202551,0.6394035649202551,-0.07693156039240225,True
5989,1,0,False,0.5041193106390452,0.5041193106390452,-0.05343052811884639,False
5990,1,0,False,0.6184376034448346,0.6184376034448346,-0.07530887932357347,True
5991,1,0,False,0.6000414471587371,0.6000414471587371,-0.05475288168274928,True
5992,1,0,False,0.7712072705649021,0.7712072705649021,-0.06453254556148036,True
5993,1,0,False,0.7791776495150694,0.7791776495150694,-0.06766771520371506,True
5994,1,0,False,0.5743290656364411,0.5743290656364411,-0.06657509475880537,False
5995,1,0,False,0.551470156822038,0.551470156822038,-0.06736670159702893,False
5996,1,0,False,0.5183818897841584,0.5183818897841584,-0.06731282646726938,False
5997,1,0,False,0.5296435011074935,0.5296435011074935,-0.055974200431744905,False
5998,1,0,False,0.5594840966045315,0.5594840966045315,-0.04138933695414138,False
5999,0,0,True,0.6588235049105046,0.3411764950894955,-0.03620884577726484,True
6000,0,0,True,0.7449504027631066,0.2550495972368933,-0.01968914518204912,True
6001,0,0,True,0.7460520215269767,0.25394797847302336,-0.0020650451762572867,True
6002,0,0,True,0.7721739884156272,0.2278260115843728,-0.007707910854732001,True
6003,0,1,False,0.7152705202832975,0.28472947971670254,0.0052687659292517805,True
6004,0,1,False,0.7108000579521855,0.28919994204781446,0.010667411465246747,True
6005,0,1,False,0.7578197249342472,0.24218027506575276,0.0020587985269027854,True
6006,0,0,True,0.7694311717980971,0.23056882820190275,-0.015493342147506441,True
6007,0,1,False,0.7085367997917955,0.2914632002082044,0.0041186146979185715,True
6008,0,1,False,0.7207956033586161,0.2792043966413837,0.0037222882407042216,True
6009,0,1,False,0.7277961948697521,0.27220380513024783,0.006645309412890134,True
6010,0,1,False,0.6812202183122965,0.3187797816877034,0.010452128061854868,True
6011,0,1,False,0.6275902908310435,0.3724097091689565,0.008543519862874,True
6012,0,0,True,0.6278536889708336,0.37214631102916634,-0.003994912934764718,True
6013,0,0,True,0.6285658801685984,0.37143411983140157,-0.014643091738824597,True
6014,0,0,True,0.631422481245119,0.36857751875488093,-0.006844640949380617,True
6015,1,0,False,0.539739410913894,0.539739410913894,-0.003491212948238887,False
6016,0,0,True,0.5052861489957596,0.49471385100424037,-0.002271966014749248,False
6017,1,0,False,0.5415628872537684,0.5415628872537684,-0.008379183513219578,False
6018,1,0,False,0.5249512833348452,0.5249512833348452,-0.013837743684830253,False
6019,1,0,False,0.5259993652299108,0.5259993652299108,-0.027787263862861396,False
6020,1,0,False,0.6070308677162428,0.6070308677162428,-0.018518131334465195,True
6021,0,0,True,0.5241335082695713,0.4758664917304287,-0.014141375413551673,False
6022,0,0,True,0.5473819795723173,0.4526180204276827,-0.01425594468381469,False
6023,0,0,True,0.507419235324301,0.49258076467569895,-0.004986820091335598,False
6024,0,1,False,0.522042151306302,0.47795784869369795,0.0020413686556638865,False
6025,1,0,False,0.6014613713415268,0.6014613713415268,-0.004553563559215664,True
6026,1,0,False,0.6517282050738743,0.6517282050738743,-0.005914089501416404,True
6027,1,1,True,0.6086300562755463,0.6086300562755463,0.0014208029928292952,True
6028,1,1,True,0.6326448339407138,0.6326448339407138,0.002890260809759056,True
6029,1,1,True,0.5771947073807554,0.5771947073807554,0.006028579595987908,False
6030,1,1,True,0.5143173726149942,0.5143173726149942,0.0004900313588368814,False
6031,0,1,False,0.5046875162126577,0.4953124837873422,0.0005184351812168682,False
6032,0,1,False,0.5952087950133494,0.4047912049866505,0.00996923939391321,False
6033,0,1,False,0.7501281679373832,0.24987183206261673,0.001855089148085172,True
6034,0,1,False,0.7594162424306802,0.24058375756931996,0.006912547533517968,True
6035,0,0,True,0.7511336804817325,0.24886631951826746,-0.0002756806881210386,True
6036,0,1,False,0.7679324698044172,0.2320675301955827,0.004335405967381241,True
6037,0,1,False,0.7565422718912572,0.24345772810874267,0.01978778520288265,True
6038,0,1,False,0.7323308947296487,0.2676691052703513,0.029208057565328592,True
6039,0,1,False,0.7236559773111643,0.2763440226888358,0.013933357874591363,True
6040,0,1,False,0.7025283809075553,0.2974716190924445,0.0291389530311351,True
6041,0,1,False,0.7009150736957018,0.2990849263042981,0.02777324271318571,True
6042,0,1,False,0.5965436278286073,0.4034563721713928,0.0068630309057936744,False
6043,0,1,False,0.8097566296743094,0.19024337032569053,0.0022492350953005726,True
6044,0,1,False,0.7746054817673781,0.2253945182326219,0.006572573234508595,True
6045,0,0,True,0.7341894679449691,0.2658105320550308,-0.0022641103570736508,True
6046,0,0,True,0.7743469132584325,0.22565308674156748,-0.012409919415466637,True
6047,0,0,True,0.7651670019091458,0.23483299809085414,-0.019232864286017278,True
6048,0,0,True,0.7425640261492773,0.2574359738507226,-0.0280744162327325,True
6049,0,0,True,0.7373072234867765,0.2626927765132235,-0.02162054696171416,True
6050,0,0,True,0.719191558088171,0.280808441911829,-0.01289870705363339,True
6051,0,0,True,0.7034172830079863,0.29658271699201366,-0.008873008754448715,True
6052,0,0,True,0.7031875911341272,0.29681240886587273,-0.012879432290733605,True
6053,0,1,False,0.6713922278257481,0.32860777217425186,3.2028187767966986e-05,True
6054,0,0,True,0.6676791488701371,0.33232085112986276,-0.01916865661582764,True
6055,0,0,True,0.580505867091989,0.4194941329080109,-0.036895561299891654,False
6056,0,0,True,0.6451187925736573,0.3548812074263426,-0.02937382102441007,True
6057,0,0,True,0.67016749256836,0.3298325074316399,-0.027156933049776715,True
6058,0,0,True,0.597140329565034,0.4028596704349659,-0.040201251765654415,False
6059,0,0,True,0.5701293585176246,0.4298706414823754,-0.00955296984936477,False
6060,0,1,False,0.6445881298996189,0.35541187010038106,0.0036319004389059203,True
6061,0,1,False,0.5636932173080128,0.43630678269198714,0.0012083232793667262,False
6062,0,0,True,0.5597796758936485,0.44022032410635153,-0.0008777903649225829,False
6063,0,0,True,0.649500933326228,0.35049906667377195,-0.005922253207599813,True
6064,0,0,True,0.6442314381739654,0.3557685618260345,-0.025398001277074908,True
6065,0,0,True,0.5349712598014106,0.4650287401985895,-0.024122488857371803,False
6066,0,0,True,0.5294970874717883,0.47050291252821186,-0.019951559973753835,False
6067,0,0,True,0.5728368935927005,0.42716310640729954,-0.016605277623352878,False
6068,0,0,True,0.5335376422818726,0.46646235771812733,-0.015590881731962498,False
6069,1,1,True,0.6039442993764195,0.6039442993764195,0.001666758375234327,True
6070,1,1,True,0.5304436215851979,0.5304436215851979,0.0009849426661729175,False
6071,1,1,True,0.5456484093707955,0.5456484093707955,0.0139422519293825,False
6072,1,1,True,0.5514256931349014,0.5514256931349014,0.04236536422851524,False
6073,0,1,False,0.5026415951358395,0.49735840486416044,0.06027476801791569,False
6074,1,1,True,0.5613844177046753,0.5613844177046753,0.05914639700128097,False
6075,1,1,True,0.5753642366746988,0.5753642366746988,0.058223256506744155,False
6076,1,1,True,0.5543716203945067,0.5543716203945067,0.033267063253430526,False
6077,0,1,False,0.5026692348136751,0.497330765186325,0.016086087256628967,False
6078,0,1,False,0.6050222289656242,0.3949777710343758,0.009423831408546137,True
6079,0,1,False,0.5349242649717632,0.46507573502823685,0.006051603458672193,False
6080,0,0,True,0.6368519898716477,0.36314801012835235,-0.000794007002198046,True
6081,0,1,False,0.5570102202366131,0.4429897797633869,0.007330778536424067,False
6082,0,1,False,0.5048471310484582,0.4951528689515417,0.0017146954955455595,False
6083,1,1,True,0.5735358261962197,0.5735358261962197,0.009124861625377737,False
6084,1,0,False,0.5852477379168096,0.5852477379168096,-0.003839152316674065,False
6085,1,1,True,0.6025110665814716,0.6025110665814716,0.006102475877412691,True
6086,0,1,False,0.5009619812954196,0.4990380187045805,0.004040081025291704,False
6087,0,1,False,0.5728838559581262,0.42711614404187376,0.0034855538922319946,False
6088,0,1,False,0.6513906908820383,0.3486093091179618,0.0012153856365773935,True
6089,0,0,True,0.577236110064176,0.4227638899358241,-0.004389710564076311,False
6090,0,0,True,0.6100417668355373,0.38995823316446265,-0.012265763116171523,True
6091,0,0,True,0.6199538958861784,0.38004610411382167,-0.013530218755735953,True
6092,0,0,True,0.6254689788117392,0.3745310211882607,-0.010795040673080711,True
6093,0,0,True,0.6835828596620734,0.3164171403379265,-0.023764311957819403,True
6094,0,0,True,0.7170195009151265,0.28298049908487344,-0.026400762778226748,True
6095,0,0,True,0.6041645603865532,0.39583543961344686,-0.0328344929635382,True
6096,0,0,True,0.5682525750139378,0.43174742498606217,-0.013215637986042361,False
6097,0,0,True,0.5656579605517441,0.43434203944825583,-0.005828206640159765,False
6098,0,1,False,0.5127574212420999,0.48724257875790017,0.01277077067949465,False
6099,0,1,False,0.6395513378919979,0.360448662108002,0.0343542320744058,True
6100,0,1,False,0.6717100279517823,0.3282899720482178,0.03900679639049281,True
6101,0,1,False,0.6388421416304243,0.36115785836957565,0.03438231672237471,True
6102,0,1,False,0.5596500331829866,0.44034996681701344,0.012577988332381248,False
6103,0,1,False,0.5703763241704994,0.4296236758295005,0.0016995638523660446,False
6104,0,0,True,0.5868070214904916,0.4131929785095083,-0.014670741744465175,False
6105,0,1,False,0.6680339620228857,0.33196603797711427,0.006530256578974883,True
6106,0,0,True,0.5748649998634352,0.4251350001365648,-0.002056642571660935,False
6107,1,1,True,0.6016910863039115,0.6016910863039115,0.01329143195045712,True
6108,1,1,True,0.61934419672211,0.61934419672211,0.008048418037719187,True
6109,1,1,True,0.6198065284124555,0.6198065284124555,0.009635102034134094,True
6110,1,0,False,0.6215737680639626,0.6215737680639626,-0.011831051563932245,True
6111,0,0,True,0.521748441326762,0.47825155867323804,-0.015305561356626274,False
6112,1,0,False,0.5628827720957592,0.5628827720957592,-0.021731338640231995,False
6113,1,0,False,0.583899012507764,0.583899012507764,-0.014880092549301638,False
6114,1,0,False,0.5452912243991285,0.5452912243991285,-0.002704798707883751,False
6115,1,1,True,0.5865890671177661,0.5865890671177661,0.010892581207355001,False
6116,1,1,True,0.6017648931209552,0.6017648931209552,0.015694363898530347,True
6117,1,1,True,0.6249112476821824,0.6249112476821824,0.02654094961001955,True
6118,1,1,True,0.5855974353736081,0.5855974353736081,0.03538943584475319,False
6119,1,1,True,0.5758804519953998,0.5758804519953998,0.04280944526539795,False
6120,0,1,False,0.5432108622209162,0.4567891377790838,0.05002850489559339,False
6121,0,1,False,0.5121054509931415,0.4878945490068584,0.050419544578277874,False
6122,0,1,False,0.5142762935736249,0.4857237064263751,0.057682033643564515,False
6123,0,1,False,0.5646578052063851,0.4353421947936149,0.044598809097660015,False
6124,0,1,False,0.5015010454384239,0.49849895456157606,0.05566409405182006,False
6125,1,1,True,0.6190905602626767,0.6190905602626767,0.06051623607899119,True
6126,1,1,True,0.567050347908865,0.567050347908865,0.04794144472223214,False
6127,1,1,True,0.5327093250286579,0.5327093250286579,0.026844505034744906,False
6128,0,1,False,0.5318403614762283,0.4681596385237718,0.0162322868751994,False
6129,0,0,True,0.5157926773829788,0.4842073226170211,-0.02554346998040036,False
6130,1,0,False,0.5402371230763103,0.5402371230763103,-0.055462032131487905,False
6131,0,0,True,0.5262231643648781,0.47377683563512174,-0.038477308040123386,False
6132,1,0,False,0.5166759850412309,0.5166759850412309,-0.023666331406455098,False
6133,0,0,True,0.5021445129738126,0.49785548702618737,-0.005240519367167259,False
6134,1,0,False,0.6681133771010174,0.6681133771010174,-0.003847016461437251,True
6135,1,0,False,0.6479980475785337,0.6479980475785337,-0.0019631751587036992,True
6136,1,1,True,0.525717617249918,0.525717617249918,0.00596246953469291,False
6137,1,0,False,0.5757091496582141,0.5757091496582141,-0.004483777430039123,False
6138,1,0,False,0.5859519892249004,0.5859519892249004,-0.007489660057079071,False
6139,1,1,True,0.5247666773186904,0.5247666773186904,0.015909451793717392,False
6140,0,1,False,0.5326334559154188,0.4673665440845813,0.028069524563260062,False
6141,1,0,False,0.5612752971876477,0.5612752971876477,-0.004309047155047216,False
6142,1,0,False,0.529710030008698,0.529710030008698,-0.005456068639115506,False
6143,1,1,True,0.5762949036385551,0.5762949036385551,0.005418913387940187,False
6144,0,0,True,0.5134964738339267,0.4865035261660733,-0.006719520060182125,False
6145,1,1,True,0.6020085714455515,0.6020085714455515,0.0006494826626073175,True
6146,1,1,True,0.6659113574210339,0.6659113574210339,0.0060444533652480635,True
6147,1,1,True,0.7236687698678445,0.7236687698678445,0.025262465102098775,True
6148,1,1,True,0.7524133867338939,0.7524133867338939,0.019516818638677453,True
6149,1,1,True,0.7212215585593401,0.7212215585593401,0.01658099848094472,True
6150,1,1,True,0.7298431874064156,0.7298431874064156,0.009960850595033401,True
6151,1,1,True,0.6696719962106514,0.6696719962106514,0.028339455946384897,True
6152,1,1,True,0.6792899421545103,0.6792899421545103,0.03474514374876058,True
6153,1,1,True,0.5905903715189847,0.5905903715189847,0.013070848701444308,False
6154,1,1,True,0.5167377457128629,0.5167377457128629,0.004431769233584386,False
6155,1,0,False,0.5365983580496986,0.5365983580496986,-0.00846890499845374,False
6156,1,0,False,0.5570757650344558,0.5570757650344558,-0.02248686715484553,False
6157,1,0,False,0.563725003105748,0.563725003105748,-0.05157114586814801,False
6158,1,0,False,0.598299230182978,0.598299230182978,-0.03070200617455277,False
6159,1,0,False,0.6128917204959352,0.6128917204959352,-0.0257363434307549,True
6160,1,0,False,0.6097870601275638,0.6097870601275638,-0.03589717993372131,True
6161,1,0,False,0.6330986405893141,0.6330986405893141,-0.03620362307464059,True
6162,1,0,False,0.6591877310788011,0.6591877310788011,-0.029163327454131558,True
6163,1,0,False,0.6680294090293591,0.6680294090293591,-0.04222368228304457,True
6164,1,0,False,0.6648276587799723,0.6648276587799723,-0.03265983561674076,True
6165,1,0,False,0.6766821944216841,0.6766821944216841,-0.019863281646773635,True
6166,1,0,False,0.6613954441885624,0.6613954441885624,-0.02771755652192298,True
6167,1,0,False,0.5602067184111515,0.5602067184111515,-0.028923336961881076,False
6168,1,0,False,0.5632809702893106,0.5632809702893106,-0.03713947260616038,False
6169,1,0,False,0.5269836433826312,0.5269836433826312,-0.03472710508235924,False
6170,1,0,False,0.5243584670305,0.5243584670305,-0.028846534256513137,False
6171,1,0,False,0.5146390319790616,0.5146390319790616,-0.02414188141296978,False
6172,1,0,False,0.5301261131615161,0.5301261131615161,-0.019060326220339895,False
6173,1,1,True,0.5432501552499395,0.5432501552499395,0.008692469397226463,False
6174,1,1,True,0.5385268780338733,0.5385268780338733,0.02762554565859592,False
6175,1,1,True,0.5455602894642047,0.5455602894642047,0.03489263405251743,False
6176,1,1,True,0.531138854863434,0.531138854863434,0.048103707437539424,False
6177,1,1,True,0.5608463338444524,0.5608463338444524,0.04093548748858158,False
6178,0,1,False,0.5725379066185592,0.42746209338144087,0.02509513316187355,False
6179,1,1,True,0.6096060753865629,0.6096060753865629,0.007262899214571943,True
6180,1,1,True,0.6091975983892736,0.6091975983892736,0.0051426865135000745,True
6181,1,1,True,0.6459550712041837,0.6459550712041837,0.007842793879950532,True
6182,1,1,True,0.6903006399464449,0.6903006399464449,0.02099221832534347,True
6183,1,1,True,0.6771040112884966,0.6771040112884966,0.020750513163708382,True
6184,1,1,True,0.6095074481635819,0.6095074481635819,0.023992331053923326,True
6185,1,1,True,0.6433967496703231,0.6433967496703231,0.014153608961010637,True
6186,1,1,True,0.639666394412775,0.639666394412775,0.0028268375667374547,True
6187,1,0,False,0.6367495921154197,0.6367495921154197,-0.006209067881500155,True
6188,1,0,False,0.7357049656758717,0.7357049656758717,-0.012956842028445091,True
6189,1,0,False,0.6648141819104731,0.6648141819104731,-0.01881981468799838,True
6190,1,0,False,0.581208151172905,0.581208151172905,-0.01075978890058149,False
6191,0,0,True,0.5414849899594284,0.45851501004057155,-0.013037778466944715,False
6192,1,0,False,0.5321315480797576,0.5321315480797576,-0.007932548064511614,False
6193,0,0,True,0.5666150286142239,0.4333849713857762,-0.024187568935998733,False
6194,0,0,True,0.6196530169963929,0.38034698300360703,-0.02637087681490659,True
6195,0,0,True,0.6337800613845088,0.3662199386154912,-0.01771717571847396,True
6196,0,0,True,0.5868621492523446,0.4131378507476555,-0.0003263884425718848,False
6197,0,0,True,0.5458978081677085,0.4541021918322914,-0.010084573279494434,False
6198,0,1,False,0.5236285297497028,0.47637147025029725,0.012425230856825025,False
6199,1,1,True,0.5015832572293327,0.5015832572293327,0.009413113268250683,False
6200,1,0,False,0.5286543152092605,0.5286543152092605,-0.010558869645703305,False
6201,1,0,False,0.5726191889062994,0.5726191889062994,-0.01000926200962399,False
6202,1,0,False,0.5876104317985217,0.5876104317985217,-0.012040938607035609,False
6203,1,0,False,0.5893281109271392,0.5893281109271392,-0.008356286211251394,False
6204,1,1,True,0.5015537981504207,0.5015537981504207,0.004859648585712076,False
6205,0,1,False,0.5661153469633106,0.4338846530366895,0.02302234069481489,False
6206,0,1,False,0.555478029117291,0.444521970882709,0.012782631270192645,False
6207,0,1,False,0.5257679216761937,0.4742320783238063,0.02617743195747828,False
6208,0,1,False,0.5183857600868043,0.4816142399131957,0.02846154347108739,False
6209,0,1,False,0.5067241709351445,0.4932758290648555,0.029763774618600504,False
6210,1,1,True,0.5578890828580403,0.5578890828580403,0.030183220599214047,False
6211,1,1,True,0.596631914467868,0.596631914467868,0.013536029160907839,False
6212,1,1,True,0.605125317936491,0.605125317936491,0.013354542719079621,True
6213,1,1,True,0.6565606276270254,0.6565606276270254,0.0016130775095285948,True
6214,1,0,False,0.6102859657036108,0.6102859657036108,-0.005258416959386254,True
6215,1,0,False,0.5232365750166275,0.5232365750166275,-0.024898544536325125,False
6216,1,0,False,0.5324401497792035,0.5324401497792035,-0.0130184257206298,False
6217,1,0,False,0.523808520979058,0.523808520979058,-0.02247602982495855,False
6218,1,0,False,0.5467509382114227,0.5467509382114227,-0.015458962478528512,False
6219,1,0,False,0.5237050258901073,0.5237050258901073,-0.01710356114388886,False
6220,1,0,False,0.5814780332265197,0.5814780332265197,-0.015990586003826156,False
6221,1,0,False,0.5466883606147358,0.5466883606147358,-0.005370929110075594,False
6222,1,0,False,0.5482131356508656,0.5482131356508656,-0.022144267224064183,False
6223,1,0,False,0.5196617628675334,0.5196617628675334,-0.013241684976799329,False
6224,0,0,True,0.5305907308067854,0.4694092691932144,-0.018728933341904213,False
6225,0,0,True,0.5779784780686349,0.422021521931365,-0.007575192761441122,False
6226,0,0,True,0.5904571590308187,0.40954284096918125,-0.009591503966064164,False
6227,0,1,False,0.5780907336773391,0.42190926632266085,0.012973901894026188,False
6228,1,1,True,0.5830055940036686,0.5830055940036686,0.002956133503464061,False
6229,1,1,True,0.5679564465320163,0.5679564465320163,0.007486548761062161,False
6230,1,1,True,0.5121277181847398,0.5121277181847398,0.0040575501818184406,False
6231,1,1,True,0.5278374395113518,0.5278374395113518,0.005238971969050747,False
6232,1,1,True,0.5401611888412203,0.5401611888412203,0.01142934890812457,False
6233,1,1,True,0.603229479801174,0.603229479801174,0.007155400869249947,True
6234,1,1,True,0.6570815652379806,0.6570815652379806,0.014463653881998224,True
6235,1,1,True,0.7039885968256305,0.7039885968256305,0.030233016933964775,True
6236,1,1,True,0.5044054182410856,0.5044054182410856,0.025368935827157105,False
6237,1,1,True,0.5033677663449514,0.5033677663449514,0.011248699230285465,False
6238,0,1,False,0.5417612265768103,0.4582387734231898,0.00748965435022577,False
6239,0,1,False,0.5273077977863858,0.4726922022136142,0.0023691314996827405,False
6240,0,0,True,0.534497662708053,0.46550233729194695,-0.02242543488938594,False
6241,1,0,False,0.5044698821926147,0.5044698821926147,-0.026800596046192462,False
6242,1,0,False,0.5385027181376185,0.5385027181376185,-0.026176208986591114,False
6243,1,0,False,0.5242774461400226,0.5242774461400226,-0.016374186146130277,False
6244,1,0,False,0.5542181819609454,0.5542181819609454,-0.04019072272241766,False
6245,1,0,False,0.6114635586772502,0.6114635586772502,-0.021760361205757837,True
6246,1,0,False,0.566294982240701,0.566294982240701,-0.01873369817946105,False
6247,1,0,False,0.502054043689626,0.502054043689626,-0.006223609397694563,False
6248,0,1,False,0.6624479937134143,0.3375520062865855,0.015243022748757879,True
6249,0,1,False,0.6541972252811034,0.34580277471889653,0.042374307008881146,True
6250,1,1,True,0.5540130385732412,0.5540130385732412,0.03689820990829635,False
6251,1,1,True,0.5792890781691833,0.5792890781691833,0.044240398244479194,False
6252,1,1,True,0.5490699511937939,0.5490699511937939,0.03177316482195728,False
6253,1,1,True,0.573107768472603,0.573107768472603,0.01116533866234033,False
6254,0,1,False,0.5253161946062014,0.4746838053937987,0.008326596758708713,False
6255,0,1,False,0.505647811305378,0.494352188694622,0.014091828123015803,False
6256,1,0,False,0.5336720247569967,0.5336720247569967,-0.009077997849138996,False
6257,1,0,False,0.5546124288910511,0.5546124288910511,-0.008537146782098137,False
6258,1,1,True,0.618557878048283,0.618557878048283,0.0037945665002730175,True
6259,1,1,True,0.6086316042992957,0.6086316042992957,0.0015262858227259827,True
6260,1,1,True,0.5631577761779105,0.5631577761779105,0.006044016226464937,False
6261,1,1,True,0.6157019098952698,0.6157019098952698,0.028031272091249032,True
6262,1,1,True,0.5545191810782015,0.5545191810782015,0.04109386998425969,False
6263,1,1,True,0.6229095705053184,0.6229095705053184,0.03713278182246821,True
6264,1,1,True,0.5806469394289833,0.5806469394289833,0.03676251246211813,False
6265,1,1,True,0.5991602009355838,0.5991602009355838,0.02907921864110207,False
6266,1,1,True,0.521894754213465,0.521894754213465,0.008204243619075121,False
6267,0,1,False,0.5295839471771968,0.4704160528228032,0.002999869879821838,False
6268,1,1,True,0.5124012690366109,0.5124012690366109,0.012974274172930598,False
6269,1,1,True,0.5015837300102199,0.5015837300102199,0.02205718273409931,False
6270,0,1,False,0.532238835172279,0.4677611648277209,0.011143172711514899,False
6271,1,1,True,0.5103579300699397,0.5103579300699397,0.019603882804202583,False
6272,1,1,True,0.5576475888214356,0.5576475888214356,0.02356031850141776,False
6273,1,1,True,0.5611142359284692,0.5611142359284692,0.0001824445587748164,False
6274,1,0,False,0.5531565890612471,0.5531565890612471,-0.030855251868478102,False
6275,0,0,True,0.5156615209591516,0.4843384790408484,-0.03560268225058139,False
6276,0,0,True,0.5312201881546782,0.46877981184532186,-0.029621520071152825,False
6277,0,0,True,0.5145390102324466,0.4854609897675533,-0.02973940347887973,False
6278,1,0,False,0.5296565262417258,0.5296565262417258,-0.03281126594039155,False
6279,1,0,False,0.5893647786412743,0.5893647786412743,-0.010289546099766084,False
6280,0,1,False,0.5383145686794238,0.46168543132057627,0.001308769675371007,False
6281,0,1,False,0.5032294533675759,0.4967705466324241,0.0013641835359402144,False
6282,1,0,False,0.5169202772764853,0.5169202772764853,-0.013952148761839391,False
6283,0,0,True,0.5072041270777042,0.49279587292229565,-0.0175645143653451,False
6284,1,0,False,0.5009358045052644,0.5009358045052644,-0.00799944759200937,False
6285,1,0,False,0.553535095220359,0.553535095220359,-0.013555518881419102,False
6286,1,0,False,0.6329272698282934,0.6329272698282934,-0.022054330622323717,True
6287,1,0,False,0.7024441330401467,0.7024441330401467,-0.012940333327972158,True
6288,1,0,False,0.670797905759287,0.670797905759287,-0.006441955421834357,True
6289,1,0,False,0.6710399087764684,0.6710399087764684,-0.012430963162785639,True
6290,1,0,False,0.6912124755102274,0.6912124755102274,-0.01411998978488782,True
6291,1,0,False,0.6794121621191836,0.6794121621191836,-0.014185074029226825,True
6292,1,0,False,0.6635422646535737,0.6635422646535737,-0.015310995790408668,True
6293,1,0,False,0.6594210715242386,0.6594210715242386,-0.019552409974646152,True
6294,1,0,False,0.7039615884157726,0.7039615884157726,-0.02018611656404805,True
6295,1,0,False,0.6512714184385381,0.6512714184385381,-0.01743938034981424,True
6296,1,0,False,0.703233475248612,0.703233475248612,-0.012722849526182163,True
6297,1,0,False,0.6810314822482056,0.6810314822482056,-0.030353240916965812,True
6298,1,0,False,0.5560918706831969,0.5560918706831969,-0.02628584648424945,False
6299,0,0,True,0.5532816487443032,0.44671835125569687,-0.04326132836258403,False
6300,0,0,True,0.5312559351586154,0.4687440648413847,-0.054066282216895085,False
6301,0,0,True,0.5013004629636422,0.49869953703635783,-0.05915834518651498,False
6302,0,0,True,0.5573567173961628,0.4426432826038373,-0.045120103282480235,False
6303,0,0,True,0.6220838196925481,0.37791618030745183,-0.037150932611052775,True
6304,0,0,True,0.6186132900621284,0.3813867099378716,-0.023257115778313284,True
6305,0,0,True,0.5854240743111708,0.4145759256888291,-0.009624997474616294,False
6306,0,0,True,0.6057355480908171,0.3942644519091829,-0.0005363456578948912,True
6307,0,1,False,0.5726365622212818,0.42736343777871816,0.0002718989763032885,False
6308,1,1,True,0.5049721916699395,0.5049721916699395,0.009695071601233032,False
6309,1,1,True,0.5928802218158042,0.5928802218158042,0.021797015256430508,False
6310,1,1,True,0.590306767530036,0.590306767530036,0.01905506435254311,False
6311,1,1,True,0.5632668578594019,0.5632668578594019,0.01576935003620809,False
6312,1,1,True,0.5154888636468263,0.5154888636468263,0.020324519739340897,False
6313,0,1,False,0.5537314442600583,0.4462685557399417,0.009476893362470302,False
6314,0,0,True,0.6026533519508878,0.3973466480491122,-0.0034521666162746012,True
6315,0,1,False,0.6004678083237467,0.3995321916762533,0.0021137059782586334,True
6316,0,0,True,0.6485053708441978,0.3514946291558021,-0.0005012976305797753,True
6317,0,0,True,0.635439500608651,0.36456049939134894,-0.0014819263632443198,True
6318,0,1,False,0.653494872323939,0.34650512767606095,0.003790724884209829,True
6319,0,1,False,0.6013868241624981,0.39861317583750183,0.005024570444869337,True
6320,0,1,False,0.5774073460452253,0.4225926539547748,0.004972153519066541,False
6321,0,1,False,0.5157319380596448,0.48426806194035504,0.006238724118839534,False
6322,1,0,False,0.550967808803844,0.550967808803844,-0.00012120662808794064,False
6323,0,0,True,0.6366935698027518,0.3633064301972481,-0.005394981972341182,True
6324,0,0,True,0.6272818801511838,0.37271811984881625,-0.01368784109619585,True
6325,0,0,True,0.654528627306203,0.34547137269379696,-0.020094412731133136,True
6326,0,0,True,0.6701196302030051,0.3298803697969947,-0.00834966552250052,True
6327,0,0,True,0.6513110518309869,0.34868894816901297,-0.01324011619788071,True
6328,0,0,True,0.6815768825751305,0.31842311742486945,-0.009197068535032498,True
6329,0,1,False,0.719929357720183,0.280070642279817,0.007404284303841614,True
6330,0,1,False,0.7256522520297407,0.2743477479702591,0.012252884471495059,True
6331,0,1,False,0.672675383757419,0.3273246162425809,0.0016320745151331478,True
6332,0,1,False,0.562363005436668,0.43763699456333205,0.008371571433618387,False
6333,0,1,False,0.5727794752955827,0.4272205247044174,0.004735818422309383,False
6334,0,0,True,0.5404661041598637,0.45953389584013626,-0.004872222727608372,False
6335,0,0,True,0.5409593522281817,0.4590406477718183,-0.00032783712109321584,False
6336,0,0,True,0.5018136448369889,0.4981863551630112,-0.006386455692155985,False
6337,0,1,False,0.5224724656734848,0.4775275343265151,0.005188631448454326,False
6338,0,1,False,0.5488920079110885,0.45110799208891156,0.006644405886755984,False
6339,0,0,True,0.537777942345517,0.46222205765448304,-0.012120836266528882,False
6340,0,0,True,0.5688752559190414,0.4311247440809585,-0.0076054305931241096,False
6341,1,1,True,0.5054348898886488,0.5054348898886488,0.007635500797641424,False
6342,0,1,False,0.547142806387988,0.4528571936120122,0.00871495307072017,False
6343,0,1,False,0.5439556988279196,0.4560443011720803,0.009414694282703208,False
6344,0,1,False,0.5055659445900961,0.49443405540990387,0.03716006581026039,False
6345,0,1,False,0.5928017326226048,0.40719826737739506,0.018313494024555326,False
6346,1,0,False,0.5248008177187082,0.5248008177187082,-2.1345038317063196e-05,False
6347,1,0,False,0.5512073944113812,0.5512073944113812,-0.0027689753561364614,False
6348,0,0,True,0.513920364785147,0.48607963521485303,-0.005302233791838121,False
6349,0,0,True,0.5614472381946186,0.43855276180538133,-0.026934309368294655,False
6350,0,0,True,0.5336573159098489,0.46634268409015106,-0.015291516043668182,False
6351,0,0,True,0.535979352669627,0.46402064733037296,-0.01498577545481763,False
6352,1,0,False,0.5128651088709373,0.5128651088709373,-0.034850687689184756,False
6353,1,0,False,0.5235862194285262,0.5235862194285262,-0.021711250468837012,False
6354,1,0,False,0.5354562538875438,0.5354562538875438,-0.012925507781634312,False
6355,1,0,False,0.5212366858694709,0.5212366858694709,-0.0329359552382163,False
6356,0,0,True,0.5246306917052436,0.4753693082947564,-0.036189632938936164,False
6357,1,0,False,0.5509457232322891,0.5509457232322891,-0.01468236963495558,False
6358,1,0,False,0.5981603209623937,0.5981603209623937,-0.039308270016493764,False
6359,1,0,False,0.6026222574945984,0.6026222574945984,-0.025057073648921842,True
6360,1,0,False,0.5982669136087516,0.5982669136087516,-0.003442561677134519,False
6361,1,1,True,0.5389649050409966,0.5389649050409966,0.012455291939950697,False
6362,1,0,False,0.5687997312408773,0.5687997312408773,-0.005378740864663925,False
6363,1,1,True,0.5834403219589466,0.5834403219589466,0.002167211404366027,False
6364,1,0,False,0.5261654028701711,0.5261654028701711,-0.006324549520953695,False
6365,1,0,False,0.58990842475708,0.58990842475708,-0.011527737517327621,False
6366,1,0,False,0.536337149065052,0.536337149065052,-0.005321678823777958,False
6367,1,1,True,0.5937992808920592,0.5937992808920592,0.001749012994463151,False
6368,1,1,True,0.5877598497327782,0.5877598497327782,0.008977620035656683,False
6369,1,1,True,0.5889309482926859,0.5889309482926859,0.011759103135399152,False
6370,1,1,True,0.5721252604758793,0.5721252604758793,0.004339063850828544,False
6371,1,1,True,0.5425637724197296,0.5425637724197296,0.0006911834517626452,False
6372,1,1,True,0.5117406012357765,0.5117406012357765,0.00877734202554656,False
6373,0,0,True,0.5651215859554434,0.43487841404455657,-0.00019021187898072604,False
6374,0,1,False,0.5166083542760951,0.4833916457239049,0.0016374428856123337,False
6375,1,0,False,0.5295191686046311,0.5295191686046311,-0.011076543977474582,False
6376,0,1,False,0.5018970223195528,0.49810297768044726,0.015186384154249518,False
6377,0,1,False,0.5243528291415794,0.4756471708584206,0.019018115066850288,False
6378,0,1,False,0.5817952112057484,0.41820478879425166,0.022065119032887652,False
6379,0,1,False,0.6570353216440988,0.3429646783559012,0.02548879662789365,True
6380,0,1,False,0.5647474548289702,0.43525254517102985,0.03395104059976786,False
6381,0,0,True,0.549055158751638,0.4509448412483619,-0.013112996505728185,False
6382,0,0,True,0.6076839423464596,0.39231605765354033,-0.02769044561056723,True
6383,0,0,True,0.5989599061741202,0.4010400938258798,-0.026273631790417917,False
6384,0,0,True,0.610825435825681,0.389174564174319,-0.035413665075589296,True
6385,0,0,True,0.6437232812681372,0.3562767187318629,-0.015696401276811368,True
6386,0,1,False,0.5397288760546738,0.46027112394532615,0.014193561222830971,False
6387,1,1,True,0.5284467404936176,0.5284467404936176,0.02383486942758021,False
6388,1,1,True,0.520994349233456,0.520994349233456,0.019534693285324208,False
6389,1,1,True,0.5476494999750819,0.5476494999750819,0.01647116233218141,False
6390,1,0,False,0.5907487937693213,0.5907487937693213,-0.00152741649968015,False
6391,0,0,True,0.5741179458626172,0.4258820541373827,-0.016441332901636116,False
6392,0,0,True,0.5574871786048363,0.44251282139516374,-0.00657156750529491,False
6393,0,0,True,0.5070741534527818,0.4929258465472182,-0.0017520631028440231,False
6394,0,1,False,0.5540236020482633,0.44597639795173666,0.0035901440651724824,False
6395,1,1,True,0.5206782976917946,0.5206782976917946,0.017416706595146776,False
6396,1,1,True,0.501398739339482,0.501398739339482,0.02218100987021469,False
6397,1,0,False,0.5730673871509157,0.5730673871509157,-0.012098699204275056,False
6398,1,1,True,0.5609250228836339,0.5609250228836339,0.0063240053938853884,False
6399,1,0,False,0.5474783008659605,0.5474783008659605,-0.013538609783956483,False
6400,1,0,False,0.5199447571163565,0.5199447571163565,-0.01794578743734343,False
6401,1,0,False,0.5642526176095971,0.5642526176095971,-0.019648593266908897,False
6402,1,0,False,0.6073342755528327,0.6073342755528327,-0.0022023473312081194,True
6403,1,0,False,0.6333255019997944,0.6333255019997944,-0.021491717143342033,True
6404,0,0,True,0.5121737104790277,0.48782628952097234,-0.00609499665101048,False
6405,1,0,False,0.5511783015196624,0.5511783015196624,-0.00797867907673601,False
6406,1,0,False,0.5452812321348751,0.5452812321348751,-0.011220643099243671,False
6407,0,0,True,0.5363747771500966,0.4636252228499033,-0.0035148416145450606,False
6408,1,0,False,0.6013234082608746,0.6013234082608746,-0.0033347863320781733,True
6409,1,1,True,0.5285089809708214,0.5285089809708214,0.010334419589461987,False
6410,1,1,True,0.5482272768257301,0.5482272768257301,0.019763813801413777,False
6411,1,1,True,0.6121105503560106,0.6121105503560106,0.02952921195718704,True
6412,1,1,True,0.6618011644873074,0.6618011644873074,0.020764757210347377,True
6413,1,1,True,0.5946014025748537,0.5946014025748537,0.01239196084893401,False
6414,1,0,False,0.6071299169300146,0.6071299169300146,-0.0041747482434028324,True
6415,1,0,False,0.5594949069389659,0.5594949069389659,-0.007205242450041652,False
6416,1,0,False,0.5763134212996397,0.5763134212996397,-0.02551766141943995,False
6417,1,0,False,0.5617314146960095,0.5617314146960095,-0.012300353566352092,False
6418,1,0,False,0.5324616440569666,0.5324616440569666,-0.014321335469796097,False
6419,1,1,True,0.5674711002841701,0.5674711002841701,0.003497613440921396,False
6420,1,0,False,0.6971896840525141,0.6971896840525141,-0.001997026247411383,True
6421,1,1,True,0.6767307963482668,0.6767307963482668,0.009363016135693071,True
6422,1,1,True,0.6126255033515638,0.6126255033515638,0.010522756138301248,True
6423,1,1,True,0.5582014131460953,0.5582014131460953,0.014277968698361683,False
6424,0,1,False,0.6134852851373741,0.3865147148626258,0.0033921753087135125,True
6425,0,1,False,0.6479968203724192,0.35200317962758093,0.008571962633211944,True
6426,0,1,False,0.6858504319093736,0.31414956809062633,0.0067764301505446505,True
6427,0,0,True,0.6380306401255774,0.36196935987442264,-0.017001706702084153,True
6428,0,0,True,0.6178054155867331,0.382194584413267,-0.005563361145772299,True
6429,0,0,True,0.5983968819997088,0.4016031180002912,-0.00405894214934997,False
6430,0,0,True,0.6248454406594649,0.37515455934053515,-0.013660149961275403,True
6431,0,0,True,0.586874038070004,0.4131259619299959,-0.012660158500450899,False
6432,0,1,False,0.5614098650041807,0.43859013499581917,0.0032124659198668267,False
6433,1,0,False,0.5128159227417542,0.5128159227417542,-0.0017058730491368702,False
6434,1,1,True,0.5108893810772343,0.5108893810772343,0.008933958360256466,False
6435,1,1,True,0.535922797348613,0.535922797348613,0.0015977138702542213,False
6436,1,0,False,0.511656816831955,0.511656816831955,-0.005423028151395582,False
6437,0,0,True,0.5699418983191901,0.4300581016808098,-0.004527558347057463,False
6438,0,0,True,0.5122629603794403,0.48773703962055964,-0.008820447580861849,False
6439,0,0,True,0.5019690790857642,0.4980309209142357,-0.03259117152710532,False
6440,0,0,True,0.6071272649025559,0.39287273509744414,-0.0047123530911861,True
6441,1,0,False,0.5234338402824418,0.5234338402824418,-0.005053793009546014,False
6442,1,0,False,0.5071846434768134,0.5071846434768134,-0.013732188230820766,False
6443,0,0,True,0.5550668933655913,0.4449331066344085,-0.010445251345645789,False
6444,0,1,False,0.5575348425461277,0.4424651574538722,0.015395153682317711,False
6445,0,1,False,0.6145087759233948,0.3854912240766049,0.0026130952391693876,True
6446,1,1,True,0.5717666141384042,0.5717666141384042,0.0052076586706363125,False
6447,1,1,True,0.6146309505927814,0.6146309505927814,0.0331274375697388,True
6448,0,1,False,0.5514641749249569,0.4485358250750429,0.03679555489466646,False
6449,0,1,False,0.5429732866531551,0.45702671334684486,0.025293550687355032,False
6450,1,1,True,0.6373625546749216,0.6373625546749216,0.012213577211418754,True
6451,1,1,True,0.6449781972919678,0.6449781972919678,0.020384924425883064,True
6452,1,1,True,0.5793638830569903,0.5793638830569903,0.004736209957702885,False
6453,0,0,True,0.5052967572554562,0.49470324274454375,-0.009936701496382499,False
6454,1,1,True,0.5096852157158028,0.5096852157158028,0.0005239195587454646,False
6455,1,1,True,0.5173489994495156,0.5173489994495156,0.0341225737865411,False
6456,1,1,True,0.5281375992168865,0.5281375992168865,0.04397519598046468,False
6457,1,1,True,0.5159269576078368,0.5159269576078368,0.029694482461827217,False
6458,1,1,True,0.5334413580060876,0.5334413580060876,0.05453436738639366,False
6459,1,1,True,0.5333256881153209,0.5333256881153209,0.04832992489742795,False
6460,0,1,False,0.5180887722756177,0.4819112277243824,0.025020642627804405,False
6461,1,1,True,0.5418665717435248,0.5418665717435248,0.021996937508434462,False
6462,1,1,True,0.5342761360583048,0.5342761360583048,0.03240022334635822,False
6463,0,1,False,0.5013202099414474,0.4986797900585526,0.020398260283874665,False
6464,1,1,True,0.5096215514179333,0.5096215514179333,0.010627884878035523,False
6465,0,1,False,0.5005352768772234,0.4994647231227766,0.006961896180897017,False
6466,1,0,False,0.5788862929739175,0.5788862929739175,-0.0011433705733421393,False
6467,1,0,False,0.5704710992188123,0.5704710992188123,-0.007700805373066446,False
6468,1,0,False,0.5742390455219833,0.5742390455219833,-0.004226251942726247,False
6469,1,1,True,0.621562234113874,0.621562234113874,0.009640548804190177,True
6470,1,1,True,0.5804262267629325,0.5804262267629325,0.01496528664906085,False
6471,1,1,True,0.5602205799622044,0.5602205799622044,0.008550783644906941,False
6472,1,1,True,0.6321980410730778,0.6321980410730778,0.015350887895421581,True
6473,1,1,True,0.6286156991498919,0.6286156991498919,0.00827303087850171,True
6474,1,1,True,0.5836983883439011,0.5836983883439011,0.0028372905237645943,False
6475,1,0,False,0.5185348873318875,0.5185348873318875,-0.006749969249676272,False
6476,0,1,False,0.5025578947721996,0.4974421052278004,0.004299125688702212,False
6477,0,1,False,0.5048983462984517,0.49510165370154846,0.005959852426169985,False
6478,1,1,True,0.5478596337131322,0.5478596337131322,0.008802514897593611,False
6479,0,1,False,0.5296237212969052,0.4703762787030949,0.006344113116118098,False
6480,0,1,False,0.6253833488537075,0.37461665114629245,0.02232698197701143,True
6481,0,1,False,0.5349611906238454,0.46503880937615455,0.028232498691491564,False
6482,0,1,False,0.5680694428965446,0.43193055710345546,0.014379230821886796,False
6483,0,1,False,0.5349437370963638,0.46505626290363616,0.017827213368706636,False
6484,1,1,True,0.5030314688600157,0.5030314688600157,0.00412623966116456,False
6485,0,0,True,0.5771567663627492,0.4228432336372509,-0.009711124847979046,False
6486,0,0,True,0.5082154945110621,0.491784505488938,-0.011692189632975407,False
6487,0,0,True,0.520607583667291,0.479392416332709,-0.01368281945700091,False
6488,0,0,True,0.5345555045201511,0.46544449547984895,-0.012572954958686032,False
6489,0,0,True,0.5499700926438822,0.4500299073561178,-0.005684399519257842,False
6490,1,0,False,0.5236218437824411,0.5236218437824411,-0.008374919646911191,False
6491,1,0,False,0.5661425714984197,0.5661425714984197,-0.026681031977459586,False
6492,0,0,True,0.5133042611286566,0.4866957388713435,-0.02349392883805191,False
6493,1,0,False,0.5685296140583052,0.5685296140583052,-0.019591453404993058,False
6494,1,0,False,0.5655567495054213,0.5655567495054213,-0.021675016481740698,False
6495,1,0,False,0.5299618228563958,0.5299618228563958,-0.015221910008602808,False
6496,1,0,False,0.5139362216648066,0.5139362216648066,-0.015317382553599834,False
6497,1,0,False,0.560475878229737,0.560475878229737,-0.021618917953164063,False
6498,1,0,False,0.6740861281277812,0.6740861281277812,-0.017182711639958728,True
6499,0,1,False,0.5678461356380876,0.43215386436191244,0.01199182020328477,False
6500,0,1,False,0.5593248678457318,0.4406751321542682,0.01106908473741955,False
6501,0,1,False,0.585836089179028,0.41416391082097204,0.01046157254091941,False
6502,0,1,False,0.6605329392240588,0.3394670607759412,0.07321524522945942,True
6503,0,1,False,0.7206114859997808,0.2793885140002193,0.028106004539781227,True
6504,0,0,True,0.5168276103725215,0.4831723896274786,-0.02227263161702584,False
6505,0,0,True,0.572469847743475,0.42753015225652496,-0.023109473142873115,False
6506,1,1,True,0.5494734581208632,0.5494734581208632,0.001552201105835069,False
6507,0,0,True,0.5066562732032752,0.4933437267967249,-0.06667500207954767,False
6508,0,0,True,0.6562686305797265,0.3437313694202735,-0.0509962007171373,True
6509,1,0,False,0.5243916347395349,0.5243916347395349,-0.02474609940442566,False
6510,1,1,True,0.6596467444729647,0.6596467444729647,0.0217236979576912,True
6511,1,1,True,0.6663836562577576,0.6663836562577576,0.012791223742166907,True
6512,1,1,True,0.6358764789688313,0.6358764789688313,0.043354060547749027,True
6513,0,1,False,0.5109782645823113,0.4890217354176887,0.047206238837927114,False
6514,1,1,True,0.6891874453820394,0.6891874453820394,0.09192472302846541,True
6515,1,1,True,0.65762800164392,0.65762800164392,0.05064716332151542,True
6516,1,1,True,0.6425835738823533,0.6425835738823533,0.06888894378669524,True
6517,1,1,True,0.6552407433064231,0.6552407433064231,0.1430065812207087,True
6518,1,1,True,0.641844457857457,0.641844457857457,0.1230041739520941,True
6519,1,1,True,0.6301390072675118,0.6301390072675118,0.07357099922002282,True
6520,1,1,True,0.6272887568315799,0.6272887568315799,0.14858307667293863,True
6521,1,1,True,0.6552256343728748,0.6552256343728748,0.12376693670915011,True
6522,1,1,True,0.6221027379963745,0.6221027379963745,0.03297911015256376,True
6523,0,1,False,0.7420111757503141,0.25798882424968606,0.08910625645728054,True
6524,0,1,False,0.7077046165980395,0.29229538340196043,0.08376636891251124,True
6525,0,1,False,0.6514423231000982,0.34855767689990164,0.0042736639792576,True
6526,0,0,True,0.7007820717513745,0.29921792824862553,-0.0421148368031951,True
6527,0,0,True,0.7395714073139182,0.26042859268608176,-0.08368255246008671,True
6528,0,0,True,0.7085251304442005,0.29147486955579954,-0.09802356530175169,True
6529,0,0,True,0.7095159690020183,0.29048403099798165,-0.10221474247841526,True
6530,0,0,True,0.7999233321900209,0.200076667809979,-0.08301989365275753,True
6531,0,0,True,0.7479976527820756,0.2520023472179243,-0.03353213153170428,True
6532,1,1,True,0.5165121523375098,0.5165121523375098,0.022615548500293188,False
6533,0,0,True,0.7528222675215458,0.24717773247845423,-0.04961004239830524,True
6534,0,0,True,0.7386130983386449,0.2613869016613552,-0.04345356096917358,True
6535,1,0,False,0.6064492252958273,0.6064492252958273,-0.07738235186976242,True
6536,1,0,False,0.6580340452437204,0.6580340452437204,-0.10601159502657559,True
6537,1,0,False,0.5543039320296425,0.5543039320296425,-0.1464091968200406,False
6538,1,0,False,0.6336549300409329,0.6336549300409329,-0.12414264258108555,True
6539,1,0,False,0.6091025802081355,0.6091025802081355,-0.11953087648864329,True
6540,1,0,False,0.5907671674806156,0.5907671674806156,-0.06303477031454123,False
6541,1,1,True,0.5138170934060283,0.5138170934060283,0.01188291709700783,False
6542,0,1,False,0.6433984254838491,0.356601574516151,0.03476874192930514,True
6543,1,1,True,0.6247633800559899,0.6247633800559899,0.0977194831462169,True
6544,1,1,True,0.5898591274456766,0.5898591274456766,0.1352652927883401,False
6545,1,1,True,0.7064880293070948,0.7064880293070948,0.07225492731628283,True
6546,1,1,True,0.6829988578724429,0.6829988578724429,0.03438564190186226,True
6547,1,1,True,0.5672468774564884,0.5672468774564884,0.08780524197372501,False
6548,0,1,False,0.5946849900781196,0.4053150099218803,0.02506364599804117,False
6549,0,1,False,0.5960328815258359,0.40396711847416417,0.0032339363427307446,False
6550,0,0,True,0.5357293526728863,0.46427064732711365,-0.007333804626153385,False
6551,0,0,True,0.584107242086329,0.4158927579136709,-0.012685459133584645,False
6552,1,0,False,0.544684469463275,0.544684469463275,-0.04022484404324195,False
6553,1,0,False,0.5713156165529117,0.5713156165529117,-0.04492243039191362,False
6554,1,0,False,0.6634216208357396,0.6634216208357396,-0.07245494568167378,True
6555,1,0,False,0.620870143962679,0.620870143962679,-0.06702057792191041,True
6556,1,0,False,0.7254349415852914,0.7254349415852914,-0.05307942907182165,True
6557,1,0,False,0.6181019130472319,0.6181019130472319,-0.055256569014915435,True
6558,1,0,False,0.6492727294675515,0.6492727294675515,-0.0365015856488542,True
6559,1,0,False,0.6173814541694034,0.6173814541694034,-0.003970302085920973,True
6560,1,1,True,0.6370716976657945,0.6370716976657945,0.009619665916151017,True
6561,1,0,False,0.6436189568813494,0.6436189568813494,-0.01246893811881193,True
6562,1,0,False,0.7500645799769124,0.7500645799769124,-0.014461211000929574,True
6563,1,1,True,0.5720592884915922,0.5720592884915922,0.06287163802566553,False
6564,0,1,False,0.562314783087969,0.43768521691203094,0.05187209600447592,False
6565,0,1,False,0.5401474196637119,0.45985258033628806,0.0791347377724848,False
6566,1,1,True,0.5302617140460019,0.5302617140460019,0.10313182886642958,False
6567,1,1,True,0.5800958483613665,0.5800958483613665,0.10565576777831348,False
6568,1,1,True,0.732804120261577,0.732804120261577,0.08466451577749784,True
6569,1,1,True,0.7813144555262505,0.7813144555262505,0.10342220797884977,True
6570,1,1,True,0.7742241727562665,0.7742241727562665,0.02862114687966602,True
6571,1,0,False,0.7492560050563482,0.7492560050563482,-0.0178874529631641,True
6572,1,0,False,0.7295691096412905,0.7295691096412905,-0.017509542561900047,True
6573,1,0,False,0.6020123491412614,0.6020123491412614,-0.04868600172784414,True
6574,1,0,False,0.6425832604130836,0.6425832604130836,-0.08371471315312876,True
6575,1,0,False,0.638334979643238,0.638334979643238,-0.024702991018691056,True
6576,1,0,False,0.5230651108045457,0.5230651108045457,-0.013714965272849402,False
6577,1,0,False,0.6329775466135341,0.6329775466135341,-0.013042764599025808,True
6578,1,0,False,0.6719525779044969,0.6719525779044969,-0.023083500609164097,True
6579,1,0,False,0.740179400740708,0.740179400740708,-0.013574159214962037,True
6580,1,0,False,0.6826669255069574,0.6826669255069574,-0.04832835129405226,True
6581,1,0,False,0.6896863326429825,0.6896863326429825,-0.03272353497272181,True
6582,1,0,False,0.6911756164950932,0.6911756164950932,-0.018304765146160952,True
6583,1,0,False,0.6428712441111125,0.6428712441111125,-0.04229047869241535,True
6584,1,0,False,0.5959888915650323,0.5959888915650323,-0.05097892431285384,False
6585,1,0,False,0.5002990935510622,0.5002990935510622,-0.025796638370476535,False
6586,1,1,True,0.5459823322879858,0.5459823322879858,0.005288869766076719,False
6587,1,0,False,0.5230473012656051,0.5230473012656051,-0.0336991330831039,False
6588,0,0,True,0.5668071756386905,0.43319282436130946,-0.008648349982820986,False
6589,0,0,True,0.5003876986094348,0.49961230139056517,-0.005971191390809755,False
6590,1,0,False,0.5026662654044194,0.5026662654044194,-4.135457409159189e-05,False
6591,0,0,True,0.5230200426149884,0.4769799573850116,-0.06357623748404427,False
6592,0,0,True,0.5092883617701198,0.49071163822988034,-0.05482466606359948,False
6593,1,1,True,0.5564677475658036,0.5564677475658036,0.003522387480134391,False
6594,1,0,False,0.5493616119158399,0.5493616119158399,-0.03304785288256985,False
6595,0,0,True,0.513163559804068,0.4868364401959319,-0.041561800796970555,False
6596,1,0,False,0.5445704437111809,0.5445704437111809,-0.017086897756881558,False
6597,1,0,False,0.509658789706658,0.509658789706658,-0.012146259206893354,False
6598,1,0,False,0.6010281485167729,0.6010281485167729,-0.03662349325686844,True
6599,1,1,True,0.5836125010684117,0.5836125010684117,0.0167149139840123,False
6600,1,1,True,0.7312720665322893,0.7312720665322893,0.06301143747686767,True
6601,1,1,True,0.5292480901846128,0.5292480901846128,0.018997959690534548,False
6602,0,1,False,0.5637277386162592,0.4362722613837407,0.044011489328426884,False
6603,1,1,True,0.6965094433629861,0.6965094433629861,0.031233000753868884,True
6604,0,1,False,0.5741184356774623,0.4258815643225376,0.013898823286840688,False
6605,1,0,False,0.6336678370539096,0.6336678370539096,-0.02492111462554654,True
6606,1,1,True,0.5870169334475237,0.5870169334475237,0.002464254092967533,False
6607,1,1,True,0.70962444213396,0.70962444213396,0.05010140777619107,True
6608,1,1,True,0.5981647899741148,0.5981647899741148,0.043032200098595826,False
6609,0,1,False,0.5247658974252905,0.47523410257470955,0.04318014028410746,False
6610,1,1,True,0.5988643285914117,0.5988643285914117,0.09629188739389095,False
6611,1,1,True,0.6202897611146565,0.6202897611146565,0.10285391408730706,True
6612,0,1,False,0.5013174433578639,0.49868255664213607,0.04623789572428267,False
6613,1,1,True,0.530801193369839,0.530801193369839,0.058971562960682664,False
6614,1,1,True,0.5639576022474554,0.5639576022474554,0.05682360571145644,False
6615,1,0,False,0.5165409101805444,0.5165409101805444,-0.013796313170730178,False
6616,0,1,False,0.6681060061696286,0.3318939938303714,0.03684778122572592,True
6617,0,1,False,0.6663662265209758,0.33363377347902423,0.05547774343158306,True
6618,0,1,False,0.5800539123968685,0.41994608760313135,0.05544998094066144,False
6619,1,1,True,0.5246808916702789,0.5246808916702789,0.09183382150590419,False
6620,1,1,True,0.5558246257919071,0.5558246257919071,0.12236739345231565,False
6621,1,1,True,0.5427447194358795,0.5427447194358795,0.13203699149748724,False
6622,1,1,True,0.5912039065648629,0.5912039065648629,0.10605430675154513,False
6623,1,1,True,0.5984731245641042,0.5984731245641042,0.06224581471050458,False
6624,0,1,False,0.5016481045447733,0.4983518954552267,0.010468738717167709,False
6625,1,0,False,0.5814293398364536,0.5814293398364536,-0.01105665681089056,False
6626,1,0,False,0.7066105368292105,0.7066105368292105,-0.1290084540856041,True
6627,1,0,False,0.6197404999958792,0.6197404999958792,-0.09984128972341262,True
6628,1,0,False,0.6065738797919444,0.6065738797919444,-0.07177179289144069,True
6629,0,0,True,0.5067018067810429,0.49329819321895707,-0.0629755091551942,False
6630,0,0,True,0.533626514141199,0.4663734858588009,-0.02823084458605096,False
6631,1,1,True,0.6278625017948426,0.6278625017948426,0.018800957350692045,True
6632,1,0,False,0.6411991535641773,0.6411991535641773,-0.03966327974203475,True
6633,1,0,False,0.6832036590614861,0.6832036590614861,-0.0472406411785294,True
6634,1,1,True,0.7059579533938636,0.7059579533938636,0.010587129741204095,True
6635,1,0,False,0.7617756937018827,0.7617756937018827,-0.0061692630630659565,True
6636,1,0,False,0.6213206224678851,0.6213206224678851,-0.04471856931452137,True
6637,1,0,False,0.7666458193386094,0.7666458193386094,-0.04412980647867436,True
6638,1,0,False,0.7585440981499136,0.7585440981499136,-0.06535790321083261,True
6639,1,0,False,0.7528633654202199,0.7528633654202199,-0.09551841648658672,True
6640,1,0,False,0.6716270227017297,0.6716270227017297,-0.13573923545353497,True
6641,0,0,True,0.6903853178239089,0.3096146821760912,-0.1037989788841321,True
6642,1,0,False,0.5396690330994459,0.5396690330994459,-0.08815299720597193,False
6643,1,0,False,0.59606840758088,0.59606840758088,-0.05429978333977855,False
6644,1,0,False,0.6014406737088084,0.6014406737088084,-0.04213477478566514,True
6645,1,0,False,0.7064986799244468,0.7064986799244468,-0.005195357542408719,True
6646,1,1,True,0.7234139597151015,0.7234139597151015,0.05187884378780032,True
6647,1,1,True,0.7575189901523246,0.7575189901523246,0.1268473584473979,True
6648,1,1,True,0.7434991439200557,0.7434991439200557,0.15650241038937912,True
6649,1,1,True,0.7007628879921235,0.7007628879921235,0.12119555495770293,True
6650,1,1,True,0.6419912623315954,0.6419912623315954,0.07843547668882137,True
6651,1,1,True,0.6268350402720212,0.6268350402720212,0.04426950731416707,True
6652,1,0,False,0.6725219187306095,0.6725219187306095,-0.04146517200489108,True
6653,1,0,False,0.6636571721646166,0.6636571721646166,-0.07044154585780328,True
6654,1,0,False,0.6426668955891189,0.6426668955891189,-0.08595101372582624,True
6655,1,0,False,0.671246966446911,0.671246966446911,-0.05393092249145033,True
6656,1,0,False,0.6976048761450905,0.6976048761450905,-0.0668377493748501,True
6657,1,0,False,0.723060104742741,0.723060104742741,-0.05204241119873605,True
6658,1,0,False,0.784055982460825,0.784055982460825,-0.06359580303435035,True
6659,1,0,False,0.7885955095382372,0.7885955095382372,-0.02037724095106876,True
6660,1,0,False,0.5654793832387238,0.5654793832387238,-0.018774254707958758,False
6661,1,0,False,0.5985792417646998,0.5985792417646998,-0.010362438320079107,False
6662,1,1,True,0.6412701322497124,0.6412701322497124,0.017460082676374205,True
6663,1,1,True,0.5861971793284406,0.5861971793284406,0.01900464680683824,False
6664,0,0,True,0.512200046756186,0.48779995324381403,-0.009392043513567375,False
6665,0,1,False,0.5776028745127414,0.42239712548725866,0.007304362893364872,False
6666,0,1,False,0.5555605328127886,0.44443946718721145,0.028383175705163893,False
6667,1,1,True,0.5393623872057326,0.5393623872057326,0.02230797218052847,False
6668,1,1,True,0.5962437230139485,0.5962437230139485,0.051392123069058826,False
6669,1,1,True,0.5906135020070237,0.5906135020070237,0.03524426824273235,False
6670,1,1,True,0.6252564731053165,0.6252564731053165,0.08136368324106742,True
6671,1,1,True,0.6752187472956733,0.6752187472956733,0.0872409359820186,True
6672,1,1,True,0.6426046007109185,0.6426046007109185,0.041100178161316135,True
6673,1,1,True,0.6222371737035912,0.6222371737035912,0.044845509067480575,True
6674,1,1,True,0.6693539034238177,0.6693539034238177,0.05598087889150232,True
6675,1,1,True,0.6437396192899323,0.6437396192899323,0.038223286605252094,True
6676,0,0,True,0.5482579249958367,0.45174207500416325,-0.0003397718017878381,False
6677,0,1,False,0.574861974658417,0.4251380253415829,0.02736794230755611,False
6678,1,1,True,0.5048518179329035,0.5048518179329035,0.015038190399475107,False
6679,0,1,False,0.5882826311780812,0.41171736882191884,0.050392837045143184,False
6680,0,1,False,0.5120493223012289,0.48795067769877104,0.015009454016310009,False
6681,0,1,False,0.5383556046458627,0.4616443953541373,0.06944985713155878,False
6682,0,1,False,0.5421768846459316,0.4578231153540684,0.05966942644046874,False
6683,1,1,True,0.6039681773988936,0.6039681773988936,0.06674970978459416,True
6684,0,1,False,0.5492199498569478,0.4507800501430523,0.032239461631059514,False
6685,1,0,False,0.5067040308149285,0.5067040308149285,-0.01126612481789633,False
6686,1,1,True,0.6046476082393243,0.6046476082393243,0.002651920228363329,True
6687,1,0,False,0.5673713622418476,0.5673713622418476,-0.00024132839294593823,False
6688,1,0,False,0.6133552037517584,0.6133552037517584,-0.05887531945818043,True
6689,1,0,False,0.5374063310154168,0.5374063310154168,-0.026972252746198137,False
6690,1,1,True,0.5080255174578249,0.5080255174578249,0.011633170823448282,False
6691,0,0,True,0.6031378057834776,0.3968621942165224,-0.01872430227778602,True
6692,0,0,True,0.6985623155993661,0.30143768440063395,-0.0127510209512608,True
6693,0,1,False,0.7020888148339649,0.297911185166035,0.03378981393868022,True
6694,0,1,False,0.5834393811570385,0.4165606188429614,0.054362302918101624,False
6695,0,1,False,0.651179472432942,0.3488205275670579,0.057833584979439134,True
6696,0,1,False,0.5146377340018781,0.4853622659981219,0.009332392556319406,False
6697,0,1,False,0.5205216652525859,0.479478334747414,0.017630572635648427,False
6698,0,1,False,0.561734670690837,0.438265329309163,0.016213153831706732,False
6699,1,1,True,0.5597218914241227,0.5597218914241227,0.020955579824718986,False
6700,0,1,False,0.5748803937798548,0.42511960622014516,0.03190194011712022,False
6701,1,1,True,0.5576051963390256,0.5576051963390256,0.05055648726834551,False
6702,1,1,True,0.6482760431110974,0.6482760431110974,0.049323660695629615,True
6703,1,1,True,0.6846642633504861,0.6846642633504861,0.058419603800042755,True
6704,1,1,True,0.6999778921464473,0.6999778921464473,0.02906394707788877,True
6705,0,1,False,0.5348366792823938,0.4651633207176061,0.025579544386320898,False
6706,0,1,False,0.5984734088312195,0.4015265911687805,0.01240600674393072,False
6707,0,1,False,0.6091855375491614,0.39081446245083856,0.03064564739630914,True
6708,1,1,True,0.5340263191998843,0.5340263191998843,0.016440515468885232,False
6709,0,1,False,0.5718697894654955,0.42813021053450445,0.021171516967456283,False
6710,1,1,True,0.5029123926183657,0.5029123926183657,0.010455775437450951,False
6711,0,1,False,0.5971742724674559,0.402825727532544,0.052391688884376335,False
6712,0,1,False,0.5116657642335362,0.48833423576646373,0.003231193646995155,False
6713,0,0,True,0.533448251041082,0.4665517489589181,-0.012152519530120311,False
6714,0,0,True,0.5453150589335933,0.45468494106640667,-0.04343261774473511,False
6715,0,0,True,0.6121020154304478,0.387897984569552,-0.04767132392450779,True
6716,0,0,True,0.6727619245768531,0.3272380754231469,-0.0357392324887781,True
6717,0,1,False,0.5943226024833798,0.4056773975166202,0.008337206598219989,False
6718,0,0,True,0.5135307355964519,0.48646926440354815,-0.012191104721235791,False
6719,0,1,False,0.5346260734111821,0.46537392658881793,0.019687626653638247,False
6720,1,1,True,0.650703415998944,0.650703415998944,0.006173566903383767,True
6721,1,1,True,0.6934968650742355,0.6934968650742355,0.007465287874547783,True
6722,1,0,False,0.5145761310475739,0.5145761310475739,-0.05343609951228957,False
6723,0,0,True,0.6014416336451923,0.3985583663548076,-0.049397024185971534,True
6724,1,0,False,0.6202528321387861,0.6202528321387861,-0.04220794534559172,True
6725,1,1,True,0.6204066414020031,0.6204066414020031,0.007492075106632598,True
6726,1,1,True,0.6903209020950828,0.6903209020950828,0.00727053754994088,True
6727,1,1,True,0.6313590744594421,0.6313590744594421,0.03416356831471699,True
6728,1,1,True,0.7551600360506322,0.7551600360506322,0.09038001228027384,True
6729,1,1,True,0.7725893085025867,0.7725893085025867,0.04159062042113685,True
6730,1,1,True,0.7568746527180377,0.7568746527180377,0.03155422419769858,True
6731,1,0,False,0.6378302191094052,0.6378302191094052,-0.01766260922053589,True
6732,1,0,False,0.5539165415139256,0.5539165415139256,-0.005894664695380172,False
6733,1,0,False,0.6435840959839821,0.6435840959839821,-0.09256332533344888,True
6734,0,0,True,0.5275434435166131,0.4724565564833869,-0.09730297290512707,False
6735,1,0,False,0.6906200621265057,0.6906200621265057,-0.10652626754285775,True
6736,0,0,True,0.5371291093421459,0.46287089065785403,-0.0349913587178829,False
6737,0,1,False,0.5768579530872294,0.42314204691277063,0.004180220512397131,False
6738,0,1,False,0.6075569388298853,0.3924430611701147,0.09240307905674593,True
6739,1,1,True,0.6033176569081907,0.6033176569081907,0.07961417003472751,True
6740,1,1,True,0.5690663389558993,0.5690663389558993,0.05050168056491705,False
6741,0,1,False,0.5380035993280293,0.4619964006719706,0.042942399374701075,False
6742,0,1,False,0.5773141851550608,0.4226858148449393,0.014471669715233346,False
6743,0,0,True,0.6932685173108535,0.30673148268914646,-0.03600519658220408,True
6744,0,0,True,0.7331329869468727,0.26686701305312727,-0.009088185642798143,True
6745,0,0,True,0.55209639635609,0.44790360364390996,-0.05072503748805752,False
6746,0,0,True,0.7059832586318295,0.29401674136817063,-0.06868496190586393,True
6747,0,0,True,0.7233912158611776,0.27660878413882245,-0.11533200189603844,True
6748,0,0,True,0.7469891589349323,0.2530108410650676,-0.11929894996723804,True
6749,0,0,True,0.6737802799947041,0.3262197200052958,-0.1098619454903917,True
6750,0,0,True,0.7524662543689024,0.24753374563109756,-0.09059318755157854,True
6751,0,0,True,0.6455617351962383,0.35443826480376184,-0.10692330917451567,True
6752,0,0,True,0.540178076917807,0.4598219230821931,-0.0409694569050475,False
6753,1,0,False,0.5897287102924723,0.5897287102924723,-0.019475866915607577,False
6754,1,1,True,0.6523847922391686,0.6523847922391686,0.013927771963768902,True
6755,1,1,True,0.5452597282441397,0.5452597282441397,0.06613446562909354,False
6756,1,1,True,0.5439269704571025,0.5439269704571025,0.07580369201480609,False
6757,1,1,True,0.5033115416102113,0.5033115416102113,0.08826342187982375,False
6758,0,1,False,0.5567300327537458,0.4432699672462543,0.10861516354554224,False
6759,0,1,False,0.5282710107430305,0.47172898925696943,0.06246020472722626,False
6760,1,1,True,0.5516771533544529,0.5516771533544529,0.053742826678942,False
6761,1,1,True,0.5607762239435222,0.5607762239435222,0.00823464412156453,False
6762,0,0,True,0.5670647121429284,0.4329352878570715,-0.0006991339473876042,False
6763,1,1,True,0.538512281218356,0.538512281218356,0.01825274897077621,False
6764,1,1,True,0.6399768584092648,0.6399768584092648,0.02163689793139449,True
6765,1,0,False,0.509072525674993,0.509072525674993,-0.0038052091232364366,False
6766,1,1,True,0.5128876465567296,0.5128876465567296,0.03300228025484493,False
6767,0,0,True,0.5204523893256852,0.479547610674315,-0.025190100715954955,False
6768,0,0,True,0.5865031180395137,0.41349688196048634,-0.05709857102919726,False
6769,0,0,True,0.5184215699775935,0.4815784300224066,-0.021790916899118065,False
6770,0,0,True,0.5365862017248925,0.4634137982751074,-0.03222571540151714,False
6771,1,0,False,0.5692575613406569,0.5692575613406569,-0.0035401505586879784,False
6772,1,1,True,0.5600290373080195,0.5600290373080195,0.04290778330555874,False
6773,1,1,True,0.5207499777150494,0.5207499777150494,0.06839356308211196,False
6774,1,1,True,0.6103813325595743,0.6103813325595743,0.02038847185781099,True
6775,1,1,True,0.5669070675275447,0.5669070675275447,0.023938542127354343,False
6776,1,0,False,0.6449983028905163,0.6449983028905163,-0.017939967691723437,True
6777,1,1,True,0.5197385705854747,0.5197385705854747,0.01360470842407975,False
6778,0,0,True,0.5747236636702888,0.42527633632971124,-0.01714489016710173,False
6779,0,0,True,0.5466652413708178,0.4533347586291822,-0.05678648130777164,False
6780,0,0,True,0.5284379965679892,0.4715620034320109,-0.00669652494625143,False
6781,1,1,True,0.6119883913436971,0.6119883913436971,0.016342920452364892,True
6782,1,0,False,0.524505980634499,0.524505980634499,-0.003981623323577696,False
6783,0,1,False,0.6283400992957278,0.3716599007042722,0.018572001068014692,True
6784,0,1,False,0.5588953476297499,0.44110465237025015,0.05936811008448196,False
6785,0,1,False,0.5472177815768109,0.45278221842318905,0.040430264589926275,False
6786,0,1,False,0.6497201886234737,0.35027981137652636,0.017002622475371508,True
6787,1,1,True,0.6305766297519084,0.6305766297519084,0.05298560030128753,True
6788,1,1,True,0.5304092199482012,0.5304092199482012,0.06882685053999606,False
6789,0,1,False,0.5640219592885316,0.43597804071146834,0.10901760622723455,False
6790,1,1,True,0.5603377381761342,0.5603377381761342,0.12885156563811417,False
6791,1,1,True,0.6195057717107134,0.6195057717107134,0.08109012885747792,True
6792,1,1,True,0.6202499495071502,0.6202499495071502,0.018379067716379385,True
6793,0,1,False,0.5548951345160505,0.4451048654839495,0.024760100092182418,False
6794,0,0,True,0.6562571118236402,0.3437428881763598,-0.009575842295760117,True
6795,0,0,True,0.614420226863926,0.38557977313607394,-0.07411707053661934,True
6796,0,0,True,0.6370096226352749,0.362990377364725,-0.023177490400159404,True
6797,0,0,True,0.5053966303908465,0.4946033696091534,-0.042659539117933756,False
6798,1,0,False,0.5711536220036576,0.5711536220036576,-0.08654652920884624,False
6799,0,0,True,0.6779208503976925,0.32207914960230766,-0.07750170048789652,True
6800,0,0,True,0.649488592856213,0.350511407143787,-0.06986784946638834,True
6801,1,0,False,0.5403038014111686,0.5403038014111686,-0.07824985408375097,False
6802,0,0,True,0.5630813264834115,0.4369186735165885,-0.05106740319696673,False
6803,1,1,True,0.5796197838855249,0.5796197838855249,0.017373130160437143,False
6804,1,1,True,0.8012897886915309,0.8012897886915309,0.009458050656102588,True
6805,1,1,True,0.806548786724549,0.806548786724549,0.036736200232560724,True
6806,1,1,True,0.83069789571477,0.83069789571477,0.05816602629970012,True
6807,1,1,True,0.7770111652809734,0.7770111652809734,0.04238768604399822,True
6808,1,0,False,0.6592692913584405,0.6592692913584405,-0.023767832721801736,True
6809,0,1,False,0.608843492633722,0.39115650736627816,0.015679501005734574,True
6810,0,1,False,0.645989011108595,0.354010988891405,0.06005674741719003,True
6811,0,1,False,0.5809145105886068,0.4190854894113932,0.03521928747097286,False
6812,1,1,True,0.5934009631401853,0.5934009631401853,0.02728613223980514,False
6813,1,1,True,0.6602557867354423,0.6602557867354423,0.02295565051124596,True
6814,1,1,True,0.6840939576868772,0.6840939576868772,0.010957481969935326,True
6815,1,1,True,0.6883488597866508,0.6883488597866508,0.0035009557453158065,True
6816,1,1,True,0.6642766836350199,0.6642766836350199,0.022469395975373386,True
6817,1,1,True,0.716555608477175,0.716555608477175,0.056710814857990934,True
6818,1,1,True,0.7494245890911154,0.7494245890911154,0.10575422200303854,True
6819,1,1,True,0.7312152004593244,0.7312152004593244,0.13271359653375428,True
6820,1,1,True,0.6830477606390891,0.6830477606390891,0.1092855398986878,True
6821,1,1,True,0.5698906903026,0.5698906903026,0.08753293917682314,False
6822,0,1,False,0.6400365213476861,0.3599634786523139,0.08943683448013232,True
6823,0,1,False,0.6200356057498985,0.3799643942501015,0.09280773308372578,True
6824,0,1,False,0.5929256793044041,0.4070743206955958,0.043454495697009723,False
6825,0,0,True,0.5676419120482387,0.4323580879517614,-0.019002296501577587,False
6826,1,0,False,0.5216467429152892,0.5216467429152892,-0.019647593746695512,False
6827,0,0,True,0.5008592148707823,0.49914078512921756,-0.06654993247153461,False
6828,0,0,True,0.5421576024594619,0.4578423975405381,-0.14814931275138787,False
6829,0,0,True,0.5559723870366283,0.44402761296337157,-0.15073077476460453,False
6830,0,0,True,0.6561903858596386,0.34380961414036143,-0.10811121455400365,True
6831,1,0,False,0.5313824535095834,0.5313824535095834,-0.08738746216319031,False
6832,1,0,False,0.7009580070262373,0.7009580070262373,-0.04347305195651592,True
6833,1,1,True,0.720989408304067,0.720989408304067,0.01064205024380307,True
6834,1,1,True,0.8073888679079313,0.8073888679079313,0.03455915133582177,True
6835,1,1,True,0.8400794611429481,0.8400794611429481,0.04909018567864469,True
6836,1,1,True,0.8596381497837338,0.8596381497837338,0.04819622207553146,True
6837,1,1,True,0.8431478849655196,0.8431478849655196,0.01213969468073537,True
6838,0,1,False,0.5361742499155839,0.46382575008441607,0.03949402450499066,False
6839,0,1,False,0.6920569073399707,0.3079430926600292,0.030159835023581036,True
6840,0,1,False,0.5114240181325199,0.4885759818674802,0.01656628956415046,False
6841,1,0,False,0.5622182850752757,0.5622182850752757,-0.011553711884083821,False
6842,0,0,True,0.524392544347442,0.475607455652558,-0.0015281568155535428,False
6843,1,1,True,0.5243948001086526,0.5243948001086526,0.0022965060456655376,False
6844,1,1,True,0.5447322465762053,0.5447322465762053,0.01125470503962797,False
6845,0,0,True,0.5046831623750281,0.4953168376249719,-0.0016816776964708332,False
6846,1,1,True,0.6288855772215779,0.6288855772215779,0.018522305918249517,True
6847,1,1,True,0.5743470747196847,0.5743470747196847,0.04036652381549403,False
6848,1,1,True,0.515877581722754,0.515877581722754,0.004337823073422404,False
6849,0,1,False,0.5479776598654956,0.45202234013450426,0.008861502687968833,False
6850,1,0,False,0.5067509561027568,0.5067509561027568,-0.020058914921285777,False
6851,0,0,True,0.5724754073502004,0.4275245926497995,-0.005617811313677737,False
6852,0,0,True,0.5716236176683505,0.42837638233164954,-0.0019591312078735745,False
6853,0,1,False,0.6015209208605441,0.3984790791394559,0.01794038212363349,True
6854,1,0,False,0.5870856854232754,0.5870856854232754,-0.005682449523393059,False
6855,0,1,False,0.5004814404368308,0.49951855956316926,0.016174654889651603,False
6856,0,0,True,0.5315608006963478,0.4684391993036521,-0.000753595667399118,False
6857,0,0,True,0.5702876790032528,0.4297123209967472,-0.006029644179636269,False
6858,0,1,False,0.5287101777484468,0.4712898222515533,0.005758868827311558,False
6859,0,0,True,0.6310799105478236,0.36892008945217647,-0.00655176630391168,True
6860,0,1,False,0.5500947476919109,0.44990525230808914,0.005717874118041288,False
6861,0,0,True,0.5105202691505352,0.4894797308494649,-0.004084299722076095,False
6862,1,0,False,0.509023700959796,0.509023700959796,-0.04992153679295827,False
6863,1,0,False,0.5539056687538985,0.5539056687538985,-0.03929955236552059,False
6864,0,1,False,0.524389589048233,0.4756104109517669,0.031198898329279003,False
6865,0,1,False,0.5196952718581408,0.48030472814185926,0.07533461679632396,False
6866,0,1,False,0.500526454679716,0.49947354532028393,0.06322755094835414,False
6867,0,1,False,0.5197940423391608,0.4802059576608391,0.15114855345656028,False
6868,1,1,True,0.6119405211172554,0.6119405211172554,0.11222659830698885,True
6869,0,1,False,0.5312436738603318,0.4687563261396683,0.07413915085675668,False
6870,0,1,False,0.6912220145189357,0.30877798548106417,0.0573643840505224,True
6871,0,1,False,0.53049441840899,0.4695055815910099,0.01698889751951732,False
6872,0,0,True,0.5535921721441522,0.4464078278558478,-0.023918161047604053,False
6873,0,0,True,0.5132384498443038,0.4867615501556963,-0.040357835075695646,False
6874,0,0,True,0.5724109902820333,0.4275890097179668,-0.10212935278491003,False
6875,1,0,False,0.5063358428172469,0.5063358428172469,-0.11203478484779268,False
6876,1,0,False,0.552882853503546,0.552882853503546,-0.04431758415169169,False
6877,0,0,True,0.5306669794914085,0.46933302050859144,-0.059646577776405814,False
6878,0,0,True,0.6688172041910988,0.3311827958089011,-0.03540986126240434,True
6879,0,1,False,0.6791687381099517,0.3208312618900482,0.04428291602975374,True
6880,0,1,False,0.5026271652181343,0.4973728347818656,0.03361158125720747,False
6881,1,0,False,0.5290333282192154,0.5290333282192154,-0.012850999364151634,False
6882,1,1,True,0.6820832759780396,0.6820832759780396,0.022267114171019453,True
6883,1,1,True,0.5710341401873807,0.5710341401873807,0.009704338826047723,False
6884,1,0,False,0.5409191011835569,0.5409191011835569,-0.03655944887386694,False
6885,1,0,False,0.5872766378956997,0.5872766378956997,-0.038235319303403834,False
6886,0,0,True,0.5491518328047013,0.4508481671952988,-0.014719528968884423,False
6887,0,0,True,0.642535848927004,0.35746415107299595,-0.074380052095209,True
6888,0,0,True,0.6894833841089537,0.31051661589104623,-0.05925877637270226,True
6889,0,0,True,0.7458586845932685,0.2541413154067314,-0.037364472927841334,True
6890,0,0,True,0.6973834845188289,0.3026165154811711,-0.03671719228557894,True
6891,0,0,True,0.6733102006304451,0.3266897993695548,-0.024506273949142142,True
6892,0,1,False,0.5894232430946847,0.4105767569053153,0.03350480997377697,False
6893,0,1,False,0.5715305087494448,0.4284694912505553,0.03265868649422579,False
6894,0,1,False,0.5543874380350845,0.44561256196491544,0.008164570530373401,False
6895,0,0,True,0.5673492089596316,0.43265079104036835,-0.008082720185945436,False
6896,1,1,True,0.5164089915448938,0.5164089915448938,0.0346116059426072,False
6897,1,1,True,0.5585341218381633,0.5585341218381633,0.025631152711998652,False
6898,0,1,False,0.601201014816075,0.3987989851839251,0.015324041637286893,True
6899,0,1,False,0.6507946565479191,0.349205343452081,0.04618026391230961,True
6900,0,1,False,0.6862539957794415,0.31374600422055854,0.05483723338753498,True
6901,0,1,False,0.6875177523941357,0.31248224760586424,0.027504099321591112,True
6902,0,1,False,0.6847715124441276,0.3152284875558724,0.011498362798368487,True
6903,0,0,True,0.664846089664134,0.33515391033586606,-0.031172823547981298,True
6904,0,0,True,0.6240122129475946,0.3759877870524055,-0.04544741617095509,True
6905,0,0,True,0.5688822380750053,0.4311177619249948,-0.05598388957962191,False
6906,0,0,True,0.5593028336577365,0.4406971663422636,-0.07992462291423254,False
6907,1,0,False,0.6114608813263605,0.6114608813263605,-0.07950465724429555,True
6908,1,0,False,0.6235170163969418,0.6235170163969418,-0.026140412688167185,True
6909,1,1,True,0.5379112171876689,0.5379112171876689,0.012240366639333602,False
6910,1,1,True,0.5406681596544594,0.5406681596544594,0.05718520426766031,False
6911,1,1,True,0.6156053652913859,0.6156053652913859,0.06990246907710547,True
6912,1,1,True,0.6175459455278691,0.6175459455278691,0.08189951621323129,True
6913,1,1,True,0.5590460148636315,0.5590460148636315,0.08000625103079698,False
6914,1,1,True,0.5430569992528739,0.5430569992528739,0.07610549482106133,False
6915,1,1,True,0.5127365594107903,0.5127365594107903,0.06994124599405643,False
6916,0,1,False,0.5441078529667271,0.45589214703327285,0.01432918045260587,False
6917,0,0,True,0.5906822714441722,0.4093177285558278,-0.012840798790939426,False
6918,1,1,True,0.5980910794661475,0.5980910794661475,0.004430172276509626,False
6919,1,0,False,0.5985505631427555,0.5985505631427555,-0.021862046739343027,False
6920,1,0,False,0.5964842802240843,0.5964842802240843,-0.0020871457761700725,False
6921,1,1,True,0.5528899934424476,0.5528899934424476,0.0626304941133264,False
6922,0,1,False,0.5077452800919148,0.4922547199080853,0.09101332609050443,False
6923,1,1,True,0.588293670476931,0.588293670476931,0.06575417016025932,False
6924,1,1,True,0.5837487760283586,0.5837487760283586,0.043645825884488385,False
6925,1,1,True,0.5762884932158271,0.5762884932158271,0.0048294150211356576,False
6926,0,0,True,0.5766593623199251,0.42334063768007496,-0.04104909965690049,False
6927,0,0,True,0.5479137485867194,0.4520862514132807,-0.062127028826662295,False
6928,1,0,False,0.5148428319272357,0.5148428319272357,-0.08752081657992679,False
6929,1,0,False,0.5068084116885699,0.5068084116885699,-0.07508712567028374,False
6930,1,0,False,0.5837232257149504,0.5837232257149504,-0.08109459150815097,False
6931,1,0,False,0.522041315091306,0.522041315091306,-0.08979817640627913,False
6932,0,0,True,0.6106982078788759,0.38930179212112415,-0.05939926319067697,True
6933,0,0,True,0.6080323036519303,0.3919676963480696,-0.04432873349435542,True
6934,1,0,False,0.5949805497782905,0.5949805497782905,-0.02418021184624509,False
6935,1,0,False,0.5123148682092571,0.5123148682092571,-0.0012637050144993687,False
6936,1,1,True,0.6359971566322926,0.6359971566322926,0.09303187963490141,True
6937,1,1,True,0.6494957467267884,0.6494957467267884,0.07823624875018724,True
6938,1,1,True,0.6080834575183203,0.6080834575183203,0.07359537303694708,True
6939,1,1,True,0.6235700975754438,0.6235700975754438,0.03126148702174004,True
6940,1,1,True,0.577577209983897,0.577577209983897,0.035531170493685434,False
6941,0,1,False,0.6244720326006558,0.3755279673993442,0.0022104220581143897,True
6942,0,1,False,0.6205947737203162,0.3794052262796838,0.002643937081645004,True
6943,0,1,False,0.5607581687906753,0.4392418312093247,0.02283501537435542,False
6944,1,1,True,0.5919240972685205,0.5919240972685205,0.07133933101336781,False
6945,1,1,True,0.6525608126688157,0.6525608126688157,0.072653026031435,True
6946,1,1,True,0.6707841964447772,0.6707841964447772,0.061395856735640075,True
6947,1,1,True,0.6305430570012255,0.6305430570012255,0.031142992207252584,True
6948,0,1,False,0.5530297664483858,0.44697023355161414,0.00544831001688077,False
6949,1,0,False,0.563483081334701,0.563483081334701,-0.029098609083306977,False
6950,0,0,True,0.6778265416601416,0.3221734583398584,-0.052230606271695124,True
6951,0,0,True,0.5330250838786702,0.46697491612132974,-0.07515040744729028,False
6952,0,0,True,0.5397904847248386,0.46020951527516146,-0.066538534566865,False
6953,0,0,True,0.5029518310841864,0.49704816891581366,-0.054542815269185314,False
6954,0,0,True,0.5630606198318392,0.43693938016816086,-0.04283373075528616,False
6955,0,0,True,0.6012870065881991,0.39871299341180083,-0.024173018922489853,True
6956,0,0,True,0.5690496831785902,0.4309503168214099,-0.04748551712352128,False
6957,1,0,False,0.6326104159316438,0.6326104159316438,-0.03963495009861292,True
6958,1,0,False,0.6626279674470648,0.6626279674470648,-0.07021533336361588,True
6959,1,0,False,0.6436297528142979,0.6436297528142979,-0.0739102598818206,True
6960,1,0,False,0.5198528624732192,0.5198528624732192,-0.08570231794737544,False
6961,0,0,True,0.5665015495560001,0.43349845044399987,-0.04991770603614179,False
6962,0,0,True,0.513794170576126,0.48620582942387397,-0.04507528978205922,False
6963,0,0,True,0.5530613241346173,0.4469386758653828,-0.01834241361567904,False
6964,1,0,False,0.6497920144549071,0.6497920144549071,-0.020586950365313772,True
6965,1,0,False,0.7259875155081307,0.7259875155081307,-0.007337010672700095,True
6966,1,0,False,0.7256793562100182,0.7256793562100182,-0.013863575795465313,True
6967,1,0,False,0.7246431236181853,0.7246431236181853,-0.03462143870049346,True
6968,1,0,False,0.7822288142086045,0.7822288142086045,-0.017929648764754214,True
6969,1,1,True,0.7219616110560452,0.7219616110560452,0.00279655453591894,True
6970,1,0,False,0.7125917232861623,0.7125917232861623,-0.03791348079490322,True
6971,1,0,False,0.718582678471903,0.718582678471903,-0.05966470993359609,True
6972,1,0,False,0.7240847727216746,0.7240847727216746,-0.061399678049881404,True
6973,1,0,False,0.6654264618253926,0.6654264618253926,-0.06987938721109324,True
6974,1,0,False,0.6462662892067209,0.6462662892067209,-0.05039641961345992,True
6975,1,1,True,0.5990564251112871,0.5990564251112871,0.011433374192396891,False
6976,1,1,True,0.5510517779559282,0.5510517779559282,0.051023246660049454,False
6977,1,1,True,0.6572490282698079,0.6572490282698079,0.050454789099591627,True
6978,1,1,True,0.7014032703234515,0.7014032703234515,0.09003338144533872,True
6979,1,1,True,0.7732102939414598,0.7732102939414598,0.08622456407528707,True
6980,1,1,True,0.7403385040233724,0.7403385040233724,0.02830850148315208,True
6981,1,1,True,0.7365027881837096,0.7365027881837096,0.04064525789458104,True
6982,1,1,True,0.7156714393753968,0.7156714393753968,0.06894485594549504,True
6983,1,1,True,0.7039139634373232,0.7039139634373232,0.06244925189019204,True
6984,1,1,True,0.6256617728594158,0.6256617728594158,0.03635649519906269,True
6985,1,1,True,0.56070410364918,0.56070410364918,0.03151555260036611,False
6986,1,1,True,0.5413271871669151,0.5413271871669151,0.022247233620808965,False
6987,0,1,False,0.5301113045816072,0.469888695418393,0.08097596914182104,False
6988,0,1,False,0.6461680329463704,0.35383196705362957,0.08048891803693509,True
6989,0,1,False,0.5556429996022952,0.4443570003977048,0.04607625980354725,False
6990,1,1,True,0.6253136637900875,0.6253136637900875,0.08349381135948292,True
6991,1,1,True,0.5106296082221986,0.5106296082221986,0.070490846058772,False
6992,1,1,True,0.6122067196479587,0.6122067196479587,0.015541915502326004,True
6993,1,0,False,0.6347002045439608,0.6347002045439608,-0.015804658890548797,True
6994,1,1,True,0.6901084584948781,0.6901084584948781,0.001533937749332192,True
6995,1,0,False,0.6373703538219527,0.6373703538219527,-0.04661080107081013,True
6996,1,0,False,0.6806573001620629,0.6806573001620629,-0.03677846564756288,True
6997,1,0,False,0.6487747448996001,0.6487747448996001,-0.01232063001403338,True
6998,1,0,False,0.708453330207008,0.708453330207008,-0.0659733527371815,True
6999,1,0,False,0.6003754905618113,0.6003754905618113,-0.08871347211275696,True
7000,1,0,False,0.5921155422138006,0.5921155422138006,-0.06236352084683721,False
7001,0,0,True,0.5166431374932478,0.4833568625067522,-0.06717942304787872,False
7002,1,0,False,0.5797145685546624,0.5797145685546624,-0.07587582098076863,False
7003,0,1,False,0.516284054446787,0.4837159455532129,0.012457334142049446,False
7004,1,1,True,0.6885390160364034,0.6885390160364034,0.07414771834868891,True
7005,1,1,True,0.6705036185087122,0.6705036185087122,0.06200617201834009,True
7006,1,1,True,0.7954338400312122,0.7954338400312122,0.03730544764705766,True
7007,1,1,True,0.8040504697350676,0.8040504697350676,0.04714000943676799,True
7008,1,1,True,0.6979435167817695,0.6979435167817695,0.009005029030766302,True
7009,1,0,False,0.6383860874819004,0.6383860874819004,-0.02350152019077249,True
7010,0,1,False,0.5362518709680956,0.46374812903190427,0.006103978512519744,False
7011,0,1,False,0.5087877194875781,0.49121228051242194,0.03254316058769489,False
7012,1,0,False,0.625839341781452,0.625839341781452,-0.02253576990027378,True
7013,1,0,False,0.6341109400635745,0.6341109400635745,-0.04389685365480915,True
7014,1,0,False,0.7288158289412682,0.7288158289412682,-0.021524309302833243,True
7015,1,0,False,0.6833096717165444,0.6833096717165444,-0.043947938673164516,True
7016,1,0,False,0.6433671971318019,0.6433671971318019,-0.022383309149701606,True
7017,1,1,True,0.652557773761102,0.652557773761102,0.034206116572021966,True
7018,1,1,True,0.679892555132291,0.679892555132291,0.04994182718087397,True
7019,1,1,True,0.7068049747406739,0.7068049747406739,0.026220382896816077,True
7020,1,1,True,0.6887175045672445,0.6887175045672445,0.054477030014483625,True
7021,1,1,True,0.6755132751672853,0.6755132751672853,0.024505921949340287,True
7022,1,0,False,0.592662248186392,0.592662248186392,-0.0002990142426373487,False
7023,0,1,False,0.5712168641764301,0.42878313582356986,0.034457159710623964,False
7024,0,1,False,0.5205071525011847,0.4794928474988153,0.04357291843919912,False
7025,0,1,False,0.5234218179021876,0.4765781820978124,0.002969083583328187,False
7026,0,1,False,0.5494847481738592,0.45051525182614083,0.04965612104691908,False
7027,1,1,True,0.5237994678362986,0.5237994678362986,0.027409904796260404,False
7028,0,0,True,0.5240903495747901,0.47590965042521,-0.006240699593586552,False
7029,0,0,True,0.5686586640305759,0.4313413359694242,-0.00031843308477164204,False
7030,0,1,False,0.5418429534877255,0.45815704651227457,0.030819551871091977,False
7031,0,0,True,0.5363141064909412,0.4636858935090588,-0.062372051297891785,False
7032,0,0,True,0.5652377549759363,0.43476224502406363,-0.03314193194382792,False
7033,1,0,False,0.5127270275758706,0.5127270275758706,-0.04121922182022824,False
7034,1,0,False,0.5129833606015105,0.5129833606015105,-0.06476457782178156,False
7035,0,0,True,0.5400980547850204,0.4599019452149797,-0.09072329539428366,False
7036,0,0,True,0.5859253809269672,0.41407461907303267,-0.039211678275350347,False
7037,1,0,False,0.5604255373758874,0.5604255373758874,-0.06962882193620805,False
7038,1,0,False,0.5446808250109186,0.5446808250109186,-0.007074434064463374,False
7039,1,1,True,0.5946088478640527,0.5946088478640527,0.028628945351310404,False
7040,1,1,True,0.6283786625077089,0.6283786625077089,0.08254421679074235,True
7041,1,1,True,0.6623508135814107,0.6623508135814107,0.06578752579486749,True
7042,1,1,True,0.6202220334009062,0.6202220334009062,0.144600754700086,True
7043,1,1,True,0.6178702877439349,0.6178702877439349,0.09142891869584335,True
7044,1,1,True,0.7171011634304296,0.7171011634304296,0.06976504460283903,True
7045,1,1,True,0.6858305328051393,0.6858305328051393,0.03787550112590315,True
7046,1,1,True,0.5070002575516436,0.5070002575516436,0.05589589534070963,False
7047,1,1,True,0.5169460367297093,0.5169460367297093,0.048064289092598064,False
7048,0,1,False,0.6673608860826196,0.33263911391738055,0.05806600196753695,True
7049,0,1,False,0.5672264734820138,0.432773526517986,0.019814877265375196,False
7050,0,1,False,0.6229461737357864,0.3770538262642135,0.048374816859916486,True
7051,0,1,False,0.6459496551979582,0.3540503448020418,0.05078335298088834,True
7052,0,0,True,0.642927083657452,0.3570729163425481,-0.011573780946382834,True
7053,0,0,True,0.7040708378433304,0.2959291621566697,-0.0070430878484990635,True
7054,0,1,False,0.7139543026731058,0.28604569732689417,0.024613231618828165,True
7055,0,0,True,0.6430553909226243,0.35694460907737574,-0.005925243825650398,True
7056,0,0,True,0.696188821439045,0.303811178560955,-0.014900357387197973,True
7057,0,1,False,0.682292850196645,0.31770714980335507,0.0155055409079548,True
7058,0,1,False,0.6218260533203868,0.37817394667961324,0.004306827539802572,True
7059,0,1,False,0.6437255383191371,0.3562744616808628,0.011406902671384668,True
7060,0,1,False,0.5302262165617966,0.46977378343820336,0.02885451117921156,False
7061,0,1,False,0.5974656401317425,0.40253435986825736,0.02709910725885618,False
7062,0,0,True,0.5739473409220356,0.42605265907796436,-0.0024431976369557757,False
7063,0,0,True,0.6477122329303713,0.3522877670696287,-0.03709486531185304,True
7064,0,0,True,0.7141400151803471,0.28585998481965286,-0.01435881587567484,True
7065,0,0,True,0.705450110825636,0.29454988917436387,-0.01311535011439543,True
7066,0,1,False,0.6746362188114984,0.32536378118850157,0.016600120850900704,True
7067,0,1,False,0.608921007702383,0.391078992297617,0.03803150925225903,True
7068,0,1,False,0.579174240545135,0.420825759454865,0.11192541025788964,False
7069,0,1,False,0.5344971253258292,0.4655028746741708,0.09669923420818917,False
7070,0,1,False,0.5598990185977945,0.4401009814022056,0.07010773915469416,False
7071,0,1,False,0.5687256129039103,0.43127438709608973,0.022670511398284944,False
7072,0,1,False,0.6158235688104207,0.3841764311895792,0.0037252028245942865,True
7073,0,0,True,0.5979570974410199,0.4020429025589802,-0.022828474313867544,False
7074,0,0,True,0.6373594784701592,0.3626405215298408,-0.031393889380495955,True
7075,0,0,True,0.5056824855017051,0.4943175144982948,-0.025945308655712214,False
7076,1,0,False,0.5256456564155481,0.5256456564155481,-0.031110877737329717,False
7077,1,0,False,0.5959216479920276,0.5959216479920276,-0.01256199102061018,False
7078,0,0,True,0.5400228477288831,0.45997715227111674,-0.013220777473527935,False
7079,0,1,False,0.5318322015841573,0.4681677984158427,0.005569816210496034,False
7080,0,0,True,0.5516709338296782,0.4483290661703217,-0.032741150486493086,False
7081,1,0,False,0.5348063197462792,0.5348063197462792,-0.005862115254198217,False
7082,1,0,False,0.5882256193435395,0.5882256193435395,-0.03577081375547536,False
7083,1,0,False,0.5569808096980394,0.5569808096980394,-0.06318426829375019,False
7084,0,0,True,0.5592015192019372,0.4407984807980628,-0.10340326606860785,False
7085,0,0,True,0.5545840175757201,0.44541598242428,-0.09854238303376965,False
7086,0,0,True,0.6420168785393506,0.3579831214606493,-0.09573468893367829,True
7087,0,0,True,0.6011492255621426,0.3988507744378575,-0.0696698230041882,True
7088,1,0,False,0.511543210156136,0.511543210156136,-0.06021701000457082,False
7089,1,0,False,0.621365926895172,0.621365926895172,-0.039746309844763274,True
7090,1,1,True,0.6296234726981463,0.6296234726981463,0.005397916073630108,True
7091,1,0,False,0.7526656149679075,0.7526656149679075,-0.008352476798635114,True
7092,1,0,False,0.7066511355165082,0.7066511355165082,-0.04242831834339257,True
7093,1,0,False,0.6572514692870958,0.6572514692870958,-0.03535864146425618,True
7094,1,0,False,0.5207091584769458,0.5207091584769458,-0.07633868829618887,False
7095,1,0,False,0.51152007762159,0.51152007762159,-0.07888789019971261,False
7096,1,0,False,0.5171351010268539,0.5171351010268539,-0.06288067678117559,False
7097,0,0,True,0.5097511399059608,0.4902488600940391,-0.05204154095421029,False
7098,0,0,True,0.5477609016601228,0.4522390983398772,-0.060025282308806834,False
7099,0,1,False,0.5262240691565969,0.4737759308434031,0.0068708543072803245,False
7100,1,1,True,0.5992665627115211,0.5992665627115211,0.020658007543390634,False
7101,1,1,True,0.5758175559761032,0.5758175559761032,0.016786813071362514,False
7102,1,1,True,0.5275275912643816,0.5275275912643816,0.03166605283585472,False
7103,1,1,True,0.5735006072893166,0.5735006072893166,0.006734173473742407,False
7104,1,0,False,0.5611800023577398,0.5611800023577398,-0.06121678009093522,False
7105,1,0,False,0.6272451866595946,0.6272451866595946,-0.10363522003071805,True
7106,1,0,False,0.6112816029257376,0.6112816029257376,-0.13528060501454522,True
7107,1,0,False,0.6446847388462558,0.6446847388462558,-0.0985709222733058,True
7108,1,0,False,0.7043320826548087,0.7043320826548087,-0.040488450170534554,True
7109,1,0,False,0.7552584388696083,0.7552584388696083,-0.04404091788323513,True
7110,1,0,False,0.7287093283861054,0.7287093283861054,-0.04492595243882228,True
7111,1,0,False,0.6908172555265386,0.6908172555265386,-0.014130112716686651,True
7112,1,0,False,0.7053406236321974,0.7053406236321974,-0.045517821861498865,True
7113,1,0,False,0.8669262195595647,0.8669262195595647,-0.07240544049861215,True
7114,1,0,False,0.8743645261267758,0.8743645261267758,-0.022336734186234105,True
7115,1,1,True,0.7608852293794612,0.7608852293794612,0.03432090220115294,True
7116,1,1,True,0.742772972316834,0.742772972316834,0.03333389359478082,True
7117,1,1,True,0.7115915994739314,0.7115915994739314,0.03719865765166287,True
7118,1,1,True,0.7845271531499063,0.7845271531499063,0.053957962129056646,True
7119,1,1,True,0.8207006242514362,0.8207006242514362,0.07774278512197494,True
7120,1,1,True,0.7939017072694291,0.7939017072694291,0.06439637775140167,True
7121,1,1,True,0.818996856740508,0.818996856740508,0.04338393663890206,True
7122,1,1,True,0.8429641056337774,0.8429641056337774,0.0472396991580308,True
7123,1,1,True,0.8370996047406646,0.8370996047406646,0.015240308074335556,True
7124,1,1,True,0.847792749184629,0.847792749184629,0.004484428391282936,True
7125,1,1,True,0.7741209030659303,0.7741209030659303,0.011582931233787213,True
7126,1,0,False,0.7223082377356236,0.7223082377356236,-0.0008125222619124508,True
7127,1,0,False,0.7804334318154442,0.7804334318154442,-0.017006261074812516,True
7128,1,0,False,0.6981635387140709,0.6981635387140709,-0.0076282522857130134,True
7129,1,0,False,0.6960489459354564,0.6960489459354564,-0.031877537192392044,True
7130,1,0,False,0.680946620901932,0.680946620901932,-0.0413699438617716,True
7131,1,0,False,0.677660530422163,0.677660530422163,-0.003349230561419995,True
7132,1,1,True,0.6631139195825483,0.6631139195825483,0.05760324954360461,True
7133,1,1,True,0.6822742336719424,0.6822742336719424,0.06934878169115312,True
7134,1,1,True,0.6767694984254934,0.6767694984254934,0.06760896653062559,True
7135,1,1,True,0.6340347650619415,0.6340347650619415,0.0569506910523845,True
7136,1,1,True,0.6773162570444821,0.6773162570444821,0.03231255917647957,True
7137,1,0,False,0.6492624631235887,0.6492624631235887,-0.04299985313553363,True
7138,1,0,False,0.6535718222737016,0.6535718222737016,-0.051453764747337094,True
7139,1,0,False,0.6538851404282996,0.6538851404282996,-0.00892403485080223,True
7140,1,1,True,0.5887688482795057,0.5887688482795057,0.010202336863294258,False
7141,1,1,True,0.6116412659349383,0.6116412659349383,0.02856875288473386,True
7142,1,1,True,0.5710222027023962,0.5710222027023962,0.06913280017011786,False
7143,1,1,True,0.5779107213526428,0.5779107213526428,0.06751268989359377,False
7144,1,0,False,0.6187104289523974,0.6187104289523974,-0.004309405285959,True
7145,1,1,True,0.614125952678838,0.614125952678838,0.01889348774854908,True
7146,1,1,True,0.5994507248535487,0.5994507248535487,0.05789873405449409,False
7147,1,1,True,0.5921310723424609,0.5921310723424609,0.035046698392077955,False
7148,1,1,True,0.519285538743075,0.519285538743075,0.09032635358962955,False
7149,0,1,False,0.5310026379474434,0.46899736205255665,0.10284308998276707,False
7150,1,1,True,0.5128957809466254,0.5128957809466254,0.009647357101984949,False
7151,0,0,True,0.5470341560468452,0.4529658439531547,-0.045416380060700305,False
7152,0,0,True,0.5275383922512787,0.4724616077487212,-0.05153204307094062,False
7153,0,0,True,0.5073893706420645,0.49261062935793554,-0.09825369700548289,False
7154,0,0,True,0.6362632339774067,0.36373676602259325,-0.07988714016744597,True
7155,0,0,True,0.5826965307566238,0.41730346924337636,-0.043665520854908234,False
7156,1,0,False,0.5606790576411077,0.5606790576411077,-0.005520048285158793,False
7157,1,0,False,0.6305322580208441,0.6305322580208441,-0.0012773201835379038,True
7158,1,1,True,0.7297822055397328,0.7297822055397328,0.019336306062505672,True
7159,1,1,True,0.6459289465623307,0.6459289465623307,0.01786598137662703,True
7160,1,1,True,0.6238430116948978,0.6238430116948978,0.021940525983305606,True
7161,1,1,True,0.5603126462924335,0.5603126462924335,0.004182483001111719,False
7162,0,0,True,0.5344778212534957,0.46552217874650426,-0.015688607086021246,False
7163,0,0,True,0.5118637713887333,0.4881362286112667,-0.03208929849892099,False
7164,0,0,True,0.5015965598651247,0.4984034401348752,-0.06687718122352126,False
7165,0,0,True,0.5133854121581751,0.4866145878418248,-0.05575476309274699,False
7166,0,0,True,0.5321447436148457,0.46785525638515435,-0.08564464622097263,False
7167,1,0,False,0.5522200116439987,0.5522200116439987,-0.05386475793347249,False
7168,1,0,False,0.5506263770054193,0.5506263770054193,-0.0550953545985688,False
7169,1,1,True,0.5085269994346112,0.5085269994346112,0.004105539228161041,False
7170,1,1,True,0.6339118699300229,0.6339118699300229,0.014475993112247553,True
7171,1,1,True,0.6019171538707168,0.6019171538707168,0.03126387015226658,True
7172,1,1,True,0.5317857213999078,0.5317857213999078,0.04000134808014036,False
7173,0,1,False,0.5608158559235289,0.43918414407647116,0.004256132408145973,False
7174,0,1,False,0.5447998002083111,0.45520019979168896,0.0038758413740410257,False
7175,0,0,True,0.5117414541786998,0.48825854582130024,-0.052710605397470654,False
7176,0,0,True,0.5404716663389503,0.4595283336610496,-0.03404258879675521,False
7177,0,0,True,0.5037493986573977,0.4962506013426024,-0.04532760279489082,False
7178,0,0,True,0.5099149739732464,0.49008502602675375,-0.07199104559213569,False
7179,1,0,False,0.6043981725367032,0.6043981725367032,-0.09082280365499465,True
7180,1,0,False,0.607497289112029,0.607497289112029,-0.02587439509927067,True
7181,1,0,False,0.6078592563692139,0.6078592563692139,-0.03192237495258473,True
7182,1,0,False,0.5592000949374095,0.5592000949374095,-0.03897428741888286,False
7183,1,1,True,0.553920259326043,0.553920259326043,0.06018083452024455,False
7184,1,1,True,0.7409327838928893,0.7409327838928893,0.06338858774681677,True
7185,1,1,True,0.668265059675642,0.668265059675642,0.03764502712775162,True
7186,1,1,True,0.6295070052314228,0.6295070052314228,0.022383495658656324,True
7187,1,1,True,0.724059381686847,0.724059381686847,0.02143656139216312,True
7188,1,0,False,0.7560637148373127,0.7560637148373127,-0.029112216997542843,True
7189,1,0,False,0.6053166674153693,0.6053166674153693,-0.040705609013986635,True
7190,1,0,False,0.6953532392151169,0.6953532392151169,-0.056412301551612185,True
7191,1,0,False,0.6661348103545579,0.6661348103545579,-0.06926106614819928,True
7192,1,0,False,0.6722522917221886,0.6722522917221886,-0.0633569799091928,True
7193,1,1,True,0.7126059562115769,0.7126059562115769,0.014757590111948129,True
7194,1,1,True,0.6590248099637519,0.6590248099637519,0.03007879124940748,True
7195,1,1,True,0.661073222989725,0.661073222989725,0.05895281804282374,True
7196,1,1,True,0.650557214574619,0.650557214574619,0.09715773560125546,True
7197,1,1,True,0.6924990453043481,0.6924990453043481,0.08200625043424804,True
7198,1,1,True,0.6418660263948051,0.6418660263948051,0.04191709206692742,True
7199,1,1,True,0.7550958166634297,0.7550958166634297,0.025355530722253886,True
7200,1,1,True,0.7397491789142873,0.7397491789142873,0.04285529045011818,True
7201,1,1,True,0.6346425679403692,0.6346425679403692,0.0350353712733222,True
7202,1,1,True,0.5690187107669208,0.5690187107669208,0.050743261240077456,False
7203,1,1,True,0.6194229086750274,0.6194229086750274,0.024138274730611416,True
7204,1,1,True,0.6546024371469267,0.6546024371469267,0.04174117082905804,True
7205,1,1,True,0.6258940489522022,0.6258940489522022,0.03696651961978445,True
7206,1,1,True,0.5867452517290707,0.5867452517290707,0.028878484818920223,False
7207,1,1,True,0.574310341281825,0.574310341281825,0.04207696454401838,False
7208,1,1,True,0.5775708635843143,0.5775708635843143,0.02824868388784656,False
7209,1,1,True,0.5331569714733614,0.5331569714733614,0.03325605115554739,False
7210,0,1,False,0.5199670058670399,0.48003299413296013,0.008987904484441445,False
7211,0,0,True,0.5240491517691807,0.47595084823081923,-0.0030004223250386995,False
7212,0,0,True,0.5041028013610157,0.49589719863898435,-0.004124538951048383,False
7213,1,1,True,0.5050362914516418,0.5050362914516418,0.015532264181675347,False
7214,0,1,False,0.5524525467372978,0.4475474532627022,0.003235517283445016,False
7215,0,0,True,0.5206129956546379,0.4793870043453621,-0.03467038396607586,False
7216,0,0,True,0.5368751274791057,0.4631248725208943,-0.02243896150607562,False
7217,0,0,True,0.5984596653159545,0.40154033468404554,-0.0022317620109026663,False
7218,0,1,False,0.5852108016791672,0.4147891983208328,0.014958295185114734,False
7219,0,1,False,0.5924707233196013,0.4075292766803987,0.017856486249265106,False
7220,0,1,False,0.5607024157987871,0.439297584201213,0.10897103869992915,False
7221,0,1,False,0.56625301930357,0.4337469806964302,0.15550659943118522,False
7222,0,1,False,0.5460192741983593,0.4539807258016406,0.17801131024262118,False
7223,0,1,False,0.5631722803462728,0.4368277196537272,0.13411931104934272,False
7224,0,1,False,0.5746372061649017,0.42536279383509834,0.12261514006702981,False
7225,0,1,False,0.5350028207648191,0.46499717923518097,0.024185714157814595,False
7226,0,0,True,0.6963986680462085,0.3036013319537914,-0.04122321941516064,True
7227,0,0,True,0.6602978322940006,0.3397021677059994,-0.1123865143904185,True
7228,0,0,True,0.711637865074441,0.2883621349255589,-0.034610203914295576,True
7229,0,1,False,0.7129249519483948,0.28707504805160516,0.0008375888607675044,True
7230,0,1,False,0.7258413798816473,0.27415862011835274,0.07161667950090447,True
7231,0,1,False,0.5828039113842928,0.4171960886157072,0.11757242087508754,False
7232,0,1,False,0.5735871742489631,0.4264128257510369,0.07591563717928533,False
7233,0,0,True,0.6211858836825473,0.3788141163174526,-0.008079182736673624,True
7234,0,0,True,0.7707938859250625,0.22920611407493752,-0.0539568211369025,True
7235,0,0,True,0.7040334492284291,0.2959665507715708,-0.10690239420712778,True
7236,0,0,True,0.7624977700213584,0.23750222997864148,-0.09167638053800088,True
7237,0,0,True,0.7896585214454873,0.21034147855451288,-0.031968140940935134,True
7238,0,0,True,0.7014133703419825,0.29858662965801763,-0.04155515513435971,True
7239,0,0,True,0.707471032847117,0.29252896715288296,-0.021253560671497918,True
7240,0,1,False,0.7541181014145142,0.24588189858548573,0.013136583894095926,True
7241,0,0,True,0.745950973384209,0.25404902661579093,-0.006345006353831089,True
7242,0,0,True,0.8049061639920753,0.1950938360079247,-0.008538185805397284,True
7243,0,1,False,0.7993836796717125,0.20061632032828744,0.01365480450691454,True
7244,0,0,True,0.7260954398560585,0.27390456014394143,-0.01808183048598377,True
7245,0,0,True,0.6843629126168108,0.31563708738318913,-0.027515135217425348,True
7246,0,0,True,0.6548270649529812,0.3451729350470189,-0.0398631259012683,True
7247,0,0,True,0.6689249647980091,0.3310750352019909,-0.0516180080880642,True
7248,0,0,True,0.5556710364783527,0.44432896352164725,-0.06110780754657439,False
7249,0,0,True,0.6046740282539941,0.39532597174600587,-0.04278194796911347,True
7250,0,0,True,0.5933208516437501,0.40667914835624996,-0.036533663078818494,False
7251,0,0,True,0.6173699251433379,0.3826300748566622,-0.06423961837141896,True
7252,0,0,True,0.6041320099383217,0.3958679900616782,-0.07226785293246968,True
7253,0,0,True,0.6130024382976789,0.38699756170232097,-0.054546443114304594,True
7254,0,0,True,0.5952604834213399,0.40473951657866003,-0.035538386875235785,False
7255,0,0,True,0.5969886482007747,0.4030113517992253,-0.013319113468685386,False
7256,0,1,False,0.6023094996431748,0.3976905003568252,0.08010720009762026,True
7257,0,1,False,0.5864625968771359,0.4135374031228641,0.1164195865145989,False
7258,0,1,False,0.6196190814721056,0.3803809185278945,0.08144184293438483,True
7259,0,1,False,0.6474851276704956,0.3525148723295044,0.09922662454998553,True
7260,0,1,False,0.6487349916877503,0.3512650083122497,0.05485403028912577,True
7261,0,0,True,0.6207155008848179,0.3792844991151821,-0.02271401901939867,True
7262,0,0,True,0.6332086963573432,0.36679130364265666,-0.06424893262378109,True
7263,0,0,True,0.6561424283551052,0.34385757164489483,-0.02576873746326268,True
7264,0,0,True,0.5930125405667105,0.40698745943328946,-0.052026418930342384,False
7265,0,0,True,0.5672727307436939,0.43272726925630606,-0.012650135656102362,False
7266,1,0,False,0.5003660651022409,0.5003660651022409,-0.014411851348949116,False
7267,1,0,False,0.5014487299235698,0.5014487299235698,-0.01593343825111088,False
7268,0,0,True,0.5407546239662039,0.459245376033796,-0.003757742137571734,False
7269,0,1,False,0.546460152099611,0.45353984790038887,0.0283049328998712,False
7270,0,0,True,0.5109112278121551,0.4890887721878448,-0.01303790906329047,False
7271,1,0,False,0.5066327058782808,0.5066327058782808,-0.004942790876517086,False
7272,0,1,False,0.5167437252730712,0.48325627472692884,0.03812527716499633,False
7273,1,0,False,0.555045600020519,0.555045600020519,-0.01225694325718496,False
7274,0,0,True,0.5259664292117329,0.4740335707882672,-0.07744068562849991,False
7275,0,0,True,0.5964041833609454,0.4035958166390546,-0.0686108372625037,False
7276,0,0,True,0.5653290164676041,0.4346709835323959,-0.06028542917038786,False
7277,0,0,True,0.5278806307104833,0.4721193692895167,-0.05631739691199685,False
7278,0,0,True,0.5813804311949284,0.41861956880507156,-0.025801713096659754,False
7279,0,1,False,0.507538898171274,0.49246110182872593,0.01980184859974737,False
7280,1,1,True,0.5606787759418302,0.5606787759418302,0.024630172653710085,False
7281,1,0,False,0.6227554816258851,0.6227554816258851,-0.005309036120103522,True
7282,1,0,False,0.672734170352571,0.672734170352571,-0.027776419893359012,True
7283,1,0,False,0.5938679361820768,0.5938679361820768,-0.024725245212804215,False
7284,1,0,False,0.6721736584977873,0.6721736584977873,-0.0303114773993433,True
7285,1,1,True,0.5908473669458293,0.5908473669458293,0.04007913158423143,False
7286,1,1,True,0.6174684415406904,0.6174684415406904,0.08808633116265512,True
7287,1,1,True,0.5864723507260478,0.5864723507260478,0.07276666883793258,False
7288,1,1,True,0.5289380408812258,0.5289380408812258,0.07102895087930866,False
7289,1,1,True,0.5290070973111229,0.5290070973111229,0.09890575568855303,False
7290,1,0,False,0.5282851117267956,0.5282851117267956,-0.009767966111033899,False
7291,1,1,True,0.5918887084059851,0.5918887084059851,0.016673001810497096,False
7292,1,1,True,0.5746895555116152,0.5746895555116152,0.06707998345090165,False
7293,1,1,True,0.602224597927076,0.602224597927076,0.09675351304039469,True
7294,1,1,True,0.57756562886239,0.57756562886239,0.10391308974155095,False
7295,1,1,True,0.5074230890064081,0.5074230890064081,0.14630681858340008,False
7296,0,1,False,0.5173277816642204,0.48267221833577967,0.08330153492230741,False
7297,0,1,False,0.6129662508623164,0.3870337491376836,0.07027528952761099,True
7298,0,1,False,0.6689643104357489,0.3310356895642512,0.026284484520552782,True
7299,0,0,True,0.6887184915773243,0.31128150842267566,-0.026482276876203595,True
7300,0,0,True,0.5449041541781429,0.4550958458218572,-0.04706087787439757,False
7301,0,1,False,0.5356103405971857,0.4643896594028143,0.0032322790416373635,False
7302,0,0,True,0.6124885190945805,0.38751148090541965,-0.018251353631586045,True
7303,0,0,True,0.6521544789045013,0.3478455210954987,-0.025367927425832965,True
7304,0,0,True,0.6586961908404926,0.3413038091595075,-0.016070227627538836,True
7305,0,1,False,0.7609428961347261,0.23905710386527387,0.020925050473330275,True
7306,0,1,False,0.6215022407593145,0.3784977592406855,0.028512760973647987,True
7307,0,0,True,0.6655487983785983,0.3344512016214018,-0.0386563412880781,True
7308,0,0,True,0.6872801580017195,0.31271984199828057,-0.04654857984004071,True
7309,0,0,True,0.6688007055315923,0.3311992944684075,-0.002990808136904919,True
7310,0,0,True,0.6545174472836846,0.3454825527163154,-0.004367815369442338,True
7311,0,0,True,0.6478147212639506,0.3521852787360495,-0.06469151497846774,True
7312,0,1,False,0.7057956685772862,0.2942043314227137,0.02242944675922319,True
7313,1,1,True,0.5667901285943197,0.5667901285943197,0.03781727805403329,False
7314,1,1,True,0.5445289428543253,0.5445289428543253,0.043936811530736725,False
7315,0,1,False,0.6027844718230183,0.39721552817698164,0.007358142437032382,True
7316,0,1,False,0.5838674879830149,0.416132512016985,0.04463230548048863,False
7317,0,0,True,0.5923945345285854,0.4076054654714145,-0.002591286444474834,False
7318,0,1,False,0.558275814074987,0.441724185925013,8.480999659705375e-05,False
7319,1,0,False,0.5350282084010957,0.5350282084010957,-0.006171097794548578,False
7320,0,1,False,0.557782948051727,0.4422170519482729,0.05174228462227942,False
7321,0,1,False,0.5425111361177052,0.45748886388229487,0.011677326870321325,False
7322,0,1,False,0.5445909015232873,0.4554090984767127,0.0057211180571568356,False
7323,0,1,False,0.5367451773313835,0.46325482266861656,0.0028360997067401797,False
7324,1,0,False,0.5333681189030101,0.5333681189030101,-0.016995947552455308,False
7325,0,0,True,0.6246581674730277,0.37534183252697223,-0.06646743088064201,True
7326,0,0,True,0.5949202560249752,0.4050797439750247,-0.058907680938073644,False
7327,0,0,True,0.5879382485626936,0.41206175143730644,-0.0030750508166013067,False
7328,0,0,True,0.5911430846984679,0.40885691530153206,-0.027844968383057195,False
7329,0,0,True,0.5729690374472151,0.427030962552785,-0.042823501984335294,False
7330,1,0,False,0.5259047589075815,0.5259047589075815,-0.016900078196771792,False
7331,0,0,True,0.5168902005439264,0.4831097994560736,-0.019632454340439517,False
7332,0,0,True,0.5436255649370264,0.4563744350629735,-0.055088422845003135,False
7333,0,1,False,0.5274283860811649,0.4725716139188351,0.021478224122547573,False
7334,1,1,True,0.5940692023493365,0.5940692023493365,0.049707461872048865,False
7335,1,1,True,0.5927695409104943,0.5927695409104943,0.020583547407549713,False
7336,1,1,True,0.582920073027258,0.582920073027258,0.007901091035872625,False
7337,1,1,True,0.5384808709872535,0.5384808709872535,0.012818552518991937,False
7338,1,0,False,0.5289765642316782,0.5289765642316782,-0.0224068656720366,False
7339,0,0,True,0.5056646578829708,0.4943353421170293,-0.04993089277401772,False
7340,0,0,True,0.580088921049566,0.41991107895043395,-0.05542942477216757,False
7341,1,0,False,0.5108145487835917,0.5108145487835917,-0.012360477726485226,False
7342,0,0,True,0.5180877656304205,0.4819122343695795,-0.027273657620652005,False
7343,0,0,True,0.5175689630417236,0.4824310369582763,-0.030446832473186903,False
7344,1,1,True,0.5388387694893461,0.5388387694893461,0.020145727786063997,False
7345,1,1,True,0.5692269870296799,0.5692269870296799,0.047203355622066144,False
7346,1,1,True,0.592329669826993,0.592329669826993,0.03798848526456886,False
7347,1,1,True,0.5283792787511067,0.5283792787511067,0.046183856010001224,False
7348,1,1,True,0.5925072245814201,0.5925072245814201,0.03151773371310222,False
7349,1,0,False,0.5850834337220365,0.5850834337220365,-0.029734564402126906,False
7350,1,0,False,0.5793711262299642,0.5793711262299642,-0.028792869717726058,False
7351,1,0,False,0.559745826067375,0.559745826067375,-0.047030552084766516,False
7352,1,0,False,0.5280164282549299,0.5280164282549299,-0.03844148846604162,False
7353,1,0,False,0.5707304859194068,0.5707304859194068,-0.008865510158890283,False
7354,1,1,True,0.563781957269799,0.563781957269799,0.004367923035992907,False
7355,0,1,False,0.5083863718398098,0.49161362816019,0.01653152599686611,False
7356,1,1,True,0.5269353808585044,0.5269353808585044,0.08707779340796744,False
7357,1,1,True,0.560700261150152,0.560700261150152,0.10757386490719247,False
7358,1,1,True,0.6017060606788732,0.6017060606788732,0.13097800477016108,True
7359,1,1,True,0.6077002627383982,0.6077002627383982,0.13204342334049127,True
7360,1,1,True,0.6039401198672691,0.6039401198672691,0.1315658137109204,True
7361,1,1,True,0.5477185158160687,0.5477185158160687,0.10069338495257495,False
7362,1,1,True,0.5000238709589145,0.5000238709589145,0.08607778424940327,False
7363,1,1,True,0.5057906462162683,0.5057906462162683,0.05043505402852412,False
7364,0,1,False,0.5504445782982029,0.449555421701797,0.04057793641552919,False
7365,1,1,True,0.5624433551025616,0.5624433551025616,0.03395346513703341,False
7366,0,0,True,0.5558198062802296,0.4441801937197703,-0.008105804681491502,False
7367,0,0,True,0.5287585058114547,0.4712414941885453,-0.026338916663988146,False
7368,0,0,True,0.5694775956238551,0.43052240437614486,-0.05512653393493724,False
7369,0,0,True,0.5605819846235667,0.4394180153764333,-0.05267587317168484,False
7370,0,0,True,0.6918539398239624,0.3081460601760376,-0.060271748210408066,True
7371,0,0,True,0.7098976540826939,0.29010234591730605,-0.020906396674673398,True
7372,0,1,False,0.7109050013209833,0.28909499867901656,0.05087170245453557,True
7373,0,1,False,0.6944264404464114,0.30557355955358845,0.05800493026471784,True
7374,0,1,False,0.6723346401894849,0.3276653598105152,0.03809549245801583,True
7375,0,1,False,0.683771317444207,0.3162286825557929,0.07010063384263876,True
7376,0,1,False,0.568981174588307,0.43101882541169295,0.06724776376070503,False
7377,0,1,False,0.6143915716711442,0.3856084283288557,0.013279901777834996,True
7378,0,1,False,0.6716541207200034,0.32834587927999653,0.026412235106774415,True
7379,0,1,False,0.6448064355500828,0.3551935644499171,0.0361582672254858,True
7380,0,1,False,0.6891870960830503,0.31081290391694966,0.03655973870749219,True
7381,0,1,False,0.6269024702884081,0.37309752971159194,0.020959761525891255,True
7382,0,1,False,0.6728053845877233,0.32719461541227657,0.016854596843783546,True
7383,0,1,False,0.7680304203528685,0.2319695796471313,0.024393483839134786,True
7384,0,1,False,0.7456285364145744,0.2543714635854255,0.050529276251544124,True
7385,0,1,False,0.672236295065528,0.327763704934472,0.05472817833594084,True
7386,0,1,False,0.7130111379761886,0.2869888620238112,0.0713141524622278,True
7387,0,1,False,0.6268624704211349,0.3731375295788652,0.04741051058635965,True
7388,0,1,False,0.5658517331749567,0.4341482668250431,0.06659515328160429,False
7389,0,1,False,0.5847643324122581,0.41523566758774194,0.039848149269568145,False
7390,0,1,False,0.6713159323853688,0.32868406761463104,0.03241825537398236,True
7391,0,0,True,0.655714136984777,0.34428586301522285,-0.02961842084428037,True
7392,0,1,False,0.6156025822098606,0.38439741779013925,0.029202953475955428,True
7393,0,1,False,0.6578799034149369,0.34212009658506304,0.01045271942177128,True
7394,0,0,True,0.7164719176736548,0.2835280823263451,-0.01595160611048677,True
7395,0,0,True,0.6832018871189307,0.3167981128810693,-0.029220593185166416,True
7396,0,1,False,0.7117886558368208,0.2882113441631791,0.03607861074579795,True
7397,0,1,False,0.7369470638656095,0.2630529361343905,0.0073939504770700465,True
7398,0,0,True,0.7731354056998337,0.22686459430016612,-0.01313388161958227,True
7399,0,1,False,0.732326727693894,0.267673272306106,0.03042200402941163,True
7400,0,0,True,0.5748554387859452,0.42514456121405475,-0.0021534498036028652,False
7401,0,0,True,0.6840140272616626,0.31598597273833734,-0.027185546697691177,True
7402,0,0,True,0.7050275640368285,0.2949724359631714,-0.042129050044874744,True
7403,0,0,True,0.6989295743375693,0.3010704256624305,-0.016134257430040513,True
7404,0,0,True,0.7042680723864946,0.29573192761350514,-0.019826605365579047,True
7405,0,1,False,0.6752490263199135,0.3247509736800866,0.02075334550422997,True
7406,0,1,False,0.6495695266653105,0.3504304733346893,0.003977302496040832,True
7407,0,1,False,0.6665363445530142,0.3334636554469857,0.008857125086223955,True
7408,0,1,False,0.610585375271201,0.3894146247287988,0.018032450927512735,True
7409,0,0,True,0.6495380648252959,0.35046193517470403,-0.002146915813436823,True
7410,0,0,True,0.6419762309307446,0.3580237690692554,-0.054800298378966716,True
7411,0,0,True,0.662628499429775,0.33737150057022497,-0.05163714557185349,True
7412,0,0,True,0.6193819951839713,0.38061800481602864,-0.024255487856366477,True
7413,0,0,True,0.6398837258771336,0.3601162741228663,-0.049531881401765385,True
7414,0,0,True,0.6706089114992245,0.3293910885007754,-0.00014580147454891257,True
7415,0,1,False,0.6856343198695903,0.31436568013040955,0.0410722472160736,True
7416,0,1,False,0.6389366355623274,0.3610633644376726,0.08747425814214167,True
7417,0,1,False,0.5898191494864026,0.4101808505135973,0.08551032890199711,False
7418,0,1,False,0.5206721620705729,0.479327837929427,0.03983373761805343,False
7419,0,1,False,0.6119285113085108,0.3880714886914893,0.01523863853410967,True
7420,0,0,True,0.5738967000943946,0.4261032999056054,-0.013085698241506773,False
7421,0,0,True,0.5700270117042743,0.4299729882957257,-0.038319674714797344,False
7422,0,0,True,0.6443308568326929,0.35566914316730697,-0.0831416206165953,True
7423,0,1,False,0.661141905831646,0.33885809416835394,0.011179601777703418,True
7424,0,0,True,0.5609289478431925,0.43907105215680753,-0.018715158914521253,False
7425,0,1,False,0.5481429149359088,0.4518570850640911,0.01695893711991452,False
7426,0,1,False,0.5498907788433708,0.45010922115662927,0.012259156997158288,False
7427,0,1,False,0.6677592527516653,0.3322407472483345,0.021248356822841055,True
7428,0,0,True,0.6683070753805626,0.3316929246194374,-0.03190692863129904,True
7429,0,1,False,0.6962213156137581,0.30377868438624184,0.02540119637481463,True
7430,0,0,True,0.7123252382711671,0.28767476172883283,-0.0007193136587098271,True
7431,0,1,False,0.6859154036866236,0.3140845963133763,0.008118038102688699,True
7432,0,1,False,0.6705347474197533,0.3294652525802466,0.06394950610180715,True
7433,0,1,False,0.718282994936656,0.2817170050633438,0.07707330581141003,True
7434,0,1,False,0.7094452626647731,0.2905547373352269,0.05643621260854057,True
7435,0,1,False,0.7084915059486109,0.29150849405138907,0.031117729944891686,True
7436,0,1,False,0.6798985984398535,0.32010140156014644,0.030954365546025393,True
7437,0,1,False,0.6867176558040703,0.31328234419592954,0.004566089450178439,True
7438,0,1,False,0.6687518350531882,0.3312481649468116,0.02877796583661629,True
7439,0,1,False,0.6383158709702236,0.36168412902977626,0.07586640436674569,True
7440,0,1,False,0.6733008131898579,0.326699186810142,0.11909768707547998,True
7441,0,1,False,0.6729436948684802,0.32705630513151984,0.16677178496852166,True
7442,0,1,False,0.7772857094578157,0.22271429054218414,0.15448435334726435,True
7443,0,1,False,0.7309139351034054,0.26908606489659453,0.14986061713754667,True
7444,0,1,False,0.6345774055620862,0.36542259443791386,0.14823143343238498,True
7445,0,1,False,0.6967495994486227,0.3032504005513773,0.1458791118824425,True
7446,0,1,False,0.6606093122307275,0.33939068776927245,0.10457739182973436,True
7447,0,1,False,0.5678248181028869,0.4321751818971132,0.123517174775793,False
7448,0,1,False,0.6262303200668686,0.3737696799331314,0.06915077597335716,True
7449,0,1,False,0.5190309704433855,0.48096902955661464,0.025763867844172703,False
7450,0,1,False,0.5275040508078127,0.47249594919218735,0.052846012180906836,False
7451,0,1,False,0.5832884657681296,0.4167115342318704,0.04940633379134534,False
7452,0,1,False,0.5211371298617632,0.47886287013823675,0.07178437563118474,False
7453,1,1,True,0.5292944127440564,0.5292944127440564,0.09600413025070785,False
7454,0,1,False,0.6049932532775196,0.3950067467224803,0.08697601930021964,True
7455,1,1,True,0.514469419610177,0.514469419610177,0.011880578135005529,False
7456,1,0,False,0.5577179615200024,0.5577179615200024,-0.031244941382635942,False
7457,1,0,False,0.532555453149327,0.532555453149327,-0.024624980764486926,False
7458,1,0,False,0.5773230056414033,0.5773230056414033,-0.012859025351825011,False
7459,1,0,False,0.561398079454876,0.561398079454876,-0.043368631181359016,False
7460,1,0,False,0.6002386297257613,0.6002386297257613,-0.02517806608566481,True
7461,1,0,False,0.5524713056780689,0.5524713056780689,-0.0173453293845524,False
7462,1,0,False,0.5432754075813352,0.5432754075813352,-0.05110218002565129,False
7463,0,0,True,0.5864574407492763,0.41354255925072364,-0.04895275155640768,False
7464,0,0,True,0.6004810243905562,0.39951897560944377,-0.034155714137219295,True
7465,0,0,True,0.587019857546451,0.4129801424535489,-0.011984881316823704,False
7466,0,1,False,0.5815052947294564,0.41849470527054367,0.015058296397879353,False
7467,1,1,True,0.5816629745056613,0.5816629745056613,0.0010500458748896914,False
7468,1,0,False,0.5439964453761101,0.5439964453761101,-0.004933863580666217,False
7469,1,1,True,0.5155366206884987,0.5155366206884987,0.006681244297544513,False
7470,0,1,False,0.5076948281349792,0.4923051718650206,0.01817403004075411,False
7471,0,1,False,0.6080451709292175,0.39195482907078244,0.035154547146332364,True
7472,0,0,True,0.5799894298148351,0.42001057018516486,-0.001990666000271346,False
7473,0,0,True,0.52555652192527,0.4744434780747299,-0.005021273515808354,False
7474,0,0,True,0.6135800365415833,0.38641996345841667,-0.0034542326407673925,True
7475,0,0,True,0.6518827196737942,0.3481172803262058,-0.0023778791397004065,True
7476,0,1,False,0.6882841197607622,0.31171588023923774,0.011376425976213416,True
7477,0,1,False,0.7333657366510099,0.26663426334899015,0.06395127512892704,True
7478,0,1,False,0.7213424978192813,0.2786575021807187,0.00940458520098391,True
7479,0,0,True,0.7316307866239056,0.26836921337609443,-0.009647235366177582,True
7480,0,1,False,0.7076060903262649,0.292393909673735,0.030029855484402894,True
7481,0,0,True,0.7229777268878247,0.27702227311217537,-0.01230636398150402,True
7482,0,0,True,0.7553432547115314,0.2446567452884685,-0.025206649193140827,True
7483,0,0,True,0.7088963618149774,0.2911036381850225,-0.0003484878874808712,True
7484,0,1,False,0.7110258893213411,0.2889741106786588,0.0011687298696122334,True
7485,0,0,True,0.619597071283502,0.380402928716498,-0.05178645624404481,True
7486,0,0,True,0.684117275778151,0.31588272422184904,-0.09675129002857383,True
7487,0,0,True,0.7092437112033275,0.2907562887966724,-0.08939578305356781,True
7488,0,0,True,0.7337878295684853,0.26621217043151474,-0.08815298653361146,True
7489,0,0,True,0.6984338209169209,0.301566179083079,-0.08337446184759227,True
7490,0,0,True,0.610938374638434,0.38906162536156597,-0.09388743546084617,True
7491,0,0,True,0.5746735418136959,0.4253264581863041,-0.023356786605750045,False
7492,1,1,True,0.5530656696996911,0.5530656696996911,0.0024664474854689125,False
7493,0,1,False,0.5382777416221759,0.46172225837782416,0.0482146493964342,False
7494,0,1,False,0.6146625626766408,0.3853374373233593,0.06270313303181976,True
7495,0,1,False,0.542310301652207,0.457689698347793,0.043230583205300176,False
7496,0,1,False,0.6127474287101421,0.38725257128985785,0.01221138388296488,True
7497,0,1,False,0.6611304958343506,0.3388695041656495,0.012076450641042598,True
7498,0,0,True,0.6356948457563674,0.36430515424363263,-0.0004475118878351164,True
7499,0,0,True,0.6161027206234362,0.3838972793765638,-0.0029400816352291503,True
7500,0,1,False,0.6577286769464058,0.34227132305359426,0.04162945773175209,True
7501,0,1,False,0.6803396479771138,0.3196603520228862,0.08724751146037306,True
7502,0,1,False,0.657208372630154,0.3427916273698459,0.08518559638080066,True
7503,0,1,False,0.6154161679756253,0.3845838320243747,0.0689194909144638,True
7504,0,1,False,0.6148305556085174,0.38516944439148265,0.03464370791138061,True
7505,0,1,False,0.5716243664076724,0.4283756335923275,0.05514268641473686,False
7506,0,1,False,0.5486722038219868,0.4513277961780133,0.037370403348521944,False
7507,0,1,False,0.5111090236212311,0.4888909763787688,0.05399827761783065,False
7508,1,1,True,0.5912217820064313,0.5912217820064313,0.07702599869688966,False
7509,1,1,True,0.5838129870654657,0.5838129870654657,0.14250038348828106,False
7510,0,1,False,0.6042000375270762,0.3957999624729238,0.1555689666956909,True
7511,0,1,False,0.5945517608142622,0.40544823918573775,0.14148201813670128,False
7512,0,1,False,0.5888705140863308,0.41112948591366916,0.10031029045530268,False
7513,1,1,True,0.5005517523456403,0.5005517523456403,0.06236319093818713,False
7514,1,0,False,0.6220162929637884,0.6220162929637884,-0.01594431683985758,True
7515,1,0,False,0.6876947681997612,0.6876947681997612,-0.01862782899518514,True
7516,1,0,False,0.7468294740298788,0.7468294740298788,-0.003156964176274008,True
7517,1,1,True,0.6691965520004928,0.6691965520004928,0.008637407894807686,True
7518,1,0,False,0.6180028198630242,0.6180028198630242,-0.02633973284862722,True
7519,1,1,True,0.5495640537399806,0.5495640537399806,0.011541556540833492,False
7520,0,0,True,0.6253729785705144,0.3746270214294855,-0.014192673491135422,True
7521,0,0,True,0.6091792412773546,0.3908207587226455,-0.050638358721101,True
7522,0,0,True,0.6723488108399639,0.32765118916003605,-0.06937735338658274,True
7523,0,0,True,0.651569613770851,0.34843038622914907,-0.04989213991796554,True
7524,0,0,True,0.6031851853026096,0.39681481469739044,-0.03845307682342687,True
7525,0,0,True,0.5970551820912616,0.40294481790873843,-0.05607998717652438,False
7526,0,0,True,0.5730341115632959,0.4269658884367042,-0.07969350013899196,False
7527,0,0,True,0.5506842633230137,0.44931573667698643,-0.10219399683443013,False
7528,0,0,True,0.5819167356284782,0.41808326437152177,-0.14558279378286346,False
7529,0,0,True,0.508144339234299,0.491855660765701,-0.11905829460669605,False
7530,0,0,True,0.5248166163802361,0.4751833836197638,-0.12928419512627773,False
7531,0,0,True,0.5826833697875182,0.4173166302124817,-0.07755023389742156,False
7532,1,0,False,0.5874925373049651,0.5874925373049651,-0.06935083475902164,False
7533,1,1,True,0.5266761414674445,0.5266761414674445,0.04335395316366027,False
7534,1,0,False,0.6392908707542301,0.6392908707542301,-0.0303195783143738,True
7535,1,1,True,0.5053097384807499,0.5053097384807499,0.014963730873452083,False
7536,0,1,False,0.5795116929594267,0.4204883070405732,0.008419340402051173,False
7537,0,1,False,0.6342020107686337,0.36579798923136625,0.05109797741205023,True
7538,0,1,False,0.7228533056743977,0.2771466943256023,0.047311921412225566,True
7539,0,1,False,0.7003741164030838,0.29962588359691616,0.09863896110118273,True
7540,0,1,False,0.6822476202043961,0.31775237979560395,0.11421328171078289,True
7541,0,1,False,0.6027495146083037,0.3972504853916962,0.1469646411158,True
7542,0,1,False,0.6279918153874361,0.37200818461256385,0.14601014771868684,True
7543,0,1,False,0.6548531671369702,0.34514683286302983,0.1402480114776142,True
7544,0,1,False,0.6654299156376609,0.3345700843623391,0.13334258103831736,True
7545,0,1,False,0.7292637674925047,0.27073623250749523,0.061944252024358284,True
7546,0,1,False,0.8187822690117054,0.18121773098829475,0.09256093010271431,True
7547,0,1,False,0.8028437083835417,0.19715629161645842,0.09003561628837917,True
7548,0,1,False,0.7358664532771727,0.26413354672282735,0.07339161224867831,True
7549,0,1,False,0.8129756330154722,0.18702436698452798,0.03226732456976372,True
7550,0,1,False,0.820548742410279,0.17945125758972127,0.1035807600873815,True
7551,0,1,False,0.8000067520978433,0.1999932479021567,0.05893660496828672,True
7552,0,1,False,0.8211059965868172,0.17889400341318282,0.06374676145140634,True
7553,0,1,False,0.8140784371605353,0.1859215628394647,0.07169949571406437,True
7554,0,1,False,0.7703396278518486,0.22966037214815152,0.10589385912642771,True
7555,0,1,False,0.7788153042838859,0.22118469571611413,0.00577170581672497,True
7556,0,0,True,0.7791782388605192,0.22082176113948085,-0.0010890225155542985,True
7557,0,0,True,0.7518928375027331,0.24810716249726694,-0.018585856026567205,True
7558,0,0,True,0.7366511178540077,0.2633488821459922,-0.01078555945499077,True
7559,0,1,False,0.8030529894430304,0.1969470105569697,0.0060708079383342784,True
7560,0,0,True,0.7473131488526251,0.2526868511473749,-0.011245944911625947,True
7561,0,0,True,0.727920773064624,0.27207922693537595,-0.038111824965312964,True
7562,0,0,True,0.756966414127357,0.24303358587264312,-0.07107528300447064,True
7563,0,0,True,0.6915523082945393,0.30844769170546077,-0.11149515227351042,True
7564,0,0,True,0.7625687936849158,0.23743120631508421,-0.09796706822108146,True
7565,0,0,True,0.779407185051063,0.2205928149489369,-0.01780985491705939,True
7566,0,0,True,0.6049726188860945,0.3950273811139054,-0.027266044718556606,True
7567,1,0,False,0.5233613723141016,0.5233613723141016,-0.009599145684261762,False
7568,1,1,True,0.5591979872919919,0.5591979872919919,0.024408254228879753,False
7569,1,1,True,0.5254578900539525,0.5254578900539525,0.021849163958637976,False
7570,0,1,False,0.7124958761652468,0.28750412383475316,0.009554291011327418,True
7571,0,1,False,0.7141610043613996,0.2858389956386003,0.023282274786063362,True
7572,0,1,False,0.5874207142294686,0.41257928577053143,0.07913287051414124,False
7573,0,1,False,0.6048458985032238,0.39515410149677616,0.07676017548565608,True
7574,0,1,False,0.6105464922686127,0.38945350773138726,0.008843231920409825,True
7575,0,1,False,0.5373678812588115,0.46263211874118837,0.08456700867050534,False
7576,0,1,False,0.5580297005729732,0.44197029942702676,0.15279052158430795,False
7577,1,1,True,0.5494475962837737,0.5494475962837737,0.13314222858939687,False
7578,0,1,False,0.5959681160593072,0.4040318839406929,0.12204003612720322,False
7579,0,1,False,0.6310618789641038,0.36893812103589624,0.1698056910662535,True
7580,0,1,False,0.6197957730959368,0.38020422690406325,0.0672450354205564,True
7581,0,1,False,0.865027999006078,0.1349720009939222,0.03641174053964777,True
7582,0,0,True,0.7659760944061582,0.2340239055938418,-0.002754298933386635,True
7583,0,0,True,0.7300976578869324,0.2699023421130675,-0.03679673294908128,True
7584,0,0,True,0.7946840387693426,0.20531596123065746,-0.027713109646164663,True
7585,0,0,True,0.8272887841817623,0.17271121581823767,-0.035567723595416476,True
7586,0,0,True,0.8235877425917454,0.17641225740825442,-0.0711290079971777,True
7587,0,0,True,0.827599806130948,0.1724001938690518,-0.03118286537449708,True
7588,0,1,False,0.819696012595001,0.18030398740499898,0.013692308270216082,True
7589,0,0,True,0.8164803949482621,0.18351960505173784,-0.014342487278745516,True
7590,0,1,False,0.7443745986807223,0.2556254013192777,0.05499552193302613,True
7591,0,1,False,0.6305469779362264,0.3694530220637737,0.07906294594727847,True
7592,1,1,True,0.5072257461864499,0.5072257461864499,0.04365867752801748,False
7593,0,1,False,0.6570606361579,0.34293936384210005,0.014462883466927116,True
7594,0,1,False,0.7008416184374838,0.29915838156251623,0.015030186867773526,True
7595,0,0,True,0.6924245024397971,0.30757549756020286,-0.01578123247110676,True
7596,0,0,True,0.7442635239053011,0.2557364760946989,-0.03661874728068761,True
7597,0,0,True,0.7089689178846786,0.29103108211532125,-0.02748597198293,True
7598,0,0,True,0.7386635368365823,0.2613364631634176,-0.01608085536929013,True
7599,0,0,True,0.7585763593037935,0.24142364069620648,-0.01443081680451683,True
7600,0,0,True,0.7096331655392243,0.29036683446077577,-0.056710788692673916,True
7601,0,0,True,0.552051504398245,0.447948495601755,-0.020896784235333976,False
7602,1,0,False,0.5054242481843048,0.5054242481843048,-0.02923319152115705,False
7603,0,0,True,0.5244556271877351,0.4755443728122648,-0.08273739347329195,False
7604,0,0,True,0.5054067649286157,0.4945932350713842,-0.045586196311397605,False
7605,0,1,False,0.5403285175043466,0.45967148249565337,0.0009191510622644004,False
7606,0,1,False,0.5148455410097202,0.4851544589902798,0.008495397892783259,False
7607,0,0,True,0.5907223608045781,0.40927763919542187,-0.0004068056950029567,False
7608,0,1,False,0.5797609180758808,0.4202390819241191,0.03971324048679741,False
7609,1,1,True,0.5818265346401911,0.5818265346401911,0.034524611626665494,False
7610,0,1,False,0.5756609305016115,0.42433906949838834,0.020867062407993464,False
7611,0,1,False,0.6156579958854081,0.3843420041145918,0.00023188909889440895,True
7612,0,1,False,0.635469970065525,0.3645300299344749,0.05560551101444845,True
7613,0,1,False,0.6763134780656926,0.32368652193430725,0.039245493044736124,True
7614,0,1,False,0.5772813193809391,0.422718680619061,0.04636850804208174,False
7615,1,1,True,0.5151125698547069,0.5151125698547069,0.06040446925509225,False
7616,0,1,False,0.5289779690262572,0.4710220309737428,0.06886142760475558,False
7617,0,1,False,0.5434649172695143,0.45653508273048565,0.058708621422895804,False
7618,0,1,False,0.6899153219976033,0.31008467800239675,0.0926522373357564,True
7619,0,1,False,0.6065157298843675,0.3934842701156324,0.03904300051529281,True
7620,0,1,False,0.7095432130907436,0.2904567869092565,0.005962320489727476,True
7621,0,0,True,0.7010384267614042,0.2989615732385958,-0.026047394499197105,True
7622,0,0,True,0.7160442875096384,0.2839557124903616,-0.10882403329505537,True
7623,0,0,True,0.7547467134281293,0.24525328657187073,-0.09158171047059695,True
7624,0,0,True,0.7153304343552169,0.2846695656447832,-0.07322485211760156,True
7625,0,0,True,0.7458202796289152,0.2541797203710849,-0.06331525086678541,True
7626,0,0,True,0.6837640964004551,0.316235903599545,-0.059140043349551606,True
7627,0,1,False,0.6240876176243495,0.3759123823756505,0.002569866332445227,True
7628,0,1,False,0.525118532770405,0.47488146722959496,0.026775921063793652,False
7629,1,0,False,0.5208976296190255,0.5208976296190255,-0.006357586692361818,False
7630,0,1,False,0.5685457355732702,0.43145426442672985,0.04228762838077867,False
7631,0,1,False,0.5724841639544191,0.4275158360455808,0.06235046557158477,False
7632,0,1,False,0.6725417754658537,0.3274582245341463,0.050427266825823436,True
7633,0,1,False,0.5759397108633418,0.4240602891366582,0.001775402125925946,False
7634,0,1,False,0.5753218912393562,0.42467810876064394,0.020511060093516737,False
7635,0,0,True,0.6202692148980665,0.3797307851019333,-0.06925744305842566,True
7636,0,0,True,0.6351985536637021,0.3648014463362979,-0.09841673547199936,True
7637,0,0,True,0.6155923939876017,0.38440760601239826,-0.08809513238361785,True
7638,0,0,True,0.6323578658241059,0.36764213417589414,-0.08556040110159915,True
7639,0,0,True,0.6078232243831813,0.3921767756168187,-0.05455445751062839,True
7640,0,0,True,0.5510741681786174,0.4489258318213825,-0.020591628806511192,False
7641,0,0,True,0.6101297639208826,0.38987023607911736,-0.011012005941870686,True
7642,0,1,False,0.6424631136143455,0.35753688638565456,0.04359488474199627,True
7643,0,1,False,0.617128027462245,0.38287197253775496,0.027717219764657745,True
7644,0,0,True,0.6077431961009956,0.3922568038990044,-0.0039722288807272675,True
7645,0,1,False,0.6498760847278015,0.35012391527219866,0.03402927233036972,True
7646,0,1,False,0.6825230093375927,0.31747699066240737,0.06964388668282871,True
7647,0,1,False,0.6786918739183122,0.32130812608168763,0.0038643345299684963,True
7648,0,1,False,0.6746572051799387,0.3253427948200613,0.04605933170304737,True
7649,0,1,False,0.674478201186885,0.32552179881311494,0.06995369647516957,True
7650,0,1,False,0.6831005708633254,0.3168994291366746,0.030895192838915703,True
7651,0,1,False,0.6175645346949352,0.3824354653050647,0.029048322750594276,True
7652,0,1,False,0.6293884504271946,0.37061154957280534,0.03954880232711276,True
7653,0,0,True,0.6190717239648279,0.38092827603517204,-0.02759404014994733,True
7654,0,0,True,0.6807086059465536,0.3192913940534464,-0.014638397430732572,True
7655,0,0,True,0.6844415732620174,0.3155584267379826,-0.005512569980652137,True
7656,0,1,False,0.6757555916725518,0.3242444083274482,0.015001730789554538,True
7657,0,1,False,0.6426133190496093,0.35738668095039067,0.03638099497028634,True
7658,0,1,False,0.6925844101755597,0.30741558982444034,0.09119129982913192,True
7659,0,1,False,0.5862086415713825,0.4137913584286175,0.06404794910262845,False
7660,0,1,False,0.6788611277873766,0.3211388722126233,0.06722499677072578,True
7661,0,1,False,0.6689156148187271,0.3310843851812729,0.0062766079150243115,True
7662,0,0,True,0.7016759707283181,0.298324029271682,-0.010142266352169301,True
7663,0,1,False,0.7413340461226648,0.25866595387733515,0.02394092470900308,True
7664,0,1,False,0.7097343792851629,0.29026562071483714,0.08369539387621003,True
7665,0,1,False,0.663421988033189,0.33657801196681114,0.116749308299964,True
7666,0,1,False,0.6075989947516011,0.39240100524839905,0.14576798847227856,True
7667,0,1,False,0.6398725921115115,0.36012740788848857,0.10009507907339667,True
7668,0,1,False,0.6634322294834382,0.3365677705165617,0.05649410302404862,True
7669,0,1,False,0.6766023168157907,0.3233976831842094,0.030759416482223537,True
7670,0,1,False,0.7337850565310475,0.2662149434689523,0.020656788042169496,True
7671,0,1,False,0.7109801184702252,0.2890198815297748,0.013038530185222903,True
7672,0,1,False,0.6870120067545966,0.3129879932454034,0.04366787553609556,True
7673,0,1,False,0.7059538475809006,0.2940461524190994,0.05559070966404849,True
7674,0,1,False,0.7544496309264083,0.24555036907359154,0.03286774265978614,True
7675,0,1,False,0.7548758927260032,0.24512410727399667,0.010553554665192769,True
7676,0,1,False,0.7158026256532386,0.2841973743467614,0.011594402910119483,True
7677,0,1,False,0.8242895433580872,0.17571045664191268,0.05251800003976532,True
7678,0,1,False,0.7264040265518493,0.2735959734481506,0.01632806678386863,True
7679,0,1,False,0.694887965509703,0.30511203449029706,0.0074842314285089575,True
7680,0,1,False,0.7226820708023904,0.2773179291976095,0.0032190264714283667,True
7681,0,1,False,0.7477470333404019,0.25225296665959823,0.010402177705130742,True
7682,0,0,True,0.7795414561891855,0.22045854381081456,-0.022514781583318336,True
7683,0,1,False,0.784685118471769,0.21531488152823094,0.0014408120492453423,True
7684,0,0,True,0.7537592041129605,0.24624079588703954,-0.014936491897179837,True
7685,0,0,True,0.7564942396436888,0.24350576035631122,-0.008445797985255427,True
7686,0,1,False,0.7179215189592781,0.2820784810407219,0.0029288284028775647,True
7687,0,1,False,0.7080869694436275,0.2919130305563724,0.007386248220611173,True
7688,0,0,True,0.7530580571692743,0.24694194283072576,-0.017124975053238328,True
7689,0,1,False,0.7580900732745736,0.24190992672542636,0.009211725160515712,True
7690,0,1,False,0.614515114177359,0.38548488582264095,0.009669092277880896,True
7691,0,0,True,0.638185865952591,0.36181413404740886,-0.014160347435456895,True
7692,0,0,True,0.6959700212497383,0.30402997875026166,-0.013894171158871788,True
7693,0,0,True,0.6952030002246179,0.3047969997753819,-0.0034148315524415228,True
7694,0,1,False,0.6806353889059807,0.31936461109401926,0.010752821463845102,True
7695,0,1,False,0.6579184926484769,0.34208150735152304,0.057175002092807285,True
7696,0,1,False,0.6372487497147006,0.36275125028529936,0.08634870357677345,True
7697,0,1,False,0.6584335972571037,0.34156640274289635,0.060338027385507434,True
7698,0,1,False,0.72207564190321,0.27792435809678984,0.09305941141050394,True
7699,0,1,False,0.615295957620202,0.38470404237979805,0.09828994530860093,True
7700,0,1,False,0.7098139690549058,0.29018603094509404,0.05882346258211775,True
7701,0,1,False,0.7696907983635087,0.2303092016364913,0.05139484254354073,True
7702,0,1,False,0.781110573440535,0.2188894265594649,0.06965513459693388,True
7703,0,1,False,0.7253131665937907,0.2746868334062092,0.023036386139451696,True
7704,0,0,True,0.7640067532063607,0.2359932467936393,-0.002090475684666838,True
7705,0,0,True,0.7590022627055578,0.24099773729444218,-0.03326277784793294,True
7706,0,0,True,0.7722866607206847,0.22771333927931528,-0.049924143758297186,True
7707,0,0,True,0.7357097772627244,0.2642902227372757,-0.06063156364683145,True
7708,0,0,True,0.7134935538620762,0.2865064461379237,-0.055598701092214146,True
7709,0,0,True,0.7024288055837591,0.29757119441624086,-0.021003013041679355,True
7710,0,1,False,0.6800966792732489,0.31990332072675115,0.0012771226553762,True
7711,0,0,True,0.7089040059992335,0.2910959940007664,-0.005466474619592645,True
7712,0,0,True,0.6865541393444445,0.31344586065555546,-0.06781936860430887,True
7713,0,0,True,0.6765586132215334,0.3234413867784667,-0.08175669956078777,True
7714,0,0,True,0.5434791752455868,0.4565208247544133,-0.09315593509470319,False
7715,0,0,True,0.6649747825010429,0.33502521749895714,-0.08792530020904603,True
7716,0,0,True,0.6736398609060771,0.326360139093923,-0.029241212559222192,True
7717,0,1,False,0.6318236861976289,0.3681763138023711,0.03161309740186144,True
7718,1,1,True,0.5745458050337934,0.5745458050337934,0.10563602638467554,False
7719,1,1,True,0.7236104009808431,0.7236104009808431,0.07996379315916056,True
7720,1,1,True,0.5730090409269211,0.5730090409269211,0.05112392838215238,False
7721,1,0,False,0.5613795274529652,0.5613795274529652,-0.009819366796259194,False
7722,0,1,False,0.6676683839439104,0.3323316160560896,0.010145483815618013,True
7723,0,0,True,0.6991271468617084,0.30087285313829165,-0.03191281606417874,True
7724,0,0,True,0.7224284203804411,0.27757157961955886,-0.05590768084519547,True
7725,0,0,True,0.7578721001883185,0.24212789981168148,-0.056662488772811576,True
7726,0,0,True,0.7387699303720207,0.26123006962797934,-0.03509797591870451,True
7727,0,0,True,0.682205270850398,0.31779472914960194,-0.061656698775609184,True
7728,0,0,True,0.7052544997175376,0.2947455002824623,-0.12220212971697657,True
7729,0,0,True,0.7220690400944322,0.2779309599055678,-0.11061712188522613,True
7730,0,0,True,0.68265273648259,0.31734726351741005,-0.11247691427400379,True
7731,0,0,True,0.6562868681183033,0.3437131318816968,-0.11822757789323653,True
7732,0,0,True,0.6302913640758283,0.3697086359241717,-0.0362581650837295,True
7733,0,1,False,0.6579667044526644,0.3420332955473355,0.05538072278725255,True
7734,0,1,False,0.6633558267100206,0.3366441732899795,0.05252600006370259,True
7735,0,1,False,0.5601247069117069,0.4398752930882932,0.08519062403341277,False
7736,0,1,False,0.5379787315365469,0.4620212684634531,0.06033015031559242,False
7737,0,0,True,0.5447123621290596,0.45528763787094034,-0.0012704953963594068,False
7738,0,1,False,0.6938256659913181,0.30617433400868194,0.022968201029153992,True
7739,0,1,False,0.7256475152187593,0.2743524847812406,0.040368891599054636,True
7740,0,1,False,0.6844191178218212,0.31558088217817887,0.04216205298669893,True
7741,0,1,False,0.6383524084464397,0.36164759155356024,0.05951565221503526,True
7742,0,1,False,0.6828165486038899,0.3171834513961101,0.07906634795196912,True
7743,0,1,False,0.6797067425501431,0.320293257449857,0.05784701372363149,True
7744,0,1,False,0.7378996614226003,0.26210033857739967,0.050074973020472834,True
7745,0,1,False,0.6964822804297247,0.30351771957027535,0.05837264808854579,True
7746,0,1,False,0.6798685193925773,0.32013148060742264,0.06313557896575023,True
7747,0,1,False,0.6445263455586866,0.35547365444131335,0.028728975804206,True
7748,0,1,False,0.763125753980921,0.23687424601907894,0.002174864627592724,True
7749,0,1,False,0.6932439048886373,0.30675609511136276,0.014426525881890119,True
7750,0,1,False,0.678861201571516,0.321138798428484,0.0061047899577281175,True
7751,0,0,True,0.7160497879540101,0.28395021204598986,-0.002191111700112966,True
7752,0,1,False,0.7147134000792015,0.28528659992079847,0.01686987244253436,True
7753,0,1,False,0.7142831144224187,0.2857168855775813,0.00817608645514362,True
7754,0,0,True,0.5959429914901623,0.40405700850983767,-0.021106420316514708,False
7755,1,0,False,0.5017136729052515,0.5017136729052515,-0.06307159244276132,False
7756,0,0,True,0.5680601980574583,0.4319398019425416,-0.04744928374562554,False
7757,0,0,True,0.5666836339476802,0.4333163660523198,-0.09063519833843268,False
7758,0,0,True,0.5763541303353713,0.42364586966462864,-0.06587671235907862,False
7759,0,0,True,0.6623596512028235,0.3376403487971764,-0.05268979604483807,True
7760,0,0,True,0.6898409045387316,0.31015909546126846,-0.025616685919902137,True
7761,0,0,True,0.5722570880434548,0.4277429119565453,-0.044966375649457456,False
7762,0,1,False,0.6014444428268184,0.39855555717318153,0.051207506639641145,True
7763,0,1,False,0.5993451552411716,0.40065484475882834,0.027444866918023027,False
7764,0,1,False,0.7366962272376026,0.2633037727623974,0.016447749473977657,True
7765,0,1,False,0.7289235206229258,0.2710764793770742,0.07078045376868698,True
7766,0,1,False,0.6385422112515199,0.36145778874848006,0.042993735898109293,True
7767,0,0,True,0.6269049447094353,0.3730950552905647,-0.04377670880561297,True
7768,0,0,True,0.722388331371095,0.27761166862890485,-0.009402508766792477,True
7769,0,1,False,0.7252216759253969,0.2747783240746032,0.02245442124512307,True
7770,0,0,True,0.7038342313322671,0.29616576866773303,-0.03173992526613962,True
7771,0,0,True,0.7334833501112801,0.2665166498887201,-0.023527774783277285,True
7772,0,0,True,0.721105155838987,0.27889484416101307,-0.04295104572875787,True
7773,0,0,True,0.7024834400893373,0.2975165599106627,-0.02671444761037961,True
7774,0,0,True,0.6876076972644145,0.3123923027355855,-0.019761089429836676,True
7775,0,1,False,0.7705209695237688,0.22947903047623108,0.02481005997933458,True
7776,0,1,False,0.7705833643456727,0.22941663565432724,0.078096202176234,True
7777,0,1,False,0.7467837146669315,0.25321628533306856,0.14390342494863625,True
7778,0,1,False,0.6687748098524827,0.33122519014751733,0.08510522214055687,True
7779,0,1,False,0.674198488014509,0.32580151198549084,0.04113264863880943,True
7780,0,1,False,0.730998550623933,0.2690014493760669,0.034593063395247876,True
7781,0,0,True,0.7348696975745875,0.2651303024254125,-0.0031775565950400396,True
7782,0,0,True,0.837404854252028,0.16259514574797196,-0.03675192972457518,True
7783,0,0,True,0.8477650007820111,0.15223499921798891,-0.03834101305476011,True
7784,0,1,False,0.8313726091700596,0.16862739082994052,0.015905846980580066,True
7785,0,0,True,0.8006748209919636,0.1993251790080364,-0.03338348743321756,True
7786,0,0,True,0.8339895709257626,0.16601042907423733,-0.03168710385615822,True
7787,0,0,True,0.8297135702256538,0.17028642977434624,-0.01149470979309022,True
7788,0,1,False,0.7617225446426777,0.23827745535732228,0.010406517930980446,True
7789,0,0,True,0.7555245274593156,0.24447547254068436,-0.0419211701451208,True
7790,0,0,True,0.7872097679125091,0.21279023208749084,-0.024882554914421953,True
7791,0,1,False,0.749088134502657,0.25091186549734307,0.006018989800220951,True
7792,0,1,False,0.7804653720882303,0.2195346279117699,0.06132514790209472,True
7793,0,1,False,0.7246611979699992,0.2753388020300009,0.02731486318478054,True
7794,0,1,False,0.7204762864784838,0.27952371352151606,0.026627825925640378,True
7795,0,1,False,0.7019728404211026,0.2980271595788973,0.009479305085310334,True
7796,0,1,False,0.6863766667906993,0.31362333320930064,0.002727855224544653,True
7797,0,0,True,0.6557693922217857,0.3442306077782143,-0.07088338372646182,True
7798,0,0,True,0.7026217370651321,0.2973782629348679,-0.0495980786142172,True
7799,0,0,True,0.6848499291639837,0.31515007083601637,-0.03354876410106682,True
7800,0,1,False,0.6796177803803441,0.3203822196196559,0.04049059076570894,True
7801,0,1,False,0.5878630499119074,0.41213695008809265,0.010440257717933953,False
7802,0,1,False,0.5486540924443232,0.4513459075556768,0.02040517565703803,False
7803,0,1,False,0.5519046988702384,0.44809530112976165,0.04036678167481571,False
7804,0,1,False,0.5943761715540247,0.4056238284459752,0.05487629652684313,False
7805,0,0,True,0.5554158995780093,0.4445841004219906,-0.017073369648154844,False
7806,0,1,False,0.6398947872005163,0.3601052127994837,0.029651460759573468,True
7807,0,1,False,0.5681926997148586,0.4318073002851414,0.011117906527511899,False
7808,0,0,True,0.605643174223697,0.39435682577630304,-0.005904025533539097,True
7809,0,0,True,0.7182714546451452,0.28172854535485475,-0.02107943466311603,True
7810,0,0,True,0.6084857084319921,0.3915142915680079,-0.008141361994610703,True
7811,0,0,True,0.6163936558946682,0.38360634410533173,-0.05610911597600231,True
7812,0,0,True,0.6788614730717946,0.32113852692820544,-0.027099619817272082,True
7813,0,0,True,0.5913971504494907,0.40860284955050935,-0.021108349388060835,False
7814,0,0,True,0.5888001040203613,0.4111998959796385,-0.06767528451928755,False
7815,0,0,True,0.5758946443436247,0.42410535565637525,-0.0751887578009341,False
7816,0,0,True,0.579522727032665,0.42047727296733495,-0.07775292011303817,False
7817,0,0,True,0.5034884930641249,0.49651150693587515,-0.02332416119723619,False
7818,0,1,False,0.6177785982546128,0.3822214017453873,0.015240677397236162,True
7819,0,1,False,0.6164040060372519,0.38359599396274807,0.0857683598118834,True
7820,1,1,True,0.58008505917427,0.58008505917427,0.07571556911824386,False
7821,1,1,True,0.614119910843547,0.614119910843547,0.08303912511775237,True
7822,1,1,True,0.6511361356536658,0.6511361356536658,0.018645777924056247,True
7823,1,0,False,0.596009801649697,0.596009801649697,-0.037598282584447806,False
7824,0,0,True,0.6266638571783812,0.37333614282161864,-0.03578896319472895,True
7825,0,1,False,0.6676943887499075,0.33230561125009245,0.022966212022493278,True
7826,0,0,True,0.7095627641175611,0.2904372358824389,-0.03422529172806233,True
7827,0,0,True,0.6842553573317263,0.31574464266827373,-0.035623938418310214,True
7828,0,1,False,0.664098477909751,0.3359015220902491,0.028652790498887682,True
7829,0,1,False,0.6344328186010662,0.3655671813989338,0.00834928437237929,True
7830,0,0,True,0.6569525173211946,0.34304748267880547,-0.023515969597471858,True
7831,0,0,True,0.6364845906666297,0.3635154093333704,-0.005182968602864634,True
7832,0,1,False,0.7006717728388668,0.2993282271611333,0.03622824407617539,True
7833,0,0,True,0.7215908613757022,0.27840913862429795,-0.041554160024131155,True
7834,0,0,True,0.7162806059381327,0.28371939406186736,-0.02470016257450253,True
7835,0,0,True,0.757074256688146,0.24292574331185393,-0.05260112443504892,True
7836,0,0,True,0.7626912328446577,0.23730876715534213,-0.06288383380271015,True
7837,0,0,True,0.7407068725113857,0.25929312748861433,-0.08582116740803893,True
7838,0,0,True,0.68494206572043,0.31505793427957,-0.043983938453479365,True
7839,0,0,True,0.6787263072834238,0.32127369271657624,-0.05550089870040887,True
7840,0,0,True,0.7233498457949641,0.2766501542050359,-0.06186431523320084,True
7841,0,1,False,0.7245444574152161,0.27545554258478383,0.0574978320230604,True
7842,0,1,False,0.6385127159444974,0.3614872840555024,0.06734801916957014,True
7843,0,1,False,0.6543562918398738,0.3456437081601263,0.052283712816531915,True
7844,0,1,False,0.6657442161338387,0.33425578386616134,0.08420679760568187,True
7845,0,1,False,0.6714198042207773,0.32858019577922276,0.10201240471560384,True
7846,0,1,False,0.6654298980533466,0.3345701019466534,0.09024035712845777,True
7847,0,1,False,0.6952305761954752,0.30476942380452476,0.0907627301379405,True
7848,0,1,False,0.6770851534651229,0.32291484653487695,0.11436255274093741,True
7849,0,1,False,0.669222523720836,0.33077747627916404,0.07430628867273124,True
7850,0,1,False,0.7235942808680385,0.2764057191319616,0.05929189598418542,True
7851,0,1,False,0.7545529431919918,0.24544705680800816,0.015422400251370455,True
7852,0,0,True,0.8046230072240514,0.19537699277594858,-0.014312626778146714,True
7853,0,1,False,0.7905851488548313,0.2094148511451687,0.010369759516408136,True
7854,0,0,True,0.6863850101278671,0.3136149898721328,-0.014639202393105438,True
7855,0,1,False,0.6835999897432171,0.3164000102567829,0.04863630389363099,True
7856,0,1,False,0.7848441990945038,0.21515580090549621,0.001908597793392193,True
7857,0,0,True,0.756577680955592,0.24342231904440811,-0.008681874685003936,True
7858,0,0,True,0.7377096823313188,0.2622903176686811,-0.09566187449519678,True
7859,0,0,True,0.7578739974519593,0.24212600254804073,-0.07681522311662309,True
7860,0,0,True,0.7482322411497209,0.2517677588502791,-0.11342632445506723,True
7861,0,0,True,0.7787642142203476,0.22123578577965244,-0.09080743827076583,True
7862,0,0,True,0.678631405423447,0.32136859457655303,-0.06036860560281763,True
7863,0,0,True,0.5119913722577011,0.488008627742299,-0.025408616238826617,False
7864,0,0,True,0.5521548347753591,0.44784516522464096,-0.061588021359381434,False
7865,0,0,True,0.5263623617109553,0.47363763828904476,-0.07884912074778068,False
7866,0,0,True,0.5318262743248817,0.4681737256751184,-0.07216781260746223,False
7867,1,0,False,0.5500733017984928,0.5500733017984928,-0.05663722394340967,False
7868,0,0,True,0.6170438598966683,0.3829561401033317,-0.04915739842985532,True
7869,0,0,True,0.5767556460715876,0.4232443539284125,-0.011325833410307776,False
7870,1,0,False,0.6064259555456926,0.6064259555456926,-0.023512170306515288,True
7871,1,0,False,0.5485924629453325,0.5485924629453325,-0.01110841146363162,False
7872,1,0,False,0.5333755414662267,0.5333755414662267,-0.004952400753723746,False
7873,0,0,True,0.5085999888916183,0.4914000111083819,-0.015334336484164574,False
7874,0,0,True,0.5447859441960407,0.4552140558039594,-0.02505672029698851,False
7875,0,1,False,0.5922670068620053,0.4077329931379947,0.025302336018630942,False
7876,0,1,False,0.5782380676092551,0.42176193239074505,0.05034736437585994,False
7877,0,1,False,0.5585490256768244,0.4414509743231756,0.011576581285000343,False
7878,0,1,False,0.5960744626586122,0.40392553734138786,0.036959155078037126,False
7879,0,1,False,0.5403853847497178,0.4596146152502822,0.0485744948222554,False
7880,0,1,False,0.5037255180874637,0.4962744819125362,0.05301596235643969,False
7881,1,1,True,0.5168210552975142,0.5168210552975142,0.05992296604433477,False
7882,0,1,False,0.516370181960118,0.483629818039882,0.08854745936394415,False
7883,0,1,False,0.5987831227785364,0.40121687722146365,0.08415341483855196,False
7884,0,1,False,0.6209311161601699,0.37906888383983,0.1443094725256462,True
7885,0,1,False,0.6749048447372732,0.3250951552627268,0.11623017464016955,True
7886,0,1,False,0.6310428778862354,0.3689571221137646,0.09246382593798218,True
7887,0,1,False,0.6809492145150896,0.31905078548491045,0.062431853427947596,True
7888,0,1,False,0.688067903271795,0.31193209672820493,0.06243658551375312,True
7889,0,1,False,0.7321237720524447,0.2678762279475553,0.03502480975363031,True
7890,0,1,False,0.6735141291052088,0.3264858708947912,0.0669838731744933,True
7891,0,1,False,0.7201891065103291,0.27981089348967086,0.054223361334549226,True
7892,0,1,False,0.7032165448655391,0.29678345513446097,0.013323243916629583,True
7893,0,0,True,0.665212405625326,0.33478759437467404,-0.005010344276533205,True
7894,0,0,True,0.6831018541834925,0.31689814581650766,-0.005923703841983395,True
7895,0,0,True,0.7284442602078985,0.27155573979210146,-0.021788064121656358,True
7896,0,0,True,0.7431966096655116,0.25680339033448835,-0.011497959661350433,True
7897,0,1,False,0.6722150298499766,0.32778497015002345,0.05410347289974881,True
7898,0,1,False,0.6359345659113312,0.3640654340886687,0.03128502119757603,True
7899,1,1,True,0.5026049635331838,0.5026049635331838,0.03532749531194893,False
7900,0,1,False,0.5810239596901244,0.4189760403098755,0.07449112007070927,False
7901,0,1,False,0.59062341113829,0.40937658886171,0.05299822949981279,False
7902,0,1,False,0.6574649097037638,0.34253509029623613,0.058788823952687905,True
7903,0,1,False,0.6632353493835171,0.3367646506164829,0.09058160622961124,True
7904,0,1,False,0.5519012033482992,0.4480987966517009,0.08018709431301606,False
7905,0,1,False,0.5669784767679215,0.4330215232320785,0.055482295723433106,False
7906,0,1,False,0.7014613853032615,0.29853861469673837,0.07294605704216268,True
7907,0,1,False,0.7299803439823105,0.27001965601768957,0.03640328636813572,True
7908,0,1,False,0.7308861301333387,0.26911386986666136,0.04296518492802108,True
7909,0,1,False,0.7554366417450197,0.2445633582549804,0.009587402686766465,True
7910,0,0,True,0.7351449020090749,0.2648550979909252,-0.04695886683635849,True
7911,0,0,True,0.7739289138538056,0.2260710861461945,-0.10430877690787642,True
7912,0,0,True,0.753129993106788,0.2468700068932119,-0.06162697792682383,True
7913,0,0,True,0.7694926334276643,0.23050736657233564,-0.05856398543211216,True
7914,0,0,True,0.736351678477643,0.2636483215223569,-0.02073436578862028,True
7915,0,1,False,0.5529767216684752,0.4470232783315247,0.021316651666881327,False
7916,0,1,False,0.5054998387729376,0.4945001612270625,0.03502651720313241,False
7917,1,1,True,0.6769081929051189,0.6769081929051189,0.03293693290299949,True
7918,1,1,True,0.5913035440962284,0.5913035440962284,0.010259392065050586,False
7919,1,0,False,0.5834877917932428,0.5834877917932428,-0.05800669186999568,False
7920,1,0,False,0.5736133002170597,0.5736133002170597,-0.06898377139318661,False
7921,1,1,True,0.5111599984956706,0.5111599984956706,0.00039742108700888763,False
7922,1,0,False,0.5403298299367901,0.5403298299367901,-0.05452677633960356,False
7923,0,0,True,0.5072800766195823,0.49271992338041776,-0.05215975874556885,False
7924,0,0,True,0.6185897478266461,0.3814102521733538,-0.010531688375129,True
7925,1,0,False,0.5376312351244511,0.5376312351244511,-0.027516085654381624,False
7926,0,0,True,0.5633041713679824,0.43669582863201767,-0.05426034019478074,False
7927,0,0,True,0.5620008849084422,0.4379991150915577,-0.05200825004342461,False
7928,1,0,False,0.5087390947829558,0.5087390947829558,-0.010141099145729603,False
7929,1,0,False,0.5008073488439523,0.5008073488439523,-0.03759500955203146,False
7930,1,0,False,0.5795860126794289,0.5795860126794289,-0.0445365460342216,False
7931,1,0,False,0.6257960004315969,0.6257960004315969,-0.05461190689122178,True
7932,0,0,True,0.5198665749716566,0.48013342502834355,-0.03572599167494973,False
7933,1,0,False,0.5186959927141143,0.5186959927141143,-0.08447473097004733,False
7934,0,0,True,0.639369519840787,0.360630480159213,-0.03088709302038202,True
7935,0,0,True,0.5918805450914957,0.4081194549085043,-0.005658866901471987,False
7936,0,1,False,0.5744683289953497,0.42553167100465017,0.015658771829747394,False
7937,0,1,False,0.5793671489293977,0.42063285107060217,0.050184694035087636,False
7938,0,1,False,0.5515909258550162,0.4484090741449837,0.11378010207335683,False
7939,0,1,False,0.6010286833232502,0.39897131667674973,0.08465515940318176,True
7940,0,1,False,0.6623505343237573,0.3376494656762426,0.09236771799625794,True
7941,0,1,False,0.7075049561667847,0.2924950438332153,0.00651511378996008,True
7942,0,0,True,0.6941600653515071,0.3058399346484928,-0.019245690583852358,True
7943,0,0,True,0.7105465870048931,0.28945341299510674,-0.0659612357556059,True
7944,0,0,True,0.5986690286117305,0.4013309713882694,-0.08189020619823402,False
7945,0,0,True,0.6290714902648594,0.37092850973514063,-0.060141656962048796,True
7946,0,0,True,0.6660740144529395,0.3339259855470606,-0.017841135360182434,True
7947,0,1,False,0.6012463391546682,0.3987536608453317,0.0032880173176319367,True
7948,0,1,False,0.6445471845104311,0.3554528154895689,0.021409924186395864,True
7949,0,1,False,0.6372998694471746,0.3627001305528253,0.05343707952167549,True
7950,0,1,False,0.6753271837222311,0.3246728162777687,0.008066256698967092,True
7951,0,0,True,0.6582940500778317,0.34170594992216835,-0.014923131741072534,True
7952,0,0,True,0.6640821875144702,0.33591781248552977,-0.018249435108891973,True
7953,0,0,True,0.6707185922295346,0.3292814077704655,-0.04705931061862863,True
7954,0,0,True,0.6340737214341402,0.36592627856585985,-0.040746839896462876,True
7955,0,0,True,0.6116709198366499,0.3883290801633501,-0.009108280002773845,True
7956,0,1,False,0.6132709199643921,0.386729080035608,0.03939577514752743,True
7957,0,1,False,0.6783156361646027,0.32168436383539734,0.020279446236078313,True
7958,0,1,False,0.6848374072171085,0.31516259278289144,0.050732100453324686,True
7959,0,1,False,0.654897243707033,0.345102756292967,0.04194408568623226,True
7960,0,1,False,0.6875265975714102,0.31247340242858984,0.0059690005290716636,True
7961,0,0,True,0.6625400033900873,0.3374599966099127,-0.03125075989806943,True
7962,0,0,True,0.6410151688044534,0.3589848311955466,-0.05324933962819889,True
7963,0,0,True,0.647196533628828,0.35280346637117194,-0.0723400961053414,True
7964,0,0,True,0.6374257558085415,0.3625742441914584,-0.043903630075881,True
7965,0,0,True,0.6595849303257505,0.34041506967424945,-0.05201844495178502,True
7966,0,1,False,0.6644089443101612,0.3355910556898387,0.02312115196006278,True
7967,0,1,False,0.6780784254777115,0.32192157452228853,0.09083189303404142,True
7968,0,1,False,0.6695469344150529,0.3304530655849472,0.08419119086748711,True
7969,0,1,False,0.6571546286534059,0.34284537134659404,0.09719060789413067,True
7970,0,1,False,0.6305887263824056,0.36941127361759435,0.12588129169216355,True
7971,0,1,False,0.639598500144828,0.3604014998551721,0.07485715758996263,True
7972,0,1,False,0.6620779673594183,0.3379220326405818,0.06098399062467796,True
7973,0,1,False,0.6710100219055,0.3289899780945,0.08347649327270559,True
7974,0,1,False,0.6787487114029062,0.32125128859709384,0.03583760201338665,True
7975,0,1,False,0.679161413573877,0.3208385864261229,0.02231077201775845,True
7976,0,1,False,0.7016980621583669,0.298301937841633,0.015187693048709367,True
7977,0,0,True,0.6600986471696735,0.3399013528303266,-0.01697352993645411,True
7978,0,1,False,0.7262056717391717,0.2737943282608283,0.012219622377283699,True
7979,0,0,True,0.6620011922573957,0.3379988077426043,-0.018576510603082356,True
7980,0,0,True,0.7047977217223451,0.29520227827765483,-0.004312721771508211,True
7981,0,0,True,0.6870935970187458,0.31290640298125405,-0.023291221995602792,True
7982,0,0,True,0.6943051135384897,0.3056948864615103,-0.04309300497165918,True
7983,0,0,True,0.6987571116196288,0.3012428883803711,-0.06025264264775444,True
7984,0,0,True,0.704270664704071,0.29572933529592915,-0.05389113559172311,True
7985,0,0,True,0.6943161835680615,0.3056838164319386,-0.025646101866877158,True
7986,0,0,True,0.7303889749885145,0.26961102501148543,-0.01460841577755774,True
7987,0,0,True,0.5917518294406001,0.4082481705593999,-0.01059475746108073,False
7988,1,0,False,0.5160086614733959,0.5160086614733959,-0.07012439837361191,False
7989,0,0,True,0.5793143316912661,0.42068566830873383,-0.022760304038551647,False
7990,1,0,False,0.5290821946055005,0.5290821946055005,-0.026742776136448383,False
7991,0,0,True,0.578495727143723,0.42150427285627695,-0.037056304106790144,False
7992,0,0,True,0.62259763245559,0.37740236754441003,-0.030866025827460272,True
7993,0,1,False,0.5413129017057767,0.45868709829422327,0.004521851819781713,False
7994,0,0,True,0.5256399740174067,0.47436002598259336,-0.033760514917320524,False
7995,1,0,False,0.5185677813204995,0.5185677813204995,-0.009414736252819862,False
7996,0,0,True,0.5158965484511211,0.4841034515488789,-0.009213382151456726,False
7997,0,0,True,0.5174907030532415,0.48250929694675837,-0.01174551935899657,False
7998,0,0,True,0.5828148184115008,0.4171851815884991,-0.00302865178036351,False
7999,0,1,False,0.6033387745557338,0.39666122544426613,0.009211813739236465,True
8000,0,0,True,0.5113099281688359,0.48869007183116403,-0.034566222470023104,False
8001,0,0,True,0.7820111825270911,0.21798881747290885,-0.020929215559894417,True
8002,0,0,True,0.6424937101389117,0.35750628986108834,-0.012673886623202816,True
8003,0,0,True,0.5105785678659095,0.48942143213409056,-0.011446479681499358,False
8004,1,0,False,0.509621331076305,0.509621331076305,-0.020980885783900272,False
8005,1,0,False,0.5796449851311455,0.5796449851311455,-0.017041786397331882,False
8006,0,0,True,0.5380650796965495,0.46193492030345046,-0.011634181034262132,False
8007,0,0,True,0.545411821381254,0.454588178618746,-0.0010939220891284017,False
8008,1,0,False,0.554127153660096,0.554127153660096,-0.0017485497779152136,False
8009,1,0,False,0.5565741034702665,0.5565741034702665,-0.006842292258448895,False
8010,1,0,False,0.5458969901048535,0.5458969901048535,-0.017210098009900348,False
8011,1,0,False,0.6455856496059204,0.6455856496059204,-0.014044790688542528,True
8012,1,0,False,0.696586454318776,0.696586454318776,-0.03611191364572014,True
8013,1,0,False,0.6553959015627144,0.6553959015627144,-0.03469240979348619,True
8014,1,0,False,0.6474130999166409,0.6474130999166409,-0.011643443905209393,True
8015,1,1,True,0.5918471777802282,0.5918471777802282,0.015541499026786478,False
8016,1,1,True,0.5271035359799494,0.5271035359799494,0.010024712551574074,False
8017,1,1,True,0.5376637882367298,0.5376637882367298,0.014469488093720404,False
8018,1,1,True,0.527948233365709,0.527948233365709,0.013023059006650685,False
8019,1,1,True,0.5743480930355839,0.5743480930355839,0.015077698896744585,False
8020,0,0,True,0.5482888284900452,0.45171117150995493,-0.03269924173681399,False
8021,1,0,False,0.6245546495668713,0.6245546495668713,-0.024619578287261808,True
8022,1,0,False,0.646355406784573,0.646355406784573,-0.022684495855304875,True
8023,1,0,False,0.6131052975171158,0.6131052975171158,-0.0067696624085954405,True
8024,1,0,False,0.5465120395202442,0.5465120395202442,-0.006324181703460592,False
8025,1,1,True,0.5553412457832887,0.5553412457832887,0.009574175850106191,False
8026,1,1,True,0.5451685994691355,0.5451685994691355,0.008473593897941079,False
8027,1,1,True,0.6385360765646405,0.6385360765646405,0.007807377850175038,True
8028,1,0,False,0.6537176974713156,0.6537176974713156,-0.010882825720100126,True
8029,1,0,False,0.6852144663304266,0.6852144663304266,-0.02442220180004556,True
8030,1,0,False,0.664682252478602,0.664682252478602,-0.007796132312011125,True
8031,1,0,False,0.6474479605448346,0.6474479605448346,-0.02522014913966425,True
8032,1,0,False,0.6538288169498448,0.6538288169498448,-0.014496158864011215,True
8033,1,0,False,0.6764758179757088,0.6764758179757088,-0.017943531727926506,True
8034,1,0,False,0.6421932847536923,0.6421932847536923,-0.010054773894608683,True
8035,1,0,False,0.6503085602895456,0.6503085602895456,-0.02171360784678005,True
8036,1,1,True,0.6034715826560816,0.6034715826560816,0.015266835961492968,True
8037,1,1,True,0.7088245200231728,0.7088245200231728,0.0038016645703248587,True
8038,1,1,True,0.6970812693696934,0.6970812693696934,0.0033987152788128128,True
8039,1,0,False,0.6799764293501273,0.6799764293501273,-0.027529170436787615,True
8040,1,0,False,0.6735114994924647,0.6735114994924647,-0.02793135404172755,True
8041,1,0,False,0.6781842693404035,0.6781842693404035,-0.06314356587472461,True
8042,1,0,False,0.673361216345984,0.673361216345984,-0.053556215815764446,True
8043,1,0,False,0.6813962397555736,0.6813962397555736,-0.03905802834890654,True
8044,1,0,False,0.6767038971971789,0.6767038971971789,-0.005280556981394069,True
8045,1,1,True,0.6519278949920949,0.6519278949920949,0.009164012414882154,True
8046,1,1,True,0.5999493360164426,0.5999493360164426,0.058302556026700904,False
8047,1,1,True,0.5285704227590365,0.5285704227590365,0.06941691778956864,False
8048,1,1,True,0.5246930956754365,0.5246930956754365,0.06509942399118161,False
8049,1,1,True,0.5627325147614172,0.5627325147614172,0.052191176368577875,False
8050,1,1,True,0.68539252465203,0.68539252465203,0.03632145279826576,True
8051,1,1,True,0.630647743373063,0.630647743373063,0.013808013662189644,True
8052,1,1,True,0.6571280929313656,0.6571280929313656,0.010286932970180263,True
8053,1,1,True,0.6698787947626728,0.6698787947626728,0.02813736857941762,True
8054,1,1,True,0.7069566501930066,0.7069566501930066,0.02143857698875831,True
8055,1,1,True,0.6841296271491272,0.6841296271491272,0.03627527631232711,True
8056,1,1,True,0.6623468264594142,0.6623468264594142,0.03701472813128582,True
8057,1,1,True,0.6657831498826736,0.6657831498826736,0.03735159136371957,True
8058,1,1,True,0.6854854620685015,0.6854854620685015,0.027598081802145583,True
8059,1,1,True,0.6715549369383987,0.6715549369383987,0.02272371788689045,True
8060,1,0,False,0.6756704962798906,0.6756704962798906,-0.0003773048210815078,True
8061,1,1,True,0.6200976953401843,0.6200976953401843,0.004251251731893925,True
8062,1,1,True,0.5894884359353896,0.5894884359353896,0.017803505031067444,False
8063,1,1,True,0.6231039615960126,0.6231039615960126,0.014525546062443726,True
8064,1,1,True,0.6095030769208969,0.6095030769208969,0.01882833728496159,True
8065,1,1,True,0.6003666673507277,0.6003666673507277,0.033305808722718336,True
8066,1,1,True,0.5346154732393181,0.5346154732393181,0.035896941539928,False
8067,1,1,True,0.5426700363274456,0.5426700363274456,0.0033450102034705497,False
8068,1,0,False,0.5711477532072209,0.5711477532072209,-0.010376959721843002,False
8069,1,1,True,0.5838020489834909,0.5838020489834909,0.0046993307790488435,False
8070,1,0,False,0.5313586319389003,0.5313586319389003,-0.00789863883485372,False
8071,1,0,False,0.5377961835514534,0.5377961835514534,-0.0174491411157389,False
8072,1,0,False,0.5626428837869291,0.5626428837869291,-0.014727692049764275,False
8073,1,0,False,0.5655498963720231,0.5655498963720231,-0.005768516614176829,False
8074,1,0,False,0.5880434839111355,0.5880434839111355,-0.014607201801530578,False
8075,1,0,False,0.5705710663606182,0.5705710663606182,-0.013443296183629223,False
8076,1,0,False,0.6171945569746211,0.6171945569746211,-0.017541922663892658,True
8077,1,0,False,0.5960868784182808,0.5960868784182808,-0.0029670660230906878,False
8078,1,0,False,0.6019375135153576,0.6019375135153576,-0.0011060773930084804,True
8079,1,1,True,0.6524231703969252,0.6524231703969252,0.00508626586984837,True
8080,1,0,False,0.6174308500501855,0.6174308500501855,-0.009830313047840702,True
8081,1,0,False,0.5909886076505236,0.5909886076505236,-0.003297776479719158,False
8082,1,0,False,0.5567372628152261,0.5567372628152261,-0.010992016559883487,False
8083,1,0,False,0.5371427538104793,0.5371427538104793,-0.02237885465283803,False
8084,1,0,False,0.5498877963191788,0.5498877963191788,-0.02274386088599984,False
8085,1,1,True,0.5392832442202428,0.5392832442202428,0.00249822997135073,False
8086,1,0,False,0.5289706452550417,0.5289706452550417,-0.0021964049328301923,False
8087,1,1,True,0.5041724184603766,0.5041724184603766,0.008800050416731677,False
8088,1,1,True,0.5535947112691005,0.5535947112691005,0.01981250496566439,False
8089,1,1,True,0.5357154445593083,0.5357154445593083,0.014282653989885869,False
8090,1,1,True,0.5400291882774261,0.5400291882774261,0.017830639567976425,False
8091,1,1,True,0.5613934657962205,0.5613934657962205,0.015172487238047042,False
8092,1,1,True,0.5582569353705531,0.5582569353705531,0.01871118343237052,False
8093,1,1,True,0.5741785332622426,0.5741785332622426,0.020230625407673838,False
8094,1,1,True,0.5303437589934735,0.5303437589934735,0.03985210008395229,False
8095,1,1,True,0.5444633608261543,0.5444633608261543,0.017090382248383974,False
8096,1,1,True,0.5136001762232306,0.5136001762232306,0.03753121251717876,False
8097,0,1,False,0.5118900667770686,0.4881099332229312,0.029096390569249196,False
8098,0,1,False,0.5302383137193102,0.46976168628068976,0.012203227874866667,False
8099,0,0,True,0.5107224629880401,0.4892775370119599,-0.008687010515783982,False
8100,0,0,True,0.5270076136350722,0.4729923863649277,-0.0011181720286612528,False
8101,0,0,True,0.535040242398963,0.4649597576010371,-0.022055318875116015,False
8102,0,0,True,0.6302695050533625,0.3697304949466375,-0.009716528076480718,True
8103,0,0,True,0.5225635736618135,0.4774364263381865,-0.013177207073414823,False
8104,0,0,True,0.5202002399911699,0.4797997600088301,-0.002230099535548952,False
8105,0,1,False,0.533066048105506,0.466933951894494,0.0015332055069060756,False
8106,0,1,False,0.5652156018353344,0.4347843981646657,0.003995348841299209,False
8107,1,0,False,0.5365583223465245,0.5365583223465245,-0.03161704620930413,False
8108,1,0,False,0.5507344870166216,0.5507344870166216,-0.03321869991456745,False
8109,0,0,True,0.5068627029888876,0.49313729701111236,-0.030795217255923494,False
8110,1,0,False,0.5137248363982968,0.5137248363982968,-0.00847805339325595,False
8111,0,0,True,0.5360741305495157,0.4639258694504842,-0.0037076889745955204,False
8112,1,0,False,0.5057903145668484,0.5057903145668484,-0.0011777471316467797,False
8113,1,1,True,0.5324220677339966,0.5324220677339966,0.010167487596497571,False
8114,1,0,False,0.5700058132228459,0.5700058132228459,-0.00042382129407325897,False
8115,1,0,False,0.6007683581910899,0.6007683581910899,-0.002974299717795711,True
8116,1,1,True,0.5944073094162426,0.5944073094162426,0.004051397344414191,False
8117,1,1,True,0.548599757157152,0.548599757157152,0.031008839273368637,False
8118,1,1,True,0.6196493424222119,0.6196493424222119,0.04193789032765552,True
8119,1,1,True,0.5739630053856897,0.5739630053856897,0.04178834764131685,False
8120,1,1,True,0.5801491390512165,0.5801491390512165,0.015280591513794795,False
8121,1,0,False,0.5814610066511566,0.5814610066511566,-0.005003601487013151,False
8122,1,1,True,0.5362875294669184,0.5362875294669184,0.0036969104129821804,False
8123,1,1,True,0.5788209894827713,0.5788209894827713,0.0006408009007043675,False
8124,1,0,False,0.595224635161526,0.595224635161526,-0.0018781951536458999,False
8125,1,1,True,0.5032204991172458,0.5032204991172458,0.011402591218266261,False
8126,0,1,False,0.5197384793304769,0.48026152066952293,0.03554107310180437,False
8127,0,1,False,0.5535242090365017,0.4464757909634982,0.0026053775915624473,False
8128,0,0,True,0.5546395916806104,0.4453604083193896,-0.0009667495827730262,False
8129,0,1,False,0.5213219320250694,0.4786780679749305,0.01361088855553734,False
8130,0,1,False,0.5167512125599562,0.4832487874400438,0.016272495279504483,False
8131,0,1,False,0.5147688519301988,0.48523114806980105,0.00369662148434496,False
8132,1,1,True,0.540808316716263,0.540808316716263,0.015224320402252158,False
8133,0,1,False,0.526512905566488,0.47348709443351183,0.033167865799954184,False
8134,1,1,True,0.5021203056641049,0.5021203056641049,0.007938181459626418,False
8135,0,0,True,0.5106318452977426,0.4893681547022573,-0.01654956269079678,False
8136,0,0,True,0.5719290396172831,0.4280709603827167,-0.010050511549335133,False
8137,0,1,False,0.5184286977150735,0.48157130228492645,0.0007678362781425254,False
8138,1,0,False,0.593575929059874,0.593575929059874,-0.017801830760467874,False
8139,1,0,False,0.5096552574727796,0.5096552574727796,-0.024960851096837027,False
8140,0,1,False,0.5082218793131715,0.4917781206868283,0.006222974812768815,False
8141,0,1,False,0.5367968708330425,0.46320312916695744,0.017722660701576794,False
8142,0,1,False,0.64145472557255,0.35854527442745,0.0005800382833821292,True
8143,0,1,False,0.6448298930825612,0.3551701069174387,0.0021558918578596063,True
8144,0,1,False,0.622434951849124,0.3775650481508759,0.00548879057842043,True
8145,0,0,True,0.5450912988402287,0.4549087011597712,-0.020547942331372086,False
8146,0,0,True,0.6053201054114156,0.3946798945885843,-0.031494268531256024,True
8147,0,0,True,0.5110061309497985,0.48899386905020154,-0.006440907769887798,False
8148,0,0,True,0.5170554047541364,0.4829445952458636,-0.0002954625610727625,False
8149,0,1,False,0.5549959459776063,0.4450040540223936,0.01021553640959785,False
8150,0,1,False,0.6179000000140854,0.38209999998591443,0.036484956325386744,True
8151,1,1,True,0.6442092880162069,0.6442092880162069,0.010390305403371197,True
8152,1,0,False,0.6399066011172337,0.6399066011172337,-0.04759828915266337,True
8153,1,0,False,0.5402402886721096,0.5402402886721096,-0.038539654473678554,False
8154,1,0,False,0.5023231029706079,0.5023231029706079,-0.051098192821291986,False
8155,1,0,False,0.5385895508462241,0.5385895508462241,-0.074623420499705,False
8156,1,0,False,0.5216450288848673,0.5216450288848673,-0.04411370226220773,False
8157,1,0,False,0.5965367721278736,0.5965367721278736,-0.01118808349573148,False
8158,1,0,False,0.646148039719154,0.646148039719154,-0.025279367373045477,True
8159,1,1,True,0.6834631911920895,0.6834631911920895,0.008729741595317897,True
8160,1,1,True,0.6611398842637969,0.6611398842637969,0.010068340045902884,True
8161,1,0,False,0.614369645036453,0.614369645036453,-0.015947296496088104,True
8162,1,0,False,0.6006938270707779,0.6006938270707779,-0.011288009041125955,True
8163,1,0,False,0.5825135313762146,0.5825135313762146,-0.01897555066664876,False
8164,1,0,False,0.6016906197220396,0.6016906197220396,-0.043430369312680246,True
8165,1,0,False,0.5927968229352701,0.5927968229352701,-0.03815168499355518,False
8166,1,0,False,0.5934190345540888,0.5934190345540888,-0.04550707183212992,False
8167,1,0,False,0.6155964488038491,0.6155964488038491,-0.03522794796901577,True
8168,1,0,False,0.6178287056573527,0.6178287056573527,-0.02081255130134905,True
8169,1,0,False,0.6846335876328826,0.6846335876328826,-0.01458213648086685,True
8170,1,0,False,0.6956964493057916,0.6956964493057916,-0.006759649996660367,True
8171,1,1,True,0.6996828918971119,0.6996828918971119,0.02001826990916887,True
8172,1,1,True,0.672481822908711,0.672481822908711,0.01212074105624052,True
8173,1,1,True,0.6910682695343678,0.6910682695343678,0.009566455367319295,True
8174,1,1,True,0.7118502219399873,0.7118502219399873,0.00871548295683923,True
8175,1,1,True,0.6866526303381248,0.6866526303381248,0.020808746354179942,True
8176,1,1,True,0.6643894257353128,0.6643894257353128,0.028130901228279225,True
8177,1,1,True,0.746489881818604,0.746489881818604,0.0221893248011381,True
8178,1,1,True,0.7296669694981537,0.7296669694981537,0.015393457483019521,True
8179,1,1,True,0.703296019269565,0.703296019269565,0.03698581193851075,True
8180,1,1,True,0.7389776207218476,0.7389776207218476,0.026366418639916137,True
8181,1,1,True,0.7382833008622719,0.7382833008622719,0.016180618636172164,True
8182,1,1,True,0.7073068766644358,0.7073068766644358,0.015154756723054615,True
8183,1,1,True,0.7000238211597628,0.7000238211597628,0.02000052239514101,True
8184,1,0,False,0.6979524186859539,0.6979524186859539,-0.0014722258765583554,True
8185,1,1,True,0.6091989067583573,0.6091989067583573,0.00926837821142833,True
8186,1,0,False,0.5460970686533141,0.5460970686533141,-0.0071619296532338195,False
8187,0,1,False,0.5052706789062043,0.4947293210937957,0.0011571278397442125,False
8188,1,0,False,0.5040833133254211,0.5040833133254211,-0.010030321116701378,False
8189,0,0,True,0.5185702649486658,0.4814297350513342,-0.011823020529385168,False
8190,1,0,False,0.5318236806339165,0.5318236806339165,-0.007685575846093961,False
8191,0,1,False,0.5319435895468846,0.46805641045311547,0.019075807597195602,False
8192,1,1,True,0.5532146589405508,0.5532146589405508,0.004443957372296161,False
8193,0,1,False,0.5316271597291476,0.46837284027085224,0.015191356095287867,False
8194,0,1,False,0.5333554549851625,0.4666445450148375,0.015076857059027001,False
8195,1,1,True,0.5136934725300759,0.5136934725300759,0.002189919400751233,False
8196,1,1,True,0.549599012324117,0.549599012324117,0.013641039271876664,False
8197,0,1,False,0.5310281875874979,0.468971812412502,0.0174272470086935,False
8198,1,1,True,0.5603650610523059,0.5603650610523059,0.026379891049370597,False
8199,1,1,True,0.506684522835593,0.506684522835593,0.026714265618222398,False
8200,1,1,True,0.5514144965360521,0.5514144965360521,0.02789829132566794,False
8201,1,1,True,0.5351515400612914,0.5351515400612914,0.0034500111585860304,False
8202,0,1,False,0.5570360267070494,0.4429639732929507,0.0054942721457603245,False
8203,1,0,False,0.5299176688052268,0.5299176688052268,-0.01974527260946163,False
8204,1,1,True,0.5865065376337097,0.5865065376337097,0.00603615579458757,False
8205,1,0,False,0.5454940288211312,0.5454940288211312,-0.002530178356362574,False
8206,1,0,False,0.5066104990213617,0.5066104990213617,-0.0061844594612324895,False
8207,1,1,True,0.5548762719491743,0.5548762719491743,0.004293376729836017,False
8208,1,1,True,0.5586440939454047,0.5586440939454047,0.018732409462449542,False
8209,1,1,True,0.5726117259439927,0.5726117259439927,0.010042484318637246,False
8210,1,1,True,0.5472118246852222,0.5472118246852222,0.01782079033500864,False
8211,1,1,True,0.5634043141854043,0.5634043141854043,0.021546114272753235,False
8212,1,1,True,0.528381096754396,0.528381096754396,0.013736314979089075,False
8213,1,1,True,0.5345315613101947,0.5345315613101947,0.029454730514960954,False
8214,1,1,True,0.5070075381059252,0.5070075381059252,0.009904577890383721,False
8215,1,1,True,0.5632092868935453,0.5632092868935453,0.018894556145760605,False
8216,1,1,True,0.5985422704027209,0.5985422704027209,0.04372313345536582,False
8217,1,1,True,0.5698115400791973,0.5698115400791973,0.03916187093553428,False
8218,1,1,True,0.5995949110684944,0.5995949110684944,0.010201364330338636,False
8219,1,1,True,0.5463502165160504,0.5463502165160504,0.023584801212920104,False
8220,1,1,True,0.5747507826876408,0.5747507826876408,0.0048375571593744044,False
8221,1,0,False,0.5000638407557694,0.5000638407557694,-0.013655340796256802,False
8222,1,0,False,0.5268411433816049,0.5268411433816049,-0.020774610840788472,False
8223,1,0,False,0.5345576036085945,0.5345576036085945,-0.02137460821594603,False
8224,1,0,False,0.5296932598507323,0.5296932598507323,-0.030968838877869085,False
8225,1,0,False,0.5395795309018881,0.5395795309018881,-0.03831680461010469,False
8226,0,0,True,0.5154890291175256,0.48451097088247436,-0.029583165425315184,False
8227,1,0,False,0.5090184654169433,0.5090184654169433,-0.017962373589468096,False
8228,1,0,False,0.564960964386188,0.564960964386188,-0.012777297501551411,False
8229,1,0,False,0.5578952894320411,0.5578952894320411,-0.01716891236211075,False
8230,1,1,True,0.5402122950762412,0.5402122950762412,0.011356701332238777,False
8231,0,0,True,0.5120642296457161,0.4879357703542839,-0.004383151203682427,False
8232,1,0,False,0.5036281292889914,0.5036281292889914,-0.006698134438299219,False
8233,0,0,True,0.524458433683246,0.4755415663167541,-0.013942465630955126,False
8234,1,0,False,0.5429798270912368,0.5429798270912368,-0.01298771075093633,False
8235,1,0,False,0.5643179965044725,0.5643179965044725,-0.027129665875606855,False
8236,1,0,False,0.5447046245497383,0.5447046245497383,-0.034648723867860984,False
8237,1,0,False,0.5991833473857171,0.5991833473857171,-0.04170431567713665,False
8238,1,0,False,0.6278822747391838,0.6278822747391838,-0.025558718852660516,True
8239,1,0,False,0.5614740197011131,0.5614740197011131,-0.004393979417548145,False
8240,1,1,True,0.5713435978563051,0.5713435978563051,0.026988965015947483,False
8241,1,1,True,0.5300356918721353,0.5300356918721353,0.032526888522259226,False
8242,0,1,False,0.5038261276882127,0.4961738723117873,0.022238340438722613,False
8243,0,0,True,0.5079864342721736,0.4920135657278264,-0.0029404902445123826,False
8244,1,0,False,0.511925901700188,0.511925901700188,-0.013814428554360467,False
8245,1,0,False,0.5673627180590876,0.5673627180590876,-0.03916430840350535,False
8246,1,0,False,0.6084660628517398,0.6084660628517398,-0.040160991642980946,True
8247,1,1,True,0.5722926097444551,0.5722926097444551,0.004574391263825407,False
8248,1,1,True,0.6422213248295029,0.6422213248295029,0.02642322031264159,True
8249,1,1,True,0.720601357863825,0.720601357863825,0.01709968058184336,True
8250,1,0,False,0.6564922997463548,0.6564922997463548,-0.00017203710435305684,True
8251,1,1,True,0.6329773189075757,0.6329773189075757,0.0206485148932227,True
8252,1,0,False,0.6457420781826665,0.6457420781826665,-0.009090110884790337,True
8253,1,0,False,0.6802124226354488,0.6802124226354488,-0.016836028397442238,True
8254,1,0,False,0.6929433130307158,0.6929433130307158,-0.02504276860687691,True
8255,1,0,False,0.6862042070291728,0.6862042070291728,-0.010048626479137906,True
8256,1,0,False,0.6889133177789285,0.6889133177789285,-0.00635186182613455,True
8257,1,1,True,0.671051971534331,0.671051971534331,0.010253806403918023,True
8258,1,1,True,0.7042362722631186,0.7042362722631186,0.006542749650752653,True
8259,1,1,True,0.6918999020723419,0.6918999020723419,0.040469474198000524,True
8260,1,1,True,0.7368037302454788,0.7368037302454788,0.04143618770351293,True
8261,1,1,True,0.7202377313526308,0.7202377313526308,0.01633234788896473,True
8262,1,1,True,0.6927574001230732,0.6927574001230732,0.005588418099016578,True
8263,1,1,True,0.6608987049133624,0.6608987049133624,0.005600564268968132,True
8264,1,1,True,0.6756660831808167,0.6756660831808167,0.002563623034399539,True
8265,1,0,False,0.7082072215941445,0.7082072215941445,-0.028558120281927748,True
8266,1,0,False,0.6273484457366871,0.6273484457366871,-0.009009542048954908,True
8267,1,0,False,0.6157793449331622,0.6157793449331622,-0.03282239862192029,True
8268,1,0,False,0.599455275346509,0.599455275346509,-0.023346866014225337,False
8269,1,0,False,0.6201014414780585,0.6201014414780585,-0.021397322204716386,True
8270,1,1,True,0.59671324647214,0.59671324647214,0.01933422927788281,False
8271,1,1,True,0.6851969853734309,0.6851969853734309,0.002230919013019149,True
8272,1,1,True,0.6463183259005918,0.6463183259005918,0.03530210801664545,True
8273,1,1,True,0.7186467688566768,0.7186467688566768,0.029845390646395166,True
8274,1,1,True,0.6982507160669784,0.6982507160669784,0.006019063785457596,True
8275,1,0,False,0.6684190813358427,0.6684190813358427,-0.016309522868945454,True
8276,1,0,False,0.668665199190634,0.668665199190634,-0.014836196104218094,True
8277,1,0,False,0.6334761500728595,0.6334761500728595,-0.044186119000671376,True
8278,1,0,False,0.6414089044603547,0.6414089044603547,-0.023736240137327533,True
8279,1,0,False,0.6331339339418681,0.6331339339418681,-0.007219583606415632,True
8280,1,1,True,0.6418099623038043,0.6418099623038043,0.007383102858378905,True
8281,1,1,True,0.6993580108588798,0.6993580108588798,0.008678485501096511,True
8282,1,1,True,0.7241948253338696,0.7241948253338696,0.0493951725391447,True
8283,1,1,True,0.7146758028760054,0.7146758028760054,0.027138674980350882,True
8284,1,1,True,0.6538145615280176,0.6538145615280176,0.027669122830214478,True
8285,1,1,True,0.674818084377339,0.674818084377339,0.026982284624175335,True
8286,1,1,True,0.6642670011559177,0.6642670011559177,0.018653680708760154,True
8287,1,0,False,0.6291062836755887,0.6291062836755887,-0.010693863445924082,True
8288,1,0,False,0.620697410215515,0.620697410215515,-0.001963549170014889,True
8289,1,0,False,0.5487101661933766,0.5487101661933766,-0.0030956351012147855,False
8290,1,0,False,0.6064022222427984,0.6064022222427984,-0.012481305844238655,True
8291,1,0,False,0.6220608045896648,0.6220608045896648,-0.01985360847253591,True
8292,1,0,False,0.6203486332135402,0.6203486332135402,-0.0049511622381595965,True
8293,1,0,False,0.6282265753971942,0.6282265753971942,-0.0037030606360846357,True
8294,1,0,False,0.5955786377811952,0.5955786377811952,-0.0387841083728941,False
8295,1,0,False,0.556689663748161,0.556689663748161,-0.029967385063499892,False
8296,1,0,False,0.571808405852472,0.571808405852472,-0.010667415279451795,False
8297,1,0,False,0.5557427763363932,0.5557427763363932,-0.011969616655046533,False
8298,1,0,False,0.5619012390418766,0.5619012390418766,-0.02625351806560676,False
8299,1,1,True,0.5227369205331083,0.5227369205331083,0.011557147960889351,False
8300,1,1,True,0.5331310944592617,0.5331310944592617,0.006110232732187481,False
8301,1,0,False,0.5087017385644285,0.5087017385644285,-0.009799395539131369,False
8302,1,0,False,0.6051869303678669,0.6051869303678669,-0.007174913706585425,True
8303,1,1,True,0.5850704674481043,0.5850704674481043,0.00843378845367854,False
8304,1,0,False,0.6301125870604335,0.6301125870604335,-0.016547419748585982,True
8305,1,0,False,0.5884000139444864,0.5884000139444864,-0.016071624485205813,False
8306,1,0,False,0.6371377179505254,0.6371377179505254,-0.01728913090247874,True
8307,1,0,False,0.5876466409124924,0.5876466409124924,-0.01160415548457744,False
8308,1,0,False,0.6321654664316383,0.6321654664316383,-0.020464631152942964,True
8309,1,0,False,0.5966715375430475,0.5966715375430475,-0.017994420527085008,False
8310,1,0,False,0.5869371522271669,0.5869371522271669,-0.027177551480414962,False
8311,1,0,False,0.6046132560241948,0.6046132560241948,-0.01629871204619024,True
8312,1,0,False,0.6599194141354409,0.6599194141354409,-0.018490337896093563,True
8313,1,0,False,0.6493860053366082,0.6493860053366082,-0.010955439423549445,True
8314,1,0,False,0.677433753783449,0.677433753783449,-0.005485600340205432,True
8315,1,1,True,0.6151392576075815,0.6151392576075815,0.007239948234307051,True
8316,1,1,True,0.6723835456575308,0.6723835456575308,0.007280902467080537,True
8317,1,1,True,0.6797125228639663,0.6797125228639663,0.0008196040660945917,True
8318,1,0,False,0.695416031892075,0.695416031892075,-0.023544558936538486,True
8319,1,0,False,0.7504488338173362,0.7504488338173362,-0.022604996224854793,True
8320,1,0,False,0.7440318571994246,0.7440318571994246,-0.0437700125290475,True
8321,1,0,False,0.7725633266204528,0.7725633266204528,-0.05143673084073998,True
8322,1,0,False,0.7510474498743579,0.7510474498743579,-0.054045150310478234,True
8323,1,0,False,0.7670326013448393,0.7670326013448393,-0.026287524785724187,True
8324,1,0,False,0.7188819906121452,0.7188819906121452,-0.00889242678196558,True
8325,1,1,True,0.6981187207299245,0.6981187207299245,0.02087991596194074,True
8326,1,1,True,0.6023513050495092,0.6023513050495092,0.03664665603717936,True
8327,1,1,True,0.6109196505459251,0.6109196505459251,0.0361157876293116,True
8328,1,1,True,0.637180619944682,0.637180619944682,0.029494892847848293,True
8329,1,1,True,0.6698552224666026,0.6698552224666026,0.012948808625118453,True
8330,1,1,True,0.7304720050326893,0.7304720050326893,0.01068715713217145,True
8331,1,1,True,0.7204230659026014,0.7204230659026014,0.023110995265061253,True
8332,1,1,True,0.702091939972997,0.702091939972997,0.04016539690229183,True
8333,1,1,True,0.7773087870468439,0.7773087870468439,0.04143666636556456,True
8334,1,1,True,0.7668891065277359,0.7668891065277359,0.03856715384852507,True
8335,1,1,True,0.7809683546453744,0.7809683546453744,0.03510147370392852,True
8336,1,1,True,0.743868894906551,0.743868894906551,0.008672957857007665,True
8337,1,0,False,0.74212096656947,0.74212096656947,-0.006797504301751481,True
8338,1,0,False,0.6811294421923352,0.6811294421923352,-0.0128159151252528,True
8339,1,0,False,0.7088518586309324,0.7088518586309324,-2.310622549350482e-05,True
8340,1,0,False,0.5910642136708862,0.5910642136708862,-0.004181524005349539,False
8341,1,0,False,0.5372444420801749,0.5372444420801749,-0.00032723279901920746,False
8342,1,1,True,0.603386367739125,0.603386367739125,0.02558104481987962,True
8343,1,1,True,0.516576612389026,0.516576612389026,0.01445785677875275,False
8344,1,1,True,0.5646049578404034,0.5646049578404034,0.001686426380916608,False
8345,1,1,True,0.5712282976397741,0.5712282976397741,0.004103921891067429,False
8346,1,1,True,0.5180111482661808,0.5180111482661808,0.022581590173471233,False
8347,1,1,True,0.5371130105547163,0.5371130105547163,0.00785560892552364,False
8348,1,1,True,0.6185765793624198,0.6185765793624198,0.010419292339462123,True
8349,1,1,True,0.5196407496690241,0.5196407496690241,0.03786579172479824,False
8350,0,1,False,0.5027582310100573,0.49724176898994266,0.039143634321916004,False
8351,1,1,True,0.5221907183439886,0.5221907183439886,0.026182884716604966,False
8352,1,1,True,0.5181785533508216,0.5181785533508216,0.04100455482183492,False
8353,1,1,True,0.5479163755755563,0.5479163755755563,0.05684158646619517,False
8354,0,1,False,0.5085722403691466,0.4914277596308534,0.06325227997933365,False
8355,1,1,True,0.6150915084358112,0.6150915084358112,0.0752195536021338,True
8356,1,1,True,0.6095355323066641,0.6095355323066641,0.062129537568525114,True
8357,1,1,True,0.5532540219945933,0.5532540219945933,0.03504228673969872,False
8358,0,1,False,0.5049122505702051,0.49508774942979494,0.04347620330367052,False
8359,1,1,True,0.5026696814949343,0.5026696814949343,0.03805467200559656,False
8360,0,1,False,0.5054825463176456,0.49451745368235445,0.015006829789224276,False
8361,0,1,False,0.5007525475182758,0.49924745248172425,0.026410981904927827,False
8362,1,1,True,0.5333993802163747,0.5333993802163747,0.02978363747331175,False
8363,1,1,True,0.5523845098820787,0.5523845098820787,0.041580917518669595,False
8364,1,1,True,0.5439303749146452,0.5439303749146452,0.024021403385828092,False
8365,1,1,True,0.5157022990590182,0.5157022990590182,0.028828170054894863,False
8366,1,1,True,0.5089470914139657,0.5089470914139657,0.030451283674602373,False
8367,0,1,False,0.5243386485500876,0.4756613514499124,0.04051146934756669,False
8368,0,1,False,0.5538602161910103,0.4461397838089896,0.0027458927487536474,False
8369,0,1,False,0.540461377461057,0.4595386225389429,0.016512290453258843,False
8370,0,1,False,0.523230650709659,0.47676934929034104,0.011680801614556589,False
8371,0,0,True,0.5119498252197897,0.4880501747802102,-0.016115536671958166,False
8372,0,0,True,0.5376500276026336,0.46234997239736647,-0.027951000904592564,False
8373,0,0,True,0.5565349427382041,0.4434650572617959,-0.020947334874386533,False
8374,0,0,True,0.622201479748376,0.377798520251624,-0.043457573355885994,True
8375,0,0,True,0.5781805423258849,0.42181945767411505,-0.02404042182969056,False
8376,0,0,True,0.5989111047669516,0.4010888952330484,-0.0018713775377253666,False
8377,0,1,False,0.6262424571019476,0.3737575428980524,0.00789981871674752,True
8378,0,1,False,0.6396072057175916,0.3603927942824085,0.02613378202952743,True
8379,0,1,False,0.6019141226936384,0.3980858773063615,0.039357214040161764,True
8380,0,1,False,0.5931253125000474,0.40687468749995254,0.03644221465107774,False
8381,0,1,False,0.6322447397026454,0.36775526029735456,0.03149857178597114,True
8382,0,0,True,0.6315160339153892,0.36848396608461065,-0.007113766380782409,True
8383,0,0,True,0.6366521474174682,0.36334785258253177,-0.01920100378995148,True
8384,0,0,True,0.6756267733289115,0.3243732266710884,-0.015967528009510755,True
8385,0,1,False,0.6487851850714892,0.3512148149285108,0.0014316601911352025,True
8386,0,1,False,0.6504279275132127,0.3495720724867873,0.016989695645524657,True
8387,0,1,False,0.6422017788318873,0.3577982211681127,0.05420749614190885,True
8388,0,1,False,0.5340251335014687,0.4659748664985314,0.05741279055865373,False
8389,0,1,False,0.5291131832398813,0.4708868167601186,0.056361305773402884,False
8390,0,1,False,0.5495266872662848,0.4504733127337151,0.025999358551093487,False
8391,0,1,False,0.6777802601801102,0.32221973981988977,0.007142752318883804,True
8392,0,1,False,0.7014093992813049,0.29859060071869503,0.013086638673431345,True
8393,0,1,False,0.6719888433288652,0.3280111566711348,0.02354627937207555,True
8394,0,1,False,0.666214229375612,0.333785770624388,0.02062663736082507,True
8395,0,1,False,0.6422917711942112,0.35770822880578873,0.014498505175346834,True
8396,0,1,False,0.5941106534652133,0.40588934653478664,0.029266192485212072,False
8397,0,1,False,0.6187607879687512,0.3812392120312487,0.005937681750839892,True
8398,0,0,True,0.6563521235395484,0.3436478764604514,-0.010006286022196269,True
8399,0,0,True,0.6554721501475971,0.3445278498524029,-0.01018124976497933,True
8400,0,0,True,0.6346314368888345,0.36536856311116545,-0.002331725250805793,True
8401,0,0,True,0.6011997881555949,0.3988002118444051,-0.017457645391059498,True
8402,0,1,False,0.5676463722171378,0.4323536277828623,0.001864604898578411,False
8403,0,1,False,0.611853434908988,0.3881465650910119,0.029649169246724633,True
8404,0,1,False,0.5620174170830013,0.4379825829169988,0.018832564198042977,False
8405,0,1,False,0.5838310462149409,0.4161689537850592,0.02877063231718364,False
8406,0,1,False,0.540831507060883,0.4591684929391171,0.04098660387022612,False
8407,0,1,False,0.5891598665792116,0.41084013342078823,0.04764678177183215,False
8408,0,1,False,0.5828573953524269,0.417142604647573,0.031685018617287015,False
8409,0,1,False,0.5548135576261891,0.44518644237381083,0.030621201325092003,False
8410,0,1,False,0.5352799020223796,0.46472009797762026,0.041903366285740005,False
8411,0,1,False,0.5167967876183156,0.4832032123816843,0.05237173836140359,False
8412,0,1,False,0.5275395215025783,0.47246047849742157,0.04129793747551,False
8413,1,1,True,0.5261924403046839,0.5261924403046839,0.021687769781804485,False
8414,1,1,True,0.5532970380573187,0.5532970380573187,0.02363085252310469,False
8415,1,1,True,0.5235907293494059,0.5235907293494059,0.019823018893081693,False
8416,1,1,True,0.5322905920382266,0.5322905920382266,0.015670262785519286,False
8417,1,1,True,0.5097243247443471,0.5097243247443471,0.01684446689881701,False
8418,0,1,False,0.5067739032101848,0.49322609678981516,0.037202625174540496,False
8419,0,1,False,0.5270750710666191,0.47292492893338095,0.042371856167871765,False
8420,0,1,False,0.5230798452979407,0.47692015470205923,0.015126531212854196,False
8421,0,1,False,0.5403582121992204,0.45964178780077947,0.004328870436929003,False
8422,0,1,False,0.5242184616917457,0.47578153830825437,0.018935993307791846,False
8423,0,0,True,0.5316214718559794,0.46837852814402064,-0.004366224467980122,False
8424,0,0,True,0.5328434409497602,0.46715655905023973,-0.019750247995703466,False
8425,0,0,True,0.5680139692549393,0.43198603074506076,-0.017803614813493882,False
8426,0,0,True,0.591666272557045,0.40833372744295504,-0.013325811499668655,False
8427,0,0,True,0.6312190856398108,0.36878091436018917,-0.04348270879822839,True
8428,0,0,True,0.6490061360292407,0.35099386397075927,-0.020727013554392236,True
8429,0,0,True,0.6489414080419086,0.35105859195809136,-0.004886233498178365,True
8430,0,1,False,0.5883044320786802,0.4116955679213197,0.007351230541050137,False
8431,0,1,False,0.6009604014242262,0.3990395985757737,0.004906026921443082,True
8432,0,1,False,0.570692943594362,0.429307056405638,0.025770780506614337,False
8433,0,1,False,0.5874976898858885,0.41250231011411165,0.009393750075352838,False
8434,0,1,False,0.5614160314997779,0.438583968500222,0.016054690622048135,False
8435,0,1,False,0.5670482422953982,0.4329517577046018,0.011647357703864162,False
8436,0,1,False,0.6096504949863109,0.39034950501368915,0.041070869232618795,True
8437,0,1,False,0.674986424446824,0.325013575553176,0.046909392277921166,True
8438,0,1,False,0.590210567378708,0.4097894326212919,0.06537826514601228,False
8439,0,1,False,0.5530720870505755,0.4469279129494244,0.05015573457312559,False
8440,0,1,False,0.5460339034378549,0.45396609656214504,0.06940985060756392,False
8441,0,1,False,0.5802350924096249,0.41976490759037505,0.044482787688581646,False
8442,0,1,False,0.5398594149128891,0.4601405850871109,0.02231509182682883,False
8443,0,1,False,0.5690057862231698,0.4309942137768303,0.015402295788115363,False
8444,0,1,False,0.532197260887922,0.46780273911207804,0.04622237083925739,False
8445,1,1,True,0.5009677575920025,0.5009677575920025,0.010276472818429364,False
8446,0,1,False,0.5533257014428871,0.4466742985571129,0.0020621216309631347,False
8447,0,0,True,0.5706285953960645,0.4293714046039356,-0.0050750860599759,False
8448,0,0,True,0.5710086609080762,0.4289913390919237,-0.01719045938416786,False
8449,0,0,True,0.5765836963946088,0.4234163036053913,-0.05720014723046354,False
8450,0,0,True,0.5368446286163583,0.4631553713836416,-0.06703062445842954,False
8451,0,0,True,0.5546611665253871,0.44533883347461295,-0.05356790815240975,False
8452,0,0,True,0.553960504367974,0.44603949563202616,-0.046631068438938626,False
8453,0,0,True,0.593328229949332,0.40667177005066796,-0.059512320324647656,False
8454,0,0,True,0.5535232673592246,0.4464767326407753,-0.03243365232687795,False
8455,1,0,False,0.5087442418475715,0.5087442418475715,-0.006628595437284674,False
8456,1,0,False,0.527552887386579,0.527552887386579,-0.012757674970375702,False
8457,0,0,True,0.5459238660782769,0.45407613392172314,-0.021220564352313315,False
8458,0,0,True,0.5188344520078074,0.4811655479921925,-0.00396659581910472,False
8459,1,0,False,0.5160293094669788,0.5160293094669788,-0.011510848382706667,False
8460,0,0,True,0.5096986938222534,0.49030130617774664,-0.02074022552611351,False
8461,0,0,True,0.5463285123528755,0.45367148764712456,-0.0319821819709014,False
8462,0,0,True,0.5019311512196094,0.4980688487803906,-0.00036439971802091427,False
8463,1,0,False,0.5137656758937684,0.5137656758937684,-0.012883079755816347,False
8464,1,1,True,0.5091576116083387,0.5091576116083387,0.00011808995916175543,False
8465,0,1,False,0.5052681598558056,0.4947318401441943,0.008071247368290636,False
8466,1,1,True,0.5654925918948482,0.5654925918948482,0.014829422430866886,False
8467,1,1,True,0.6037391760019227,0.6037391760019227,0.0002315035083586357,True
8468,1,1,True,0.5361458118885855,0.5361458118885855,0.035400192182330814,False
8469,1,1,True,0.551806795540193,0.551806795540193,0.021849273555072865,False
8470,1,1,True,0.5478178078155244,0.5478178078155244,0.03630742318811813,False
8471,1,1,True,0.5104707151645757,0.5104707151645757,0.042776905963388234,False
8472,1,1,True,0.5604728675296295,0.5604728675296295,0.02914442469901707,False
8473,1,1,True,0.5752568778809308,0.5752568778809308,0.011130708900159225,False
8474,1,0,False,0.6395428716634464,0.6395428716634464,-0.018589041129448553,True
8475,1,0,False,0.6633261088872008,0.6633261088872008,-0.018353120558785033,True
8476,1,0,False,0.712986884612086,0.712986884612086,-0.010862011907852197,True
8477,1,0,False,0.6218503786059097,0.6218503786059097,-0.007785186221057546,True
8478,1,1,True,0.6044513368305157,0.6044513368305157,0.007091599471642133,True
8479,1,1,True,0.5811462184773916,0.5811462184773916,0.04920657175348001,False
8480,1,1,True,0.5579371627063704,0.5579371627063704,0.014616581049114662,False
8481,1,1,True,0.5751773917910931,0.5751773917910931,0.0056537081043900456,False
8482,1,0,False,0.5428487775023437,0.5428487775023437,-0.004064520996804193,False
8483,1,0,False,0.6026756819879401,0.6026756819879401,-0.008536850862562003,True
8484,1,0,False,0.580738539927018,0.580738539927018,-0.020049331520973324,False
8485,1,0,False,0.6889743941661436,0.6889743941661436,-0.009578670347877032,True
8486,1,0,False,0.6436453046358096,0.6436453046358096,-0.0023143228919226704,True
8487,1,1,True,0.6732443263855438,0.6732443263855438,0.010798155300791394,True
8488,1,0,False,0.6988886286607774,0.6988886286607774,-0.0027318769015265963,True
8489,1,0,False,0.6863259331288697,0.6863259331288697,-0.007352492267285101,True
8490,1,0,False,0.6861049924241005,0.6861049924241005,-0.009997577838686598,True
8491,1,0,False,0.7084495442464801,0.7084495442464801,-0.011750306517642433,True
8492,1,0,False,0.6472400985044743,0.6472400985044743,-0.0033756617538202305,True
8493,1,0,False,0.6085070985189911,0.6085070985189911,-0.0006767974715637656,True
8494,1,0,False,0.6064857263374696,0.6064857263374696,-0.011940734930159312,True
8495,1,0,False,0.6831429213954919,0.6831429213954919,-0.01564839710295862,True
8496,1,0,False,0.7399994507258737,0.7399994507258737,-0.028536009355123706,True
8497,1,0,False,0.7088544151190348,0.7088544151190348,-0.0370201332766644,True
8498,1,0,False,0.7087247203583894,0.7087247203583894,-0.0352643918190247,True
8499,0,0,True,0.6682695195854856,0.3317304804145143,-0.016929474769430505,True
8500,0,0,True,0.6003215887652674,0.3996784112347325,-0.03677238967841296,True
8501,1,0,False,0.6664167921667926,0.6664167921667926,-0.02880881592583186,True
8502,1,0,False,0.562300394046991,0.562300394046991,-0.02378205082733297,False
8503,0,0,True,0.5167564947176958,0.48324350528230414,-0.01629721546528718,False
8504,0,0,True,0.5126145751088125,0.48738542489118747,-0.012685232127867839,False
8505,0,1,False,0.6076968810131225,0.3923031189868776,0.02335987699003129,True
8506,1,1,True,0.6785287932886784,0.6785287932886784,0.04316238022227301,True
8507,1,1,True,0.6232969839444505,0.6232969839444505,0.03105248773322776,True
8508,1,1,True,0.644307864240707,0.644307864240707,0.033662234389166296,True
8509,1,0,False,0.6601490917300482,0.6601490917300482,-0.0015030971709705187,True
8510,0,0,True,0.6225880080980111,0.37741199190198893,-0.0002751460609161851,True
8511,0,0,True,0.6006080567401493,0.39939194325985067,-0.04830813203691392,True
8512,0,0,True,0.6458013742051415,0.35419862579485856,-0.03794419886530037,True
8513,0,0,True,0.6723775047328582,0.3276224952671418,-0.0421118397035562,True
8514,0,0,True,0.6217820417017554,0.3782179582982444,-0.020111412490939635,True
8515,0,0,True,0.5949314765607036,0.4050685234392964,-0.02046371244153945,False
8516,0,1,False,0.6222019650292451,0.377798034970755,0.016926524590216104,True
8517,0,0,True,0.6760203405249579,0.3239796594750423,-0.027350295602228666,True
8518,0,0,True,0.6655608622289924,0.3344391377710077,-0.05722830214950756,True
8519,0,0,True,0.6783336439824783,0.32166635601752175,-0.06416810283564255,True
8520,0,0,True,0.5760523379575144,0.42394766204248563,-0.06781788199237371,False
8521,0,0,True,0.6449773639849653,0.35502263601503475,-0.08335051920164588,True
8522,0,0,True,0.6576384728049649,0.34236152719503504,-0.0470903154734325,True
8523,1,0,False,0.5652941218645319,0.5652941218645319,-0.005556770828697558,False
8524,1,1,True,0.785653032033058,0.785653032033058,0.005622978732868084,True
8525,1,1,True,0.8157208561011067,0.8157208561011067,0.0210440491082611,True
8526,1,1,True,0.7700324031057987,0.7700324031057987,0.019856493661635687,True
8527,1,1,True,0.6398284475934825,0.6398284475934825,0.014507516213126457,True
8528,0,0,True,0.5180406686609488,0.48195933133905133,-0.01986224634803762,False
8529,0,0,True,0.5611304965467466,0.4388695034532535,-0.01914385786381769,False
8530,0,0,True,0.5935055013791443,0.4064944986208559,-0.042587176745457186,False
8531,0,0,True,0.6246331643774441,0.3753668356225559,-0.010737990785656395,True
8532,0,0,True,0.6030715940984446,0.3969284059015555,-0.004105309932526831,True
8533,1,1,True,0.6196719156411037,0.6196719156411037,0.0113246541593867,True
8534,1,1,True,0.5273337569256266,0.5273337569256266,0.006912890314127071,False
8535,1,1,True,0.6585449453366631,0.6585449453366631,0.010965092052203218,True
8536,1,0,False,0.52804448128742,0.52804448128742,-0.0008355371824803131,False
8537,0,1,False,0.5228256829046402,0.4771743170953599,0.005393161327376812,False
8538,0,0,True,0.5901783949825227,0.4098216050174772,-0.012252023363226812,False
8539,1,0,False,0.568095375034459,0.568095375034459,-0.02814201860835274,False
8540,1,0,False,0.6790564363549795,0.6790564363549795,-0.0354198029243678,True
8541,1,0,False,0.722086185180831,0.722086185180831,-0.060319256683999095,True
8542,0,0,True,0.5564731981482423,0.4435268018517578,-0.06827453051116013,False
8543,0,0,True,0.6851475711201771,0.3148524288798229,-0.04046977055486195,True
8544,0,0,True,0.5763820548978315,0.4236179451021686,-0.021114586413843162,False
8545,0,0,True,0.5910950367404771,0.4089049632595228,-0.02165718562987935,False
8546,0,0,True,0.519456482612404,0.48054351738759604,-0.018488203637958164,False
8547,0,0,True,0.54079195503518,0.4592080449648201,-0.03361404302832076,False
8548,0,0,True,0.5377005450711551,0.4622994549288449,-0.04533881233126036,False
8549,0,0,True,0.6156640676296333,0.3843359323703666,-0.03664486387142104,True
8550,0,1,False,0.6817115807692642,0.31828841923073586,0.002269576195557907,True
8551,0,1,False,0.6472959096750857,0.35270409032491434,0.0008287474432171286,True
8552,0,1,False,0.593035730124432,0.40696426987556805,0.02588906659813845,False
8553,1,1,True,0.5577715538047007,0.5577715538047007,0.04936615152387772,False
8554,1,1,True,0.5360489020833201,0.5360489020833201,0.06057983424823174,False
8555,1,1,True,0.5492191523807387,0.5492191523807387,0.046412610310807956,False
8556,1,1,True,0.5245397943400992,0.5245397943400992,0.06809908555971711,False
8557,0,1,False,0.5542704075732515,0.44572959242674837,0.0670172068983652,False
8558,0,1,False,0.5697444393066005,0.4302555606933996,0.061865957008274894,False
8559,0,1,False,0.5452799557495108,0.45472004425048934,0.030878696101079177,False
8560,1,1,True,0.5937256136905159,0.5937256136905159,0.02566052285268843,False
8561,1,1,True,0.648062701749247,0.648062701749247,0.014310689363263346,True
8562,1,1,True,0.5917894521908607,0.5917894521908607,0.0030156354182019982,False
8563,0,0,True,0.5339819568707475,0.4660180431292526,-0.02642096162544319,False
8564,1,0,False,0.5706583569851648,0.5706583569851648,-0.051816447628463026,False
8565,1,0,False,0.5434257201336928,0.5434257201336928,-0.03422333130606617,False
8566,1,0,False,0.6165832335761935,0.6165832335761935,-0.04252805373493014,True
8567,1,0,False,0.5317348366675815,0.5317348366675815,-0.03332909225286819,False
8568,1,0,False,0.5300458797986124,0.5300458797986124,-0.014516189666139368,False
8569,1,1,True,0.541061153555356,0.541061153555356,0.006215690127226803,False
8570,0,0,True,0.5658770748244606,0.4341229251755394,-0.010534395340014793,False
8571,1,1,True,0.5038971116957667,0.5038971116957667,0.017970566742477816,False
8572,0,1,False,0.5857555087621112,0.4142444912378887,0.02494994289034069,False
8573,0,1,False,0.6822853515313646,0.3177146484686354,0.018290176750331195,True
8574,0,1,False,0.6904110048468041,0.3095889951531959,0.034810408101915234,True
8575,0,1,False,0.7341767810210493,0.2658232189789506,0.025977191791282512,True
8576,0,1,False,0.7710098640312236,0.22899013596877651,0.0016777893414960574,True
8577,0,0,True,0.7545270409695947,0.24547295903040525,-0.019206165034909274,True
8578,0,0,True,0.6824256945609907,0.3175743054390094,-0.02290774132961697,True
8579,0,0,True,0.532511300703387,0.46748869929661296,-0.021422761151995564,False
8580,0,0,True,0.6680785348936406,0.33192146510635945,-0.0017575137300490777,True
8581,0,1,False,0.5964600283905822,0.40353997160941774,0.001938635946620605,False
8582,0,1,False,0.5317166820081406,0.46828331799185935,0.011664544750519416,False
8583,0,1,False,0.5885366328999478,0.41146336710005205,0.009331258475528695,False
8584,1,1,True,0.645452314792898,0.645452314792898,0.026694555071138628,True
8585,1,1,True,0.5981783436838367,0.5981783436838367,0.007656772663453083,False
8586,0,1,False,0.7408175091524724,0.25918249084752765,0.019591691244955453,True
8587,0,1,False,0.7147988441903084,0.28520115580969163,0.028602627075277574,True
8588,0,1,False,0.7308441277092145,0.2691558722907855,0.04621299505405779,True
8589,0,1,False,0.7485348820310819,0.251465117968918,0.035921951692110356,True
8590,0,1,False,0.6845110998668034,0.31548890013319647,0.03415693194924684,True
8591,0,1,False,0.6810535074182463,0.3189464925817537,0.01902071984968753,True
8592,0,1,False,0.6272778310160146,0.3727221689839853,0.03280548607071535,True
8593,0,1,False,0.5880065238010187,0.41199347619898125,0.01659337270868327,False
8594,0,1,False,0.5428381567734984,0.4571618432265015,0.0075365131723842795,False
8595,1,1,True,0.595545618080302,0.595545618080302,0.0017324877933388733,False
8596,0,1,False,0.5671874061682359,0.432812593831764,0.017160016106987863,False
8597,1,0,False,0.5285131381514933,0.5285131381514933,-0.005980438318523446,False
8598,1,0,False,0.5760780515569043,0.5760780515569043,-0.006892297448738998,False
8599,0,0,True,0.5141464706104256,0.4858535293895743,-0.006224042942953119,False
8600,1,1,True,0.5182826521360694,0.5182826521360694,0.018347835833144543,False
8601,0,1,False,0.512784571499527,0.487215428500473,0.0002464500983570119,False
8602,1,1,True,0.5217946492763189,0.5217946492763189,0.014642465142393223,False
8603,0,1,False,0.5125677658690521,0.4874322341309479,0.013772147964244712,False
8604,0,0,True,0.5256166373995601,0.47438336260043984,-0.009828945949557301,False
8605,1,0,False,0.5354084460831282,0.5354084460831282,-0.023252242487300158,False
8606,1,0,False,0.5523176775001554,0.5523176775001554,-0.025149824640321436,False
8607,0,0,True,0.5803058789938819,0.4196941210061182,-0.04247972300287095,False
8608,1,0,False,0.5633206634072206,0.5633206634072206,-0.04644243416098164,False
8609,0,0,True,0.5243587575067917,0.4756412424932083,-0.0042001334599242515,False
8610,0,0,True,0.5628353910954731,0.4371646089045269,-0.0374625440895382,False
8611,0,0,True,0.6567861787282304,0.3432138212717695,-0.024758834999543317,True
8612,0,0,True,0.6809945624576322,0.31900543754236776,-0.020991231204090362,True
8613,0,0,True,0.6331162102547211,0.36688378974527885,-0.02127095846877179,True
8614,1,0,False,0.5016723853474953,0.5016723853474953,-0.041039691461490176,False
8615,0,1,False,0.6777351226621638,0.322264877337836,0.0011857696334393085,True
8616,0,1,False,0.6761353059835713,0.32386469401642876,0.0021948906517814813,True
8617,0,1,False,0.7380118200008917,0.26198817999910823,0.019656924144956935,True
8618,0,1,False,0.7454718913008692,0.2545281086991307,0.05638685855075751,True
8619,0,1,False,0.5608723316111928,0.4391276683888073,0.05314365646176003,False
8620,0,1,False,0.7187319405706294,0.2812680594293706,0.03443004610607793,True
8621,0,1,False,0.7173052512953381,0.2826947487046618,0.054069860239122094,True
8622,0,1,False,0.6941749230548236,0.30582507694517624,0.04505066359030553,True
8623,0,1,False,0.5935749956027597,0.4064250043972404,0.035058206073196034,False
8624,0,1,False,0.6247942760551705,0.3752057239448296,0.016823923781331768,True
8625,0,1,False,0.5436871190141978,0.4563128809858023,0.010163919066010626,False
8626,0,0,True,0.5204941860539959,0.47950581394600417,-0.012992256735477272,False
8627,0,0,True,0.5566100789027628,0.44338992109723724,-0.013874792577792191,False
8628,1,0,False,0.5159729531844993,0.5159729531844993,-0.017518252357721857,False
8629,0,0,True,0.5009667458118044,0.4990332541881955,-0.0016994179191891527,False
8630,0,0,True,0.5252891851663923,0.4747108148336077,-0.005310514149343659,False
8631,0,0,True,0.6074095704774282,0.3925904295225718,-0.010207054414735675,True
8632,0,0,True,0.6292303267800096,0.3707696732199905,-0.0066733100243192974,True
8633,1,0,False,0.5602634880844076,0.5602634880844076,-0.016274554998628638,False
8634,1,0,False,0.6005356267029932,0.6005356267029932,-0.02331211979438083,True
8635,1,0,False,0.6625487349986243,0.6625487349986243,-0.011713394928001088,True
8636,1,1,True,0.6041585730888035,0.6041585730888035,0.007059909984590769,True
8637,1,0,False,0.6043668832245254,0.6043668832245254,-0.0024058581789768,True
8638,1,0,False,0.5309304280481099,0.5309304280481099,-0.008699667975042184,False
8639,1,1,True,0.6467320529951904,0.6467320529951904,0.018739383628908934,True
8640,1,1,True,0.6343965204591916,0.6343965204591916,0.03658941664379104,True
8641,1,1,True,0.6168080206970245,0.6168080206970245,0.018803553223942237,True
8642,1,1,True,0.5811270195135286,0.5811270195135286,0.04389492975904537,False
8643,1,1,True,0.5924609502061339,0.5924609502061339,0.04973488261493622,False
8644,1,1,True,0.5977867018941895,0.5977867018941895,0.0374025098097451,False
8645,0,1,False,0.5697378296076571,0.430262170392343,0.02554904374576446,False
8646,0,1,False,0.5298154347374574,0.47018456526254243,0.020161216440734965,False
8647,0,0,True,0.5160645764606371,0.4839354235393629,-0.0047250079084924625,False
8648,1,0,False,0.6280102504282046,0.6280102504282046,-0.004169348176840449,True
8649,1,0,False,0.649168826876018,0.649168826876018,-0.029392048802081856,True
8650,1,0,False,0.6847598716998463,0.6847598716998463,-0.026923985036344696,True
8651,1,0,False,0.6593115144384559,0.6593115144384559,-0.006808021643977572,True
8652,1,0,False,0.6339881181297095,0.6339881181297095,-0.01785478176685702,True
8653,1,0,False,0.5812702204775545,0.5812702204775545,-0.009305705237683624,False
8654,1,1,True,0.5817657956310656,0.5817657956310656,0.026062124753665705,False
8655,1,0,False,0.5432052048473901,0.5432052048473901,-0.013018694236750315,False
8656,1,0,False,0.6574416995882434,0.6574416995882434,-0.02516771193909553,True
8657,1,1,True,0.6365670820088184,0.6365670820088184,0.010179915013968652,True
8658,1,1,True,0.5663471376129691,0.5663471376129691,0.005008375306886835,False
8659,0,0,True,0.5775388075357379,0.42246119246426206,-0.03008788167901745,False
8660,0,0,True,0.5332062505825154,0.4667937494174847,-0.010244332741524254,False
8661,1,0,False,0.5211563735638723,0.5211563735638723,-0.004887070433470918,False
8662,1,0,False,0.5245739029199922,0.5245739029199922,-0.01965261291436223,False
8663,1,0,False,0.5701543133005061,0.5701543133005061,-0.02208973591150206,False
8664,0,1,False,0.5882912838546287,0.41170871614537125,0.00268733574330826,False
8665,0,1,False,0.6876979175257828,0.3123020824742173,0.019007565902986544,True
8666,0,1,False,0.733113284742562,0.26688671525743796,0.007550816778305042,True
8667,0,1,False,0.5940816367348064,0.40591836326519354,0.0009689093341528948,False
8668,0,0,True,0.6620660148851005,0.33793398511489947,-0.01769629066087687,True
8669,0,0,True,0.693997398423582,0.30600260157641795,-0.024484446696657006,True
8670,0,0,True,0.5817293966089196,0.41827060339108035,-0.018908041963970217,False
8671,0,0,True,0.6289028049365856,0.37109719506341426,-0.02169429025857429,True
8672,0,0,True,0.6692881793885931,0.330711820611407,-0.02559858973896284,True
8673,0,0,True,0.5957436730861302,0.4042563269138697,-0.005876314270147609,False
8674,1,1,True,0.6643352466433606,0.6643352466433606,0.019930177773835187,True
8675,1,1,True,0.6654457618849395,0.6654457618849395,0.025656793932664877,True
8676,1,1,True,0.6777917396772358,0.6777917396772358,0.017378984325057516,True
8677,1,1,True,0.6765356540864835,0.6765356540864835,0.04632419349174275,True
8678,1,1,True,0.72713455666442,0.72713455666442,0.06210681731987449,True
8679,1,1,True,0.6977525929804799,0.6977525929804799,0.042108746788232294,True
8680,1,1,True,0.58573118037661,0.58573118037661,0.039730729547311716,False
8681,1,1,True,0.6538021357808171,0.6538021357808171,0.04979147113782788,True
8682,1,1,True,0.6547355694407812,0.6547355694407812,0.02342799526016816,True
8683,1,0,False,0.6585486863362883,0.6585486863362883,-0.003280902881883335,True
8684,1,1,True,0.6941846180760335,0.6941846180760335,0.001532923089330328,True
8685,1,1,True,0.6749175123702255,0.6749175123702255,0.02131577684571592,True
8686,1,1,True,0.7074151351859213,0.7074151351859213,0.02574916855326032,True
8687,1,1,True,0.6279303649883924,0.6279303649883924,0.024422807924333677,True
8688,0,1,False,0.5098234414375685,0.4901765585624314,0.034383321146476825,False
8689,1,1,True,0.5258008675163927,0.5258008675163927,0.02262472715198024,False
8690,1,0,False,0.56541706085954,0.56541706085954,-0.0004764721697785169,False
8691,1,1,True,0.6275056610736579,0.6275056610736579,0.017597922368088107,True
8692,1,1,True,0.6397073258050485,0.6397073258050485,0.01252089488070051,True
8693,1,1,True,0.6279673309241842,0.6279673309241842,0.012370592183943464,True
8694,1,1,True,0.6184066406732168,0.6184066406732168,0.02493406282561411,True
8695,1,1,True,0.6334312006029446,0.6334312006029446,0.007313957518704932,True
8696,1,0,False,0.697730740293558,0.697730740293558,-0.020210887950273763,True
8697,1,0,False,0.6781461679316787,0.6781461679316787,-0.020424493229892586,True
8698,1,0,False,0.6622480835927556,0.6622480835927556,-0.011477674169518795,True
8699,1,0,False,0.5709379515327705,0.5709379515327705,-0.030599646086722988,False
8700,1,0,False,0.659974069680361,0.659974069680361,-0.026200160337776047,True
8701,1,0,False,0.6855218241470337,0.6855218241470337,-0.01206248545880549,True
8702,1,0,False,0.6141158346530389,0.6141158346530389,-0.0033044194458064584,True
8703,1,0,False,0.6580353187109435,0.6580353187109435,-0.013836384102164982,True
8704,1,0,False,0.707211239608958,0.707211239608958,-0.0024615400248190924,True
8705,1,0,False,0.6291132121260836,0.6291132121260836,-0.013564588445537299,True
8706,0,0,True,0.6271163082830304,0.37288369171696956,-0.02078158243271024,True
8707,0,0,True,0.6245161094686366,0.3754838905313635,-0.01934215570017696,True
8708,0,0,True,0.5425680091032808,0.4574319908967192,-0.006418658907818432,False
8709,0,1,False,0.5796224210756091,0.42037757892439087,0.0038746675113751354,False
8710,0,1,False,0.5268746610295841,0.4731253389704158,0.010896773506102096,False
8711,1,1,True,0.5243357896489905,0.5243357896489905,0.03457972790951468,False
8712,1,1,True,0.6077830860556176,0.6077830860556176,0.04912089847952172,True
8713,1,1,True,0.5313452462608104,0.5313452462608104,0.04770869203866734,False
8714,0,1,False,0.5721930959520242,0.4278069040479758,0.01630608294843295,False
8715,1,1,True,0.5618333261034075,0.5618333261034075,0.021063104390192197,False
8716,1,1,True,0.5545461310678644,0.5545461310678644,0.0033682453982130747,False
8717,1,0,False,0.5343688994647477,0.5343688994647477,-0.04134487532884522,False
8718,0,0,True,0.551511190883683,0.4484888091163171,-0.04241614258507806,False
8719,0,0,True,0.5559029873510081,0.44409701264899204,-0.013034886136249655,False
8720,1,0,False,0.5403422941020208,0.5403422941020208,-0.0033722062701814458,False
8721,1,0,False,0.576215868784865,0.576215868784865,-0.001753678096201288,False
8722,1,1,True,0.507553128734016,0.507553128734016,0.024293670394794617,False
8723,0,1,False,0.590879338052794,0.4091206619472059,0.017019617743460336,False
8724,0,0,True,0.6136279201774432,0.3863720798225568,-0.004218611791350791,True
8725,0,1,False,0.5762998692599887,0.4237001307400113,0.002378562692800771,False
8726,0,0,True,0.6280648176079129,0.37193518239208717,-0.010553644361865603,True
8727,0,0,True,0.6456238462267959,0.354376153773204,-0.016558781499025906,True
8728,0,0,True,0.6330105316013634,0.3669894683986365,-0.04025351727653933,True
8729,0,0,True,0.5555669100095069,0.44443308999049314,-0.03828433609772555,False
8730,1,0,False,0.588953819226736,0.588953819226736,-0.04697935337259167,False
8731,1,0,False,0.5603553274646585,0.5603553274646585,-0.017598183259050354,False
8732,1,0,False,0.610897501457014,0.610897501457014,-0.01779581475115556,True
8733,0,1,False,0.5043316165040929,0.4956683834959071,0.0014748201135700665,False
8734,1,1,True,0.5787207581628225,0.5787207581628225,0.015001953591120719,False
8735,1,1,True,0.7228274837690906,0.7228274837690906,0.009176235816280931,True
8736,1,1,True,0.6634631069090124,0.6634631069090124,0.003545804457472337,True
8737,1,0,False,0.5884311185765083,0.5884311185765083,-0.010336885952646166,False
8738,1,0,False,0.5730498982232587,0.5730498982232587,-0.0010523498131022573,False
8739,0,0,True,0.5150106875241155,0.48498931247588456,-0.004730207933729573,False
8740,0,0,True,0.5983234397587639,0.40167656024123616,-0.010557470522779321,False
8741,0,0,True,0.6030222234506408,0.3969777765493592,-0.013216651036537373,True
8742,0,1,False,0.6455104737788268,0.35448952622117313,0.01914382279968888,True
8743,1,1,True,0.5463997285714574,0.5463997285714574,0.0006832445695657028,False
8744,1,1,True,0.6636931436420846,0.6636931436420846,0.0035992984262728407,True
8745,1,1,True,0.6694629291083892,0.6694629291083892,0.014079068245209355,True
8746,1,0,False,0.7542614996983209,0.7542614996983209,-0.016709117548880086,True
8747,1,0,False,0.6110117839832587,0.6110117839832587,-0.022966134011383064,True
8748,0,1,False,0.561977407143587,0.43802259285641304,0.007729679855171992,False
8749,1,0,False,0.641420143638693,0.641420143638693,-0.028947218023541544,True
8750,0,0,True,0.5362967502593037,0.4637032497406963,-0.04095204684327182,False
8751,0,0,True,0.5382476618274898,0.4617523381725103,-0.01688184842008698,False
8752,1,0,False,0.7093720400799768,0.7093720400799768,-0.02297612557202108,True
8753,1,0,False,0.606168499028992,0.606168499028992,-0.03020353884623197,True
8754,1,1,True,0.5188884286328558,0.5188884286328558,0.009405161645069828,False
8755,1,1,True,0.7303339031982689,0.7303339031982689,0.009403994947675385,True
8756,1,1,True,0.6991733242581959,0.6991733242581959,0.008650145274254112,True
8757,1,1,True,0.7088834258295571,0.7088834258295571,0.006848059882779583,True
8758,1,0,False,0.7862966378198162,0.7862966378198162,-0.017760915453853863,True
8759,0,0,True,0.5308741941156949,0.46912580588430514,-0.011022875598503342,False
8760,0,1,False,0.6452287409310064,0.3547712590689936,0.005050090967166567,True
8761,0,1,False,0.6804660205521987,0.3195339794478013,0.008597520431659194,True
8762,0,1,False,0.5606751665873144,0.43932483341268574,0.0093693952772717,False
8763,1,1,True,0.5555470884606382,0.5555470884606382,0.020162730435066226,False
8764,1,1,True,0.6140154389302447,0.6140154389302447,0.02020516119913376,True
8765,0,1,False,0.5630923100092479,0.43690768999075225,0.014434074010805535,False
8766,1,1,True,0.5158821523541929,0.5158821523541929,0.0061907481597593675,False
8767,1,1,True,0.5200071329537728,0.5200071329537728,0.021035368785342883,False
8768,1,1,True,0.5746674911503118,0.5746674911503118,0.0246493373360014,False
8769,1,1,True,0.6022981483097684,0.6022981483097684,0.01765213733956606,True
8770,0,1,False,0.5114912884426358,0.48850871155736436,0.030470470980239986,False
8771,0,1,False,0.5892032143346223,0.41079678566537775,0.03238513308548008,False
8772,0,1,False,0.5682082406461226,0.43179175935387754,0.014737375106409219,False
8773,0,0,True,0.5831071521524285,0.4168928478475715,-0.008588478341056966,False
8774,1,0,False,0.5702538309200026,0.5702538309200026,-0.021892686371671324,False
8775,1,0,False,0.5708630368213123,0.5708630368213123,-0.045210279332053446,False
8776,1,0,False,0.5435269859484287,0.5435269859484287,-0.040980455454547635,False
8777,1,0,False,0.5075447893008757,0.5075447893008757,-0.04236148028607364,False
8778,0,0,True,0.549775091381739,0.4502249086182612,-0.03429156701398561,False
8779,1,0,False,0.5742349903644809,0.5742349903644809,-0.04325605713415336,False
8780,1,0,False,0.6095802385432828,0.6095802385432828,-0.029903136980370216,True
8781,1,0,False,0.62138288616746,0.62138288616746,-0.0296968392763476,True
8782,1,0,False,0.5906132203072963,0.5906132203072963,-0.035685159207853055,False
8783,1,0,False,0.623995733518564,0.623995733518564,-0.036486304431797456,True
8784,0,0,True,0.5145626604099677,0.4854373395900324,-0.03364229925785265,False
8785,0,0,True,0.5805560231914993,0.4194439768085006,-0.038501474898784124,False
8786,1,0,False,0.5063082939387319,0.5063082939387319,-0.04041862639092249,False
8787,0,0,True,0.6122054132579257,0.3877945867420744,-0.030197459593826168,True
8788,0,0,True,0.5224443766770798,0.4775556233229203,-0.02407604964993237,False
8789,0,0,True,0.5659771393005385,0.43402286069946144,-0.01382093329122447,False
8790,0,0,True,0.579650024183285,0.420349975816715,-0.005284670193005445,False
8791,0,0,True,0.5451993175968678,0.4548006824031321,-0.010701601675727656,False
8792,0,1,False,0.5810331264497111,0.4189668735502889,0.0025137835255876254,False
8793,0,1,False,0.5307895818237754,0.4692104181762245,0.022889937801574393,False
8794,1,1,True,0.6964901994962163,0.6964901994962163,0.019879871483371243,True
8795,1,1,True,0.7285933726896591,0.7285933726896591,0.025290990942503103,True
8796,1,1,True,0.743682147029279,0.743682147029279,0.03341271143860731,True
8797,1,1,True,0.7024024655130027,0.7024024655130027,0.041499920069077975,True
8798,0,1,False,0.5527943321235804,0.4472056678764195,0.020552116200683163,False
8799,1,1,True,0.6510124517139239,0.6510124517139239,0.04916322155965036,True
8800,1,1,True,0.6979906439919364,0.6979906439919364,0.017592124991023216,True
8801,1,1,True,0.6383834564090255,0.6383834564090255,0.005292270324875099,True
8802,1,0,False,0.6617701406545727,0.6617701406545727,-0.03043248056734947,True
8803,1,0,False,0.6736964052063538,0.6736964052063538,-0.0011060993605511967,True
8804,1,0,False,0.7627081207109061,0.7627081207109061,-0.011780535849314967,True
8805,1,1,True,0.605774608949638,0.605774608949638,0.016562508495306796,True
8806,1,1,True,0.6619684389407168,0.6619684389407168,0.04090891364652655,True
8807,1,1,True,0.7686759590599662,0.7686759590599662,0.05510026690822127,True
8808,1,1,True,0.7681470237782233,0.7681470237782233,0.012658434319097535,True
8809,1,1,True,0.7162507598748761,0.7162507598748761,0.0013536718397517097,True
8810,1,0,False,0.6309771808116478,0.6309771808116478,-0.023566203785629784,True
8811,1,0,False,0.6202326524123324,0.6202326524123324,-0.03797846700894347,True
8812,1,0,False,0.6489981607813244,0.6489981607813244,-0.011435842637830835,True
8813,1,1,True,0.653080223856088,0.653080223856088,0.008133758599663305,True
8814,1,1,True,0.5747483004200017,0.5747483004200017,0.02887330025515863,False
8815,1,1,True,0.5911474721045872,0.5911474721045872,0.032029405108287216,False
8816,1,1,True,0.5318971207783415,0.5318971207783415,0.03766941928498193,False
8817,1,1,True,0.5496364439075404,0.5496364439075404,0.016336172641061304,False
8818,1,1,True,0.5755219115508844,0.5755219115508844,0.014759356212881224,False
8819,1,0,False,0.5631957736131272,0.5631957736131272,-0.009938137206359946,False
8820,1,1,True,0.5543773678735838,0.5543773678735838,0.010390639829457638,False
8821,1,1,True,0.5042624130731711,0.5042624130731711,0.015809699745810035,False
8822,1,1,True,0.65071123187658,0.65071123187658,0.014240402416893689,True
8823,1,1,True,0.7064596991300601,0.7064596991300601,0.03153324975383564,True
8824,1,1,True,0.7195774951319365,0.7195774951319365,0.013745794525497944,True
8825,1,1,True,0.6895597625038001,0.6895597625038001,0.01893793388387261,True
8826,1,1,True,0.6867361565598834,0.6867361565598834,0.02309979675942009,True
8827,1,1,True,0.6684808894735871,0.6684808894735871,0.010829695134494886,True
8828,1,1,True,0.5898286625767134,0.5898286625767134,0.020740703932860587,False
8829,1,1,True,0.5703905081769362,0.5703905081769362,0.05636420070026977,False
8830,1,1,True,0.6043456461324413,0.6043456461324413,0.04274433695247536,True
8831,1,1,True,0.5560392797946395,0.5560392797946395,0.02140092756811528,False
8832,0,1,False,0.5458886887246286,0.4541113112753714,0.028817319760077325,False
8833,0,1,False,0.5773258196146972,0.42267418038530286,0.0012394867463673392,False
8834,0,0,True,0.5097301050475814,0.49026989495241874,-0.005578979505724211,False
8835,1,0,False,0.5859104166535692,0.5859104166535692,-0.010874516886197443,False
8836,1,0,False,0.5704056441005095,0.5704056441005095,-0.006943615213203795,False
8837,1,0,False,0.5576534518527302,0.5576534518527302,-0.017744346947665877,False
8838,1,0,False,0.5666815025068704,0.5666815025068704,-0.007218109317862964,False
8839,0,0,True,0.5488554510195033,0.45114454898049683,-0.011479056118591572,False
8840,1,0,False,0.5419908512995936,0.5419908512995936,-0.020225770913377232,False
8841,1,0,False,0.5337397435008475,0.5337397435008475,-0.011066189380368099,False
8842,1,0,False,0.5727478252744377,0.5727478252744377,-0.01225634195646627,False
8843,0,0,True,0.5369438269376271,0.46305617306237284,-0.013207481794481786,False
8844,1,0,False,0.5133417572229098,0.5133417572229098,-0.013424284172436504,False
8845,1,1,True,0.5141652597867963,0.5141652597867963,0.007541088066993565,False
8846,0,0,True,0.5361171095531225,0.46388289044687747,-0.005578906831593621,False
8847,0,0,True,0.5822513225912745,0.4177486774087255,-0.009358868247260685,False
8848,0,0,True,0.623053218034779,0.376946781965221,-0.020921613828516886,True
8849,0,0,True,0.685180853383089,0.31481914661691107,-0.03497803595400307,True
8850,0,0,True,0.6408778997580574,0.35912210024194263,-0.0322087842803332,True
8851,0,0,True,0.6557445546709961,0.3442554453290039,-0.02517708084721918,True
8852,0,0,True,0.6312789957496072,0.3687210042503928,-0.012936278979493688,True
8853,0,0,True,0.5683465831273496,0.4316534168726504,-0.01596317934249109,False
8854,0,1,False,0.6160684222852776,0.38393157771472236,0.015858562745935566,True
8855,1,1,True,0.5104328236736767,0.5104328236736767,0.0231299030603254,False
8856,0,1,False,0.5164861675900426,0.48351383240995743,0.0218303484325609,False
8857,0,1,False,0.5057243922597782,0.4942756077402219,0.047497380408209895,False
8858,0,1,False,0.6356337693780932,0.3643662306219067,0.05152944662975985,True
8859,0,1,False,0.6730184675974414,0.32698153240255856,0.001231972601183445,True
8860,0,0,True,0.6477342586995823,0.3522657413004177,-0.002345835903410391,True
8861,0,0,True,0.6390724041329549,0.3609275958670451,-0.01261135130293957,True
8862,0,0,True,0.5962701403187131,0.403729859681287,-0.03547570532247666,False
8863,0,0,True,0.5800154202161911,0.41998457978380893,-0.03959905627173094,False
8864,0,1,False,0.5461993806666455,0.4538006193333545,0.0014407170405385551,False
8865,0,0,True,0.5569161541806058,0.44308384581939414,-0.015129865854436002,False
8866,0,1,False,0.5435405147242588,0.45645948527574126,0.010433613585586829,False
8867,1,1,True,0.5046914976885492,0.5046914976885492,0.013751487262944952,False
8868,1,1,True,0.668950457699992,0.668950457699992,0.025600389855667944,True
8869,1,1,True,0.5493497721897169,0.5493497721897169,0.025289959784614333,False
8870,0,1,False,0.6518458350547793,0.34815416494522067,0.013063793053524857,True
8871,0,0,True,0.5921550348299599,0.40784496517004,-0.00898334162353585,False
8872,0,1,False,0.5236564171975367,0.4763435828024633,0.0062486211581152685,False
8873,0,0,True,0.5238751796081007,0.47612482039189913,-0.003881331653712321,False
8874,1,0,False,0.5434869194416879,0.5434869194416879,-0.027829964046913864,False
8875,0,0,True,0.5935400021951244,0.4064599978048757,-0.02237852389696186,False
8876,1,0,False,0.577625071130711,0.577625071130711,-0.01158914317312187,False
8877,1,0,False,0.609479041858553,0.609479041858553,-0.007216825440520894,True
8878,1,1,True,0.6244983418257605,0.6244983418257605,0.007129584864170095,True
8879,1,1,True,0.6652926698016318,0.6652926698016318,0.012670454134207533,True
8880,1,1,True,0.6680206168993137,0.6680206168993137,0.03899081183159456,True
8881,1,1,True,0.647717516412393,0.647717516412393,0.027517896843100156,True
8882,1,1,True,0.6810609983746589,0.6810609983746589,0.003214587799385237,True
8883,1,0,False,0.595222149908477,0.595222149908477,-0.0028453469269763207,False
8884,0,1,False,0.5542577270930434,0.4457422729069565,0.01928361148554196,False
8885,1,1,True,0.548783593291477,0.548783593291477,0.005830889827838767,False
8886,0,1,False,0.533247543008151,0.4667524569918489,0.01369927344514332,False
8887,0,1,False,0.5410333747475246,0.4589666252524755,0.010468548297592683,False
8888,1,0,False,0.5332867172090516,0.5332867172090516,-0.0030067784162997944,False
8889,1,0,False,0.6682183394799021,0.6682183394799021,-0.03758783459465301,True
8890,1,0,False,0.560651138617073,0.560651138617073,-0.04877750959223186,False
8891,1,0,False,0.5742671034220094,0.5742671034220094,-0.06168949423976318,False
8892,1,0,False,0.5309206604157647,0.5309206604157647,-0.04825933832661026,False
8893,1,0,False,0.5114265994659101,0.5114265994659101,-0.028861495356834667,False
8894,1,0,False,0.6737130566337504,0.6737130566337504,-0.014782993112408698,True
8895,1,0,False,0.6478534760399609,0.6478534760399609,-0.02210729682490035,True
8896,1,0,False,0.6642495513008596,0.6642495513008596,-0.010445323154390274,True
8897,1,1,True,0.6430985534452823,0.6430985534452823,0.0026074540828796124,True
8898,1,0,False,0.6935502574316027,0.6935502574316027,-0.0004599090245548926,True
8899,1,0,False,0.6604376100953764,0.6604376100953764,-0.00399140937727254,True
8900,1,1,True,0.6044222435871637,0.6044222435871637,0.026790111058134114,True
8901,1,1,True,0.5023393769971581,0.5023393769971581,0.009800144150084497,False
8902,1,0,False,0.6349967783663243,0.6349967783663243,-0.016555499599646802,True
8903,1,0,False,0.6524930784000119,0.6524930784000119,-0.005721448952028103,True
8904,1,0,False,0.5249877965751187,0.5249877965751187,-0.002086749653680465,False
8905,1,0,False,0.7020365665894496,0.7020365665894496,-0.002507498497943519,True
8906,1,1,True,0.6813725525232984,0.6813725525232984,0.016273314291733506,True
8907,1,1,True,0.7303148360002282,0.7303148360002282,0.03542625255988022,True
8908,1,1,True,0.6970663896132273,0.6970663896132273,0.03035601759761118,True
8909,1,1,True,0.7226923684244738,0.7226923684244738,0.0367619339756788,True
8910,1,1,True,0.7567993921287228,0.7567993921287228,0.055656207259874246,True
8911,1,1,True,0.6727003297471924,0.6727003297471924,0.04227461367097158,True
8912,1,1,True,0.6175821116342091,0.6175821116342091,0.02146456626870563,True
8913,0,1,False,0.5580264510599674,0.44197354894003266,0.029690914830423853,False
8914,1,1,True,0.5398896173163305,0.5398896173163305,0.04757926550315511,False
8915,1,1,True,0.5385799628376109,0.5385799628376109,0.00916437721252543,False
8916,1,1,True,0.6703106870209156,0.6703106870209156,0.03448906801791376,True
8917,1,1,True,0.6605646173393923,0.6605646173393923,0.05269029342699957,True
8918,1,1,True,0.690896834712002,0.690896834712002,0.032609743278734435,True
8919,1,1,True,0.6082248011066117,0.6082248011066117,0.006203739913640907,True
8920,1,1,True,0.609359484033081,0.609359484033081,0.01323709296907033,True
8921,1,0,False,0.6196963637800162,0.6196963637800162,-0.012405932210620469,True
8922,1,0,False,0.5829520595537945,0.5829520595537945,-0.02109311886263415,False
8923,0,0,True,0.5707011883032619,0.4292988116967382,-0.03236189248000311,False
8924,0,0,True,0.5021810183620091,0.4978189816379908,-0.03954683826166962,False
8925,0,0,True,0.5521243391304554,0.44787566086954445,-0.02363746321874901,False
8926,0,0,True,0.5104040719641122,0.489595928035888,-0.014997518831731045,False
8927,0,0,True,0.550883490718629,0.4491165092813711,-0.007388047371333675,False
8928,1,0,False,0.5790935340904086,0.5790935340904086,-0.00286424281203747,False
8929,1,1,True,0.6077727687934723,0.6077727687934723,0.010679927330048184,True
8930,0,0,True,0.6381883216314013,0.36181167836859873,-0.01585221689043156,True
8931,0,1,False,0.7003548883462957,0.2996451116537043,0.005923675457099891,True
8932,0,0,True,0.6069620638409571,0.3930379361590428,-0.022895697460350077,True
8933,0,0,True,0.6373029391049518,0.36269706089504816,-0.0057110175820931485,True
8934,0,0,True,0.622693123992265,0.377306876007735,-0.009875578092262307,True
8935,0,0,True,0.6316500122107546,0.3683499877892454,-0.009922663952311256,True
8936,0,0,True,0.6151687453414882,0.3848312546585117,-0.04570275944912397,True
8937,0,0,True,0.6077845188099413,0.39221548119005867,-0.020367998794281673,True
8938,0,0,True,0.5703597750385413,0.4296402249614586,-0.022012878203158625,False
8939,0,0,True,0.5238674675161098,0.4761325324838903,-0.00760944323150713,False
8940,1,0,False,0.5061093833642735,0.5061093833642735,-0.0013475770626888606,False
8941,1,1,True,0.6752201499179581,0.6752201499179581,0.013003730409187992,True
8942,0,0,True,0.5577379842931965,0.4422620157068035,-0.00042295528553239534,False
8943,0,0,True,0.538747865451013,0.4612521345489869,-0.019419716963668326,False
8944,0,0,True,0.6745146556909908,0.3254853443090091,-0.01227555103976748,True
8945,0,0,True,0.6482397844463095,0.35176021555369047,-0.027501513225641858,True
8946,0,0,True,0.7246235501142396,0.2753764498857602,-0.04617924830720429,True
8947,0,0,True,0.6079511834223525,0.39204881657764745,-0.042753986171527224,True
8948,0,0,True,0.6746271815322346,0.3253728184677655,-0.013915354168995081,True
8949,0,0,True,0.668836640608184,0.3311633593918158,-0.028483250096904753,True
8950,0,1,False,0.5918700009239738,0.4081299990760263,0.021203951124522214,False
8951,0,1,False,0.6457599822858211,0.3542400177141789,0.03979347275520855,True
8952,1,1,True,0.5549982929217879,0.5549982929217879,0.05712538670493866,False
8953,1,1,True,0.6144201473545997,0.6144201473545997,0.05027275974798977,True
8954,0,1,False,0.6368940360188601,0.36310596398114,0.07785991013126271,True
8955,0,1,False,0.681806906584575,0.31819309341542495,0.039341998564851766,True
8956,0,1,False,0.6502331065018128,0.34976689349818724,0.04177995852321453,True
8957,0,1,False,0.6226419363144327,0.37735806368556735,0.0428957764108742,True
8958,0,1,False,0.5854730713049122,0.4145269286950877,0.03330950213569961,False
8959,0,1,False,0.5008276108562534,0.49917238914374656,0.01956062777312222,False
8960,0,1,False,0.5095210355578522,0.4904789644421477,0.022681272237837027,False
8961,1,1,True,0.6211150063426202,0.6211150063426202,0.028392595457332682,True
8962,1,1,True,0.6591987521978533,0.6591987521978533,0.00742330656129932,True
8963,1,0,False,0.6482470152620828,0.6482470152620828,-0.00849968796587713,True
8964,1,0,False,0.5854883596895292,0.5854883596895292,-0.028541231277552023,False
8965,1,0,False,0.630686472726385,0.630686472726385,-0.02144020999670391,True
8966,1,0,False,0.5703447649889387,0.5703447649889387,-0.024489000129398853,False
8967,1,0,False,0.5332238127760024,0.5332238127760024,-0.01080966659216648,False
8968,1,0,False,0.630339273573124,0.630339273573124,-0.01127715509066707,True
8969,1,1,True,0.6363692694732447,0.6363692694732447,0.000424281565186382,True
8970,1,1,True,0.5636029299553851,0.5636029299553851,0.010324107606712509,False
8971,1,0,False,0.6165956378875231,0.6165956378875231,-0.02294952412546538,True
8972,1,0,False,0.5699952104684359,0.5699952104684359,-0.029714285225347293,False
8973,1,0,False,0.6151234404026095,0.6151234404026095,-0.024063261440588856,True
8974,1,0,False,0.5274596185729945,0.5274596185729945,-0.03185750455107062,False
8975,1,0,False,0.5685715177009522,0.5685715177009522,-0.05575561924310765,False
8976,1,0,False,0.5826788176849659,0.5826788176849659,-0.025502958575343543,False
8977,1,0,False,0.662885976139707,0.662885976139707,-0.028862499464170847,True
8978,1,0,False,0.6523693458121761,0.6523693458121761,-0.037411576304162746,True
8979,1,0,False,0.6513808401927398,0.6513808401927398,-0.02855057905862728,True
8980,1,0,False,0.6789374139162038,0.6789374139162038,-0.0021371039150099394,True
8981,0,0,True,0.5032061281135162,0.4967938718864839,-0.0018253314607915734,False
8982,0,1,False,0.6657644929420706,0.3342355070579293,0.015220494249285092,True
8983,0,1,False,0.5817611254108831,0.41823887458911696,0.03948322151576673,False
8984,0,1,False,0.6155757249954971,0.38442427500450305,0.05329488233609301,True
8985,0,1,False,0.7307444566931015,0.2692555433068985,0.04605615759617702,True
8986,0,1,False,0.6457462196918321,0.35425378030816795,0.04772216235937832,True
8987,0,1,False,0.6882995819388503,0.31170041806114956,0.03380889138878772,True
8988,0,1,False,0.6887399217147351,0.31126007828526486,0.016158692961763532,True
8989,0,0,True,0.6234730641730191,0.3765269358269809,-0.0027942622360698772,True
8990,0,1,False,0.5027497723759279,0.49725022762407217,0.000170869663869934,False
8991,1,1,True,0.5520106473297527,0.5520106473297527,0.015409419151356282,False
8992,0,1,False,0.5364378125914832,0.4635621874085168,0.010671391459064811,False
8993,1,1,True,0.5803485568800925,0.5803485568800925,0.012919339776970653,False
8994,1,1,True,0.5349020742094998,0.5349020742094998,0.027046214450581876,False
8995,0,1,False,0.5918847245448773,0.40811527545512266,0.03568183061132177,False
8996,0,0,True,0.6042395519131771,0.39576044808682287,-0.0101769506359209,True
8997,0,1,False,0.6244340575166242,0.3755659424833759,0.007864418389599854,True
8998,0,1,False,0.5418596019764194,0.4581403980235806,0.008792131696822521,False
8999,0,1,False,0.5499483590987168,0.4500516409012833,0.0001456569884079595,False
9000,1,0,False,0.5031596076914505,0.5031596076914505,-0.06401290510060176,False
9001,0,0,True,0.5207305421787898,0.4792694578212102,-0.029815987362678164,False
9002,1,0,False,0.51356080308996,0.51356080308996,-0.006761585477850684,False
9003,1,0,False,0.5173301390083748,0.5173301390083748,-0.024565497947429606,False
9004,1,0,False,0.6036397443660297,0.6036397443660297,-0.04961070977134763,True
9005,1,0,False,0.6010178405060221,0.6010178405060221,-0.06002906281123913,True
9006,1,0,False,0.503922857842325,0.503922857842325,-0.07422785209686712,False
9007,1,0,False,0.5354352196929391,0.5354352196929391,-0.09071460925632538,False
9008,1,0,False,0.5951599278626093,0.5951599278626093,-0.08895859559965064,False
9009,1,0,False,0.6554214158333804,0.6554214158333804,-0.03098000141830859,True
9010,1,1,True,0.5194377722335518,0.5194377722335518,0.005479811912462197,False
9011,1,0,False,0.6871698596438988,0.6871698596438988,-0.006743320156737385,True
9012,1,0,False,0.6997694793323707,0.6997694793323707,-0.04299266395400555,True
9013,1,1,True,0.6747509981285451,0.6747509981285451,0.012363710486420485,True
9014,1,0,False,0.714289885141623,0.714289885141623,-0.014892728679488067,True
9015,1,0,False,0.657506414903998,0.657506414903998,-0.0012738473291834004,True
9016,1,0,False,0.7133331713073329,0.7133331713073329,-0.007241161291773034,True
9017,1,1,True,0.7472049632300104,0.7472049632300104,0.021304579421327817,True
9018,1,1,True,0.7817977305415479,0.7817977305415479,0.0030321480076922077,True
9019,1,1,True,0.7944005593766983,0.7944005593766983,0.047782351987631345,True
9020,1,1,True,0.7536642465188158,0.7536642465188158,0.05375594172761764,True
9021,1,1,True,0.712662130800302,0.712662130800302,0.06602423335957745,True
9022,1,1,True,0.7263855496631845,0.7263855496631845,0.0369350433967447,True
9023,1,1,True,0.7755929239536531,0.7755929239536531,0.06169896082111462,True
9024,1,1,True,0.6583760542244832,0.6583760542244832,0.014185662117868569,True
9025,1,1,True,0.5240040508888691,0.5240040508888691,0.00016860273392202535,False
9026,0,0,True,0.5069204402461397,0.49307955975386036,-0.0044731834272456125,False
9027,1,1,True,0.5441756400227296,0.5441756400227296,0.0325245778153966,False
9028,1,0,False,0.5199399231733273,0.5199399231733273,-0.011730799062016422,False
9029,1,1,True,0.5442208133790611,0.5442208133790611,0.011535619218988508,False
9030,1,0,False,0.5565892272865437,0.5565892272865437,-0.009663123548321353,False
9031,1,0,False,0.6140960821825919,0.6140960821825919,-0.002404886374811587,True
9032,1,0,False,0.5956264792171256,0.5956264792171256,-0.0011597285958983307,False
9033,1,1,True,0.6373173115656433,0.6373173115656433,0.0076928963211487875,True
9034,1,0,False,0.600013756602212,0.600013756602212,-0.038026384240598364,True
9035,0,0,True,0.508412088207212,0.491587911792788,-0.018502615723620195,False
9036,1,0,False,0.5987200744672397,0.5987200744672397,-0.020159595664188498,False
9037,1,0,False,0.6324855584972527,0.6324855584972527,-0.008171297717584665,True
9038,1,0,False,0.6680220907318751,0.6680220907318751,-0.01985265880287279,True
9039,1,1,True,0.7201825947704809,0.7201825947704809,0.004773988800639483,True
9040,1,1,True,0.6414196784843974,0.6414196784843974,0.03768344252749715,True
9041,1,1,True,0.718742904445688,0.718742904445688,0.014044721737703608,True
9042,1,0,False,0.7772303970534992,0.7772303970534992,-0.03603044397572135,True
9043,1,0,False,0.6824147552293409,0.6824147552293409,-0.04562547549134607,True
9044,1,0,False,0.6966057990854896,0.6966057990854896,-0.0629284877142178,True
9045,1,0,False,0.5944815343045936,0.5944815343045936,-0.09397005883883788,False
9046,1,0,False,0.5585659683739644,0.5585659683739644,-0.07287181372724919,False
9047,1,0,False,0.7423272982466039,0.7423272982466039,-0.04517064050352786,True
9048,1,0,False,0.7105200390392193,0.7105200390392193,-0.04868616695088363,True
9049,1,0,False,0.7208076359217191,0.7208076359217191,-0.020279661921651475,True
9050,1,1,True,0.7176996280806271,0.7176996280806271,0.02312269251597689,True
9051,1,1,True,0.5965138924646002,0.5965138924646002,0.041581926802734495,False
9052,1,1,True,0.5507521685630234,0.5507521685630234,0.0715653350886705,False
9053,1,1,True,0.6263888554034974,0.6263888554034974,0.08094414274225042,True
9054,1,1,True,0.6265467902460706,0.6265467902460706,0.08665326856156073,True
9055,1,1,True,0.5913995260836581,0.5913995260836581,0.035685171061599526,False
9056,1,1,True,0.612210559627781,0.612210559627781,0.04651284851851314,True
9057,1,1,True,0.7002580924489562,0.7002580924489562,0.026712642389254925,True
9058,1,1,True,0.5693767475459283,0.5693767475459283,0.06126019298593913,False
9059,0,1,False,0.5001349728687831,0.4998650271312169,0.0515441069154943,False
9060,0,1,False,0.6253977612666869,0.37460223873331316,0.07871238186502134,True
9061,0,1,False,0.6141447992558424,0.38585520074415763,0.027659588567735722,True
9062,1,1,True,0.5024502264875627,0.5024502264875627,0.06202000646158603,False
9063,0,1,False,0.5584122491712924,0.4415877508287076,0.046441015215921075,False
9064,0,0,True,0.5157239854678973,0.4842760145321027,-0.001517303833624143,False
9065,0,1,False,0.5541018935169589,0.4458981064830412,0.0070842873835875635,False
9066,0,1,False,0.5992329323381176,0.40076706766188236,0.03939440247943227,False
9067,0,0,True,0.5706523107171853,0.4293476892828147,-0.015808572442105897,False
9068,0,0,True,0.5872892799909318,0.4127107200090682,-0.01173232902300492,False
9069,0,0,True,0.6767903223637206,0.32320967763627945,-0.023853625018541474,True
9070,0,0,True,0.7324368850155628,0.2675631149844371,-0.03222219951093817,True
9071,0,0,True,0.6768305380821488,0.3231694619178513,-0.021328747640947412,True
9072,0,0,True,0.7096675064896107,0.29033249351038914,-0.042685105815413786,True
9073,0,0,True,0.7061512653046634,0.29384873469533646,-0.042945781850050595,True
9074,0,1,False,0.6379427499564065,0.3620572500435933,0.01485868447080424,True
9075,0,1,False,0.7200457433467635,0.2799542566532363,0.018245469637368006,True
9076,0,1,False,0.7393988845177075,0.2606011154822923,0.004000215679037618,True
9077,0,1,False,0.6533696681266972,0.3466303318733028,0.0428553649304564,True
9078,0,1,False,0.5814622532019752,0.41853774679802475,0.005654420055434341,False
9079,0,0,True,0.6845101251802079,0.3154898748197922,-0.007140851795805174,True
9080,0,1,False,0.6283315690599406,0.37166843094005936,0.03135763046869688,True
9081,0,0,True,0.670602062626582,0.3293979373734179,-0.006975085053825477,True
9082,0,0,True,0.6188139215828162,0.3811860784171838,-0.02029395566568719,True
9083,0,1,False,0.6904261104937214,0.30957388950627857,0.011630174516403812,True
9084,0,1,False,0.6070618653763854,0.39293813462361465,0.002186173639608144,True
9085,0,0,True,0.6447951621571802,0.3552048378428197,-0.04124698049147981,True
9086,0,1,False,0.615889322917655,0.38411067708234503,0.00950390714167972,True
9087,0,0,True,0.5648116077397005,0.43518839226029954,-0.015465883770616421,False
9088,0,1,False,0.5797137999018519,0.42028620009814815,0.030997819946546563,False
9089,0,1,False,0.5849827826478857,0.4150172173521143,0.04719639758525546,False
9090,1,1,True,0.5932331639267928,0.5932331639267928,0.030459817410143045,False
9091,0,1,False,0.588137021907149,0.41186297809285105,0.002614310721725073,False
9092,0,1,False,0.6160887554721889,0.38391124452781117,0.06812283153989547,True
9093,0,1,False,0.5180881563550344,0.48191184364496564,0.03718509937219877,False
9094,0,1,False,0.6904305340279587,0.3095694659720413,0.04948880436548227,True
9095,0,1,False,0.6930067873150877,0.30699321268491236,0.06986175856295541,True
9096,0,1,False,0.7227790679809795,0.2772209320190206,0.11542511857223091,True
9097,0,1,False,0.7191763646039875,0.2808236353960125,0.08552889712582883,True
9098,0,1,False,0.7204370527419873,0.2795629472580127,0.0707847698683459,True
9099,0,1,False,0.6928657173547544,0.3071342826452455,0.009100498718938891,True
9100,0,0,True,0.7021868714925458,0.2978131285074543,-0.02372008600792724,True
9101,0,0,True,0.6909106318577378,0.30908936814226223,-0.06848333126755363,True
9102,0,0,True,0.7469177079243087,0.2530822920756913,-0.10041894844564775,True
9103,0,0,True,0.7264151007148277,0.2735848992851724,-0.1559665676940428,True
9104,0,0,True,0.7039529475760311,0.2960470524239689,-0.1469779058418279,True
9105,0,0,True,0.7074075975405437,0.29259240245945634,-0.11755669229944814,True
9106,0,0,True,0.6352821739315536,0.3647178260684463,-0.0665895930670789,True
9107,0,0,True,0.6323760720905388,0.36762392790946113,-0.0501621093386417,True
9108,0,0,True,0.6331741287071119,0.3668258712928882,-0.00045278006872333574,True
9109,0,1,False,0.6659339741233511,0.33406602587664885,0.012862219265758602,True
9110,0,1,False,0.6686393184174643,0.3313606815825357,0.014499504462563553,True
9111,0,0,True,0.5203008915413182,0.47969910845868186,-0.041245194295559194,False
9112,0,0,True,0.5266688776109582,0.4733311223890419,-0.06481286284030768,False
9113,0,0,True,0.5008218944298618,0.49917810557013814,-0.07161958502832905,False
9114,1,0,False,0.6033480204178242,0.6033480204178242,-0.061708709011171856,True
9115,1,0,False,0.5983996363713139,0.5983996363713139,-0.07626882189085513,False
9116,0,0,True,0.6024408306004966,0.3975591693995035,-0.05930733071571588,True
9117,1,0,False,0.5483078232824584,0.5483078232824584,-0.015874603683236156,False
9118,1,1,True,0.6068968027263343,0.6068968027263343,0.007892954957552985,True
9119,1,0,False,0.6389344110269634,0.6389344110269634,-0.01627264031060132,True
9120,1,1,True,0.6151051454675066,0.6151051454675066,2.0390402325688233e-05,True
9121,1,1,True,0.7057597552749663,0.7057597552749663,0.02217807598507804,True
9122,1,1,True,0.7187779250616879,0.7187779250616879,0.021130738395082616,True
9123,1,0,False,0.617790586767388,0.617790586767388,-0.010464111068415969,True
9124,1,0,False,0.6535319109748694,0.6535319109748694,-0.07471382925715028,True
9125,1,0,False,0.6975038805058235,0.6975038805058235,-0.10940172954950272,True
9126,1,0,False,0.7061767653370513,0.7061767653370513,-0.12579294848868472,True
9127,1,0,False,0.7214316872029641,0.7214316872029641,-0.16599118662794554,True
9128,1,0,False,0.7779027376220226,0.7779027376220226,-0.16924415709122015,True
9129,1,0,False,0.7636844791540413,0.7636844791540413,-0.08526482632410229,True
9130,1,0,False,0.7357567322846382,0.7357567322846382,-0.06391328260012137,True
9131,1,0,False,0.7282282839981556,0.7282282839981556,-0.04373092120720666,True
9132,1,0,False,0.7080586453899409,0.7080586453899409,-0.02211572875226816,True
9133,1,0,False,0.7289417612763271,0.7289417612763271,-0.0171923205401553,True
9134,1,1,True,0.7907906125127092,0.7907906125127092,0.0005507649132572495,True
9135,1,1,True,0.5961119229988904,0.5961119229988904,0.01182262719820219,False
9136,1,0,False,0.5640905703576703,0.5640905703576703,-0.016874251854704855,False
9137,1,1,True,0.5891502289877242,0.5891502289877242,0.01856365766808232,False
9138,0,1,False,0.5005994941182489,0.49940050588175106,0.04797308289330478,False
9139,1,1,True,0.5976363731983814,0.5976363731983814,0.0780809029681459,False
9140,1,1,True,0.7446752544635437,0.7446752544635437,0.08787924492386621,True
9141,1,1,True,0.7588255798860039,0.7588255798860039,0.13290018289990435,True
9142,1,1,True,0.774269480244529,0.774269480244529,0.15079624475104422,True
9143,1,1,True,0.7622513698771635,0.7622513698771635,0.11150744439066895,True
9144,1,1,True,0.7599757516259511,0.7599757516259511,0.10200937675744107,True
9145,1,1,True,0.6939268403048882,0.6939268403048882,0.08619722954594876,True
9146,1,1,True,0.6801088161314698,0.6801088161314698,0.07338595247198441,True
9147,1,1,True,0.6417879127906448,0.6417879127906448,0.07001375182094507,True
9148,1,1,True,0.6374216895152602,0.6374216895152602,0.12609502510469783,True
9149,1,1,True,0.7486085027835397,0.7486085027835397,0.07105350138498073,True
9150,1,1,True,0.6639439915295154,0.6639439915295154,0.08609590157929772,True
9151,1,1,True,0.6323089226142656,0.6323089226142656,0.04730307782789268,True
9152,1,0,False,0.5357679839104312,0.5357679839104312,-0.010788261347629075,False
9153,1,0,False,0.5647012114953635,0.5647012114953635,-0.03257016583048816,False
9154,0,0,True,0.5894721246236961,0.410527875376304,-0.01630493647033643,False
9155,0,0,True,0.6350880275205064,0.36491197247949353,-0.044195931656964185,True
9156,0,1,False,0.7066886546943415,0.29331134530565856,0.01637793487809002,True
9157,0,1,False,0.6508786718429568,0.3491213281570431,0.05055831650754639,True
9158,0,1,False,0.6435889992585314,0.35641100074146853,0.042124428530517635,True
9159,0,1,False,0.5845865875190014,0.41541341248099856,0.002244693381910669,False
9160,0,1,False,0.6055877571512894,0.3944122428487106,0.008082754956811778,True
9161,0,0,True,0.6114289501569917,0.3885710498430082,-0.04258946112979403,True
9162,0,0,True,0.6154115521557668,0.38458844784423313,-0.05455352280382448,True
9163,0,0,True,0.5821288333872682,0.41787116661273177,-0.04901581220874632,False
9164,0,0,True,0.6142553806473263,0.3857446193526737,-9.883610306053435e-05,True
9165,0,0,True,0.6357152830850916,0.3642847169149084,-0.0064606158840634234,True
9166,0,1,False,0.6559429532513568,0.34405704674864307,0.008907742410677811,True
9167,0,1,False,0.6472111805767838,0.352788819423216,0.03447910062644819,True
9168,0,1,False,0.6691761749666069,0.3308238250333931,0.026776785212112096,True
9169,0,0,True,0.6750342444785239,0.3249657555214761,-0.027002007682978016,True
9170,0,0,True,0.6795558367862297,0.3204441632137705,-0.05925382359860028,True
9171,0,0,True,0.733268474173158,0.266731525826842,-0.05581367239375207,True
9172,0,0,True,0.6638484396832428,0.33615156031675725,-0.09571635287202945,True
9173,0,0,True,0.6154698038476454,0.3845301961523546,-0.0973101735092645,True
9174,0,0,True,0.5104252628862395,0.48957473711376065,-0.08498779006910721,False
9175,1,0,False,0.540078290062457,0.540078290062457,-0.09185923212198682,False
9176,1,0,False,0.7386528516068065,0.7386528516068065,-0.0992988232319603,True
9177,1,0,False,0.7044347383766204,0.7044347383766204,-0.03151381204692781,True
9178,1,0,False,0.6661699599072747,0.6661699599072747,-0.033508308860503294,True
9179,1,0,False,0.5682470564417169,0.5682470564417169,-0.006354484617848404,False
9180,0,1,False,0.630873499984821,0.3691265000151789,0.05660047308720433,True
9181,1,1,True,0.5849613173933337,0.5849613173933337,0.06851667926020037,False
9182,0,0,True,0.5005784077472745,0.4994215922527256,-0.046265584159130575,False
9183,0,0,True,0.6477223597728966,0.35227764022710334,-0.029310899557374998,True
9184,0,0,True,0.707300716330829,0.2926992836691709,-0.03697004153308773,True
9185,0,0,True,0.7141600247769483,0.28583997522305166,-0.033462484004613484,True
9186,0,0,True,0.723746632184203,0.27625336781579707,-0.07575589979239035,True
9187,0,1,False,0.7700412888968194,0.22995871110318045,0.0037960693173209542,True
9188,0,0,True,0.7864165440932478,0.21358345590675218,-0.026994921666185254,True
9189,0,0,True,0.7918084117531872,0.2081915882468127,-0.032302465220305374,True
9190,0,0,True,0.5642613316205581,0.4357386683794418,-0.03963254890009492,False
9191,1,1,True,0.5067241869107534,0.5067241869107534,0.00015161881819095795,False
9192,0,0,True,0.532776395898301,0.4672236041016991,-0.022257580042748457,False
9193,0,1,False,0.5787274861779924,0.42127251382200764,0.021048799078707155,False
9194,1,1,True,0.6345509674617771,0.6345509674617771,0.005389749542500734,True
9195,1,1,True,0.6496479403207688,0.6496479403207688,0.052379876380309276,True
9196,1,1,True,0.7056469981357482,0.7056469981357482,0.08788844921193467,True
9197,1,1,True,0.8086138475645613,0.8086138475645613,0.10464605241847591,True
9198,1,1,True,0.7313079250315792,0.7313079250315792,0.03795309139704971,True
9199,1,1,True,0.7264210535595522,0.7264210535595522,0.0805696290012898,True
9200,1,1,True,0.7277345756290798,0.7277345756290798,0.07127849202371728,True
9201,1,1,True,0.8024546965917446,0.8024546965917446,0.03530383881736841,True
9202,1,1,True,0.7475962250321458,0.7475962250321458,0.07762118176934286,True
9203,1,1,True,0.776130572834759,0.776130572834759,0.11434128858681067,True
9204,1,1,True,0.7005684685985049,0.7005684685985049,0.06756840840506738,True
9205,1,1,True,0.7433483453919694,0.7433483453919694,0.021859815519728428,True
9206,1,1,True,0.7335717034319362,0.7335717034319362,0.03878629333786578,True
9207,1,0,False,0.7763102782099268,0.7763102782099268,-0.010521318998859943,True
9208,1,0,False,0.7157700870549338,0.7157700870549338,-0.006520868420092988,True
9209,1,1,True,0.6867833369828983,0.6867833369828983,0.005321222094398138,True
9210,1,0,False,0.6687935467483693,0.6687935467483693,-0.010427037819137203,True
9211,1,0,False,0.5885899944452592,0.5885899944452592,-0.014245271375934279,False
9212,1,0,False,0.5426445386129181,0.5426445386129181,-0.0376558806264916,False
9213,0,0,True,0.572013778049265,0.4279862219507351,-0.08962669472332255,False
9214,0,0,True,0.6241163491416326,0.37588365085836734,-0.13703687912731782,True
9215,0,0,True,0.5535480245127156,0.44645197548728444,-0.11129178792689233,False
9216,0,0,True,0.5609106792075812,0.43908932079241875,-0.12137232022752563,False
9217,0,0,True,0.6418419301714561,0.35815806982854376,-0.08067871850574677,True
9218,0,0,True,0.6051464943467683,0.39485350565323163,-0.03589746224992401,True
9219,1,1,True,0.6183852284513596,0.6183852284513596,0.04514752065052717,True
9220,1,1,True,0.5506589798174332,0.5506589798174332,0.05743289790759464,False
9221,1,1,True,0.609733986295851,0.609733986295851,0.10598708233851577,True
9222,1,1,True,0.5773648218766358,0.5773648218766358,0.06914557441666945,False
9223,1,1,True,0.6033108315733202,0.6033108315733202,0.08545280747413556,True
9224,1,1,True,0.5899772215576466,0.5899772215576466,0.07673420359366763,False
9225,0,1,False,0.6751962383059489,0.32480376169405106,0.03476818338161066,True
9226,0,0,True,0.6637155825756933,0.33628441742430665,-0.061999256072355104,True
9227,0,0,True,0.7668899732397074,0.2331100267602925,-0.009484163169691256,True
9228,0,0,True,0.7426927303430132,0.25730726965698675,-0.022546918486152326,True
9229,0,0,True,0.7628484123106022,0.23715158768939779,-0.0347754010794036,True
9230,0,0,True,0.7868695929552597,0.2131304070447403,-0.0016302206387524402,True
9231,0,1,False,0.8058572581852617,0.19414274181473837,0.04085411758105087,True
9232,0,1,False,0.7925788103149927,0.20742118968500745,0.022416682495448485,True
9233,0,1,False,0.8628913053761594,0.13710869462384048,0.04943188501326966,True
9234,0,1,False,0.8586919719667178,0.1413080280332822,0.08692141944049252,True
9235,0,1,False,0.8530810780418437,0.14691892195815628,0.0895837433234944,True
9236,0,1,False,0.8194518205754505,0.18054817942454962,0.11123921635115717,True
9237,0,1,False,0.8594790962501769,0.1405209037498231,0.06660172803484753,True
9238,0,1,False,0.7710975527661882,0.22890244723381184,0.05285683589246626,True
9239,0,1,False,0.5616003245733131,0.438399675426687,0.043570021326355735,False
9240,0,1,False,0.5439961008820527,0.4560038991179473,0.03735220337217303,False
9241,0,1,False,0.5626774756146619,0.4373225243853381,0.009393982446426285,False
9242,0,1,False,0.5116536385877067,0.4883463614122932,0.039627271424045464,False
9243,0,1,False,0.5711007626955859,0.4288992373044142,0.014244748741438253,False
9244,0,0,True,0.6674394117939432,0.3325605882060568,-0.009301141724903664,True
9245,0,1,False,0.7181738214750729,0.2818261785249272,0.006933566854791035,True
9246,0,1,False,0.75088624787668,0.24911375212332,0.07100279843985939,True
9247,0,1,False,0.6761347987453502,0.32386520125464985,0.008286778881773265,True
9248,0,1,False,0.6908423318616111,0.3091576681383889,0.05260005882969966,True
9249,0,1,False,0.667481383834548,0.33251861616545203,0.07999622453519205,True
9250,0,1,False,0.5785197784813112,0.42148022151868875,0.040084236705439404,False
9251,0,0,True,0.5338305169499278,0.4661694830500722,-0.03333511757420998,False
9252,0,0,True,0.5661183091743233,0.4338816908256768,-0.015119701342871016,False
9253,0,0,True,0.6953534054954762,0.30464659450452375,-0.009905452682252956,True
9254,0,0,True,0.6981832650638912,0.3018167349361088,-0.04953224378546982,True
9255,0,0,True,0.7335713385237179,0.26642866147628214,-0.07265390810252477,True
9256,0,0,True,0.771209103513895,0.22879089648610493,-0.04299743522843931,True
9257,0,0,True,0.7852656525824666,0.21473434741753336,-0.021314518493745157,True
9258,0,0,True,0.770745921413221,0.22925407858677896,-0.05348786986537053,True
9259,0,0,True,0.8252463365897146,0.1747536634102854,-0.0860818803549277,True
9260,0,0,True,0.7890402319776572,0.21095976802234287,-0.05444699840126983,True
9261,0,0,True,0.6770990166299499,0.3229009833700502,-0.060267977435514625,True
9262,0,0,True,0.7734251132164819,0.2265748867835182,-0.05703451141036411,True
9263,0,0,True,0.7313836252515588,0.26861637474844124,-0.08426476850560691,True
9264,0,0,True,0.7289351578629725,0.27106484213702753,-0.0348026896615683,True
9265,0,0,True,0.6795755650282732,0.32042443497172685,-0.04584368990000852,True
9266,0,0,True,0.6185756780754551,0.38142432192454495,-0.018687405396702623,True
9267,0,0,True,0.6962367464412339,0.3037632535587661,-0.027079230219474944,True
9268,0,0,True,0.7332341289175401,0.2667658710824598,-0.005620133163791049,True
9269,0,0,True,0.7801404464975512,0.2198595535024489,-0.021143776215695975,True
9270,0,0,True,0.743058431474108,0.25694156852589195,-0.018138650692748736,True
9271,0,0,True,0.5973793745676937,0.4026206254323063,-0.07978245943263623,False
9272,0,0,True,0.6419281404323659,0.35807185956763393,-0.07335715675810851,True
9273,0,0,True,0.5854473017195114,0.4145526982804885,-0.08808602389182446,False
9274,0,0,True,0.5008854819763879,0.49911451802361206,-0.08852180181182313,False
9275,1,0,False,0.5474829163884624,0.5474829163884624,-0.06288052093981951,False
9276,1,0,False,0.6338554452813608,0.6338554452813608,-0.014796933894369362,True
9277,1,0,False,0.6610868068849106,0.6610868068849106,-0.017612610193554257,True
9278,1,1,True,0.7871248541460408,0.7871248541460408,0.037524390156886994,True
9279,1,1,True,0.7063428409913804,0.7063428409913804,0.054940537991433995,True
9280,1,1,True,0.6291228429415913,0.6291228429415913,0.07212285491341078,True
9281,1,1,True,0.6172650637528663,0.6172650637528663,0.055601470135616754,True
9282,1,1,True,0.6742848933216953,0.6742848933216953,0.03557096350325429,True
9283,1,1,True,0.5961881199414542,0.5961881199414542,0.060420060756890354,False
9284,1,1,True,0.6924210559795596,0.6924210559795596,0.04011656610029365,True
9285,1,1,True,0.7458254723762437,0.7458254723762437,0.03175794427159495,True
9286,1,1,True,0.7084985475285616,0.7084985475285616,0.04868920780457062,True
9287,1,1,True,0.6710466732496331,0.6710466732496331,0.07762053273851924,True
9288,1,1,True,0.753688591616943,0.753688591616943,0.009366926129067692,True
9289,1,1,True,0.7430710772453083,0.7430710772453083,0.03113818669541209,True
9290,1,1,True,0.786334805579331,0.786334805579331,0.002567071483770118,True
9291,1,0,False,0.748967450784325,0.748967450784325,-0.03898314120856991,True
9292,1,0,False,0.6925084984623102,0.6925084984623102,-0.04563617812815535,True
9293,1,0,False,0.7319207574518632,0.7319207574518632,-0.04226400494768176,True
9294,1,0,False,0.6845873637799506,0.6845873637799506,-0.043163792197608235,True
9295,1,0,False,0.622408935702067,0.622408935702067,-0.05994265447948175,True
9296,0,0,True,0.5052361378171878,0.49476386218281215,-0.04138493241254694,False
9297,1,0,False,0.577186951538991,0.577186951538991,-0.025580726881011425,False
9298,1,0,False,0.5251264405448646,0.5251264405448646,-0.014100372017817737,False
9299,1,0,False,0.5170921478186695,0.5170921478186695,-0.0017332914811225687,False
9300,1,1,True,0.5188923746147398,0.5188923746147398,0.04115081873839013,False
9301,1,1,True,0.6463642809008486,0.6463642809008486,0.03048829431894296,True
9302,1,0,False,0.5376031096093117,0.5376031096093117,-0.010951215883096065,False
9303,1,0,False,0.6644144941019451,0.6644144941019451,-0.002618298546690201,True
9304,1,0,False,0.6613724864683477,0.6613724864683477,-0.04376762509088975,True
9305,1,0,False,0.7065729459784368,0.7065729459784368,-0.08239108399250351,True
9306,1,0,False,0.730118199584849,0.730118199584849,-0.06693724146468578,True
9307,1,0,False,0.7237826443653108,0.7237826443653108,-0.0394332670928155,True
9308,1,0,False,0.7846455027236251,0.7846455027236251,-0.06221397272809734,True
9309,1,0,False,0.799131987259973,0.799131987259973,-0.04810685059827911,True
9310,1,0,False,0.8038350701781152,0.8038350701781152,-0.031217771147720445,True
9311,1,1,True,0.7934047663296432,0.7934047663296432,0.0037559329413851053,True
9312,1,0,False,0.8177915317880755,0.8177915317880755,-0.02613160061875456,True
9313,1,0,False,0.8027400588745465,0.8027400588745465,-0.02673144706565521,True
9314,1,0,False,0.728166206235064,0.728166206235064,-0.021862697125975317,True
9315,1,1,True,0.6706868022056978,0.6706868022056978,0.002365158811536622,True
9316,1,0,False,0.5575058482467515,0.5575058482467515,-0.06364582817667612,False
9317,1,0,False,0.7369366687160364,0.7369366687160364,-0.03548335200226383,True
9318,1,1,True,0.6836141789491833,0.6836141789491833,0.0005977168827281278,True
9319,1,1,True,0.7876503809142085,0.7876503809142085,0.025825972317734987,True
9320,1,1,True,0.8094639483193383,0.8094639483193383,0.06426166283841404,True
9321,1,1,True,0.7913628321620448,0.7913628321620448,0.09178999627875774,True
9322,1,1,True,0.7790280821534422,0.7790280821534422,0.10178174942066424,True
9323,1,1,True,0.7787271752416539,0.7787271752416539,0.06472249762714444,True
9324,1,1,True,0.8072452511949293,0.8072452511949293,0.07514632786939264,True
9325,1,1,True,0.8060073035602001,0.8060073035602001,0.04311495436549786,True
9326,1,1,True,0.6779039304378505,0.6779039304378505,0.03705706993239985,True
9327,1,1,True,0.7290772955052072,0.7290772955052072,0.02248760733161708,True
9328,1,1,True,0.7129998261666991,0.7129998261666991,0.05491335493790207,True
9329,1,1,True,0.7546227882627337,0.7546227882627337,0.04504466363069912,True
9330,1,0,False,0.748898713997407,0.748898713997407,-0.009659214065320403,True
9331,1,0,False,0.7363980763566639,0.7363980763566639,-0.03000629966868973,True
9332,1,0,False,0.6892243248082623,0.6892243248082623,-0.011672525602699897,True
9333,1,1,True,0.7279218528956926,0.7279218528956926,0.03478764493738803,True
9334,1,0,False,0.6424904943258705,0.6424904943258705,-0.007955454610873557,True
9335,1,1,True,0.577524209107354,0.577524209107354,0.0448971158966781,False
9336,1,1,True,0.6793151243733794,0.6793151243733794,0.08893211921074316,True
9337,1,1,True,0.7610064517385934,0.7610064517385934,0.058167304682050995,True
9338,1,0,False,0.7145689646071244,0.7145689646071244,-0.0025969114590763632,True
9339,1,1,True,0.5218415909789472,0.5218415909789472,0.014472497079127749,False
9340,1,0,False,0.5966379942726125,0.5966379942726125,-0.01041666436873272,False
9341,0,1,False,0.5426750367225174,0.45732496327748257,0.0019711224431302123,False
9342,0,1,False,0.5698192962743814,0.4301807037256185,0.031964650655806025,False
9343,0,1,False,0.5751451672056741,0.42485483279432584,0.04711759886025719,False
9344,0,1,False,0.6192696947453727,0.38073030525462714,0.05300836318364344,True
9345,0,1,False,0.6277817255790519,0.3722182744209481,0.062065341354532635,True
9346,0,1,False,0.6691199918387106,0.3308800081612893,0.09289647583878383,True
9347,0,1,False,0.6625338298825184,0.33746617011748153,0.062217699688426054,True
9348,0,1,False,0.59559016176813,0.4044098382318701,0.04698290545457743,False
9349,0,1,False,0.6392607675644827,0.36073923243551725,0.061732930988766484,True
9350,0,1,False,0.6027878226138762,0.3972121773861237,0.02162427751297934,True
9351,0,0,True,0.6592153786216003,0.34078462137839977,-0.024247823690801987,True
9352,0,1,False,0.697167138150692,0.3028328618493081,0.004471593041803438,True
9353,0,0,True,0.754604398165266,0.24539560183473397,-0.01453682304909623,True
9354,0,0,True,0.7025045721023888,0.29749542789761113,-0.003402612044470858,True
9355,0,1,False,0.7122731105844942,0.28772688941550584,0.024871249006913586,True
9356,0,1,False,0.6918538914815265,0.30814610851847335,0.022419131391663138,True
9357,0,0,True,0.6388490730064574,0.3611509269935426,-0.007512924365074487,True
9358,0,1,False,0.6661129014285745,0.33388709857142546,0.029284665343894022,True
9359,0,0,True,0.5639773896854667,0.4360226103145333,-0.014740799289565997,False
9360,0,0,True,0.6772436046266138,0.3227563953733863,-0.019306065514413395,True
9361,0,0,True,0.6498044697414908,0.35019553025850936,-0.0288886466627264,True
9362,0,0,True,0.5585457015649252,0.44145429843507483,-0.007906731186414571,False
9363,0,1,False,0.6029048150109492,0.3970951849890507,0.028355133882437926,True
9364,0,1,False,0.5098019444657128,0.49019805553428725,0.039212284969392414,False
9365,0,1,False,0.5707261793114279,0.42927382068857206,0.02946343357808297,False
9366,0,1,False,0.5324867748271139,0.4675132251728861,0.04942742765652807,False
9367,0,1,False,0.5988788617044657,0.40112113829553436,0.034847609009155636,False
9368,0,0,True,0.526391652927585,0.473608347072415,-0.039013097057355756,False
9369,0,0,True,0.6641302722852332,0.3358697277147668,-0.040397034692989164,True
9370,0,0,True,0.6307877210741243,0.36921227892587566,-0.013858585523122403,True
9371,0,1,False,0.6855472801996182,0.31445271980038186,0.010040945337025759,True
9372,0,1,False,0.7210503231032738,0.2789496768967263,0.030471960641421113,True
9373,0,1,False,0.6794707306375969,0.32052926936240306,0.005254420750800501,True
9374,0,1,False,0.6745360864083697,0.32546391359163024,0.013915682876448102,True
9375,0,0,True,0.6643682042485075,0.3356317957514925,-0.017358155260180728,True
9376,0,0,True,0.6450507967357438,0.3549492032642561,-0.030790264026520374,True
9377,0,0,True,0.5391689281346639,0.4608310718653361,-0.043192373922101464,False
9378,0,0,True,0.5839907798688483,0.41600922013115177,-0.017341793829691015,False
9379,0,0,True,0.7553123329052601,0.24468766709473988,-0.05779350194314297,True
9380,0,0,True,0.7329658242072132,0.2670341757927868,-0.031469992778648676,True
9381,0,0,True,0.7435272284546128,0.2564727715453872,-0.049356007791627035,True
9382,0,0,True,0.6761187667548079,0.3238812332451921,-0.07612610034832609,True
9383,0,0,True,0.7101536232134787,0.28984637678652114,-0.08000964788094028,True
9384,0,0,True,0.7283509575210235,0.2716490424789766,-0.017776813865831555,True
9385,0,0,True,0.6878296177303858,0.31217038226961424,-0.0019908674608254593,True
9386,0,1,False,0.6820327314310289,0.3179672685689711,0.012126496041727358,True
9387,0,1,False,0.6719090242640059,0.32809097573599405,0.01898539343434384,True
9388,0,1,False,0.6041921497173803,0.3958078502826196,0.020458539453624212,True
9389,0,0,True,0.6505028725380367,0.3494971274619632,-0.002884235141473821,True
9390,0,0,True,0.7017418678436332,0.2982581321563666,-0.018734532260920596,True
9391,0,0,True,0.673805483138338,0.326194516861662,-0.01108637827931061,True
9392,0,1,False,0.6630011857152557,0.33699881428474426,0.02879157786892962,True
9393,0,1,False,0.6335573644234818,0.3664426355765183,0.05275522227428947,True
9394,0,1,False,0.6043320024890376,0.39566799751096243,0.07743443933259142,True
9395,0,1,False,0.6407650968051589,0.35923490319484114,0.06588877470295916,True
9396,0,1,False,0.5311567836603875,0.4688432163396124,0.06350023254355548,False
9397,1,1,True,0.6012272535144291,0.6012272535144291,0.04810428162740515,True
9398,1,1,True,0.5114436880249066,0.5114436880249066,0.026984632888309875,False
9399,0,0,True,0.5834889258058016,0.4165110741941984,-0.025569511317922462,False
9400,0,0,True,0.5157099896576446,0.48429001034235536,-0.0016224366770953816,False
9401,1,0,False,0.5403754017497309,0.5403754017497309,-0.07994965786797541,False
9402,1,0,False,0.5328524968960743,0.5328524968960743,-0.0752589343666372,False
9403,1,0,False,0.5707450232877128,0.5707450232877128,-0.07604937962540206,False
9404,1,0,False,0.5295833400916145,0.5295833400916145,-0.06368992193332694,False
9405,1,0,False,0.566122531739676,0.566122531739676,-0.08210996725502408,False
9406,1,0,False,0.6051708080102496,0.6051708080102496,-0.026184478497633716,True
9407,1,0,False,0.6126254200037957,0.6126254200037957,-0.010853443838832334,True
9408,1,1,True,0.676522088013996,0.676522088013996,0.013908653158743749,True
9409,1,1,True,0.7342205512402936,0.7342205512402936,0.02606236156075248,True
9410,1,1,True,0.6816373824677883,0.6816373824677883,0.057522696485847874,True
9411,1,1,True,0.7507742553229337,0.7507742553229337,0.03715898187543726,True
9412,1,0,False,0.7140738842529023,0.7140738842529023,-0.022408240648081938,True
9413,1,0,False,0.7428642662055996,0.7428642662055996,-0.06451552064693435,True
9414,1,0,False,0.755680923240857,0.755680923240857,-0.05540941671130321,True
9415,1,0,False,0.754541268541514,0.754541268541514,-0.09672973672931537,True
9416,1,0,False,0.6498392730565091,0.6498392730565091,-0.07467715034448234,True
9417,1,0,False,0.7464705517676825,0.7464705517676825,-0.06898135379322998,True
9418,1,0,False,0.7819428195842332,0.7819428195842332,-0.04578504572588764,True
9419,1,0,False,0.6784094200044161,0.6784094200044161,-0.0330808616094754,True
9420,1,1,True,0.6891006931673882,0.6891006931673882,0.0025068765861450725,True
9421,0,1,False,0.5859012390549639,0.4140987609450361,0.02569154566316921,False
9422,0,1,False,0.5439757787830891,0.45602422121691094,0.031060672182608596,False
9423,1,1,True,0.7268724639928715,0.7268724639928715,0.0631072362967884,True
9424,1,1,True,0.5039493359941462,0.5039493359941462,0.0453616686629113,False
9425,0,1,False,0.5851706387783343,0.41482936122166564,0.015031369042681713,False
9426,1,0,False,0.5092159284309629,0.5092159284309629,-0.0001255224296076652,False
9427,1,1,True,0.6644099013705226,0.6644099013705226,0.04474664522053852,True
9428,1,0,False,0.724404495059992,0.724404495059992,-0.004395418951960251,True
9429,1,0,False,0.7138933750900947,0.7138933750900947,-0.00571271876641507,True
9430,1,0,False,0.7997871983580667,0.7997871983580667,-0.015812083230227883,True
9431,1,0,False,0.8044029814025708,0.8044029814025708,-0.013363310439971077,True
9432,1,0,False,0.7566266322165506,0.7566266322165506,-0.029870578789128535,True
9433,1,1,True,0.6820290150232676,0.6820290150232676,0.011722990493818052,True
9434,1,1,True,0.7796849303817005,0.7796849303817005,0.02513043597502579,True
9435,1,1,True,0.7210013250766333,0.7210013250766333,0.02884531821408418,True
9436,1,0,False,0.6704027821149805,0.6704027821149805,-0.022566085935226673,True
9437,1,0,False,0.7624045280969219,0.7624045280969219,-0.021184514798034966,True
9438,1,0,False,0.6526539712692886,0.6526539712692886,-0.026068942757975395,True
9439,1,0,False,0.642191994998687,0.642191994998687,-0.030180172956463903,True
9440,1,1,True,0.7070419200861324,0.7070419200861324,0.018774125769717286,True
9441,1,1,True,0.599564983503342,0.599564983503342,0.07663267803683001,False
9442,1,1,True,0.6820136086750422,0.6820136086750422,0.0753849502227508,True
9443,1,1,True,0.6910258683181455,0.6910258683181455,0.06776671823041912,True
9444,1,1,True,0.7326961127913917,0.7326961127913917,0.09388764825760681,True
9445,1,1,True,0.7333361332661607,0.7333361332661607,0.06509802572289336,True
9446,1,1,True,0.7388030469702058,0.7388030469702058,0.03682614985018095,True
9447,1,1,True,0.7129848303599733,0.7129848303599733,0.05168953152684663,True
9448,1,1,True,0.7334077801484558,0.7334077801484558,0.031010287445521003,True
9449,1,0,False,0.6897718743524003,0.6897718743524003,-0.03454935042981407,True
9450,1,0,False,0.6068325998371571,0.6068325998371571,-0.03398971764655979,True
9451,1,0,False,0.6334371515792694,0.6334371515792694,-0.031867927891812406,True
9452,1,0,False,0.6110516948378059,0.6110516948378059,-0.06676400383765015,True
9453,1,0,False,0.5657756269592467,0.5657756269592467,-0.07249323023522238,False
9454,0,0,True,0.5156267108050032,0.48437328919499684,-0.06289396083270647,False
9455,1,0,False,0.6199546049428682,0.6199546049428682,-0.059028531825039136,True
9456,1,0,False,0.5686377655038014,0.5686377655038014,-0.08568072381824712,False
9457,1,0,False,0.5843509691751645,0.5843509691751645,-0.05352302944627522,False
9458,1,0,False,0.5405155266592313,0.5405155266592313,-0.0323714969089988,False
9459,0,0,True,0.6012917785916071,0.39870822140839274,-0.031048910123785856,True
9460,0,0,True,0.6286526250539589,0.3713473749460412,-0.005040851060312192,True
9461,0,1,False,0.5134330100213337,0.48656698997866626,0.018518020640309083,False
9462,1,0,False,0.6202861207405229,0.6202861207405229,-0.002071987174242547,True
9463,1,1,True,0.5730971399513347,0.5730971399513347,0.03008058733574815,False
9464,0,1,False,0.5174153979447379,0.48258460205526216,0.0395446562857961,False
9465,1,1,True,0.5998794195350081,0.5998794195350081,0.012397937004343402,False
9466,0,1,False,0.5338867167601156,0.4661132832398845,0.07082352985422162,False
9467,0,1,False,0.5029587007813772,0.49704129921862283,0.09949490327562704,False
9468,0,1,False,0.603858516847826,0.39614148315217407,0.007983651288011111,True
9469,0,1,False,0.5044735608089734,0.49552643919102657,0.05584172357138498,False
9470,0,1,False,0.5288634541828395,0.4711365458171605,0.015786824437023082,False
9471,1,1,True,0.5340449182393824,0.5340449182393824,0.004673387052760925,False
9472,1,0,False,0.5523489426155611,0.5523489426155611,-0.014366671764948696,False
9473,0,1,False,0.529611217746424,0.470388782253576,0.051155349074060136,False
9474,0,1,False,0.6904668832177049,0.3095331167822952,0.04660315631888713,True
9475,0,1,False,0.7120226514908499,0.28797734850915013,0.04629508767361976,True
9476,0,1,False,0.5632594727725829,0.436740527227417,0.037810885034456,False
9477,0,1,False,0.6602615767549929,0.33973842324500714,0.035106245695468496,True
9478,0,1,False,0.6806111035549519,0.31938889644504803,0.010348365506733105,True
9479,0,0,True,0.6977119715692427,0.30228802843075714,-0.047800322123747685,True
9480,0,1,False,0.7118199222803829,0.2881800777196171,0.00189021116878414,True
9481,0,1,False,0.7172948726832384,0.2827051273167616,0.004946326617267778,True
9482,0,1,False,0.7273365062530744,0.2726634937469256,0.01612476964405592,True
9483,0,1,False,0.7661801787696457,0.2338198212303542,0.08172157844381027,True
9484,0,1,False,0.7429300769483055,0.2570699230516944,0.15206712745638903,True
9485,0,1,False,0.767051228790527,0.23294877120947277,0.13579236237122475,True
9486,0,1,False,0.7451998159493849,0.25480018405061505,0.07208464597728889,True
9487,0,1,False,0.7971196715971774,0.20288032840282252,0.0754224729674308,True
9488,0,1,False,0.721606516450473,0.27839348354952703,0.03507174554155605,True
9489,0,0,True,0.6969223389980033,0.3030776610019968,-0.020887049890477793,True
9490,0,0,True,0.754554429748984,0.245445570251016,-0.07003690137849593,True
9491,0,0,True,0.7097052041141269,0.2902947958858732,-0.07275644671374376,True
9492,0,0,True,0.7727844416143163,0.22721555838568377,-0.03874889164933034,True
9493,0,0,True,0.7518904887554588,0.24810951124454117,-0.08819986185710275,True
9494,0,0,True,0.7578193553303839,0.2421806446696159,-0.03754053228692365,True
9495,0,0,True,0.7363487586427957,0.26365124135720425,-0.013537661936223248,True
9496,0,1,False,0.6827070958472934,0.31729290415270645,0.009961818105146967,True
9497,0,0,True,0.5846352304000749,0.41536476959992497,-0.047815311255479595,False
9498,0,0,True,0.8299128014660712,0.17008719853392887,-0.00596308718042875,True
9499,0,0,True,0.5594226005580086,0.4405773994419914,-0.04342718767133456,False
9500,0,0,True,0.7206478209249179,0.27935217907508225,-0.022883816117200338,True
9501,0,0,True,0.6356377245873952,0.36436227541260474,-0.0018225142825751416,True
9502,0,1,False,0.5915220583226298,0.4084779416773703,0.014173870691695976,False
9503,0,1,False,0.6183509660847454,0.3816490339152545,0.030273410136744276,True
9504,0,1,False,0.7431364047883365,0.25686359521166335,0.03761679324316754,True
9505,0,1,False,0.6259457464602542,0.3740542535397457,0.03647265799788125,True
9506,0,1,False,0.7390142416044155,0.2609857583955844,0.031557946072212274,True
9507,0,1,False,0.7877024708373116,0.21229752916268832,0.013511934687361896,True
9508,0,0,True,0.7302948358642801,0.26970516413571993,-0.004342374729412791,True
9509,0,1,False,0.745646118476499,0.25435388152350114,0.00039539035643918575,True
9510,0,0,True,0.6307914340716083,0.3692085659283915,-0.005281335083309994,True
9511,0,0,True,0.702396528042755,0.29760347195724507,-0.023077547664303272,True
9512,0,0,True,0.6871632688003594,0.31283673119964067,-0.01756348709720921,True
9513,0,0,True,0.6889518877091425,0.31104811229085744,-0.014288865553668827,True
9514,0,0,True,0.7202907195222767,0.2797092804777232,-0.011572274591367334,True
9515,0,0,True,0.6543731903269041,0.34562680967309595,-0.00014181736349791878,True
9516,0,1,False,0.7177580326999039,0.282241967300096,0.0046953496540466,True
9517,0,1,False,0.7466865757671649,0.2533134242328351,0.0059160324830239,True
9518,0,0,True,0.7632448439503916,0.23675515604960828,-0.00710557817850813,True
9519,0,0,True,0.811199158817412,0.188800841182588,-0.004466827173813337,True
9520,0,0,True,0.7337004921954474,0.26629950780455247,-0.016971657496405074,True
9521,0,0,True,0.744439552461459,0.25556044753854107,-0.01732130445424083,True
9522,0,0,True,0.7290123025234849,0.270987697476515,-0.021842661578032795,True
9523,0,1,False,0.7310703309456001,0.2689296690543999,0.015288813256627032,True
9524,0,1,False,0.725507344391359,0.274492655608641,0.01676769191182942,True
9525,0,1,False,0.7314401983739076,0.26855980162609244,0.015250759830724455,True
9526,0,1,False,0.6261387572968844,0.3738612427031156,0.0321175655871203,True
9527,0,1,False,0.5586997446665234,0.4413002553334766,0.04191788002502286,False
9528,0,1,False,0.6271399279985902,0.37286007200140975,0.02360120965530945,True
9529,0,1,False,0.6271032253997603,0.3728967746002398,0.013169939682008065,True
9530,0,1,False,0.599862281492904,0.40013771850709595,0.01970589635336974,False
9531,0,0,True,0.6105929139179472,0.3894070860820527,-0.0077253850915128585,True
9532,0,0,True,0.595131423589239,0.40486857641076107,-0.013612237086063773,False
9533,0,0,True,0.5335050296874901,0.4664949703125098,-0.023875289155908797,False
9534,0,0,True,0.6224796006597376,0.3775203993402623,-0.03597327177589262,True
9535,0,0,True,0.569451920750426,0.43054807924957395,-0.04528974693793793,False
9536,0,0,True,0.5928692536461413,0.4071307463538587,-0.030824862485007685,False
9537,0,0,True,0.6108670215095593,0.3891329784904407,-0.014772981805146707,True
9538,0,0,True,0.5607446674617769,0.43925533253822313,-0.005565986987578622,False
9539,0,1,False,0.6130602218022015,0.3869397781977985,0.010545597800976712,True
9540,0,1,False,0.5033048748635139,0.496695125136486,0.017058683804653318,False
9541,0,1,False,0.5000213904500237,0.49997860954997636,0.02744933044334159,False
9542,0,1,False,0.6017475261049295,0.3982524738950704,0.0006988561550183214,True
9543,0,0,True,0.6409750551369445,0.3590249448630554,-0.006160103958746667,True
9544,0,1,False,0.7055705965882512,0.2944294034117489,0.0014066103042584535,True
9545,0,1,False,0.6363272963269347,0.3636727036730652,0.00023848259784768137,True
9546,0,0,True,0.5671396635564558,0.4328603364435442,-0.009009305185291519,False
9547,1,0,False,0.5116659207345747,0.5116659207345747,-0.006012684779310334,False
9548,1,0,False,0.5100817781334085,0.5100817781334085,-0.0013709453331269207,False
9549,1,1,True,0.6672178247345859,0.6672178247345859,0.004128429767249616,True
9550,1,1,True,0.7536206827541453,0.7536206827541453,0.017107719913543103,True
9551,1,1,True,0.7726828509008231,0.7726828509008231,0.03187219391653264,True
9552,1,1,True,0.6997685958207539,0.6997685958207539,0.03591092278661429,True
9553,1,1,True,0.7668253291133281,0.7668253291133281,0.030998695426884833,True
9554,1,1,True,0.7584365140057946,0.7584365140057946,0.014410819256635926,True
9555,1,1,True,0.7171331706616537,0.7171331706616537,0.017680612864969577,True
9556,1,0,False,0.6329485929381217,0.6329485929381217,-0.008887859369982072,True
9557,1,0,False,0.5779491099422999,0.5779491099422999,-0.008775893761581338,False
9558,1,0,False,0.5850873451528806,0.5850873451528806,-0.008364045872725104,False
9559,1,0,False,0.6390823138809747,0.6390823138809747,-0.014230401740493616,True
9560,1,0,False,0.6210569026909951,0.6210569026909951,-0.03665792291878466,True
9561,0,0,True,0.5207002615135057,0.4792997384864944,-0.031665516636347056,False
9562,1,0,False,0.6413921623968855,0.6413921623968855,-0.023920649420155055,True
9563,1,0,False,0.6322375352969646,0.6322375352969646,-0.024931777849137905,True
9564,1,0,False,0.6915054693234476,0.6915054693234476,-0.010380849809818689,True
9565,1,1,True,0.5797296884862924,0.5797296884862924,0.0008087226631159897,False
9566,0,0,True,0.5669708674537787,0.4330291325462214,-0.008231084152807306,False
9567,0,0,True,0.5340392762972089,0.4659607237027911,-0.01571286668078713,False
9568,1,0,False,0.5084033400860707,0.5084033400860707,-0.020122699440942325,False
9569,1,0,False,0.6130215673383111,0.6130215673383111,-0.04228444324186446,True
9570,1,0,False,0.546133311966006,0.546133311966006,-0.05531238184389305,False
9571,1,0,False,0.7422765962220143,0.7422765962220143,-0.04095514286467349,True
9572,1,0,False,0.570747652115933,0.570747652115933,-0.024939950627579272,False
9573,1,0,False,0.6181580889664736,0.6181580889664736,-0.017989248513264323,True
9574,1,1,True,0.5209801965040489,0.5209801965040489,0.004309117977465887,False
9575,1,1,True,0.6887411685426207,0.6887411685426207,0.011108119357547542,True
9576,1,1,True,0.7878441607675738,0.7878441607675738,0.012531653206230805,True
9577,1,1,True,0.730168272353334,0.730168272353334,0.010806430358606485,True
9578,1,1,True,0.7054525358016602,0.7054525358016602,0.005810003860136915,True
9579,1,0,False,0.7357482808807623,0.7357482808807623,-0.002068401586357648,True
9580,1,1,True,0.6545213205153194,0.6545213205153194,0.017100535626691792,True
9581,1,1,True,0.7116615529565702,0.7116615529565702,0.01960814414077692,True
9582,1,1,True,0.6827983027454589,0.6827983027454589,0.03065715979549534,True
9583,1,1,True,0.7824580140241398,0.7824580140241398,0.03787624628763017,True
9584,1,1,True,0.8054770306688775,0.8054770306688775,0.039204426537805696,True
9585,1,1,True,0.8233145551361303,0.8233145551361303,0.027650853385433737,True
9586,1,1,True,0.7910018967512845,0.7910018967512845,0.014774995803964006,True
9587,1,0,False,0.8058445629936687,0.8058445629936687,-0.005164960963879847,True
9588,1,0,False,0.7187302012727542,0.7187302012727542,-0.012553685940522254,True
9589,1,0,False,0.725529396301198,0.725529396301198,-0.013868750345995908,True
9590,1,0,False,0.7581715392871682,0.7581715392871682,-0.026064283490987238,True
9591,1,0,False,0.6169587822577894,0.6169587822577894,-0.024324440762922343,True
9592,1,0,False,0.7604328804015553,0.7604328804015553,-0.020952995778069347,True
9593,1,0,False,0.7417027713650898,0.7417027713650898,-0.007689826819136121,True
9594,1,0,False,0.792979102553821,0.792979102553821,-0.0052364012985277415,True
9595,1,1,True,0.7692142848920774,0.7692142848920774,0.007455653234582372,True
9596,1,1,True,0.7945777109336118,0.7945777109336118,0.022910241517358577,True
9597,1,1,True,0.5280556696588982,0.5280556696588982,0.02077674835733465,False
9598,1,1,True,0.6609819838130471,0.6609819838130471,0.00768107727946028,True
9599,1,1,True,0.7271022718924217,0.7271022718924217,0.01902819134083454,True
9600,1,1,True,0.6589745297994899,0.6589745297994899,0.011624111630193579,True
9601,1,0,False,0.721838780269251,0.721838780269251,-0.0015896895799416308,True
9602,1,0,False,0.7222885559119255,0.7222885559119255,-0.01205718946778611,True
9603,1,1,True,0.7248690971180188,0.7248690971180188,0.0006205709258016292,True
9604,1,0,False,0.7599640383808407,0.7599640383808407,-0.01832961239265438,True
9605,1,0,False,0.7939243571646895,0.7939243571646895,-0.0012284300186619838,True
9606,1,1,True,0.7587052743525171,0.7587052743525171,0.0012387618105039546,True
9607,1,1,True,0.798753119729442,0.798753119729442,0.0016680538323927976,True
9608,1,0,False,0.7395631395516403,0.7395631395516403,-0.005742764680752855,True
9609,1,1,True,0.7678790640817171,0.7678790640817171,0.00038512724802791583,True
9610,1,0,False,0.6914903568984961,0.6914903568984961,-0.015720580421351535,True
9611,1,0,False,0.6968468775537481,0.6968468775537481,-0.012572530966442827,True
9612,1,1,True,0.6932100028569224,0.6932100028569224,0.004073168604946314,True
9613,1,1,True,0.6914117388803226,0.6914117388803226,0.014216924731370878,True
9614,1,1,True,0.5208798551526189,0.5208798551526189,0.018722810263905935,False
9615,1,1,True,0.6198487343502093,0.6198487343502093,0.023553666872537623,True
9616,1,1,True,0.5907713340175277,0.5907713340175277,0.020973273013765868,False
9617,1,1,True,0.6936807345396455,0.6936807345396455,0.017952795231696225,True
9618,1,1,True,0.6566568116115926,0.6566568116115926,0.014550496970514182,True
9619,1,1,True,0.6776070525968644,0.6776070525968644,0.025740847104791395,True
9620,1,1,True,0.6139251440993503,0.6139251440993503,0.03133306756482712,True
9621,1,1,True,0.6099487079874968,0.6099487079874968,0.03689143868395325,True
9622,1,1,True,0.6338898645767421,0.6338898645767421,0.040845304821294476,True
9623,1,1,True,0.6795782310719544,0.6795782310719544,0.045111548437634444,True
9624,1,1,True,0.6678711190260072,0.6678711190260072,0.03623826828553389,True
9625,0,1,False,0.512328938810687,0.48767106118931297,0.016424119071673036,False
9626,1,1,True,0.5049527665987839,0.5049527665987839,0.01048983170027431,False
9627,0,1,False,0.5307482602630738,0.46925173973692624,0.0018061386576733991,False
9628,0,0,True,0.5334001046703687,0.4665998953296313,-0.0033867087904244065,False
9629,0,0,True,0.5622572993517967,0.43774270064820325,-0.020484257481400377,False
9630,0,0,True,0.5432394679074019,0.4567605320925982,-0.0022526785679285516,False
9631,1,0,False,0.5268834256057267,0.5268834256057267,-0.00037143762901136043,False
9632,1,1,True,0.5765357788262403,0.5765357788262403,0.0018725129814164015,False
9633,1,0,False,0.5686253102063529,0.5686253102063529,-0.0043692372196674325,False
9634,1,1,True,0.5893280689515209,0.5893280689515209,0.001897336605158228,False
9635,0,0,True,0.5191747542806349,0.4808252457193651,-0.016840056534879428,False
9636,1,0,False,0.5161410181623243,0.5161410181623243,-0.009275178569476409,False
9637,1,0,False,0.5476145775921551,0.5476145775921551,-0.020752661165586928,False
9638,1,0,False,0.5348177007019429,0.5348177007019429,-0.034329415788634875,False
9639,1,0,False,0.5636884244265419,0.5636884244265419,-0.04195211159924902,False
9640,1,0,False,0.6940892235761398,0.6940892235761398,-0.04373231202125751,True
9641,1,0,False,0.6000859622913078,0.6000859622913078,-0.03512315805739088,True
9642,1,0,False,0.6612561864029795,0.6612561864029795,-0.02896513575779858,True
9643,0,0,True,0.5153140714938577,0.4846859285061424,-0.008884855799667388,False
9644,0,1,False,0.5240665276805596,0.4759334723194404,0.013208978342582132,False
9645,1,1,True,0.7695690533587761,0.7695690533587761,0.02704268394118657,True
9646,1,1,True,0.7503402517492144,0.7503402517492144,0.017390422925936518,True
9647,1,1,True,0.7834683645344985,0.7834683645344985,0.02299370943000579,True
9648,1,1,True,0.7052806545956019,0.7052806545956019,0.014473654222657738,True
9649,1,1,True,0.7216644640236433,0.7216644640236433,0.0034894170311125395,True
9650,1,1,True,0.7070373563089692,0.7070373563089692,0.0020843829547399703,True
9651,1,1,True,0.6078685574650247,0.6078685574650247,0.007360147279075197,True
9652,1,1,True,0.6714701115119039,0.6714701115119039,0.0011820395450105527,True
9653,1,1,True,0.6655405534155588,0.6655405534155588,0.01768201633918297,True
9654,1,1,True,0.6755127200043245,0.6755127200043245,0.01240404600308908,True
9655,1,1,True,0.7844684449734003,0.7844684449734003,0.012409500163917403,True
9656,1,1,True,0.7255866964958053,0.7255866964958053,0.0023347839423556002,True
9657,1,1,True,0.7480567147742255,0.7480567147742255,0.0015595296726459114,True
9658,1,0,False,0.677987406919379,0.677987406919379,-0.00975094217308343,True
9659,1,0,False,0.6049564752598067,0.6049564752598067,-0.003285978321778358,True
9660,1,1,True,0.6266288733803816,0.6266288733803816,0.009579385906754436,True
9661,1,0,False,0.6129949139227288,0.6129949139227288,-0.00595052004177118,True
9662,1,0,False,0.5861889629744147,0.5861889629744147,-0.0055701656560453025,False
9663,1,1,True,0.6547808185448517,0.6547808185448517,0.0069648959787399186,True
9664,1,1,True,0.585185716469358,0.585185716469358,0.0025380552002019696,False
9665,1,0,False,0.6705194137338876,0.6705194137338876,-0.01039342912025259,True
9666,1,0,False,0.5391492959237058,0.5391492959237058,-0.0008985762692745775,False
9667,1,1,True,0.5912065565645886,0.5912065565645886,0.009210769869214715,False
9668,1,0,False,0.5910114542763649,0.5910114542763649,-0.015117696460748706,False
9669,1,0,False,0.562521180167988,0.562521180167988,-0.009510253572135512,False
9670,1,1,True,0.5995116641533292,0.5995116641533292,0.007760564558853095,False
9671,1,1,True,0.558852813721948,0.558852813721948,9.087598680316518e-05,False
9672,1,1,True,0.5906451920304848,0.5906451920304848,0.00018515016595351902,False
9673,1,1,True,0.5455195999933794,0.5455195999933794,0.002645355654210899,False
9674,1,1,True,0.5311881574290991,0.5311881574290991,0.003120103073811772,False
9675,1,0,False,0.5299691860606158,0.5299691860606158,-0.008662449816809574,False
9676,1,1,True,0.6011729411538539,0.6011729411538539,0.010173548631175222,True
9677,1,0,False,0.6833232885843791,0.6833232885843791,-0.0027587150361481974,True
9678,1,1,True,0.641742343871,0.641742343871,0.012251893409410531,True
9679,1,1,True,0.6342804722185296,0.6342804722185296,0.017953433506522547,True
9680,1,1,True,0.6725136631447063,0.6725136631447063,0.013429230760783895,True
9681,1,1,True,0.6292260082730103,0.6292260082730103,0.011506548457501459,True
9682,1,1,True,0.635593493383312,0.635593493383312,0.03779336315313948,True
9683,1,1,True,0.6121613583555008,0.6121613583555008,0.023683459007315825,True
9684,1,1,True,0.6112811406367639,0.6112811406367639,0.03126932466303324,True
9685,1,1,True,0.5492618727633304,0.5492618727633304,0.010914416893877973,False
9686,1,1,True,0.6347460637003374,0.6347460637003374,0.00955890825741736,True
9687,1,0,False,0.6188509259126264,0.6188509259126264,-0.003661993166569091,True
9688,1,1,True,0.5546255661189867,0.5546255661189867,0.00019996037057592412,False
9689,1,0,False,0.6782528683436987,0.6782528683436987,-0.004509641654754346,True
9690,1,1,True,0.5335978009378787,0.5335978009378787,0.0232041791510319,False
9691,1,1,True,0.7367888856172851,0.7367888856172851,0.01788519091912084,True
9692,1,1,True,0.7077919672798793,0.7077919672798793,0.014428878004791956,True
9693,1,1,True,0.6047770545868086,0.6047770545868086,0.013004557596722274,True
9694,1,0,False,0.5072534045097351,0.5072534045097351,-0.00041109289072587376,False
9695,0,0,True,0.5512873581894303,0.44871264181056975,-0.009888286503137087,False
9696,0,0,True,0.5468469473617719,0.45315305263822814,-0.016421423966357648,False
9697,0,0,True,0.5359375109158023,0.4640624890841977,-0.017170471263524337,False
9698,0,0,True,0.5387997406615092,0.4612002593384909,-0.01289908379103463,False
9699,0,0,True,0.5442424312064199,0.45575756879358004,-0.005980275186687654,False
9700,1,1,True,0.5039902515202955,0.5039902515202955,0.003290415365985016,False
9701,1,1,True,0.5492871670028788,0.5492871670028788,0.012206457181144745,False
9702,0,1,False,0.571711315386276,0.42828868461372394,0.015632593287059217,False
9703,1,1,True,0.6119219967756603,0.6119219967756603,0.014740358436678983,True
9704,1,1,True,0.5586722327348975,0.5586722327348975,0.002480531987379344,False
9705,1,0,False,0.5514260478766827,0.5514260478766827,-0.011358042016036785,False
9706,1,0,False,0.6011089068163867,0.6011089068163867,-0.016630150903106655,True
9707,1,0,False,0.6113889157671253,0.6113889157671253,-0.020879615307063334,True
9708,1,0,False,0.6837680294817772,0.6837680294817772,-0.013024072486823881,True
9709,1,0,False,0.6506897973681771,0.6506897973681771,-0.017050320224884712,True
9710,1,0,False,0.6593626260909562,0.6593626260909562,-0.016644445467774712,True
9711,1,1,True,0.6626489702076878,0.6626489702076878,0.005621860532053086,True
9712,1,0,False,0.7543110687647974,0.7543110687647974,-0.0004487021960080261,True
9713,1,1,True,0.760605765686616,0.760605765686616,0.004877844466979636,True
9714,1,1,True,0.7674018039595553,0.7674018039595553,0.009681529880291037,True
9715,1,1,True,0.7223795369192628,0.7223795369192628,0.010637615849660307,True
9716,1,1,True,0.6503355698433704,0.6503355698433704,0.006163557877616008,True
9717,1,1,True,0.5970138027647646,0.5970138027647646,0.0005466538746973621,False
9718,1,0,False,0.5735483450138931,0.5735483450138931,-0.010551473195674782,False
9719,1,0,False,0.6229151534741584,0.6229151534741584,-0.01369397841075035,True
9720,1,0,False,0.6765068316566678,0.6765068316566678,-0.009408361634027551,True
9721,1,0,False,0.7230158985578798,0.7230158985578798,-0.03389493414036195,True
9722,1,0,False,0.7300250799618295,0.7300250799618295,-0.0231790287101945,True
9723,1,0,False,0.6476714749606717,0.6476714749606717,-0.034804959010289516,True
9724,1,0,False,0.6998360637672708,0.6998360637672708,-0.016499475876352112,True
9725,1,0,False,0.7802385602172753,0.7802385602172753,-0.030808724034643794,True
9726,1,0,False,0.7691949729826429,0.7691949729826429,-0.02092114349958872,True
9727,1,0,False,0.5906186386929546,0.5906186386929546,-0.0302209489027367,False
9728,1,0,False,0.6856574350586456,0.6856574350586456,-0.03301341932586116,True
9729,1,0,False,0.5912664672320016,0.5912664672320016,-0.050614767059864174,False
9730,1,0,False,0.6505410785102508,0.6505410785102508,-0.027996833221759818,True
9731,1,0,False,0.510354593306244,0.510354593306244,-0.03254625873813496,False
9732,0,0,True,0.5749513945044256,0.4250486054955744,-0.02873616621390314,False
9733,1,0,False,0.5196335296970883,0.5196335296970883,-0.0028086794694315354,False
9734,0,0,True,0.5291261217477441,0.4708738782522559,-0.0054238897316661,False
9735,1,0,False,0.6605845603909463,0.6605845603909463,-0.008216170501659428,True
9736,1,1,True,0.8053424888128183,0.8053424888128183,0.006604674586308953,True
9737,1,1,True,0.7469793830775745,0.7469793830775745,0.017441409724422242,True
9738,1,0,False,0.8341845405994333,0.8341845405994333,-0.008211442392642848,True
9739,1,0,False,0.7835834291030513,0.7835834291030513,-0.003486519183334354,True
9740,1,0,False,0.829033981844252,0.829033981844252,-0.010462400365168937,True
9741,1,0,False,0.8556034408529697,0.8556034408529697,-0.011272049170639568,True
9742,1,0,False,0.8284458016915349,0.8284458016915349,-0.008441091669312905,True
9743,1,0,False,0.8720102197751736,0.8720102197751736,-0.006852448713448804,True
9744,1,1,True,0.8851594947823623,0.8851594947823623,0.009758308793345868,True
9745,1,1,True,0.8437945153218744,0.8437945153218744,0.016535971831223566,True
9746,1,0,False,0.8524737100341042,0.8524737100341042,-0.008638377870691336,True
9747,1,0,False,0.8799398094300939,0.8799398094300939,-0.024761833414134307,True
9748,1,0,False,0.8374014801582635,0.8374014801582635,-0.017227370180764968,True
9749,1,0,False,0.8152115043868288,0.8152115043868288,-0.020681753752204678,True
9750,1,0,False,0.8274604356437604,0.8274604356437604,-0.021738391051986983,True
9751,1,0,False,0.8114759434983428,0.8114759434983428,-0.0004646568387532406,True
9752,1,1,True,0.7982839707009721,0.7982839707009721,0.00489473742277482,True
9753,1,1,True,0.8197334197631597,0.8197334197631597,0.01649228234773744,True
9754,1,1,True,0.8273175779816121,0.8273175779816121,0.015443741050729546,True
9755,1,1,True,0.8070221582587779,0.8070221582587779,0.015328623725282414,True
9756,1,1,True,0.8009863594474268,0.8009863594474268,0.013750057353320798,True
9757,1,1,True,0.8046670827211085,0.8046670827211085,0.0183540545525062,True
9758,1,1,True,0.8086203740760777,0.8086203740760777,0.006832410784120137,True
9759,1,0,False,0.8064154173678032,0.8064154173678032,-0.005610082234119134,True
9760,1,0,False,0.8245671615496084,0.8245671615496084,-0.009775515121061056,True
9761,1,0,False,0.8478244594635974,0.8478244594635974,-0.020842345893597222,True
9762,1,0,False,0.8401866971175395,0.8401866971175395,-0.019440036931830752,True
9763,1,1,True,0.8092193629382244,0.8092193629382244,0.0003070890522261621,True
9764,1,1,True,0.8123368656268122,0.8123368656268122,0.012661950970761154,True
9765,1,1,True,0.7833286962229242,0.7833286962229242,0.03255796258249456,True
9766,1,1,True,0.8211809694246789,0.8211809694246789,0.04940522664517379,True
9767,1,1,True,0.7889964611554953,0.7889964611554953,0.03240280505572912,True
9768,1,1,True,0.7733610045516136,0.7733610045516136,0.020902380987473244,True
9769,1,1,True,0.7739966172557405,0.7739966172557405,0.026370932155639945,True
9770,1,0,False,0.7375544464089817,0.7375544464089817,-0.00802825823096863,True
9771,1,0,False,0.6806503580689656,0.6806503580689656,-0.004465247287538596,True
9772,1,1,True,0.6104691830489537,0.6104691830489537,0.008944404176641177,True
9773,1,1,True,0.7772015800554438,0.7772015800554438,0.00972589095380128,True
9774,1,1,True,0.7787393220609161,0.7787393220609161,0.0025200184607510564,True
9775,1,1,True,0.6545671321417218,0.6545671321417218,0.019297378415377896,True
9776,1,1,True,0.7017547190223786,0.7017547190223786,0.018610822793155672,True
9777,1,1,True,0.7211217190211524,0.7211217190211524,0.023139956488142616,True
9778,1,1,True,0.8063116724254272,0.8063116724254272,0.01197619719825576,True
9779,1,1,True,0.8103006649082366,0.8103006649082366,0.004539046484209656,True
9780,1,1,True,0.7545624651941584,0.7545624651941584,0.01064515433036443,True
9781,1,0,False,0.6413184652499005,0.6413184652499005,-0.005106338653307231,True
9782,1,1,True,0.6761930855166015,0.6761930855166015,0.0024608534196297114,True
9783,1,1,True,0.6271781205153434,0.6271781205153434,0.0006812053309068685,True
9784,1,1,True,0.5712374517327182,0.5712374517327182,0.019987730466101913,False
9785,1,1,True,0.6568649472617905,0.6568649472617905,0.016679750269807232,True
9786,1,1,True,0.662015982233326,0.662015982233326,0.022791630161437836,True
9787,1,1,True,0.6431726021838013,0.6431726021838013,0.026790151277877247,True
9788,1,1,True,0.6070510089785911,0.6070510089785911,0.02723532687593774,True
9789,1,1,True,0.5631622463183228,0.5631622463183228,0.020100674488772022,False
9790,1,1,True,0.6698860057726289,0.6698860057726289,0.0326561009826324,True
9791,1,1,True,0.6510217924738552,0.6510217924738552,0.02950760671785425,True
9792,1,1,True,0.649726314579559,0.649726314579559,0.013843168305804114,True
9793,1,1,True,0.5842687537564034,0.5842687537564034,0.017938646979137232,False
9794,1,0,False,0.5993854893024101,0.5993854893024101,-0.0003069924308981493,False
9795,0,0,True,0.5081823535639977,0.4918176464360024,-0.017510505448177623,False
9796,0,0,True,0.5085777099931668,0.49142229000683324,-0.0074206127875504,False
9797,1,0,False,0.5485371250336658,0.5485371250336658,-0.017383771281032478,False
9798,1,0,False,0.5252690784033809,0.5252690784033809,-0.008390256093852385,False
9799,1,0,False,0.7123381595209918,0.7123381595209918,-0.012436046783803204,True
9800,1,0,False,0.7891901754062696,0.7891901754062696,-0.013833881718907695,True
9801,1,0,False,0.5863005398568535,0.5863005398568535,-0.01911413726293664,False
9802,1,0,False,0.5567767712740742,0.5567767712740742,-0.006009804656969142,False
9803,1,0,False,0.5858582922241715,0.5858582922241715,-0.0053526323145936874,False
9804,1,0,False,0.5909356433168788,0.5909356433168788,-0.005719891152886054,False
9805,0,1,False,0.6097876427254635,0.39021235727453646,0.004286539813227309,True
9806,0,1,False,0.665197910812875,0.3348020891871249,0.01157994254749154,True
9807,0,1,False,0.6626502690724988,0.33734973092750115,0.003832499427853719,True
9808,0,0,True,0.6436109739935462,0.3563890260064539,-0.002929334465770999,True
9809,1,1,True,0.5442994471954464,0.5442994471954464,0.01556758102286952,False
9810,0,1,False,0.5447450624415385,0.4552549375584615,0.00641852630904806,False
9811,0,0,True,0.5396402525415835,0.46035974745841646,-0.012811538718248658,False
9812,1,0,False,0.5878660040417863,0.5878660040417863,-0.01022145520234442,False
9813,1,0,False,0.5558253270726136,0.5558253270726136,-0.00625298547106931,False
9814,1,0,False,0.6326818587009295,0.6326818587009295,-0.018833968816273968,True
9815,1,0,False,0.7039040792440807,0.7039040792440807,-0.04393676228694937,True
9816,1,0,False,0.7162284880084675,0.7162284880084675,-0.022975781186699473,True
9817,1,0,False,0.7077259187791293,0.7077259187791293,-0.015977106862782423,True
9818,1,0,False,0.6351058013662354,0.6351058013662354,-0.019829500782045945,True
9819,1,0,False,0.7157832480093814,0.7157832480093814,-0.009480104480886964,True
9820,1,1,True,0.6198989507124997,0.6198989507124997,0.006641532639369208,True
9821,1,0,False,0.6902019788740335,0.6902019788740335,-0.003084899727103387,True
9822,1,0,False,0.6367258723591415,0.6367258723591415,-0.002625575711857955,True
9823,1,1,True,0.7484673521261525,0.7484673521261525,0.012933021813838371,True
9824,1,1,True,0.6397620161818073,0.6397620161818073,0.012502390027552601,True
9825,1,1,True,0.5891663656511698,0.5891663656511698,0.03303471551998108,False
9826,1,1,True,0.626700049881134,0.626700049881134,0.03630298582640351,True
9827,1,1,True,0.6485685249343094,0.6485685249343094,0.05299671915713803,True
9828,1,1,True,0.6194427022610411,0.6194427022610411,0.03036849956956063,True
9829,1,1,True,0.7160449110802198,0.7160449110802198,0.030891640244835362,True
9830,1,1,True,0.7232022603527292,0.7232022603527292,0.03588397078285847,True
9831,1,1,True,0.669990454154853,0.669990454154853,0.04301818500373906,True
9832,1,1,True,0.6285933919587494,0.6285933919587494,0.03274182313042034,True
9833,0,1,False,0.6135932233088167,0.3864067766911832,0.06270567276677316,True
9834,0,1,False,0.5546866889859926,0.4453133110140073,0.06653698218059594,False
9835,0,1,False,0.5079764707268138,0.4920235292731862,0.05038261184018276,False
9836,0,1,False,0.548925843650994,0.4510741563490061,0.04409276688923717,False
9837,0,1,False,0.6071827803002394,0.3928172196997605,0.02483793694346773,True
9838,0,1,False,0.5246654685219863,0.47533453147801374,0.006031815923069945,False
9839,0,0,True,0.6301444146227203,0.36985558537727975,-0.006800621087422994,True
9840,0,0,True,0.610354931306662,0.389645068693338,-0.008763613566391246,True
9841,0,0,True,0.5628735790924098,0.43712642090759024,-0.027540577605329342,False
9842,0,0,True,0.6135896837721442,0.3864103162278559,-0.017245211888122287,True
9843,0,0,True,0.5929952116266127,0.4070047883733872,-0.010368705676225765,False
9844,0,0,True,0.6453452777054131,0.354654722294587,-0.001648333289582028,True
9845,0,1,False,0.6638319811744947,0.33616801882550523,0.003788520557458672,True
9846,0,1,False,0.6192645046280458,0.38073549537195417,0.012809677574544223,True
9847,0,1,False,0.6347245073881603,0.3652754926118397,0.01750397783423299,True
9848,0,1,False,0.64925805335284,0.3507419466471599,0.015960492019080064,True
9849,0,1,False,0.5987040328395579,0.4012959671604421,0.0035261215415626256,False
9850,0,1,False,0.5945205422024123,0.40547945779758754,0.005292047677603941,False
9851,0,1,False,0.6179655222887132,0.3820344777112869,0.01782048163834459,True
9852,0,1,False,0.5314198316596667,0.4685801683403334,0.0063168182859339285,False
9853,1,0,False,0.542085489716445,0.542085489716445,-0.015251068357755441,False
9854,1,0,False,0.5639677709948364,0.5639677709948364,-0.012122607297871542,False
9855,1,0,False,0.5534989105155302,0.5534989105155302,-0.0016605414261202267,False
9856,1,0,False,0.6444429400818207,0.6444429400818207,-0.00021335156736672004,True
9857,1,1,True,0.6277375241301196,0.6277375241301196,0.013506801840977743,True
9858,1,1,True,0.6394964614945183,0.6394964614945183,0.015814329456793928,True
9859,1,1,True,0.6638379219898634,0.6638379219898634,0.031710173164249844,True
9860,1,1,True,0.641501515318822,0.641501515318822,0.032347693952146386,True
9861,1,1,True,0.6581862215240496,0.6581862215240496,0.017660880072295364,True
9862,1,1,True,0.6114368156125317,0.6114368156125317,0.005903437183895162,True
9863,1,1,True,0.6221058617413767,0.6221058617413767,0.018256269038431465,True
9864,1,1,True,0.6735145941523291,0.6735145941523291,0.014192533310700594,True
9865,1,0,False,0.688661721339943,0.688661721339943,-0.0019282360600532998,True
9866,1,1,True,0.5831788512173888,0.5831788512173888,0.011942210288503632,False
9867,1,1,True,0.6510139075954484,0.6510139075954484,0.018322484426555197,True
9868,1,0,False,0.5677814646490122,0.5677814646490122,-0.0012348443486493738,False
9869,1,0,False,0.552245208180557,0.552245208180557,-0.01148668870457514,False
9870,1,0,False,0.6754615376473886,0.6754615376473886,-0.0006037057010201099,True
9871,1,0,False,0.6041114699870039,0.6041114699870039,-0.00994496320952011,True
9872,1,0,False,0.6810907514613849,0.6810907514613849,-0.009583164889752619,True
9873,1,1,True,0.6452877891027616,0.6452877891027616,0.0013973698850612386,True
9874,1,1,True,0.552718016908878,0.552718016908878,0.0024471716986790037,False
9875,1,0,False,0.5503520240386715,0.5503520240386715,-0.018150965004687065,False
9876,1,0,False,0.5965181353999988,0.5965181353999988,-0.007743059965788796,False
9877,1,0,False,0.6485425790919376,0.6485425790919376,-0.00592994894244084,True
9878,1,1,True,0.6092180513505351,0.6092180513505351,0.002469336898591398,True
9879,1,0,False,0.641798268539833,0.641798268539833,-0.0020778211464863327,True
9880,1,1,True,0.6907009356951653,0.6907009356951653,0.022173714055011683,True
9881,1,1,True,0.523396670156676,0.523396670156676,0.017461712318441833,False
9882,0,1,False,0.5277386560200409,0.47226134397995906,0.0072559480997423185,False
9883,1,1,True,0.5649563007478163,0.5649563007478163,0.008033398422886522,False
9884,1,1,True,0.6644052137035444,0.6644052137035444,0.017370874210619797,True
9885,1,1,True,0.65425573449775,0.65425573449775,0.011173703055302613,True
9886,1,0,False,0.6154039083389168,0.6154039083389168,-0.0014204807910847576,True
9887,1,0,False,0.6032030987827968,0.6032030987827968,-0.014173063316461197,True
9888,1,0,False,0.6579093741704373,0.6579093741704373,-0.01293829814154406,True
9889,1,0,False,0.5721689318060794,0.5721689318060794,-0.006351938324516243,False
9890,1,0,False,0.5384230308265718,0.5384230308265718,-0.02399791092218788,False
9891,1,0,False,0.5442150985276827,0.5442150985276827,-0.034851259842655385,False
9892,1,0,False,0.5931130751381191,0.5931130751381191,-0.017108008717566826,False
9893,1,0,False,0.576359142977445,0.576359142977445,-0.01681728551510784,False
9894,1,0,False,0.6228934154041949,0.6228934154041949,-0.023648650632107256,True
9895,1,0,False,0.6196829606996106,0.6196829606996106,-0.01790399850359364,True
9896,0,1,False,0.5329039751271659,0.46709602487283414,0.016354760303248984,False
9897,0,1,False,0.5582019144306198,0.4417980855693801,0.017833867520374632,False
9898,0,1,False,0.5510327314374935,0.4489672685625063,0.022933944125712907,False
9899,0,1,False,0.5655764235189027,0.4344235764810973,0.015440461128182256,False
9900,0,1,False,0.6123118879282404,0.3876881120717595,0.03376625349113444,True
9901,0,1,False,0.5048252019285576,0.49517479807144243,0.02127111859950804,False
9902,1,1,True,0.6924404664125287,0.6924404664125287,0.03236996400456035,True
9903,1,1,True,0.6775735547055128,0.6775735547055128,0.027905287981430733,True
9904,1,1,True,0.7125162045085931,0.7125162045085931,0.03797797900795047,True
9905,1,1,True,0.7322106976891659,0.7322106976891659,0.026289132571433813,True
9906,1,1,True,0.7142913021131571,0.7142913021131571,0.01761318492152417,True
9907,1,1,True,0.5680205625074962,0.5680205625074962,0.0025247861918396702,False
9908,0,1,False,0.5823301752755449,0.4176698247244551,0.002675234248515947,False
9909,0,1,False,0.5794153914968699,0.4205846085031301,0.013210942666516172,False
9910,0,1,False,0.613522016878247,0.38647798312175285,0.02058685868356559,True
9911,0,1,False,0.6115826528750349,0.388417347124965,0.019376961031552842,True
9912,0,1,False,0.525016636773793,0.47498336322620704,0.008438480808804166,False
9913,1,1,True,0.5121787095930292,0.5121787095930292,0.00581009654072464,False
9914,0,0,True,0.5489537984368458,0.4510462015631542,-0.018734635294946005,False
9915,0,0,True,0.5862709901446533,0.4137290098553467,-0.025582124298726906,False
9916,0,0,True,0.6600894995376713,0.3399105004623288,-0.029441825462278127,True
9917,1,0,False,0.5280419326082383,0.5280419326082383,-0.01220947551782186,False
9918,1,0,False,0.6168794156592258,0.6168794156592258,-0.017955102701848656,True
9919,1,0,False,0.5651466389331746,0.5651466389331746,-0.006957765764886631,False
9920,1,0,False,0.5422936590112521,0.5422936590112521,-0.018220282464850773,False
9921,1,1,True,0.6148371158590584,0.6148371158590584,0.0004372731590219964,True
9922,1,0,False,0.5192209596244022,0.5192209596244022,-0.00415957943197805,False
9923,0,1,False,0.5255757448759535,0.47442425512404646,0.0010579857104880861,False
9924,0,0,True,0.622810541901334,0.37718945809866594,-0.006655919830691101,True
9925,0,0,True,0.6251524531473657,0.3748475468526344,-0.00897097846080854,True
9926,0,0,True,0.6477922779118634,0.35220772208813655,-0.023636605768768255,True
9927,1,0,False,0.5687007909945297,0.5687007909945297,-0.028625787754098103,False
9928,1,0,False,0.5196813709783088,0.5196813709783088,-0.036974064766743274,False
9929,1,0,False,0.6356598569005998,0.6356598569005998,-0.013094655472789268,True
9930,1,1,True,0.569006175144372,0.569006175144372,0.009669415325917226,False
9931,1,1,True,0.5519398285867877,0.5519398285867877,0.016032496958079578,False
9932,1,1,True,0.5242237376760637,0.5242237376760637,0.01356109326537035,False
9933,1,1,True,0.6096940411980886,0.6096940411980886,0.011420030489979817,True
9934,1,0,False,0.5984921839044248,0.5984921839044248,-0.0036114822059032134,False
9935,1,0,False,0.5573922901382516,0.5573922901382516,-0.010042719518965947,False
9936,1,0,False,0.5153222704589887,0.5153222704589887,-0.01369180780462673,False
9937,0,0,True,0.5016690713766284,0.49833092862337147,-0.004510068503168849,False
9938,0,0,True,0.5609112036334002,0.43908879636659964,-0.0001900632304720589,False
9939,0,0,True,0.5288012087851691,0.4711987912148308,-0.008497862079129757,False
9940,1,0,False,0.5251289869673114,0.5251289869673114,-0.007330443390684771,False
9941,1,0,False,0.5677346042470288,0.5677346042470288,-0.01769679729305863,False
9942,1,0,False,0.5406365796332768,0.5406365796332768,-0.032066019293503216,False
9943,1,0,False,0.6401662826047331,0.6401662826047331,-0.03515725778801041,True
9944,1,0,False,0.604489489545105,0.604489489545105,-0.031467197466121775,True
9945,0,0,True,0.5072811576106645,0.4927188423893354,-0.029712538002918294,False
9946,0,0,True,0.5392377973696288,0.46076220263037104,-0.027174662870876717,False
9947,1,0,False,0.5046110372968614,0.5046110372968614,-0.01829716135528367,False
9948,1,0,False,0.6959662486742003,0.6959662486742003,-0.008456784682265553,True
9949,1,0,False,0.5319636257923805,0.5319636257923805,-0.0018137805736851858,False
9950,1,0,False,0.6583412609090648,0.6583412609090648,-0.0018100234433305147,True
9951,0,1,False,0.5714356155725332,0.42856438442746664,0.007920696099406418,False
9952,0,1,False,0.5494549099257112,0.45054509007428867,0.0048790790945458145,False
9953,0,1,False,0.5376028328713215,0.46239716712867845,0.012663751688028007,False
9954,1,1,True,0.5769967648429971,0.5769967648429971,0.00538600629829582,False
9955,1,0,False,0.6230269281993238,0.6230269281993238,-0.006447714530220429,True
9956,1,0,False,0.6036346901713839,0.6036346901713839,-0.011515703719762928,True
9957,1,0,False,0.6155459100786219,0.6155459100786219,-0.013618278627611292,True
9958,1,0,False,0.8165664476438917,0.8165664476438917,-0.011565937142723507,True
9959,1,1,True,0.7986870821477795,0.7986870821477795,0.0076462068232389145,True
9960,1,1,True,0.8110329206975254,0.8110329206975254,0.020692505254433433,True
9961,1,1,True,0.8031309139227293,0.8031309139227293,0.031862461270566494,True
9962,1,1,True,0.7816423429374186,0.7816423429374186,0.03270078650111,True
9963,1,1,True,0.7569016510689276,0.7569016510689276,0.01621212081529923,True
9964,1,0,False,0.7438928138806472,0.7438928138806472,-0.010234205539267587,True
9965,1,0,False,0.7214655339674451,0.7214655339674451,-0.018560704553178715,True
9966,1,0,False,0.7425765416257954,0.7425765416257954,-0.030545380676665502,True
9967,1,0,False,0.6056821353324899,0.6056821353324899,-0.02172619436982005,True
9968,1,0,False,0.7229506590770903,0.7229506590770903,-0.011968578787978556,True
9969,1,0,False,0.7119295938305251,0.7119295938305251,-0.004451053261934158,True
9970,1,1,True,0.7637596809444146,0.7637596809444146,0.01597076295824201,True
9971,1,1,True,0.7612419236693534,0.7612419236693534,0.01937809211675494,True
9972,1,1,True,0.7616095505633697,0.7616095505633697,0.004573094818069245,True
9973,1,1,True,0.7239262089775608,0.7239262089775608,0.006420616322449917,True
9974,1,1,True,0.6900889077543592,0.6900889077543592,0.031344229998608635,True
9975,1,1,True,0.697021421431213,0.697021421431213,0.01837904092943756,True
9976,1,1,True,0.6580922254735388,0.6580922254735388,0.030335589122498348,True
9977,1,1,True,0.7042670935322545,0.7042670935322545,0.04253906136609709,True
9978,1,1,True,0.6900421673157329,0.6900421673157329,0.03160135755112212,True
9979,1,1,True,0.7271286326154662,0.7271286326154662,0.017366202342772773,True
9980,1,1,True,0.681914630331424,0.681914630331424,0.009763705593179153,True
9981,1,1,True,0.6202663822697733,0.6202663822697733,0.00264212813319014,True
9982,1,1,True,0.5749639793016957,0.5749639793016957,0.009899778990682619,False
9983,1,1,True,0.528529056681352,0.528529056681352,0.003978449887065503,False
9984,1,1,True,0.6088184516966196,0.6088184516966196,0.007604324946591085,True
