prediction,actual,correct,confidence,prob_up
0,0,True,0.5154078868309051,0.4845921131690949
0,0,True,0.5315063340918385,0.4684936659081616
0,0,True,0.5257576588028553,0.47424234119714476
0,0,True,0.5704600251257061,0.42953997487429396
1,0,False,0.5625007780601049,0.5625007780601049
1,1,True,0.5055304311147195,0.5055304311147195
1,1,True,0.6047342312930568,0.6047342312930568
1,0,False,0.6433253119933013,0.6433253119933013
1,0,False,0.6516756652890072,0.6516756652890072
1,0,False,0.6738172671769357,0.6738172671769357
1,0,False,0.6751607799553301,0.6751607799553301
1,1,True,0.6518532982802372,0.6518532982802372
1,1,True,0.6608148650649739,0.6608148650649739
1,1,True,0.6821451961674347,0.6821451961674347
1,1,True,0.6691134425718689,0.6691134425718689
1,1,True,0.6639566214406627,0.6639566214406627
1,1,True,0.6655811325103828,0.6655811325103828
1,0,False,0.6434824679088147,0.6434824679088147
1,1,True,0.7081707285965602,0.7081707285965602
1,1,True,0.7101197091816552,0.7101197091816552
1,1,True,0.6118260093932043,0.6118260093932043
1,0,False,0.6202848940676162,0.6202848940676162
1,1,True,0.5449044356224867,0.5449044356224867
1,0,False,0.645665600108698,0.645665600108698
1,0,False,0.5574980457683668,0.5574980457683668
0,0,True,0.5614633740301783,0.4385366259698216
0,0,True,0.5208821268398522,0.47911787316014764
0,0,True,0.5769443173034723,0.42305568269652766
0,0,True,0.5044873967026304,0.49551260329736946
1,1,True,0.5432252231239002,0.5432252231239002
1,1,True,0.6173247898052219,0.6173247898052219
1,0,False,0.583299272091341,0.583299272091341
1,0,False,0.5059418147374003,0.5059418147374003
0,1,False,0.5238973843266967,0.47610261567330314
1,1,True,0.5213981781535567,0.5213981781535567
1,0,False,0.5234408591641433,0.5234408591641433
1,1,True,0.5142946355857004,0.5142946355857004
1,0,False,0.5827769197582342,0.5827769197582342
1,0,False,0.5481988966972186,0.5481988966972186
0,0,True,0.5791460403841207,0.4208539596158793
0,1,False,0.5208185590270827,0.4791814409729172
1,1,True,0.5267087633129617,0.5267087633129617
1,1,True,0.5818638872640559,0.5818638872640559
1,0,False,0.6855900154624943,0.6855900154624943
1,0,False,0.5980219797962871,0.5980219797962871
1,0,False,0.6472330574403025,0.6472330574403025
1,0,False,0.522330888154623,0.522330888154623
1,0,False,0.5064153495284591,0.5064153495284591
0,0,True,0.5016860075683844,0.49831399243161556
1,0,False,0.6309462460351389,0.6309462460351389
1,1,True,0.6873153343491312,0.6873153343491312
1,1,True,0.637335006962189,0.637335006962189
1,1,True,0.6286434663648015,0.6286434663648015
1,1,True,0.6443493510482813,0.6443493510482813
1,1,True,0.6471047593434408,0.6471047593434408
1,1,True,0.6115746489545328,0.6115746489545328
1,0,False,0.6003172565723696,0.6003172565723696
1,0,False,0.523793112700063,0.523793112700063
0,0,True,0.5377750238091683,0.46222497619083164
1,0,False,0.5901133182943267,0.5901133182943267
1,0,False,0.6106228056988658,0.6106228056988658
1,0,False,0.5996724828783587,0.5996724828783587
1,0,False,0.5987529550041134,0.5987529550041134
1,0,False,0.5916678996860478,0.5916678996860478
1,0,False,0.62172665483584,0.62172665483584
1,0,False,0.5766300540373273,0.5766300540373273
1,0,False,0.5897102008308656,0.5897102008308656
1,1,True,0.58998518010057,0.58998518010057
1,1,True,0.6525818679044927,0.6525818679044927
1,0,False,0.6045481103000128,0.6045481103000128
1,0,False,0.6372325929200351,0.6372325929200351
1,1,True,0.6358971452177616,0.6358971452177616
1,0,False,0.6687310107832551,0.6687310107832551
1,1,True,0.6627368061387117,0.6627368061387117
1,1,True,0.6504281568756993,0.6504281568756993
1,0,False,0.694001152198739,0.694001152198739
1,0,False,0.5961144882453261,0.5961144882453261
1,0,False,0.5225763669385918,0.5225763669385918
1,0,False,0.5549758943352945,0.5549758943352945
1,1,True,0.5893005863933785,0.5893005863933785
1,1,True,0.5394892910220377,0.5394892910220377
1,1,True,0.6036495136617588,0.6036495136617588
1,1,True,0.6135593929377703,0.6135593929377703
1,1,True,0.670836332604998,0.670836332604998
1,0,False,0.6539317586980832,0.6539317586980832
1,0,False,0.5551691085752004,0.5551691085752004
1,0,False,0.6175770002647412,0.6175770002647412
1,0,False,0.5739356934727058,0.5739356934727058
1,0,False,0.5156905263612913,0.5156905263612913
1,1,True,0.5769804692100757,0.5769804692100757
1,1,True,0.6472056811183942,0.6472056811183942
1,1,True,0.6372942816977615,0.6372942816977615
1,1,True,0.602414614541142,0.602414614541142
1,0,False,0.5870364169663899,0.5870364169663899
1,1,True,0.5401791634435047,0.5401791634435047
1,0,False,0.5654626017939554,0.5654626017939554
1,0,False,0.5509160851235229,0.5509160851235229
1,0,False,0.5803484516920722,0.5803484516920722
1,0,False,0.5859264396072017,0.5859264396072017
1,1,True,0.607468144807075,0.607468144807075
1,1,True,0.5867275723044064,0.5867275723044064
1,1,True,0.5848841287060116,0.5848841287060116
1,1,True,0.6384158726555753,0.6384158726555753
1,1,True,0.5744784496996425,0.5744784496996425
1,1,True,0.6112470931847991,0.6112470931847991
1,1,True,0.6094502170454701,0.6094502170454701
1,0,False,0.5988238294560704,0.5988238294560704
1,0,False,0.5536958132834952,0.5536958132834952
1,0,False,0.527636791341762,0.527636791341762
1,0,False,0.5663096906002443,0.5663096906002443
1,0,False,0.5747473422611723,0.5747473422611723
1,0,False,0.6192581205231252,0.6192581205231252
1,0,False,0.5242839457832562,0.5242839457832562
1,0,False,0.5801671377341104,0.5801671377341104
1,0,False,0.6074300976552991,0.6074300976552991
1,0,False,0.5131897749033828,0.5131897749033828
0,0,True,0.5028104971241184,0.4971895028758816
1,0,False,0.5065716797215865,0.5065716797215865
0,0,True,0.5032626025363218,0.4967373974636782
1,0,False,0.5934490922377939,0.5934490922377939
1,0,False,0.5396432885924625,0.5396432885924625
1,0,False,0.5318401016334142,0.5318401016334142
1,1,True,0.6448318691210844,0.6448318691210844
1,1,True,0.6018745153653481,0.6018745153653481
1,1,True,0.635995391187089,0.635995391187089
1,1,True,0.5072386264905442,0.5072386264905442
1,1,True,0.5314859504228003,0.5314859504228003
1,1,True,0.5863823600192655,0.5863823600192655
1,1,True,0.5694761233588772,0.5694761233588772
0,0,True,0.5105963234013569,0.48940367659864314
1,0,False,0.5154364022175242,0.5154364022175242
1,1,True,0.5018713373499601,0.5018713373499601
0,1,False,0.5493105697783021,0.450689430221698
0,1,False,0.5285725228105186,0.47142747718948147
1,1,True,0.5181370473483976,0.5181370473483976
1,1,True,0.585467202489687,0.585467202489687
1,1,True,0.6061709163271555,0.6061709163271555
1,1,True,0.5965703115714769,0.5965703115714769
1,1,True,0.5590688525999599,0.5590688525999599
1,1,True,0.5583904608119725,0.5583904608119725
1,1,True,0.5184493901073437,0.5184493901073437
1,1,True,0.6302035733141645,0.6302035733141645
1,1,True,0.6645160264732375,0.6645160264732375
1,1,True,0.6578527261375553,0.6578527261375553
1,0,False,0.6403130213671907,0.6403130213671907
1,0,False,0.6372691989414563,0.6372691989414563
1,0,False,0.6073071254131543,0.6073071254131543
1,0,False,0.562548511607921,0.562548511607921
1,1,True,0.5362039408133915,0.5362039408133915
0,1,False,0.5043423412025652,0.49565765879743473
0,0,True,0.5158108643909716,0.48418913560902843
1,0,False,0.544470882689887,0.544470882689887
1,0,False,0.5612800541518101,0.5612800541518101
1,0,False,0.5942209860926602,0.5942209860926602
1,0,False,0.5052196046984367,0.5052196046984367
0,1,False,0.5256305956015871,0.4743694043984129
1,1,True,0.5183908320229358,0.5183908320229358
1,1,True,0.5243099189993425,0.5243099189993425
1,1,True,0.5903435073753358,0.5903435073753358
1,1,True,0.5278393159863692,0.5278393159863692
1,1,True,0.54880666998425,0.54880666998425
0,1,False,0.5585951923055485,0.44140480769445145
0,1,False,0.5236561327573709,0.476343867242629
0,1,False,0.5044106780381472,0.4955893219618528
0,1,False,0.5293675034078897,0.47063249659211015
0,1,False,0.5209683764752437,0.4790316235247562
0,1,False,0.533709237149733,0.466290762850267
0,1,False,0.5289470747331863,0.47105292526681364
1,1,True,0.531711376821071,0.531711376821071
1,1,True,0.5635426807682025,0.5635426807682025
1,1,True,0.5278830448721611,0.5278830448721611
1,1,True,0.5205052499922201,0.5205052499922201
0,1,False,0.5262785038069571,0.4737214961930428
1,1,True,0.5065386701861068,0.5065386701861068
0,1,False,0.527532951243786,0.4724670487562139
1,1,True,0.5406527887383012,0.5406527887383012
0,1,False,0.577001902237225,0.42299809776277486
1,1,True,0.5336295347089018,0.5336295347089018
1,0,False,0.5939389164677027,0.5939389164677027
0,0,True,0.5622495335984882,0.437750466401512
1,0,False,0.6128240266583711,0.6128240266583711
0,1,False,0.5868044829104392,0.4131955170895608
0,1,False,0.5776899944479542,0.4223100055520458
0,1,False,0.5602372090905117,0.43976279090948844
1,1,True,0.5237448496246199,0.5237448496246199
1,1,True,0.5513325228266891,0.5513325228266891
1,1,True,0.5255035186796384,0.5255035186796384
0,1,False,0.5440519686291542,0.4559480313708459
0,1,False,0.5920851435668817,0.4079148564331183
0,0,True,0.6343521727994499,0.3656478272005501
1,0,False,0.5466679008824152,0.5466679008824152
1,1,True,0.5121387596404494,0.5121387596404494
0,0,True,0.584699181050671,0.41530081894932896
0,0,True,0.5110856025365068,0.4889143974634932
0,0,True,0.5669662171240385,0.4330337828759616
0,1,False,0.5470052900001925,0.4529947099998075
0,1,False,0.5852250446924507,0.4147749553075492
0,1,False,0.6000288985324002,0.39997110146759984
0,1,False,0.5097876679356266,0.4902123320643734
0,1,False,0.6067451583802439,0.3932548416197561
0,1,False,0.5788719040637879,0.42112809593621214
0,1,False,0.5571387661805972,0.44286123381940273
0,1,False,0.549508404244094,0.4504915957559061
0,1,False,0.6429251241879064,0.35707487581209363
0,0,True,0.6154673567832878,0.3845326432167122
1,1,True,0.5108175282049615,0.5108175282049615
0,0,True,0.6551007302618634,0.34489926973813656
0,0,True,0.5201126921950745,0.4798873078049255
1,0,False,0.5372984472519844,0.5372984472519844
0,1,False,0.5790423220357972,0.42095767796420286
0,0,True,0.5965513633653508,0.40344863663464914
0,0,True,0.5500809212784292,0.4499190787215709
0,0,True,0.5458103921293237,0.4541896078706764
0,1,False,0.6081807540946486,0.39181924590535144
0,0,True,0.5746668308932437,0.4253331691067564
0,0,True,0.5530401882735878,0.4469598117264122
0,1,False,0.5549159575014486,0.4450840424985514
0,0,True,0.5276556449037539,0.47234435509624595
0,1,False,0.5726524198954195,0.42734758010458057
0,1,False,0.5743060997605256,0.4256939002394744
0,1,False,0.5647933732435706,0.4352066267564294
0,1,False,0.5517226726231704,0.44827732737682957
0,1,False,0.5122602725515879,0.4877397274484121
1,0,False,0.5021038644512273,0.5021038644512273
0,0,True,0.5150216509977089,0.48497834900229103
0,0,True,0.5628999458423531,0.43710005415764674
0,1,False,0.5120168871282111,0.48798311287178875
0,1,False,0.510745553144,0.48925444685599995
1,0,False,0.5085898818436596,0.5085898818436596
1,0,False,0.5378938152669585,0.5378938152669585
1,0,False,0.5222169533899852,0.5222169533899852
1,0,False,0.5322260341623543,0.5322260341623543
0,0,True,0.5208448055933035,0.4791551944066964
0,0,True,0.5855644797001195,0.4144355202998804
1,0,False,0.5101556541990736,0.5101556541990736
0,0,True,0.5066394665969525,0.4933605334030476
1,0,False,0.5385723817495456,0.5385723817495456
1,0,False,0.5594213798304819,0.5594213798304819
1,0,False,0.5558878660906779,0.5558878660906779
1,0,False,0.5308244416731102,0.5308244416731102
1,1,True,0.6325865162985882,0.6325865162985882
1,0,False,0.659106174488373,0.659106174488373
1,1,True,0.5029034293882959,0.5029034293882959
1,1,True,0.6548628369128615,0.6548628369128615
1,1,True,0.6486609291579966,0.6486609291579966
1,1,True,0.6561416930188628,0.6561416930188628
1,1,True,0.6618939051116774,0.6618939051116774
1,1,True,0.6713383460503963,0.6713383460503963
1,1,True,0.6278881695522127,0.6278881695522127
1,1,True,0.5008117847786064,0.5008117847786064
1,1,True,0.5060743222834909,0.5060743222834909
1,1,True,0.505953394185621,0.505953394185621
1,0,False,0.506408055293791,0.506408055293791
1,0,False,0.577009114235146,0.577009114235146
1,0,False,0.5514039535986675,0.5514039535986675
1,0,False,0.5006289210737522,0.5006289210737522
1,0,False,0.5469183223627063,0.5469183223627063
0,0,True,0.5253593971855107,0.47464060281448933
1,1,True,0.5602448489539187,0.5602448489539187
0,0,True,0.5109541480689512,0.4890458519310489
1,0,False,0.5199951824250133,0.5199951824250133
0,0,True,0.518611569417519,0.481388430582481
0,0,True,0.5500752152082846,0.44992478479171527
0,0,True,0.5538528704598505,0.44614712954014935
0,1,False,0.6169126723711728,0.38308732762882725
1,1,True,0.5766517529970936,0.5766517529970936
1,1,True,0.5717411551236463,0.5717411551236463
1,1,True,0.6698723499925284,0.6698723499925284
1,1,True,0.6773004739996376,0.6773004739996376
1,0,False,0.6450099692471045,0.6450099692471045
1,1,True,0.5091669555989341,0.5091669555989341
1,0,False,0.5962244173633641,0.5962244173633641
1,0,False,0.5363660131261073,0.5363660131261073
0,0,True,0.5512199028730802,0.4487800971269197
1,0,False,0.5847522804818742,0.5847522804818742
1,0,False,0.5734788832741915,0.5734788832741915
1,0,False,0.5136015110552479,0.5136015110552479
1,0,False,0.5662174713609712,0.5662174713609712
1,0,False,0.6353338966149484,0.6353338966149484
1,0,False,0.541321023325299,0.541321023325299
1,0,False,0.6035421784319973,0.6035421784319973
1,0,False,0.6001586573511531,0.6001586573511531
1,0,False,0.5370963179809414,0.5370963179809414
1,0,False,0.6186603022316732,0.6186603022316732
1,0,False,0.6187496085733387,0.6187496085733387
1,0,False,0.6238537948720932,0.6238537948720932
1,1,True,0.6253309921735002,0.6253309921735002
1,0,False,0.637012487062117,0.637012487062117
1,0,False,0.640590486199915,0.640590486199915
1,1,True,0.624703091422511,0.624703091422511
1,1,True,0.6268894229660429,0.6268894229660429
1,0,False,0.6636890865273346,0.6636890865273346
1,0,False,0.6496718487594169,0.6496718487594169
1,0,False,0.6568246625473334,0.6568246625473334
1,0,False,0.6047013997626014,0.6047013997626014
1,1,True,0.5721497992230333,0.5721497992230333
1,1,True,0.5821829158746233,0.5821829158746233
1,1,True,0.5895264767447399,0.5895264767447399
1,1,True,0.5808587061206524,0.5808587061206524
1,1,True,0.6293372139421487,0.6293372139421487
1,0,False,0.6810676266541609,0.6810676266541609
1,1,True,0.5935353146652286,0.5935353146652286
1,0,False,0.6468595713369183,0.6468595713369183
1,0,False,0.6259540114646476,0.6259540114646476
1,0,False,0.6474800755262471,0.6474800755262471
1,1,True,0.6058895008663148,0.6058895008663148
1,0,False,0.6461183177231814,0.6461183177231814
1,0,False,0.6289939572976342,0.6289939572976342
1,0,False,0.6650506574368052,0.6650506574368052
1,0,False,0.6685087572006592,0.6685087572006592
1,0,False,0.6383777095928589,0.6383777095928589
1,0,False,0.5791069736876941,0.5791069736876941
1,1,True,0.6577535281251035,0.6577535281251035
1,0,False,0.6600547090713075,0.6600547090713075
1,0,False,0.6398834949494252,0.6398834949494252
1,0,False,0.5853404434681223,0.5853404434681223
1,0,False,0.6341187901724175,0.6341187901724175
1,0,False,0.6375350806828123,0.6375350806828123
1,0,False,0.6430309498099545,0.6430309498099545
1,0,False,0.6178886593355248,0.6178886593355248
1,0,False,0.6341434852068117,0.6341434852068117
1,0,False,0.6032346760291206,0.6032346760291206
1,0,False,0.5596911797763069,0.5596911797763069
1,1,True,0.5105522505828678,0.5105522505828678
1,1,True,0.5219324531550611,0.5219324531550611
1,1,True,0.540455988881967,0.540455988881967
0,1,False,0.5418551029069887,0.4581448970930112
1,1,True,0.5107545086131319,0.5107545086131319
0,1,False,0.5412287136181384,0.4587712863818615
1,0,False,0.6049351052630378,0.6049351052630378
1,0,False,0.5715840721323668,0.5715840721323668
1,0,False,0.582225786711273,0.582225786711273
1,0,False,0.6135400134014369,0.6135400134014369
1,1,True,0.5403493212022854,0.5403493212022854
1,1,True,0.5662694925708329,0.5662694925708329
1,1,True,0.5972022018207307,0.5972022018207307
1,1,True,0.6108768038753599,0.6108768038753599
1,1,True,0.560462189436022,0.560462189436022
1,1,True,0.6098072335484657,0.6098072335484657
1,1,True,0.6250068971015141,0.6250068971015141
1,1,True,0.6526840003326613,0.6526840003326613
1,1,True,0.6407510128783305,0.6407510128783305
1,1,True,0.6517345005685622,0.6517345005685622
1,1,True,0.6211383005080826,0.6211383005080826
1,1,True,0.6332723361209425,0.6332723361209425
1,1,True,0.6312456122913762,0.6312456122913762
1,1,True,0.6479671608144708,0.6479671608144708
1,0,False,0.6204522195562572,0.6204522195562572
1,0,False,0.5879320424131669,0.5879320424131669
1,0,False,0.580765038173073,0.580765038173073
1,0,False,0.6047731862110879,0.6047731862110879
1,0,False,0.5689169268247973,0.5689169268247973
1,0,False,0.5852398675926003,0.5852398675926003
1,0,False,0.6257126627829068,0.6257126627829068
1,0,False,0.5925331927379496,0.5925331927379496
1,0,False,0.6232275546033439,0.6232275546033439
1,0,False,0.6080958876563047,0.6080958876563047
1,0,False,0.5870609659816084,0.5870609659816084
1,0,False,0.5498433460419335,0.5498433460419335
1,0,False,0.5291174235162771,0.5291174235162771
1,0,False,0.5362185585119917,0.5362185585119917
1,1,True,0.5028615343866791,0.5028615343866791
1,1,True,0.6041013210295441,0.6041013210295441
1,1,True,0.5238069324964061,0.5238069324964061
1,1,True,0.6196863446664282,0.6196863446664282
1,1,True,0.6328780701298062,0.6328780701298062
1,1,True,0.5532434819712326,0.5532434819712326
1,1,True,0.6200189872223445,0.6200189872223445
1,1,True,0.5148910126227711,0.5148910126227711
1,0,False,0.559148593622012,0.559148593622012
1,0,False,0.5350646095103763,0.5350646095103763
1,0,False,0.5463660581549761,0.5463660581549761
0,1,False,0.5308561128822331,0.4691438871177669
1,1,True,0.5335396487492662,0.5335396487492662
1,1,True,0.5554914777439648,0.5554914777439648
1,1,True,0.5330513767875543,0.5330513767875543
1,1,True,0.5675309083799429,0.5675309083799429
0,1,False,0.5347412854536929,0.4652587145463071
1,1,True,0.5038417740771084,0.5038417740771084
0,1,False,0.5773029618996697,0.4226970381003303
0,1,False,0.5715643589181514,0.42843564108184856
0,0,True,0.5954264970761233,0.40457350292387667
1,0,False,0.6017091312997391,0.6017091312997391
1,0,False,0.5019156170015171,0.5019156170015171
1,0,False,0.5240844066825014,0.5240844066825014
1,0,False,0.5014790270955468,0.5014790270955468
1,1,True,0.512496552314111,0.512496552314111
1,0,False,0.584839693661261,0.584839693661261
1,0,False,0.5915995644727242,0.5915995644727242
1,0,False,0.6134610414312733,0.6134610414312733
1,0,False,0.5883356625849475,0.5883356625849475
1,0,False,0.5203775859595434,0.5203775859595434
1,0,False,0.520632763558486,0.520632763558486
1,0,False,0.551769350150737,0.551769350150737
1,0,False,0.5810577325954445,0.5810577325954445
1,0,False,0.5990384357365851,0.5990384357365851
1,0,False,0.6345769978003104,0.6345769978003104
1,0,False,0.5990295378036943,0.5990295378036943
1,0,False,0.6729545861763585,0.6729545861763585
1,0,False,0.6635147442220651,0.6635147442220651
1,0,False,0.6635920887868614,0.6635920887868614
1,0,False,0.6745886574606397,0.6745886574606397
1,0,False,0.6731186424118791,0.6731186424118791
1,0,False,0.6713749908642311,0.6713749908642311
1,0,False,0.6753005131948568,0.6753005131948568
1,1,True,0.6438766006052747,0.6438766006052747
1,0,False,0.6866907212168075,0.6866907212168075
1,0,False,0.7112399310318992,0.7112399310318992
1,1,True,0.7032791657357863,0.7032791657357863
1,0,False,0.6805994369067844,0.6805994369067844
1,0,False,0.6430074183811163,0.6430074183811163
1,1,True,0.5965978607195057,0.5965978607195057
1,1,True,0.6100207599934463,0.6100207599934463
1,1,True,0.6277388217823449,0.6277388217823449
1,1,True,0.6041811718175858,0.6041811718175858
1,1,True,0.6494920865831071,0.6494920865831071
1,1,True,0.5478665428457689,0.5478665428457689
1,1,True,0.5707068479290449,0.5707068479290449
1,1,True,0.5916438817890474,0.5916438817890474
1,1,True,0.5361654685614657,0.5361654685614657
1,1,True,0.5249182281877998,0.5249182281877998
1,1,True,0.546130084142194,0.546130084142194
1,0,False,0.6610752866889131,0.6610752866889131
1,0,False,0.6538621261042926,0.6538621261042926
1,0,False,0.6647067918540922,0.6647067918540922
1,0,False,0.6790569466009972,0.6790569466009972
1,0,False,0.6647482270470594,0.6647482270470594
1,0,False,0.6727694986533834,0.6727694986533834
1,0,False,0.6085771385604084,0.6085771385604084
1,0,False,0.6275493081805171,0.6275493081805171
1,0,False,0.6337720155377307,0.6337720155377307
1,1,True,0.6427970716373689,0.6427970716373689
1,0,False,0.6656665417656017,0.6656665417656017
1,1,True,0.6212410865286768,0.6212410865286768
1,1,True,0.6060487792354758,0.6060487792354758
1,1,True,0.6248778478822123,0.6248778478822123
1,1,True,0.5993394683592179,0.5993394683592179
1,1,True,0.6286207795119674,0.6286207795119674
1,1,True,0.6503939590112422,0.6503939590112422
0,1,False,0.5232518172934109,0.47674818270658903
1,0,False,0.5127725212309998,0.5127725212309998
1,0,False,0.5590174754609422,0.5590174754609422
1,0,False,0.530250126665684,0.530250126665684
1,0,False,0.5541713419449921,0.5541713419449921
1,0,False,0.5766076478175267,0.5766076478175267
1,0,False,0.588730412508983,0.588730412508983
1,0,False,0.5618386322356296,0.5618386322356296
1,1,True,0.6436426577179117,0.6436426577179117
1,1,True,0.575363876782103,0.575363876782103
1,0,False,0.6627895274221057,0.6627895274221057
1,1,True,0.6379399610561899,0.6379399610561899
1,1,True,0.5640327865231047,0.5640327865231047
1,0,False,0.627820894592629,0.627820894592629
1,1,True,0.6168881053806762,0.6168881053806762
1,1,True,0.6227376077558296,0.6227376077558296
1,1,True,0.5116828874283808,0.5116828874283808
1,0,False,0.5268014965178351,0.5268014965178351
1,1,True,0.5379558530031631,0.5379558530031631
1,0,False,0.6174140388756756,0.6174140388756756
1,0,False,0.5710326752741749,0.5710326752741749
1,0,False,0.6103991122135528,0.6103991122135528
1,0,False,0.6412840047034316,0.6412840047034316
1,0,False,0.5769393016975988,0.5769393016975988
1,0,False,0.5766837462710591,0.5766837462710591
1,0,False,0.6389457812786877,0.6389457812786877
1,0,False,0.6906434781349995,0.6906434781349995
1,1,True,0.6339463495528013,0.6339463495528013
1,1,True,0.6176287873460675,0.6176287873460675
1,1,True,0.6141527727686676,0.6141527727686676
1,0,False,0.6016750683577329,0.6016750683577329
1,1,True,0.6390882036273893,0.6390882036273893
1,0,False,0.5933168293712535,0.5933168293712535
1,0,False,0.5419555180543862,0.5419555180543862
1,1,True,0.6252846229642518,0.6252846229642518
1,1,True,0.6743085337875809,0.6743085337875809
1,0,False,0.562003471927121,0.562003471927121
1,1,True,0.5613609909369974,0.5613609909369974
1,1,True,0.5518766279376129,0.5518766279376129
1,1,True,0.5090169400293365,0.5090169400293365
1,1,True,0.5428714303547941,0.5428714303547941
1,1,True,0.5253860755842102,0.5253860755842102
1,1,True,0.5453989601753788,0.5453989601753788
0,1,False,0.5109029937522819,0.4890970062477181
1,0,False,0.5171399488801154,0.5171399488801154
1,0,False,0.6269688338764656,0.6269688338764656
1,0,False,0.6032547833850276,0.6032547833850276
1,0,False,0.6263928144195354,0.6263928144195354
1,0,False,0.6378689287998257,0.6378689287998257
1,1,True,0.5929127154455045,0.5929127154455045
1,1,True,0.6407020626570474,0.6407020626570474
1,1,True,0.5434254317407442,0.5434254317407442
1,1,True,0.552721801723213,0.552721801723213
1,1,True,0.5758262878700489,0.5758262878700489
1,0,False,0.543655783386855,0.543655783386855
0,0,True,0.5037711367430359,0.49622886325696414
1,0,False,0.5731529440012356,0.5731529440012356
1,0,False,0.5432284113399681,0.5432284113399681
1,0,False,0.5504611213839709,0.5504611213839709
0,1,False,0.5704478919400933,0.42955210805990673
1,1,True,0.5145263822671235,0.5145263822671235
0,1,False,0.5020109306046542,0.4979890693953457
1,1,True,0.5770547719835953,0.5770547719835953
1,1,True,0.5512977354324857,0.5512977354324857
0,0,True,0.5458414406772036,0.45415855932279625
1,0,False,0.5308137083401423,0.5308137083401423
1,0,False,0.5843731769329747,0.5843731769329747
1,1,True,0.5556679443262585,0.5556679443262585
1,1,True,0.5812695585484926,0.5812695585484926
1,1,True,0.6621898353099023,0.6621898353099023
1,1,True,0.5696824773347062,0.5696824773347062
1,1,True,0.5571096856009191,0.5571096856009191
1,1,True,0.5501503324271291,0.5501503324271291
1,1,True,0.548791067379517,0.548791067379517
1,1,True,0.5295224108972143,0.5295224108972143
1,1,True,0.5757068674363861,0.5757068674363861
1,1,True,0.5491883977134118,0.5491883977134118
1,1,True,0.5907921171803203,0.5907921171803203
1,1,True,0.5628436574920267,0.5628436574920267
1,0,False,0.5697450106413785,0.5697450106413785
1,0,False,0.6403792968042619,0.6403792968042619
1,0,False,0.6352077744322049,0.6352077744322049
1,1,True,0.5604669845230781,0.5604669845230781
1,1,True,0.530413681996373,0.530413681996373
1,0,False,0.5337206329185405,0.5337206329185405
1,1,True,0.5252444174810911,0.5252444174810911
1,0,False,0.5357554058776348,0.5357554058776348
1,0,False,0.5667468075587268,0.5667468075587268
1,0,False,0.5823502206348941,0.5823502206348941
1,0,False,0.5326788939031889,0.5326788939031889
1,0,False,0.5753703395193503,0.5753703395193503
1,0,False,0.6200283859922597,0.6200283859922597
1,0,False,0.5650770636743647,0.5650770636743647
1,0,False,0.6487457598766625,0.6487457598766625
1,0,False,0.600387442087019,0.600387442087019
1,0,False,0.5988112094370808,0.5988112094370808
1,0,False,0.5949119687125604,0.5949119687125604
1,0,False,0.564800243520661,0.564800243520661
1,0,False,0.5772623134256246,0.5772623134256246
1,0,False,0.5397265811173526,0.5397265811173526
1,0,False,0.581807757233934,0.581807757233934
1,0,False,0.5969184503273752,0.5969184503273752
1,0,False,0.6246111070551151,0.6246111070551151
1,0,False,0.6706513426918175,0.6706513426918175
1,0,False,0.6494074913195935,0.6494074913195935
1,0,False,0.6480020457332081,0.6480020457332081
1,0,False,0.6218987649256709,0.6218987649256709
1,0,False,0.6277460701824629,0.6277460701824629
1,0,False,0.5804061949180881,0.5804061949180881
1,1,True,0.5744714952540995,0.5744714952540995
1,1,True,0.5905167017144394,0.5905167017144394
1,1,True,0.5986374036973664,0.5986374036973664
1,1,True,0.6133269985291347,0.6133269985291347
1,1,True,0.6029382118890163,0.6029382118890163
1,0,False,0.6170630001986578,0.6170630001986578
1,0,False,0.6182891830178217,0.6182891830178217
1,1,True,0.6062431949304505,0.6062431949304505
1,1,True,0.6130632554379257,0.6130632554379257
1,1,True,0.5145883736501513,0.5145883736501513
1,1,True,0.5068196779927165,0.5068196779927165
1,1,True,0.5872182825831105,0.5872182825831105
1,1,True,0.6276331350672577,0.6276331350672577
1,1,True,0.556744200525747,0.556744200525747
1,1,True,0.58373664991304,0.58373664991304
1,1,True,0.5454378004755138,0.5454378004755138
1,1,True,0.573797054080205,0.573797054080205
1,0,False,0.588531402380275,0.588531402380275
1,0,False,0.6242785145483254,0.6242785145483254
1,0,False,0.606931100286527,0.606931100286527
1,0,False,0.5952706829342038,0.5952706829342038
1,0,False,0.5722823995851611,0.5722823995851611
1,0,False,0.5759544872918746,0.5759544872918746
1,0,False,0.6502330898456475,0.6502330898456475
1,0,False,0.5644436477143642,0.5644436477143642
1,0,False,0.5101585365976733,0.5101585365976733
1,0,False,0.5567006345557212,0.5567006345557212
1,0,False,0.5213884487348226,0.5213884487348226
1,1,True,0.5202885917931701,0.5202885917931701
1,1,True,0.5655574708261132,0.5655574708261132
1,0,False,0.5902774940222654,0.5902774940222654
1,0,False,0.5835234999171098,0.5835234999171098
1,0,False,0.533119057029931,0.533119057029931
1,0,False,0.5716364380777368,0.5716364380777368
1,0,False,0.5728873403498816,0.5728873403498816
1,0,False,0.6165268480947695,0.6165268480947695
1,0,False,0.6214551281571836,0.6214551281571836
1,0,False,0.6135751233358765,0.6135751233358765
1,0,False,0.6271078985573172,0.6271078985573172
1,0,False,0.6372798740597468,0.6372798740597468
1,0,False,0.6013987518927856,0.6013987518927856
1,0,False,0.5745615837134928,0.5745615837134928
1,0,False,0.6187454130599837,0.6187454130599837
1,1,True,0.6469813748904664,0.6469813748904664
1,1,True,0.631209188533228,0.631209188533228
1,1,True,0.6005481823316592,0.6005481823316592
1,1,True,0.5944345503065726,0.5944345503065726
1,1,True,0.6293921636490325,0.6293921636490325
1,0,False,0.6290471711136516,0.6290471711136516
0,1,False,0.5438454505556849,0.45615454944431505
1,0,False,0.5763162527920307,0.5763162527920307
0,0,True,0.5832896305307017,0.4167103694692983
0,0,True,0.5786379810100489,0.42136201898995107
1,0,False,0.6118968758369435,0.6118968758369435
1,0,False,0.571260614316031,0.571260614316031
1,1,True,0.6185675511153361,0.6185675511153361
1,1,True,0.6835524309251291,0.6835524309251291
1,1,True,0.6860081322427998,0.6860081322427998
1,1,True,0.6204743499572023,0.6204743499572023
1,1,True,0.6236174881751655,0.6236174881751655
1,1,True,0.6330431895966859,0.6330431895966859
1,1,True,0.5908040583641789,0.5908040583641789
1,1,True,0.631485234469822,0.631485234469822
1,1,True,0.6359200442139997,0.6359200442139997
1,0,False,0.6160797136180467,0.6160797136180467
1,1,True,0.6437527841463391,0.6437527841463391
1,1,True,0.657093429329688,0.657093429329688
1,1,True,0.6866854747667475,0.6866854747667475
1,1,True,0.6627129910358319,0.6627129910358319
1,1,True,0.6547186512527141,0.6547186512527141
1,1,True,0.6735348847741776,0.6735348847741776
1,1,True,0.6519751111625172,0.6519751111625172
1,1,True,0.637555493124482,0.637555493124482
1,1,True,0.633733131809705,0.633733131809705
1,1,True,0.6198121556668671,0.6198121556668671
1,0,False,0.635698798748747,0.635698798748747
1,0,False,0.6483572249874499,0.6483572249874499
1,0,False,0.6026994772344484,0.6026994772344484
1,0,False,0.6491571395543053,0.6491571395543053
1,0,False,0.6709575136883961,0.6709575136883961
1,0,False,0.6643421659879132,0.6643421659879132
1,0,False,0.6258421950089167,0.6258421950089167
1,1,True,0.6344542050047988,0.6344542050047988
1,1,True,0.6318383515877835,0.6318383515877835
1,1,True,0.6452710310636238,0.6452710310636238
1,1,True,0.5718044852231847,0.5718044852231847
1,0,False,0.5445635542168514,0.5445635542168514
1,0,False,0.5063635966157123,0.5063635966157123
1,0,False,0.6116820752020455,0.6116820752020455
1,0,False,0.5439023941958272,0.5439023941958272
1,0,False,0.5126497114176607,0.5126497114176607
1,0,False,0.5192593801139006,0.5192593801139006
1,0,False,0.6672946512727137,0.6672946512727137
1,1,True,0.6556280020796286,0.6556280020796286
1,1,True,0.5513672233031363,0.5513672233031363
1,1,True,0.5962066721437459,0.5962066721437459
1,1,True,0.5387062125825952,0.5387062125825952
1,1,True,0.5388405279400614,0.5388405279400614
1,1,True,0.6419264684040592,0.6419264684040592
1,1,True,0.6485826643059913,0.6485826643059913
1,1,True,0.6449596739421981,0.6449596739421981
1,1,True,0.6325599965175891,0.6325599965175891
1,1,True,0.6417339217384946,0.6417339217384946
1,0,False,0.6676224378512889,0.6676224378512889
1,0,False,0.6057951252665928,0.6057951252665928
1,0,False,0.5762321235100198,0.5762321235100198
1,0,False,0.5981442663946166,0.5981442663946166
1,0,False,0.5741956620788486,0.5741956620788486
1,0,False,0.619467275851865,0.619467275851865
1,0,False,0.6497032720844839,0.6497032720844839
1,1,True,0.6282247726838706,0.6282247726838706
1,1,True,0.663069212092459,0.663069212092459
1,0,False,0.6317616142405957,0.6317616142405957
1,1,True,0.5107303469649189,0.5107303469649189
1,1,True,0.5527997164728482,0.5527997164728482
1,0,False,0.523624556787292,0.523624556787292
1,0,False,0.5287874263432131,0.5287874263432131
1,0,False,0.5146022966101907,0.5146022966101907
1,0,False,0.5359497515851286,0.5359497515851286
1,0,False,0.6312602663153534,0.6312602663153534
1,0,False,0.6245919558738889,0.6245919558738889
1,0,False,0.6716467569929109,0.6716467569929109
1,0,False,0.5673098861133075,0.5673098861133075
1,0,False,0.6231079796562891,0.6231079796562891
1,0,False,0.658020731239966,0.658020731239966
1,0,False,0.5501264551617465,0.5501264551617465
1,0,False,0.6151768784939824,0.6151768784939824
1,0,False,0.5492069938877684,0.5492069938877684
1,0,False,0.5790330789005018,0.5790330789005018
1,0,False,0.5998021986871275,0.5998021986871275
1,0,False,0.6382262139020717,0.6382262139020717
1,1,True,0.5654908222451887,0.5654908222451887
1,0,False,0.6046083822119961,0.6046083822119961
1,0,False,0.6366241524255877,0.6366241524255877
1,1,True,0.6363126105980978,0.6363126105980978
1,0,False,0.6471009236817469,0.6471009236817469
1,0,False,0.5414037445935488,0.5414037445935488
1,0,False,0.6022080683403809,0.6022080683403809
1,0,False,0.6295961146711556,0.6295961146711556
1,0,False,0.6079568746544906,0.6079568746544906
1,0,False,0.5164199115092624,0.5164199115092624
1,0,False,0.6230941820226931,0.6230941820226931
1,0,False,0.5934857383452503,0.5934857383452503
1,0,False,0.6305972710572106,0.6305972710572106
1,0,False,0.6520272563974805,0.6520272563974805
1,1,True,0.6337948163590128,0.6337948163590128
1,1,True,0.6690636347575285,0.6690636347575285
1,1,True,0.6145252740231919,0.6145252740231919
1,1,True,0.672278014737761,0.672278014737761
1,1,True,0.5423639850801943,0.5423639850801943
1,1,True,0.6236119652286279,0.6236119652286279
1,1,True,0.6377868713246678,0.6377868713246678
1,0,False,0.6686616110036654,0.6686616110036654
1,0,False,0.6371792343067108,0.6371792343067108
1,0,False,0.6808856381058758,0.6808856381058758
1,0,False,0.6843749671232057,0.6843749671232057
1,0,False,0.6393764130487645,0.6393764130487645
1,1,True,0.6448238211644179,0.6448238211644179
1,1,True,0.719882537657121,0.719882537657121
1,1,True,0.6993435443183572,0.6993435443183572
1,1,True,0.6698742937178082,0.6698742937178082
1,1,True,0.663800640579971,0.663800640579971
1,1,True,0.6443192519390757,0.6443192519390757
1,1,True,0.5773780040750387,0.5773780040750387
1,1,True,0.5652828197232244,0.5652828197232244
1,0,False,0.5919449429190051,0.5919449429190051
1,0,False,0.5880887695177694,0.5880887695177694
1,0,False,0.6763387461697183,0.6763387461697183
1,1,True,0.6790372477074926,0.6790372477074926
1,1,True,0.6917472385555966,0.6917472385555966
1,1,True,0.6665090016366098,0.6665090016366098
1,1,True,0.6822907743190896,0.6822907743190896
1,1,True,0.6098409635560964,0.6098409635560964
1,1,True,0.700853187014016,0.700853187014016
1,0,False,0.6474819742282443,0.6474819742282443
1,0,False,0.6232770034504018,0.6232770034504018
1,0,False,0.6365636226903444,0.6365636226903444
1,1,True,0.595578398461586,0.595578398461586
1,1,True,0.5176387998864597,0.5176387998864597
1,1,True,0.6431779014681026,0.6431779014681026
1,1,True,0.6530882584228463,0.6530882584228463
1,0,False,0.6485891727916656,0.6485891727916656
1,0,False,0.5756421792803006,0.5756421792803006
1,0,False,0.5678829458375341,0.5678829458375341
1,0,False,0.5194114518370123,0.5194114518370123
1,0,False,0.5565715495903921,0.5565715495903921
1,0,False,0.5719167504401893,0.5719167504401893
1,0,False,0.593451885231611,0.593451885231611
1,0,False,0.6138528647168158,0.6138528647168158
1,0,False,0.6282341961081189,0.6282341961081189
1,0,False,0.6154050058609327,0.6154050058609327
1,0,False,0.5911524630175184,0.5911524630175184
1,0,False,0.6250263542062429,0.6250263542062429
1,0,False,0.5979321166730964,0.5979321166730964
1,0,False,0.6087634978461341,0.6087634978461341
1,0,False,0.606614360327935,0.606614360327935
1,0,False,0.5756920772741134,0.5756920772741134
1,0,False,0.5345752506786816,0.5345752506786816
1,0,False,0.5991965791792467,0.5991965791792467
1,0,False,0.6313109265688237,0.6313109265688237
1,0,False,0.6082622320601742,0.6082622320601742
1,1,True,0.6652709621135645,0.6652709621135645
1,0,False,0.7105035972764686,0.7105035972764686
1,0,False,0.6669958305066528,0.6669958305066528
1,0,False,0.6668709214933497,0.6668709214933497
1,0,False,0.6875890549110659,0.6875890549110659
1,0,False,0.672216244255124,0.672216244255124
1,1,True,0.6597586560691959,0.6597586560691959
1,1,True,0.6174919545257549,0.6174919545257549
1,1,True,0.6047357525726109,0.6047357525726109
1,1,True,0.6211532089308343,0.6211532089308343
1,1,True,0.6167108099549108,0.6167108099549108
1,1,True,0.5783295119140788,0.5783295119140788
1,0,False,0.6273756892583335,0.6273756892583335
1,0,False,0.5490298203409372,0.5490298203409372
1,0,False,0.6441236249962938,0.6441236249962938
1,0,False,0.6398511451017066,0.6398511451017066
1,1,True,0.5734508515090241,0.5734508515090241
1,1,True,0.6569664335617956,0.6569664335617956
1,1,True,0.7037308010411816,0.7037308010411816
1,1,True,0.6962870876596324,0.6962870876596324
1,1,True,0.6088915716720219,0.6088915716720219
1,0,False,0.5607381432575873,0.5607381432575873
0,0,True,0.536555914600826,0.4634440853991741
1,0,False,0.5329893857202226,0.5329893857202226
1,0,False,0.6081118137358057,0.6081118137358057
1,0,False,0.5706054479570625,0.5706054479570625
1,1,True,0.5003547651093101,0.5003547651093101
1,0,False,0.5268049618651356,0.5268049618651356
1,0,False,0.6514939841157913,0.6514939841157913
1,0,False,0.6530497230860262,0.6530497230860262
1,0,False,0.5269523594402795,0.5269523594402795
1,0,False,0.5597840062745035,0.5597840062745035
1,0,False,0.6175806022386685,0.6175806022386685
1,1,True,0.533549761320624,0.533549761320624
1,1,True,0.5135074248976235,0.5135074248976235
1,0,False,0.5427859268731408,0.5427859268731408
1,0,False,0.576831673078748,0.576831673078748
1,1,True,0.5461253613590362,0.5461253613590362
1,1,True,0.5371956947517227,0.5371956947517227
1,0,False,0.5175616625192007,0.5175616625192007
1,1,True,0.6367302540995838,0.6367302540995838
0,1,False,0.5004712282169881,0.4995287717830119
1,0,False,0.6239855100727779,0.6239855100727779
1,0,False,0.5588044084561324,0.5588044084561324
1,1,True,0.6507301160206922,0.6507301160206922
1,1,True,0.5936067829746389,0.5936067829746389
1,1,True,0.5953045643324169,0.5953045643324169
1,1,True,0.6266611023476287,0.6266611023476287
1,1,True,0.6306088846859537,0.6306088846859537
1,1,True,0.6277956461956309,0.6277956461956309
1,0,False,0.5778984393678694,0.5778984393678694
1,0,False,0.6343603714072803,0.6343603714072803
1,0,False,0.6427833452839192,0.6427833452839192
1,1,True,0.5367007605393923,0.5367007605393923
1,1,True,0.5287713840452813,0.5287713840452813
1,1,True,0.602711453108961,0.602711453108961
1,1,True,0.6666516646676829,0.6666516646676829
1,0,False,0.6673752648452175,0.6673752648452175
1,0,False,0.5894467815011157,0.5894467815011157
1,0,False,0.5796080761742468,0.5796080761742468
1,0,False,0.554268265797337,0.554268265797337
1,1,True,0.5876095708282324,0.5876095708282324
1,0,False,0.6183208179523043,0.6183208179523043
1,0,False,0.614245457045974,0.614245457045974
1,1,True,0.5926605615474173,0.5926605615474173
1,1,True,0.6201451001046794,0.6201451001046794
1,0,False,0.6375063095425004,0.6375063095425004
1,1,True,0.5059715634796509,0.5059715634796509
1,1,True,0.5012818088873561,0.5012818088873561
0,1,False,0.5285492276807136,0.47145077231928645
0,1,False,0.5077023373066014,0.4922976626933985
1,1,True,0.5653265180705064,0.5653265180705064
1,1,True,0.5373711979756781,0.5373711979756781
1,1,True,0.57012354796863,0.57012354796863
1,1,True,0.5993214483454646,0.5993214483454646
1,1,True,0.601376486284085,0.601376486284085
1,1,True,0.573559873126104,0.573559873126104
1,1,True,0.6116095557913653,0.6116095557913653
1,0,False,0.581888138013265,0.581888138013265
1,0,False,0.5458013284578052,0.5458013284578052
1,0,False,0.5905547303936445,0.5905547303936445
0,0,True,0.5006463111062525,0.4993536888937474
1,1,True,0.6082619361434574,0.6082619361434574
1,1,True,0.6604965949491148,0.6604965949491148
1,1,True,0.68323736670004,0.68323736670004
1,1,True,0.6017138658714012,0.6017138658714012
0,1,False,0.5176541588662606,0.4823458411337393
1,1,True,0.5028090090802337,0.5028090090802337
0,0,True,0.517240573947737,0.48275942605226296
0,0,True,0.5136855494723802,0.48631445052761973
1,1,True,0.555195321203163,0.555195321203163
1,1,True,0.5022365127126809,0.5022365127126809
1,1,True,0.5211124510735653,0.5211124510735653
1,1,True,0.6238110796562928,0.6238110796562928
1,1,True,0.5554136770753513,0.5554136770753513
1,0,False,0.5382454481326951,0.5382454481326951
1,0,False,0.5690192037268454,0.5690192037268454
1,0,False,0.605581177239116,0.605581177239116
1,0,False,0.6231734094108341,0.6231734094108341
1,0,False,0.5458832999348954,0.5458832999348954
1,0,False,0.615480551197351,0.615480551197351
1,0,False,0.642732822381272,0.642732822381272
1,0,False,0.6466267606326374,0.6466267606326374
1,0,False,0.6389339759301884,0.6389339759301884
1,0,False,0.6898247350873481,0.6898247350873481
1,0,False,0.6151466111417749,0.6151466111417749
1,0,False,0.5965349114398406,0.5965349114398406
1,1,True,0.6047170337507582,0.6047170337507582
1,1,True,0.653151996290323,0.653151996290323
1,1,True,0.6478190596102449,0.6478190596102449
1,1,True,0.6541729367247737,0.6541729367247737
1,1,True,0.5690606761351703,0.5690606761351703
1,1,True,0.6355603913637905,0.6355603913637905
1,1,True,0.6006808491400036,0.6006808491400036
1,1,True,0.6308484368458546,0.6308484368458546
1,1,True,0.6267160066507914,0.6267160066507914
1,1,True,0.6317176702757931,0.6317176702757931
1,1,True,0.5827783982352625,0.5827783982352625
1,1,True,0.5637372118804675,0.5637372118804675
1,1,True,0.6240810256981357,0.6240810256981357
1,1,True,0.5535904610571647,0.5535904610571647
1,1,True,0.6368161871636864,0.6368161871636864
1,1,True,0.6351697362270814,0.6351697362270814
1,1,True,0.6642605147630065,0.6642605147630065
1,1,True,0.6643343454802089,0.6643343454802089
1,1,True,0.7142479754463436,0.7142479754463436
1,0,False,0.6614231646886275,0.6614231646886275
1,0,False,0.6268085707294528,0.6268085707294528
1,0,False,0.5820125247198421,0.5820125247198421
1,0,False,0.6223977323051382,0.6223977323051382
1,0,False,0.5914659817148307,0.5914659817148307
1,1,True,0.6076803905513104,0.6076803905513104
1,1,True,0.6779198263192165,0.6779198263192165
1,0,False,0.6794437406876397,0.6794437406876397
1,0,False,0.6608495298144561,0.6608495298144561
1,0,False,0.6364059190818905,0.6364059190818905
1,0,False,0.5543816919739127,0.5543816919739127
1,0,False,0.566424296176425,0.566424296176425
1,1,True,0.5804411432013291,0.5804411432013291
1,1,True,0.5779572283630794,0.5779572283630794
1,1,True,0.5640910933702885,0.5640910933702885
1,1,True,0.5527503272968352,0.5527503272968352
1,1,True,0.6146893250589973,0.6146893250589973
1,1,True,0.5406496984995242,0.5406496984995242
1,1,True,0.6694781746319565,0.6694781746319565
1,1,True,0.6683027166778852,0.6683027166778852
1,1,True,0.6506228645612004,0.6506228645612004
1,1,True,0.6340491053114473,0.6340491053114473
1,1,True,0.6012580808560017,0.6012580808560017
1,1,True,0.5943605148330633,0.5943605148330633
1,0,False,0.581310758104691,0.581310758104691
1,0,False,0.7085994075051258,0.7085994075051258
1,0,False,0.696941723558872,0.696941723558872
1,0,False,0.6568217487519101,0.6568217487519101
1,0,False,0.6097939414476546,0.6097939414476546
1,0,False,0.5865108771527452,0.5865108771527452
1,1,True,0.6123785633578953,0.6123785633578953
1,1,True,0.6055120645327713,0.6055120645327713
1,1,True,0.678174989181349,0.678174989181349
1,1,True,0.5861533417138194,0.5861533417138194
1,1,True,0.5268919124736348,0.5268919124736348
0,0,True,0.5034147441797374,0.4965852558202626
1,0,False,0.5495744853826723,0.5495744853826723
1,0,False,0.5974121035920423,0.5974121035920423
1,0,False,0.5238789826950844,0.5238789826950844
1,1,True,0.6025283243122138,0.6025283243122138
1,0,False,0.7250813738571864,0.7250813738571864
1,0,False,0.667383184331019,0.667383184331019
1,0,False,0.6601322569243314,0.6601322569243314
1,0,False,0.5988561373848997,0.5988561373848997
1,0,False,0.61221078613647,0.61221078613647
1,0,False,0.6318730015993834,0.6318730015993834
1,0,False,0.5316763820093233,0.5316763820093233
0,1,False,0.518468828903319,0.4815311710966809
0,0,True,0.5146817192049715,0.48531828079502837
1,0,False,0.585279426523894,0.585279426523894
1,0,False,0.5168263584810652,0.5168263584810652
1,0,False,0.551725964897972,0.551725964897972
1,0,False,0.5402554213788047,0.5402554213788047
1,0,False,0.5996620820360129,0.5996620820360129
1,0,False,0.5189234364381896,0.5189234364381896
1,0,False,0.5811050782685055,0.5811050782685055
1,0,False,0.6336918088752145,0.6336918088752145
1,1,True,0.6250977590162151,0.6250977590162151
1,1,True,0.5325928635938246,0.5325928635938246
1,1,True,0.6589691659857526,0.6589691659857526
1,0,False,0.6719235739753435,0.6719235739753435
1,0,False,0.5323068065900176,0.5323068065900176
1,0,False,0.5108177368026798,0.5108177368026798
1,0,False,0.6406694413386294,0.6406694413386294
1,0,False,0.5963338624359674,0.5963338624359674
1,1,True,0.6088816213999084,0.6088816213999084
1,1,True,0.5281397746214829,0.5281397746214829
1,0,False,0.5904140083744996,0.5904140083744996
1,1,True,0.651937373041444,0.651937373041444
1,0,False,0.6527426824378929,0.6527426824378929
1,1,True,0.5355929016426955,0.5355929016426955
1,1,True,0.6147359657111638,0.6147359657111638
1,1,True,0.5933341863095438,0.5933341863095438
1,1,True,0.5012076306474261,0.5012076306474261
1,1,True,0.5219387727259843,0.5219387727259843
0,1,False,0.5388690980555408,0.46113090194445916
0,1,False,0.5251444085658944,0.4748555914341056
0,1,False,0.5072074688127589,0.492792531187241
0,1,False,0.5459275235876468,0.45407247641235315
1,1,True,0.5879646821736604,0.5879646821736604
1,1,True,0.5696588142378848,0.5696588142378848
1,0,False,0.5120217891954604,0.5120217891954604
1,0,False,0.6113552996862504,0.6113552996862504
1,0,False,0.5317626465788969,0.5317626465788969
0,0,True,0.5107415229764871,0.4892584770235128
1,0,False,0.56539911384016,0.56539911384016
1,0,False,0.6941404761403329,0.6941404761403329
1,0,False,0.6465723470902309,0.6465723470902309
1,1,True,0.6278443556369862,0.6278443556369862
1,0,False,0.6628690136299373,0.6628690136299373
1,1,True,0.529617606261199,0.529617606261199
1,0,False,0.5609820509342757,0.5609820509342757
0,1,False,0.5133293732650295,0.48667062673497063
1,0,False,0.5048397735025065,0.5048397735025065
0,0,True,0.5356401802092025,0.46435981979079755
0,0,True,0.5471495470762192,0.4528504529237808
0,0,True,0.515332383508938,0.484667616491062
1,0,False,0.5319575913668101,0.5319575913668101
1,0,False,0.5712971002426647,0.5712971002426647
0,1,False,0.525156091857256,0.4748439081427439
1,1,True,0.6103805232339867,0.6103805232339867
1,1,True,0.566757693348726,0.566757693348726
1,1,True,0.6212688172121669,0.6212688172121669
1,1,True,0.5396007462047059,0.5396007462047059
1,1,True,0.5133514266744578,0.5133514266744578
1,1,True,0.6049478738231324,0.6049478738231324
1,1,True,0.5971829157073061,0.5971829157073061
1,1,True,0.600667083689167,0.600667083689167
1,1,True,0.5978855985765126,0.5978855985765126
1,1,True,0.6505380922319111,0.6505380922319111
1,1,True,0.6410390407807697,0.6410390407807697
1,1,True,0.6677936840023388,0.6677936840023388
1,1,True,0.6910571343290883,0.6910571343290883
1,1,True,0.6363392284856155,0.6363392284856155
1,1,True,0.646638495264272,0.646638495264272
1,1,True,0.5874960253150344,0.5874960253150344
1,1,True,0.5637936836144575,0.5637936836144575
1,1,True,0.5595689737922156,0.5595689737922156
1,1,True,0.5638998928038168,0.5638998928038168
1,0,False,0.5975420651574701,0.5975420651574701
1,0,False,0.618524127833585,0.618524127833585
1,1,True,0.6066876566255542,0.6066876566255542
1,1,True,0.6076671339868822,0.6076671339868822
1,1,True,0.602336425811962,0.602336425811962
1,1,True,0.5244490814063945,0.5244490814063945
1,1,True,0.5901985897476533,0.5901985897476533
1,1,True,0.5757270254128442,0.5757270254128442
0,1,False,0.5245605693115306,0.4754394306884693
0,1,False,0.5175785445444159,0.48242145545558407
0,0,True,0.5157767106346804,0.48422328936531944
1,0,False,0.5371872197957512,0.5371872197957512
1,0,False,0.5630758953396418,0.5630758953396418
1,0,False,0.5504961641708854,0.5504961641708854
1,0,False,0.5635628181429029,0.5635628181429029
1,0,False,0.6125151009462476,0.6125151009462476
1,0,False,0.6020022792983141,0.6020022792983141
1,0,False,0.5692098764471634,0.5692098764471634
1,0,False,0.5547356751661735,0.5547356751661735
1,0,False,0.5448216367472349,0.5448216367472349
1,0,False,0.5327316747474848,0.5327316747474848
1,0,False,0.5757194222030966,0.5757194222030966
1,0,False,0.5801809169880426,0.5801809169880426
1,0,False,0.532166554046799,0.532166554046799
1,0,False,0.5133047796061959,0.5133047796061959
1,0,False,0.5239279011566491,0.5239279011566491
1,0,False,0.5966333858126688,0.5966333858126688
1,0,False,0.57620898916695,0.57620898916695
0,1,False,0.5315711160964542,0.46842888390354576
1,1,True,0.5632231147399638,0.5632231147399638
1,1,True,0.503607929611654,0.503607929611654
1,1,True,0.5543859685134889,0.5543859685134889
1,0,False,0.6190718036425971,0.6190718036425971
1,0,False,0.5818335515194012,0.5818335515194012
1,0,False,0.5918379944567397,0.5918379944567397
1,0,False,0.5626309952726211,0.5626309952726211
1,0,False,0.5818106602179899,0.5818106602179899
1,0,False,0.5243296617529938,0.5243296617529938
1,0,False,0.5220107749504697,0.5220107749504697
1,0,False,0.5349247111851434,0.5349247111851434
0,0,True,0.5045287976082334,0.49547120239176645
0,0,True,0.514511370300377,0.485488629699623
0,1,False,0.5310458087684506,0.46895419123154936
0,0,True,0.534520650759104,0.4654793492408958
0,0,True,0.5267804083253821,0.4732195916746179
0,0,True,0.5341844091594308,0.4658155908405692
0,0,True,0.5400232294548212,0.4599767705451787
0,0,True,0.5216640024309909,0.478335997569009
0,0,True,0.5522320888003859,0.447767911199614
1,1,True,0.5437013094690838,0.5437013094690838
1,1,True,0.556346905739056,0.556346905739056
1,1,True,0.5732111245070713,0.5732111245070713
1,1,True,0.6362618750494704,0.6362618750494704
1,1,True,0.5459601808864263,0.5459601808864263
1,1,True,0.5213264795435391,0.5213264795435391
1,1,True,0.5667093794447132,0.5667093794447132
1,1,True,0.5504671926557292,0.5504671926557292
1,0,False,0.604011901526813,0.604011901526813
1,0,False,0.5155569415688143,0.5155569415688143
1,0,False,0.510783964773182,0.510783964773182
1,0,False,0.5541191595022881,0.5541191595022881
0,1,False,0.5042858666801157,0.49571413331988434
1,1,True,0.5579611959777637,0.5579611959777637
1,1,True,0.5575415551003625,0.5575415551003625
1,1,True,0.5519263916525454,0.5519263916525454
1,1,True,0.5247287457247896,0.5247287457247896
0,1,False,0.5271421914393315,0.4728578085606685
0,0,True,0.5228991462273024,0.4771008537726976
0,0,True,0.5128074610694183,0.4871925389305817
0,0,True,0.5678657047427069,0.43213429525729313
1,0,False,0.535051228678592,0.535051228678592
1,0,False,0.548834668985126,0.548834668985126
1,0,False,0.5441804129225758,0.5441804129225758
1,0,False,0.5311308735183767,0.5311308735183767
1,1,True,0.5265772531456185,0.5265772531456185
1,0,False,0.5429052449764553,0.5429052449764553
1,0,False,0.5362478659943684,0.5362478659943684
1,0,False,0.500032612656198,0.500032612656198
1,1,True,0.5129706572157828,0.5129706572157828
1,1,True,0.5201239219425535,0.5201239219425535
1,1,True,0.5242435155702286,0.5242435155702286
0,1,False,0.5794031537507514,0.4205968462492486
0,0,True,0.5488194094974456,0.4511805905025542
0,0,True,0.5065021816143194,0.4934978183856807
0,0,True,0.5541742263819284,0.44582577361807163
0,0,True,0.5241876319540729,0.4758123680459271
1,1,True,0.5401903845910941,0.5401903845910941
0,0,True,0.5249546419170669,0.4750453580829332
0,1,False,0.5299670203266461,0.4700329796733538
0,1,False,0.5508704867118008,0.44912951328819917
0,0,True,0.5409135800523456,0.45908641994765437
0,0,True,0.5726291094032646,0.4273708905967354
0,0,True,0.5498049010411041,0.45019509895889576
0,0,True,0.5611656080104246,0.4388343919895753
0,0,True,0.5769136331320122,0.42308636686798773
0,0,True,0.5586911484317948,0.4413088515682052
0,0,True,0.5259079924441947,0.4740920075558053
0,0,True,0.5536387591824352,0.4463612408175647
0,1,False,0.5477779679448573,0.45222203205514255
0,1,False,0.5482815998561308,0.4517184001438692
0,1,False,0.5169654710342813,0.48303452896571875
0,1,False,0.5325821191911568,0.46741788080884333
0,1,False,0.573860556877229,0.4261394431227711
0,0,True,0.549130033730856,0.45086996626914405
1,0,False,0.5768121009524926,0.5768121009524926
0,0,True,0.5325333308339719,0.46746666916602814
1,0,False,0.5164700207976585,0.5164700207976585
0,1,False,0.5063070126392856,0.49369298736071443
1,1,True,0.5522366972151725,0.5522366972151725
1,1,True,0.5153550912161531,0.5153550912161531
1,1,True,0.5243192254596578,0.5243192254596578
1,1,True,0.5595525674785032,0.5595525674785032
1,1,True,0.5046202721046877,0.5046202721046877
1,1,True,0.5141591340466437,0.5141591340466437
1,1,True,0.5016902179372873,0.5016902179372873
1,1,True,0.5645613970146799,0.5645613970146799
1,1,True,0.5160302992280801,0.5160302992280801
1,1,True,0.5536709347546407,0.5536709347546407
1,1,True,0.5151296087214305,0.5151296087214305
1,1,True,0.5329281971740166,0.5329281971740166
1,1,True,0.5440550305822939,0.5440550305822939
1,1,True,0.5753937087166948,0.5753937087166948
1,1,True,0.5830191836366586,0.5830191836366586
1,0,False,0.5962986227794331,0.5962986227794331
1,0,False,0.5801802294725119,0.5801802294725119
1,1,True,0.5872040547800312,0.5872040547800312
1,1,True,0.5764579260895162,0.5764579260895162
1,0,False,0.5080266459174573,0.5080266459174573
1,0,False,0.5166354474118822,0.5166354474118822
1,0,False,0.5580558357199392,0.5580558357199392
1,0,False,0.5325989098292031,0.5325989098292031
1,0,False,0.5482050613361706,0.5482050613361706
0,0,True,0.5409324457168495,0.4590675542831503
0,0,True,0.5349365574629857,0.46506344253701415
0,1,False,0.5554637321677214,0.4445362678322785
0,0,True,0.5357917129190493,0.4642082870809505
1,0,False,0.5457644295736637,0.5457644295736637
0,0,True,0.5101647882106592,0.48983521178934064
0,1,False,0.560759440300874,0.4392405596991261
0,1,False,0.6201214444457575,0.3798785555542423
0,1,False,0.5887517828355634,0.4112482171644366
0,1,False,0.5693922295903326,0.43060777040966725
1,1,True,0.5279235569946643,0.5279235569946643
1,0,False,0.5021596348939955,0.5021596348939955
1,1,True,0.5528877636282765,0.5528877636282765
1,1,True,0.5743730773116174,0.5743730773116174
1,1,True,0.5429417658333551,0.5429417658333551
1,0,False,0.5279285636306245,0.5279285636306245
1,1,True,0.55057549831729,0.55057549831729
1,0,False,0.590522809709098,0.590522809709098
1,0,False,0.5403803982404531,0.5403803982404531
0,0,True,0.5028637431678196,0.4971362568321803
0,0,True,0.5116277041832358,0.4883722958167642
1,0,False,0.5431154084112639,0.5431154084112639
0,1,False,0.5054897516504325,0.49451024834956747
1,1,True,0.5891727669840396,0.5891727669840396
1,1,True,0.600234744433592,0.600234744433592
1,1,True,0.5869828469796006,0.5869828469796006
1,1,True,0.5608971863155303,0.5608971863155303
0,1,False,0.5490016269256801,0.4509983730743198
1,1,True,0.5157499856708391,0.5157499856708391
1,1,True,0.5467368780470127,0.5467368780470127
1,0,False,0.5747366782813641,0.5747366782813641
1,1,True,0.6035897240637776,0.6035897240637776
1,1,True,0.6401677380076478,0.6401677380076478
1,1,True,0.6164839636329613,0.6164839636329613
1,0,False,0.5735028555988547,0.5735028555988547
1,0,False,0.5096488053002031,0.5096488053002031
1,1,True,0.5199839292401305,0.5199839292401305
1,1,True,0.5301584119962921,0.5301584119962921
1,0,False,0.5472360206262301,0.5472360206262301
1,1,True,0.5394950348969213,0.5394950348969213
1,0,False,0.500997657744081,0.500997657744081
0,0,True,0.5201933715871307,0.4798066284128693
0,0,True,0.5391698209829019,0.4608301790170982
0,0,True,0.559866421408741,0.440133578591259
0,0,True,0.5581856093872863,0.44181439061271366
0,1,False,0.5647644292109892,0.43523557078901076
0,1,False,0.5528595836231472,0.44714041637685276
0,1,False,0.526936363547251,0.4730636364527489
0,1,False,0.5677218758572,0.4322781241428
1,1,True,0.5779671569792538,0.5779671569792538
1,0,False,0.5940904226624374,0.5940904226624374
1,0,False,0.5610574155990714,0.5610574155990714
1,0,False,0.5787166854248962,0.5787166854248962
1,1,True,0.6308739908676899,0.6308739908676899
1,1,True,0.5585907863880513,0.5585907863880513
1,1,True,0.5587882758796014,0.5587882758796014
1,1,True,0.596495467266649,0.596495467266649
1,0,False,0.5958026826523973,0.5958026826523973
1,1,True,0.5442489110335672,0.5442489110335672
1,0,False,0.5614065927412093,0.5614065927412093
1,0,False,0.585239544814875,0.585239544814875
1,0,False,0.5783051789848486,0.5783051789848486
1,1,True,0.5718591253899177,0.5718591253899177
1,1,True,0.547500114100184,0.547500114100184
1,1,True,0.5591757597269248,0.5591757597269248
1,1,True,0.5588420419226299,0.5588420419226299
1,1,True,0.515758481351134,0.515758481351134
1,1,True,0.5555394632582338,0.5555394632582338
1,1,True,0.522050305473906,0.522050305473906
1,1,True,0.536934090141254,0.536934090141254
1,1,True,0.5622371700564228,0.5622371700564228
1,0,False,0.5126286895640114,0.5126286895640114
1,0,False,0.5763019280142805,0.5763019280142805
1,0,False,0.5522696820539946,0.5522696820539946
1,0,False,0.5200052224398589,0.5200052224398589
0,1,False,0.5215277469461492,0.47847225305385066
1,1,True,0.5527038405770676,0.5527038405770676
1,1,True,0.5881628949393736,0.5881628949393736
1,1,True,0.5326059582273971,0.5326059582273971
1,1,True,0.5547448760180809,0.5547448760180809
1,1,True,0.5317890907532736,0.5317890907532736
0,1,False,0.5000264460413771,0.49997355395862286
1,0,False,0.5590105375413281,0.5590105375413281
1,0,False,0.5760392886300536,0.5760392886300536
1,0,False,0.6094742742018793,0.6094742742018793
1,0,False,0.6215668063598013,0.6215668063598013
1,1,True,0.5932146513213653,0.5932146513213653
1,1,True,0.6244125359528102,0.6244125359528102
1,1,True,0.6258442215133737,0.6258442215133737
1,1,True,0.6340020348230802,0.6340020348230802
1,1,True,0.6099392877200189,0.6099392877200189
1,1,True,0.6126164704536826,0.6126164704536826
1,1,True,0.6392742759254292,0.6392742759254292
1,0,False,0.6420900405618717,0.6420900405618717
1,0,False,0.5880728379271204,0.5880728379271204
1,0,False,0.5883498346261636,0.5883498346261636
1,1,True,0.5363173917895848,0.5363173917895848
1,1,True,0.5366476630477488,0.5366476630477488
1,1,True,0.5577587673870683,0.5577587673870683
1,1,True,0.5386826629617459,0.5386826629617459
1,1,True,0.6169083854680573,0.6169083854680573
1,1,True,0.5870132749324033,0.5870132749324033
1,1,True,0.5818816412202124,0.5818816412202124
1,1,True,0.6185929682409044,0.6185929682409044
1,0,False,0.6200801862442028,0.6200801862442028
1,0,False,0.5806457998868224,0.5806457998868224
1,0,False,0.5481794771015638,0.5481794771015638
1,0,False,0.5383095916912289,0.5383095916912289
0,0,True,0.5194397759988597,0.4805602240011402
1,0,False,0.5659075125376576,0.5659075125376576
1,1,True,0.5969836466062295,0.5969836466062295
1,0,False,0.6158214317092685,0.6158214317092685
1,1,True,0.5965596719198687,0.5965596719198687
1,1,True,0.6010720696593869,0.6010720696593869
0,1,False,0.5144370988716201,0.4855629011283798
1,1,True,0.5349349866819119,0.5349349866819119
1,1,True,0.5306777372192355,0.5306777372192355
1,1,True,0.5780876185805799,0.5780876185805799
1,1,True,0.5612619430349314,0.5612619430349314
1,0,False,0.5730910083365399,0.5730910083365399
1,1,True,0.5661648412066462,0.5661648412066462
1,1,True,0.6038203596332692,0.6038203596332692
1,0,False,0.5776709343838577,0.5776709343838577
1,0,False,0.5369095136474229,0.5369095136474229
1,0,False,0.5409407586795097,0.5409407586795097
1,0,False,0.5072172302664922,0.5072172302664922
1,0,False,0.5423452493233669,0.5423452493233669
1,0,False,0.5067182976690552,0.5067182976690552
1,0,False,0.5731548863583749,0.5731548863583749
0,0,True,0.5381702937120191,0.4618297062879807
1,0,False,0.5724972476978665,0.5724972476978665
0,0,True,0.5815358065594487,0.4184641934405513
0,0,True,0.6054077097264561,0.3945922902735439
0,0,True,0.5101718811384561,0.48982811886154387
0,0,True,0.5042669064657799,0.49573309353422
1,0,False,0.5064631347112236,0.5064631347112236
0,0,True,0.5034274929539435,0.4965725070460564
0,0,True,0.542913321961728,0.45708667803827185
0,0,True,0.5090876563711415,0.49091234362885844
0,0,True,0.549987676358235,0.45001232364176497
0,0,True,0.5865161164424476,0.4134838835575523
0,0,True,0.5709871249760011,0.4290128750239988
1,0,False,0.566774128587707,0.566774128587707
1,1,True,0.5557988874258529,0.5557988874258529
1,0,False,0.5027210872045554,0.5027210872045554
1,0,False,0.5345047630220782,0.5345047630220782
1,0,False,0.5388696383249352,0.5388696383249352
1,0,False,0.5213757930368468,0.5213757930368468
0,0,True,0.5083225906541888,0.49167740934581106
1,1,True,0.5132782587607387,0.5132782587607387
1,1,True,0.5187619372044654,0.5187619372044654
1,1,True,0.5338635826510448,0.5338635826510448
1,1,True,0.5403161087288503,0.5403161087288503
1,0,False,0.5611468656807179,0.5611468656807179
1,0,False,0.5214291303550385,0.5214291303550385
1,1,True,0.5347971259174121,0.5347971259174121
1,1,True,0.5309790422569511,0.5309790422569511
0,1,False,0.5177645667372657,0.48223543326273427
1,1,True,0.5241583043252511,0.5241583043252511
1,1,True,0.5188154616291661,0.5188154616291661
0,1,False,0.53693182889843,0.46306817110156995
1,0,False,0.5008249547154615,0.5008249547154615
1,0,False,0.5213113165164033,0.5213113165164033
1,0,False,0.5552117284681561,0.5552117284681561
1,0,False,0.5503572234246906,0.5503572234246906
1,0,False,0.5312489652257422,0.5312489652257422
1,1,True,0.5093278858449897,0.5093278858449897
1,1,True,0.5715284112537065,0.5715284112537065
1,1,True,0.5463876637722479,0.5463876637722479
1,1,True,0.5136894123509993,0.5136894123509993
0,1,False,0.5618525116710722,0.4381474883289278
0,1,False,0.5310918088686659,0.4689081911313341
0,1,False,0.5184268210085377,0.48157317899146224
1,1,True,0.5165266153105725,0.5165266153105725
0,0,True,0.5052045548646958,0.49479544513530416
1,0,False,0.5764180965255965,0.5764180965255965
1,0,False,0.501344184361854,0.501344184361854
1,0,False,0.5632688754931874,0.5632688754931874
1,1,True,0.5031065512981954,0.5031065512981954
1,1,True,0.5337344303288309,0.5337344303288309
1,1,True,0.5451382774046996,0.5451382774046996
1,1,True,0.5286145817492204,0.5286145817492204
1,0,False,0.5050610159883493,0.5050610159883493
0,0,True,0.5135516841351971,0.48644831586480286
1,0,False,0.5218091841998134,0.5218091841998134
1,0,False,0.5568415287165349,0.5568415287165349
0,0,True,0.5529917701941038,0.44700822980589616
0,0,True,0.5121778492281349,0.4878221507718652
1,0,False,0.546973454661984,0.546973454661984
1,0,False,0.5324285290546155,0.5324285290546155
0,0,True,0.516077665998138,0.48392233400186196
0,0,True,0.5443680098760882,0.4556319901239118
1,1,True,0.5360484877989027,0.5360484877989027
1,1,True,0.5310323096578373,0.5310323096578373
0,1,False,0.5158863903253451,0.4841136096746549
0,1,False,0.5120601568182637,0.48793984318173644
0,1,False,0.6026524948857501,0.3973475051142499
1,0,False,0.5152667878481991,0.5152667878481991
1,0,False,0.5048261862914288,0.5048261862914288
1,0,False,0.6222151719564005,0.6222151719564005
1,0,False,0.5971067498425544,0.5971067498425544
1,0,False,0.6081832338346507,0.6081832338346507
1,1,True,0.5514731389046288,0.5514731389046288
1,1,True,0.6219256965415114,0.6219256965415114
1,0,False,0.5559851781695793,0.5559851781695793
1,0,False,0.5572704272153222,0.5572704272153222
1,1,True,0.5093707138186291,0.5093707138186291
0,0,True,0.5009865264945893,0.49901347350541087
0,0,True,0.5028306860782482,0.49716931392175184
0,0,True,0.5202395129306939,0.479760487069306
0,0,True,0.5364099242262639,0.46359007577373607
0,0,True,0.5040675928249218,0.49593240717507814
0,0,True,0.5101565897464809,0.489843410253519
1,0,False,0.5013678712174997,0.5013678712174997
0,1,False,0.5161268345293071,0.48387316547069287
0,1,False,0.5600076135560084,0.4399923864439915
0,1,False,0.533471444535385,0.4665285554646149
0,1,False,0.5276528370495979,0.472347162950402
0,1,False,0.5057385064870805,0.49426149351291926
0,1,False,0.5188468828262437,0.4811531171737562
0,0,True,0.5083220371834346,0.4916779628165653
1,0,False,0.5202429417592929,0.5202429417592929
1,0,False,0.5663821525159933,0.5663821525159933
1,1,True,0.5281825828925276,0.5281825828925276
1,1,True,0.5114164698979937,0.5114164698979937
1,0,False,0.5411335457847792,0.5411335457847792
1,1,True,0.5527297479434392,0.5527297479434392
1,0,False,0.5661036920845752,0.5661036920845752
1,0,False,0.5585601956854958,0.5585601956854958
1,0,False,0.5516989183511487,0.5516989183511487
1,1,True,0.5178141220971877,0.5178141220971877
0,1,False,0.5026679327746432,0.4973320672253568
0,1,False,0.5520950624202834,0.44790493757971667
0,1,False,0.5621582913797265,0.43784170862027344
0,1,False,0.5449971004280111,0.45500289957198886
0,1,False,0.5389592568749162,0.46104074312508375
1,1,True,0.551849913193059,0.551849913193059
1,1,True,0.5598621216556261,0.5598621216556261
0,1,False,0.5203744263526566,0.4796255736473434
1,1,True,0.5396923235745967,0.5396923235745967
1,1,True,0.5422423632760417,0.5422423632760417
1,0,False,0.5559942151078492,0.5559942151078492
1,0,False,0.5229118956096517,0.5229118956096517
1,0,False,0.5063575768799092,0.5063575768799092
0,0,True,0.5314521243652129,0.468547875634787
0,0,True,0.5651939182071466,0.4348060817928533
1,0,False,0.5062793320975719,0.5062793320975719
1,1,True,0.5147373982637727,0.5147373982637727
0,0,True,0.5420816961421666,0.4579183038578335
0,1,False,0.5007322774806664,0.4992677225193335
0,1,False,0.5156355973219824,0.4843644026780176
0,1,False,0.5361827604077313,0.4638172395922686
0,0,True,0.5559848959714774,0.4440151040285227
0,0,True,0.5539998411789133,0.4460001588210867
1,0,False,0.5146033466603797,0.5146033466603797
1,0,False,0.5047594922036291,0.5047594922036291
0,0,True,0.5374424699827715,0.4625575300172286
0,0,True,0.5064188052781738,0.49358119472182616
1,0,False,0.5310438591130748,0.5310438591130748
1,0,False,0.557083748596151,0.557083748596151
1,0,False,0.5761349344600485,0.5761349344600485
1,0,False,0.5577432849769655,0.5577432849769655
1,0,False,0.5176132615202224,0.5176132615202224
1,0,False,0.5524515515387438,0.5524515515387438
1,0,False,0.5032583578739236,0.5032583578739236
0,0,True,0.6176888564954357,0.38231114350456424
0,0,True,0.5719312986635223,0.4280687013364775
0,0,True,0.547220077446702,0.452779922553298
0,0,True,0.5937816722664832,0.4062183277335168
0,0,True,0.6079912740837914,0.3920087259162085
0,0,True,0.5603530923369837,0.43964690766301623
0,0,True,0.5491004791490665,0.45089952085093343
0,0,True,0.558527759168482,0.44147224083151787
0,0,True,0.5749225757199065,0.42507742428009343
0,1,False,0.5128512856611294,0.48714871433887064
0,0,True,0.532547789741358,0.46745221025864203
1,0,False,0.5111436630792956,0.5111436630792956
1,1,True,0.5261081499059005,0.5261081499059005
1,1,True,0.530126369377135,0.530126369377135
1,1,True,0.5322208455393219,0.5322208455393219
0,1,False,0.5128563408023614,0.48714365919763847
0,1,False,0.523096155618991,0.47690384438100897
0,1,False,0.5341840727502705,0.4658159272497294
0,1,False,0.5047269446054304,0.4952730553945695
0,1,False,0.5417439257811585,0.4582560742188414
0,1,False,0.5108031835588049,0.4891968164411951
1,0,False,0.5128622335522993,0.5128622335522993
0,0,True,0.5162640493646189,0.48373595063538116
0,1,False,0.5279594862025477,0.4720405137974523
1,1,True,0.5032411578299409,0.5032411578299409
0,1,False,0.5260677911256995,0.4739322088743005
0,1,False,0.5053009414875165,0.49469905851248347
0,1,False,0.5010717860478622,0.4989282139521377
0,1,False,0.5174087693544126,0.4825912306455873
0,1,False,0.5150264644138827,0.48497353558611717
0,1,False,0.5575263802397317,0.4424736197602682
0,0,True,0.5650605279699322,0.4349394720300678
0,1,False,0.5104599456438689,0.4895400543561311
1,0,False,0.5117797924456993,0.5117797924456993
0,0,True,0.5576541782155648,0.44234582178443516
0,0,True,0.5219670368416238,0.4780329631583761
0,0,True,0.5269884803977588,0.47301151960224125
0,0,True,0.5037617322985487,0.4962382677014513
1,0,False,0.5066240351290924,0.5066240351290924
0,1,False,0.5224205686422165,0.47757943135778336
0,0,True,0.6168908995895312,0.38310910041046875
0,0,True,0.5894124009571731,0.4105875990428269
0,1,False,0.5711602956375962,0.4288397043624038
0,0,True,0.6362046046976286,0.3637953953023711
0,0,True,0.6193533631511795,0.3806466368488204
0,0,True,0.6156362779423238,0.3843637220576761
0,1,False,0.5636240486564916,0.4363759513435084
0,0,True,0.6352036047796144,0.36479639522038537
0,1,False,0.5903366612482879,0.40966333875171196
0,1,False,0.5545990090176842,0.4454009909823157
0,0,True,0.5263599784584125,0.4736400215415875
0,0,True,0.5014216932491052,0.49857830675089465
1,1,True,0.5242937836554131,0.5242937836554131
1,1,True,0.5229857332701391,0.5229857332701391
1,1,True,0.5253111346145427,0.5253111346145427
1,1,True,0.5238123992352656,0.5238123992352656
0,1,False,0.5324342334132212,0.46756576658677884
1,1,True,0.5567754244233126,0.5567754244233126
0,1,False,0.5089635703339732,0.4910364296660268
0,1,False,0.5316514290944885,0.4683485709055115
0,1,False,0.5115505080390745,0.4884494919609254
1,1,True,0.5016793774624352,0.5016793774624352
0,1,False,0.5276505243267414,0.47234947567325847
1,0,False,0.5081110196366462,0.5081110196366462
1,0,False,0.532031755048749,0.532031755048749
1,0,False,0.5128121465013844,0.5128121465013844
1,1,True,0.5213036310828362,0.5213036310828362
0,1,False,0.5028575449255245,0.4971424550744755
1,1,True,0.5366621785880713,0.5366621785880713
1,1,True,0.5840463448802111,0.5840463448802111
1,1,True,0.5697935067078153,0.5697935067078153
0,1,False,0.5007918344000197,0.49920816559998027
0,1,False,0.5469181176020045,0.4530818823979955
0,0,True,0.5235511361743865,0.47644886382561347
1,0,False,0.5767695501973147,0.5767695501973147
1,0,False,0.5230955480750517,0.5230955480750517
0,0,True,0.5275016731827621,0.47249832681723786
0,0,True,0.532608385076553,0.4673916149234471
1,0,False,0.5293008844603189,0.5293008844603189
1,0,False,0.5422871162471747,0.5422871162471747
1,1,True,0.5001270847579631,0.5001270847579631
0,1,False,0.5101731992686431,0.48982680073135687
0,1,False,0.5164096525446176,0.4835903474553823
0,1,False,0.5448395529930032,0.4551604470069968
1,1,True,0.525448546876677,0.525448546876677
1,0,False,0.513069002257148,0.513069002257148
1,0,False,0.5111039249037915,0.5111039249037915
1,0,False,0.5454008283141877,0.5454008283141877
1,0,False,0.5368119064860537,0.5368119064860537
0,0,True,0.5185937213451599,0.4814062786548402
0,0,True,0.5049165846559948,0.49508341534400524
1,0,False,0.5071433544824677,0.5071433544824677
1,0,False,0.5585255282988434,0.5585255282988434
1,0,False,0.5052843345389932,0.5052843345389932
1,0,False,0.5094417987740405,0.5094417987740405
0,0,True,0.517530121168858,0.4824698788311419
0,0,True,0.518183601678157,0.48181639832184286
0,0,True,0.5066276234125184,0.49337237658748134
0,1,False,0.5238495303466534,0.47615046965334645
1,1,True,0.5038940578663516,0.5038940578663516
0,0,True,0.5284379282302142,0.4715620717697857
0,1,False,0.5393538674486785,0.4606461325513215
0,0,True,0.55771535887024,0.44228464112975985
0,0,True,0.5332735520577264,0.4667264479422735
1,0,False,0.5367887853093866,0.5367887853093866
1,0,False,0.5514824130010096,0.5514824130010096
1,0,False,0.5713740929842432,0.5713740929842432
1,0,False,0.5416283893167999,0.5416283893167999
1,0,False,0.5065927390847567,0.5065927390847567
1,0,False,0.5087531001722079,0.5087531001722079
0,0,True,0.5020545776005306,0.4979454223994694
0,0,True,0.5142399984744519,0.4857600015255481
0,0,True,0.5170173142169949,0.4829826857830049
0,0,True,0.5477644298550982,0.45223557014490173
0,0,True,0.5656699271840633,0.43433007281593655
0,0,True,0.5721244391242453,0.42787556087575457
0,0,True,0.5888075487922251,0.4111924512077748
0,1,False,0.5383100712151268,0.46168992878487314
0,1,False,0.5020065787071923,0.49799342129280766
0,1,False,0.5344874920015454,0.4655125079984545
0,0,True,0.5129514088795515,0.4870485911204484
1,0,False,0.5001896221935482,0.5001896221935482
0,0,True,0.510814759280424,0.4891852407195759
0,0,True,0.5091063033910532,0.49089369660894666
0,1,False,0.5014324839465165,0.4985675160534835
0,1,False,0.5364242859040063,0.46357571409599363
0,1,False,0.5049160682001247,0.4950839317998753
0,1,False,0.5158018835564034,0.48419811644359645
1,1,True,0.5006559631930169,0.5006559631930169
1,1,True,0.5036916942302085,0.5036916942302085
1,1,True,0.5735686333489197,0.5735686333489197
0,0,True,0.507204874325994,0.49279512567400596
0,0,True,0.5104272819971196,0.4895727180028804
0,0,True,0.5517088103787906,0.44829118962120934
0,0,True,0.5176626492917763,0.4823373507082237
0,0,True,0.5252079616431437,0.47479203835685624
1,0,False,0.5050074958668581,0.5050074958668581
0,1,False,0.5166608135491945,0.4833391864508054
0,1,False,0.5620825769696123,0.4379174230303876
0,1,False,0.5902401304917246,0.40975986950827537
0,0,True,0.5380735982762925,0.46192640172370736
1,1,True,0.5167412139873506,0.5167412139873506
1,0,False,0.5011621536248412,0.5011621536248412
0,0,True,0.5074408477360763,0.4925591522639236
0,0,True,0.5486406530096991,0.45135934699030084
0,0,True,0.5299027846999519,0.470097215300048
0,0,True,0.5497904153242106,0.4502095846757894
1,0,False,0.5157478500842795,0.5157478500842795
0,0,True,0.5070254202314541,0.49297457976854586
0,0,True,0.5198066717607784,0.48019332823922145
0,1,False,0.5394478885257796,0.46055211147422026
1,1,True,0.5719029662823736,0.5719029662823736
1,0,False,0.5570538986882867,0.5570538986882867
1,0,False,0.5756723306695469,0.5756723306695469
1,0,False,0.5363365187533838,0.5363365187533838
0,0,True,0.5242947623431246,0.47570523765687567
1,0,False,0.5745362308383697,0.5745362308383697
1,0,False,0.574264826571129,0.574264826571129
1,0,False,0.6219962173335929,0.6219962173335929
1,0,False,0.537440024695104,0.537440024695104
1,1,True,0.5985382955668206,0.5985382955668206
1,1,True,0.5879671200135483,0.5879671200135483
1,1,True,0.569717923958926,0.569717923958926
1,0,False,0.5635447844087587,0.5635447844087587
1,1,True,0.5889134394779446,0.5889134394779446
1,0,False,0.5869937886561664,0.5869937886561664
1,0,False,0.6231579321667673,0.6231579321667673
1,0,False,0.5434739417158623,0.5434739417158623
1,1,True,0.6291568175410662,0.6291568175410662
1,1,True,0.6157551940793917,0.6157551940793917
1,1,True,0.6353681697205396,0.6353681697205396
1,1,True,0.5577223686629047,0.5577223686629047
1,1,True,0.5760471936609858,0.5760471936609858
1,1,True,0.5772929954836475,0.5772929954836475
1,1,True,0.5487557840513845,0.5487557840513845
1,1,True,0.5208857319854769,0.5208857319854769
1,0,False,0.5245677249077564,0.5245677249077564
0,1,False,0.6125553078723908,0.38744469212760924
0,0,True,0.5803270521580568,0.41967294784194326
0,0,True,0.6106082618715045,0.3893917381284955
0,0,True,0.6102161147546837,0.3897838852453163
0,0,True,0.6111518877451848,0.38884811225481497
0,1,False,0.5332794888009448,0.4667205111990552
0,0,True,0.5381061169136964,0.4618938830863035
0,0,True,0.5453707960503775,0.4546292039496224
0,1,False,0.5109355602271832,0.48906443977281666
0,0,True,0.5090112942977523,0.4909887057022476
0,0,True,0.585136338250636,0.4148636617493639
0,0,True,0.5666255549158669,0.433374445084133
0,0,True,0.5187899340121102,0.4812100659878898
1,0,False,0.5130253842361518,0.5130253842361518
1,1,True,0.5041813348918017,0.5041813348918017
0,1,False,0.5871910124848542,0.4128089875151457
0,1,False,0.5726651062455961,0.4273348937544039
0,1,False,0.5455356997222931,0.4544643002777068
0,1,False,0.5905280663892997,0.40947193361070033
0,1,False,0.5359503578921361,0.46404964210786387
0,0,True,0.5287947596589184,0.47120524034108147
1,0,False,0.5287323812671855,0.5287323812671855
0,0,True,0.5061668788385012,0.49383312116149886
0,0,True,0.5043992131532978,0.4956007868467021
1,0,False,0.5466750257322166,0.5466750257322166
1,0,False,0.5346390581067879,0.5346390581067879
1,1,True,0.5689644485001868,0.5689644485001868
1,1,True,0.5058254173901424,0.5058254173901424
0,0,True,0.552705012682188,0.44729498731781203
0,0,True,0.5635998974184888,0.4364001025815112
0,0,True,0.5088242481216024,0.49117575187839757
0,0,True,0.5075147594752275,0.4924852405247724
1,0,False,0.5132319597398662,0.5132319597398662
1,1,True,0.5141450053642326,0.5141450053642326
0,1,False,0.5263166383781253,0.47368336162187474
0,1,False,0.5293030290115647,0.4706969709884353
0,0,True,0.5003018032209324,0.49969819677906757
1,1,True,0.5262965670836693,0.5262965670836693
1,1,True,0.5805937664114458,0.5805937664114458
1,1,True,0.5617668309988333,0.5617668309988333
1,1,True,0.5754296640406532,0.5754296640406532
1,1,True,0.5586091829434034,0.5586091829434034
1,1,True,0.5616312977383136,0.5616312977383136
1,1,True,0.5726387240996074,0.5726387240996074
1,0,False,0.539541238058506,0.539541238058506
1,0,False,0.5375373655110104,0.5375373655110104
0,0,True,0.514007624288127,0.4859923757118729
1,0,False,0.5364361955029422,0.5364361955029422
0,0,True,0.5484555869033891,0.45154441309661086
0,0,True,0.5863144472043723,0.41368555279562763
1,1,True,0.5664163992400986,0.5664163992400986
1,1,True,0.5326607189909769,0.5326607189909769
1,1,True,0.552416991169836,0.552416991169836
0,1,False,0.6389148738583647,0.36108512614163535
0,1,False,0.5973721027580883,0.4026278972419118
0,1,False,0.5158087767121085,0.48419122328789155
0,1,False,0.6386209438520183,0.36137905614798166
0,1,False,0.6951458101327397,0.30485418986726026
0,0,True,0.7011889474246931,0.2988110525753069
0,0,True,0.6292808239551796,0.3707191760448204
0,0,True,0.6071212850958736,0.3928787149041263
0,0,True,0.539511583693905,0.46048841630609494
0,0,True,0.5476768200657676,0.4523231799342324
0,1,False,0.5408569777886729,0.4591430222113271
1,1,True,0.5021011807945748,0.5021011807945748
1,1,True,0.5901487085206718,0.5901487085206718
1,1,True,0.5865653931217393,0.5865653931217393
0,1,False,0.5243455918865179,0.47565440811348203
0,1,False,0.5560885049065564,0.44391149509344363
0,1,False,0.5833977397591648,0.41660226024083513
1,1,True,0.5099988813912688,0.5099988813912688
0,1,False,0.5945324680227422,0.40546753197725777
0,1,False,0.587450894498356,0.41254910550164403
0,1,False,0.531252837137061,0.46874716286293905
0,1,False,0.5439561269684385,0.45604387303156135
0,1,False,0.5694364563071828,0.43056354369281724
0,1,False,0.536341338536733,0.4636586614632669
0,1,False,0.5269617008817997,0.47303829911820017
0,1,False,0.5542902888350307,0.4457097111649694
0,1,False,0.557243215824604,0.442756784175396
0,0,True,0.5888261391002579,0.41117386089974206
0,0,True,0.5337471306533945,0.4662528693466054
0,0,True,0.6386630782708247,0.36133692172917514
0,0,True,0.5944785471072394,0.4055214528927605
0,0,True,0.608047137648537,0.39195286235146287
0,0,True,0.5892834057729393,0.41071659422706075
0,0,True,0.5606030938739325,0.4393969061260675
0,0,True,0.6287316129326458,0.3712683870673541
0,0,True,0.526114882405536,0.4738851175944639
0,0,True,0.5323847222598919,0.46761527774010814
0,0,True,0.532441430812115,0.4675585691878849
0,1,False,0.5293125346931462,0.4706874653068537
1,0,False,0.5046641992420664,0.5046641992420664
1,1,True,0.5419511299689661,0.5419511299689661
1,0,False,0.5290062886983611,0.5290062886983611
1,0,False,0.5470761539963013,0.5470761539963013
1,0,False,0.5455687837678085,0.5455687837678085
1,0,False,0.5628716990313642,0.5628716990313642
1,0,False,0.5736630242839559,0.5736630242839559
1,1,True,0.5940640622624173,0.5940640622624173
1,1,True,0.5895501527312093,0.5895501527312093
0,1,False,0.5104425963494928,0.4895574036505071
1,0,False,0.5170400982318373,0.5170400982318373
0,1,False,0.5274111475268926,0.47258885247310745
1,0,False,0.513990201927803,0.513990201927803
0,1,False,0.5088459162066703,0.4911540837933297
0,0,True,0.5212941828372158,0.47870581716278404
0,0,True,0.5240990774568551,0.4759009225431448
0,0,True,0.5258115533563665,0.4741884466436334
0,0,True,0.5596881366779585,0.4403118633220415
0,0,True,0.5437074824635448,0.4562925175364551
0,0,True,0.5516541041649482,0.44834589583505163
0,0,True,0.5379518289896172,0.46204817101038265
0,0,True,0.5497622318385545,0.4502377681614454
0,0,True,0.565315488773889,0.434684511226111
0,0,True,0.5190816230399071,0.4809183769600928
0,1,False,0.5297874604525759,0.47021253954742415
0,1,False,0.5251298218525826,0.4748701781474173
0,1,False,0.5394641750284337,0.46053582497156625
0,1,False,0.5373830531122198,0.46261694688778027
0,1,False,0.5512840783738744,0.44871592162612556
0,1,False,0.5173360457139108,0.4826639542860892
1,0,False,0.502565190939885,0.502565190939885
0,0,True,0.5040652273405677,0.4959347726594323
1,0,False,0.5019127353282722,0.5019127353282722
1,1,True,0.525053075835111,0.525053075835111
1,1,True,0.5147388947653314,0.5147388947653314
1,1,True,0.5036165127971755,0.5036165127971755
1,1,True,0.5226413587037162,0.5226413587037162
1,1,True,0.5067760679673203,0.5067760679673203
1,1,True,0.5083419030954532,0.5083419030954532
1,0,False,0.5179124344375633,0.5179124344375633
0,1,False,0.5241655008312502,0.4758344991687497
1,1,True,0.5024214953795143,0.5024214953795143
0,1,False,0.5384001656768093,0.46159983432319074
0,1,False,0.5472697236898416,0.4527302763101583
1,1,True,0.5008376182693683,0.5008376182693683
1,0,False,0.6159586935814004,0.6159586935814004
1,0,False,0.591722111003232,0.591722111003232
1,0,False,0.5779052191976201,0.5779052191976201
1,0,False,0.5848755277961202,0.5848755277961202
0,0,True,0.5138278385915162,0.48617216140848385
1,0,False,0.5260028116882853,0.5260028116882853
1,0,False,0.556336981802485,0.556336981802485
1,0,False,0.5268908908071881,0.5268908908071881
1,0,False,0.5052255737883391,0.5052255737883391
0,0,True,0.5066207750166781,0.4933792249833218
0,0,True,0.5736272980750087,0.4263727019249913
1,0,False,0.5153933670985611,0.5153933670985611
1,0,False,0.5501991296182577,0.5501991296182577
0,0,True,0.5343686407957575,0.4656313592042424
0,1,False,0.6239144808573339,0.3760855191426661
0,1,False,0.5835376119848248,0.4164623880151752
0,1,False,0.5630305571559483,0.4369694428440517
0,1,False,0.5440540653999493,0.45594593460005073
0,1,False,0.5017325906739006,0.49826740932609936
1,1,True,0.5070168383325798,0.5070168383325798
1,1,True,0.5217471511793556,0.5217471511793556
1,0,False,0.5512862801562585,0.5512862801562585
1,0,False,0.5322059377282271,0.5322059377282271
1,0,False,0.5322655865076181,0.5322655865076181
1,0,False,0.5149184117276465,0.5149184117276465
0,0,True,0.5339485837270073,0.46605141627299285
1,0,False,0.528347701298306,0.528347701298306
1,0,False,0.5098083126876635,0.5098083126876635
1,1,True,0.5135817271636148,0.5135817271636148
1,1,True,0.5403479327410895,0.5403479327410895
1,1,True,0.5090144928256566,0.5090144928256566
1,1,True,0.5195970472997503,0.5195970472997503
0,0,True,0.5591151999985511,0.44088480000144903
1,0,False,0.5175039144755861,0.5175039144755861
1,0,False,0.5490066540272681,0.5490066540272681
0,0,True,0.514290085654165,0.485709914345835
1,0,False,0.5640789448554978,0.5640789448554978
1,0,False,0.5184749142186145,0.5184749142186145
0,1,False,0.5191989183259152,0.48080108167408464
1,1,True,0.5207620533995792,0.5207620533995792
1,0,False,0.5147867118277254,0.5147867118277254
1,0,False,0.501597964046451,0.501597964046451
0,0,True,0.5154308695183868,0.4845691304816131
1,0,False,0.5056700437833743,0.5056700437833743
1,0,False,0.5230249182798777,0.5230249182798777
1,1,True,0.5120694444799863,0.5120694444799863
1,0,False,0.5231032879129836,0.5231032879129836
0,0,True,0.5090664204201693,0.49093357957983064
1,0,False,0.5537522971331248,0.5537522971331248
1,0,False,0.5191282957221808,0.5191282957221808
1,0,False,0.5151551391299416,0.5151551391299416
0,0,True,0.5139065870831322,0.4860934129168678
0,1,False,0.5234668394103148,0.4765331605896852
0,1,False,0.5096512871221524,0.4903487128778475
0,1,False,0.5132927341697404,0.4867072658302595
0,1,False,0.5672936615703883,0.4327063384296115
0,1,False,0.5602712823094976,0.4397287176905022
1,1,True,0.5002972042912135,0.5002972042912135
1,1,True,0.5322221295990726,0.5322221295990726
1,1,True,0.5564615638110643,0.5564615638110643
1,1,True,0.5466256435149841,0.5466256435149841
1,1,True,0.5292213386416851,0.5292213386416851
0,1,False,0.5206804256323957,0.4793195743676043
0,1,False,0.5367727781752573,0.46322722182474263
0,0,True,0.5480037683600264,0.4519962316399735
1,0,False,0.5694444536938963,0.5694444536938963
1,1,True,0.5341776105079902,0.5341776105079902
1,0,False,0.533816306839515,0.533816306839515
1,1,True,0.5246405048557362,0.5246405048557362
0,1,False,0.5709048605041146,0.42909513949588535
1,1,True,0.5115319916392892,0.5115319916392892
0,0,True,0.5179813596757251,0.4820186403242749
0,1,False,0.5654902772701423,0.4345097227298575
0,0,True,0.571964337906935,0.42803566209306493
0,0,True,0.5425438923341507,0.4574561076658493
0,0,True,0.5134568415526318,0.4865431584473682
0,0,True,0.5640381143829579,0.43596188561704197
0,0,True,0.5494625333681279,0.4505374666318721
0,0,True,0.6043881795186163,0.39561182048138355
0,0,True,0.5413817063800055,0.4586182936199944
0,1,False,0.5293962283869441,0.47060377161305583
0,1,False,0.5343286146472676,0.46567138535273256
0,0,True,0.5524689419352395,0.44753105806476046
0,0,True,0.5240506722944286,0.4759493277055714
1,0,False,0.576050128483346,0.576050128483346
0,0,True,0.5595455259858623,0.44045447401413773
1,0,False,0.527511615721896,0.527511615721896
1,1,True,0.5197515412574207,0.5197515412574207
1,1,True,0.5667245302775817,0.5667245302775817
1,0,False,0.5363919589858017,0.5363919589858017
1,0,False,0.5229104018385874,0.5229104018385874
1,0,False,0.5323286721830411,0.5323286721830411
1,0,False,0.5182848498313255,0.5182848498313255
1,1,True,0.5420701230733935,0.5420701230733935
1,1,True,0.5061002032041165,0.5061002032041165
1,0,False,0.5364353199306255,0.5364353199306255
1,0,False,0.5701222137995285,0.5701222137995285
1,0,False,0.5348083482549686,0.5348083482549686
1,0,False,0.5804581322739185,0.5804581322739185
1,0,False,0.5603213976748909,0.5603213976748909
0,0,True,0.5019944770331586,0.4980055229668414
1,0,False,0.5175846288611968,0.5175846288611968
0,0,True,0.5571371286845129,0.44286287131548696
0,0,True,0.5055819120142241,0.4944180879857758
1,1,True,0.5077444524330404,0.5077444524330404
1,0,False,0.5145188566323694,0.5145188566323694
1,1,True,0.5030906314351945,0.5030906314351945
0,1,False,0.5291043179427308,0.47089568205726906
0,0,True,0.5535777763200771,0.4464222236799228
1,0,False,0.5002134138049896,0.5002134138049896
1,0,False,0.536382222444455,0.536382222444455
1,0,False,0.5214508650364322,0.5214508650364322
0,0,True,0.5003657291734676,0.49963427082653233
1,0,False,0.5273909853964296,0.5273909853964296
1,0,False,0.5165399675898802,0.5165399675898802
1,1,True,0.5273598103639993,0.5273598103639993
1,0,False,0.5646695915180056,0.5646695915180056
1,0,False,0.5281281844160507,0.5281281844160507
1,0,False,0.5554332207598714,0.5554332207598714
1,1,True,0.5371174881863235,0.5371174881863235
1,1,True,0.5583511061090618,0.5583511061090618
1,1,True,0.5388906233128736,0.5388906233128736
1,1,True,0.5234209662643513,0.5234209662643513
1,1,True,0.580593884605539,0.580593884605539
1,1,True,0.580033698826242,0.580033698826242
1,1,True,0.5673317394110481,0.5673317394110481
1,1,True,0.5849367411501107,0.5849367411501107
1,1,True,0.5902158554401691,0.5902158554401691
1,1,True,0.5880138390201383,0.5880138390201383
1,1,True,0.5831773281381457,0.5831773281381457
0,1,False,0.5326721844692797,0.4673278155307203
0,1,False,0.5237604119038044,0.4762395880961956
0,1,False,0.5145247235064381,0.4854752764935618
0,0,True,0.5285931585647982,0.47140684143520173
0,1,False,0.6148698857694747,0.3851301142305253
0,1,False,0.6237034661703658,0.37629653382963424
0,1,False,0.5682964673245936,0.4317035326754063
0,1,False,0.597776697138337,0.4022233028616629
0,1,False,0.5936585268500952,0.40634147314990465
0,1,False,0.6089177253810196,0.3910822746189804
0,1,False,0.595542006591854,0.404457993408146
0,1,False,0.6074444987350589,0.39255550126494104
0,1,False,0.6184309184496846,0.38156908155031544
0,1,False,0.6630550606233799,0.3369449393766201
0,0,True,0.6547810953499084,0.3452189046500916
0,0,True,0.6045851113931311,0.3954148886068688
0,0,True,0.5488661539689237,0.4511338460310763
0,0,True,0.5343054312773927,0.4656945687226073
0,0,True,0.5256081344627457,0.4743918655372542
0,0,True,0.6492046258577717,0.3507953741422283
0,0,True,0.5946731297928236,0.4053268702071764
0,1,False,0.5958198353947372,0.40418016460526285
0,1,False,0.5476420063940948,0.4523579936059052
1,1,True,0.5050284085538325,0.5050284085538325
0,1,False,0.5538098721854667,0.44619012781453316
0,1,False,0.5443286001125454,0.45567139988745453
0,0,True,0.5366271216596272,0.46337287834037283
0,0,True,0.5433625768750185,0.4566374231249814
0,0,True,0.5179076643798326,0.4820923356201673
1,0,False,0.5569043447261592,0.5569043447261592
1,0,False,0.5341621378968376,0.5341621378968376
1,0,False,0.5837203103304863,0.5837203103304863
1,0,False,0.5356785157147481,0.5356785157147481
1,0,False,0.5947955340478008,0.5947955340478008
1,0,False,0.5681771785980165,0.5681771785980165
1,0,False,0.5626924050252018,0.5626924050252018
0,0,True,0.5676107687986391,0.43238923120136097
0,1,False,0.5512231974316592,0.4487768025683408
0,1,False,0.5725958761276231,0.42740412387237703
0,1,False,0.5619428468450297,0.4380571531549704
0,1,False,0.5617029530426396,0.43829704695736044
0,0,True,0.5588421497983896,0.4411578502016104
1,1,True,0.5576591941863953,0.5576591941863953
1,1,True,0.5941231878232246,0.5941231878232246
1,1,True,0.6376584857235593,0.6376584857235593
1,0,False,0.6413694741924666,0.6413694741924666
1,1,True,0.6432502681399381,0.6432502681399381
1,0,False,0.6171164535177291,0.6171164535177291
1,0,False,0.6261029240582083,0.6261029240582083
1,0,False,0.6181615247852433,0.6181615247852433
1,1,True,0.6187176676415358,0.6187176676415358
1,1,True,0.6011418182298476,0.6011418182298476
1,1,True,0.6026592101536535,0.6026592101536535
1,1,True,0.5982795263135958,0.5982795263135958
1,1,True,0.5441249602002057,0.5441249602002057
1,1,True,0.6075962726290611,0.6075962726290611
1,1,True,0.509633708023349,0.509633708023349
0,1,False,0.5660064194045018,0.4339935805954982
0,1,False,0.5627901937726021,0.4372098062273979
0,1,False,0.5973042564727653,0.4026957435272345
0,1,False,0.5514274027899811,0.44857259721001885
0,1,False,0.5570597620227778,0.44294023797722204
0,1,False,0.6114262118660557,0.38857378813394416
0,1,False,0.6210809739971818,0.3789190260028181
0,1,False,0.5728950656394651,0.4271049343605347
0,1,False,0.625631286380138,0.374368713619862
0,1,False,0.634625800208638,0.3653741997913619
0,0,True,0.6379558898994452,0.3620441101005547
0,0,True,0.660153064701456,0.33984693529854393
0,0,True,0.6733001627060382,0.3266998372939618
0,0,True,0.6766482877755553,0.3233517122244446
0,0,True,0.6455787765782035,0.3544212234217963
0,0,True,0.63194881611083,0.36805118388916996
0,0,True,0.6378018869442668,0.3621981130557332
0,0,True,0.6494522668002061,0.35054773319979393
0,0,True,0.6584234279765842,0.3415765720234157
0,1,False,0.5671214964667447,0.4328785035332553
0,1,False,0.5765299646174,0.42347003538259986
0,1,False,0.572643197571614,0.4273568024283859
0,1,False,0.5695368584118639,0.43046314158813614
0,1,False,0.5498864781300499,0.4501135218699501
0,1,False,0.612000443747701,0.387999556252299
0,1,False,0.5905852278737105,0.40941477212628946
0,1,False,0.5684482532450996,0.4315517467549004
0,0,True,0.5345018319380654,0.4654981680619345
0,0,True,0.5671341680902438,0.43286583190975614
0,0,True,0.5740794419077594,0.4259205580922405
0,0,True,0.6064105210887419,0.39358947891125806
0,0,True,0.5819654730777377,0.41803452692226223
0,1,False,0.5780854317435205,0.42191456825647944
0,0,True,0.5066642505943603,0.49333574940563973
0,1,False,0.5012033779775064,0.49879662202249364
0,0,True,0.5100108993975729,0.489989100602427
0,0,True,0.5281184937449463,0.47188150625505354
1,0,False,0.537280787573116,0.537280787573116
1,1,True,0.5048259209640685,0.5048259209640685
1,1,True,0.5188765737436984,0.5188765737436984
1,1,True,0.5319524897188828,0.5319524897188828
0,0,True,0.5441000513221561,0.4558999486778439
0,0,True,0.538976201526611,0.46102379847338903
0,0,True,0.550453761631171,0.44954623836882895
1,1,True,0.520026295851237,0.520026295851237
1,1,True,0.5331893407329571,0.5331893407329571
1,1,True,0.5030476153402006,0.5030476153402006
0,1,False,0.5371310794214028,0.4628689205785971
1,1,True,0.5368220444715209,0.5368220444715209
1,0,False,0.5212075229512699,0.5212075229512699
1,0,False,0.5576782882128695,0.5576782882128695
1,0,False,0.5632626390931846,0.5632626390931846
1,0,False,0.5443283070947046,0.5443283070947046
1,0,False,0.567032595574335,0.567032595574335
1,0,False,0.5020548668164938,0.5020548668164938
1,0,False,0.5509276428926864,0.5509276428926864
1,0,False,0.5565575560943635,0.5565575560943635
0,0,True,0.5047972657402272,0.49520273425977274
0,0,True,0.509397300633983,0.49060269936601686
0,0,True,0.5852982653744656,0.4147017346255343
0,0,True,0.54277741977777,0.4572225802222299
0,0,True,0.5045428659294697,0.49545713407053027
0,1,False,0.522795962671844,0.47720403732815586
0,1,False,0.5054841185330305,0.49451588146696945
0,1,False,0.518197320993455,0.48180267900654494
0,1,False,0.5524433739310921,0.44755662606890784
1,1,True,0.520630207639479,0.520630207639479
1,1,True,0.5305522550005117,0.5305522550005117
1,1,True,0.5349300829461823,0.5349300829461823
1,0,False,0.5283379915779107,0.5283379915779107
1,0,False,0.5082447490134802,0.5082447490134802
0,1,False,0.5018869317507699,0.4981130682492301
0,1,False,0.5062668718477857,0.49373312815221426
0,0,True,0.5195413441806741,0.4804586558193259
0,0,True,0.5105797970331859,0.48942020296681393
0,0,True,0.5264346808862799,0.47356531911372
0,0,True,0.5115821276545797,0.4884178723454202
0,0,True,0.5262041975158736,0.4737958024841263
0,0,True,0.5998495631732467,0.4001504368267533
0,1,False,0.5049918016532069,0.4950081983467931
1,1,True,0.5132640115002028,0.5132640115002028
0,1,False,0.5856993012842013,0.4143006987157985
0,1,False,0.5886316678138921,0.41136833218610785
0,1,False,0.5903191205078662,0.4096808794921338
0,1,False,0.5696966454430397,0.43030335455696017
0,1,False,0.5786577657223557,0.42134223427764417
0,1,False,0.5036544039437113,0.4963455960562887
0,1,False,0.5015959570730947,0.4984040429269052
1,1,True,0.5146293266123131,0.5146293266123131
0,1,False,0.5285345332558181,0.47146546674418177
0,1,False,0.5231083913686421,0.4768916086313578
0,0,True,0.503263039232001,0.4967369607679989
0,0,True,0.5311174631989918,0.4688825368010081
0,0,True,0.5050084797757115,0.4949915202242884
0,0,True,0.5479120035585684,0.4520879964414315
0,0,True,0.5463607324912185,0.45363926750878136
0,0,True,0.5308116056852524,0.46918839431474757
0,0,True,0.5113468553000887,0.48865314469991106
0,0,True,0.536522261401874,0.463477738598126
0,0,True,0.6295707255961356,0.3704292744038643
0,0,True,0.5878382224498238,0.4121617775501762
0,0,True,0.5850879655471721,0.41491203445282787
0,0,True,0.5500131577925523,0.44998684220744767
0,0,True,0.5447110472223629,0.4552889527776372
0,0,True,0.5326564453433147,0.4673435546566853
0,0,True,0.5767353029774845,0.4232646970225155
0,0,True,0.5631206012596748,0.43687939874032533
1,0,False,0.543138982779212,0.543138982779212
0,0,True,0.5056623346375674,0.4943376653624326
1,0,False,0.5390211101948766,0.5390211101948766
1,0,False,0.5155801812903549,0.5155801812903549
1,0,False,0.5314188712074592,0.5314188712074592
1,0,False,0.5404978414236601,0.5404978414236601
0,0,True,0.5092460113872068,0.49075398861279307
0,1,False,0.5444674387088876,0.4555325612911123
0,1,False,0.6351119488535976,0.3648880511464025
0,1,False,0.6122447374909057,0.38775526250909426
0,1,False,0.620481992875224,0.379518007124776
0,1,False,0.6157321146475383,0.3842678853524617
0,1,False,0.5973041576049265,0.4026958423950735
0,1,False,0.6091743374373044,0.39082566256269546
0,1,False,0.6396712886538392,0.3603287113461606
0,1,False,0.654639986633019,0.34536001336698074
0,1,False,0.6365720701290578,0.36342792987094213
0,1,False,0.6424208421788115,0.3575791578211883
0,1,False,0.5079589914169977,0.49204100858300215
0,1,False,0.5320687857906393,0.4679312142093605
1,1,True,0.5055187291459946,0.5055187291459946
0,1,False,0.5514176900804033,0.4485823099195966
0,1,False,0.6854618263345988,0.31453817366540104
0,1,False,0.6818379552943526,0.3181620447056472
0,0,True,0.6465439275237306,0.35345607247626926
0,1,False,0.6563888005962146,0.34361119940378526
0,1,False,0.6348910894382953,0.3651089105617046
0,1,False,0.5802801891604361,0.4197198108395639
0,1,False,0.5523128421255623,0.44768715787443764
1,1,True,0.5169950499614537,0.5169950499614537
0,1,False,0.6553041195131684,0.34469588048683136
0,1,False,0.6255798300509025,0.3744201699490973
0,1,False,0.67352727777727,0.3264727222227298
0,0,True,0.6845470282988573,0.31545297170114245
0,1,False,0.6821891419384846,0.31781085806151543
0,0,True,0.684388984697006,0.31561101530299374
0,0,True,0.672266437343046,0.3277335626569537
0,0,True,0.6786788141427007,0.32132118585729896
0,1,False,0.6662191710085335,0.3337808289914664
0,0,True,0.7117903733129406,0.2882096266870593
0,0,True,0.6685380261143994,0.33146197388560045
0,0,True,0.6578175409748067,0.3421824590251931
0,1,False,0.62531538474803,0.37468461525196994
0,0,True,0.5564593615143916,0.44354063848560843
0,1,False,0.5430623786061913,0.45693762139380856
1,1,True,0.5497399206564078,0.5497399206564078
0,1,False,0.5362303714602178,0.46376962853978215
0,1,False,0.568562608799262,0.4314373912007379
0,1,False,0.5340338474963798,0.46596615250362006
0,1,False,0.5417451616748152,0.45825483832518477
0,1,False,0.5102386286497576,0.48976137135024234
0,1,False,0.5433097413725351,0.4566902586274648
1,1,True,0.5573276257096293,0.5573276257096293
1,1,True,0.5220415883139622,0.5220415883139622
0,1,False,0.5443333886588619,0.45566661134113795
0,0,True,0.5160539809040532,0.48394601909594664
1,0,False,0.5265033276807521,0.5265033276807521
0,0,True,0.5446623547680423,0.45533764523195774
0,0,True,0.5143976616002972,0.4856023383997028
1,1,True,0.5294617124223361,0.5294617124223361
0,1,False,0.5908768968479072,0.40912310315209266
0,1,False,0.5667742367955881,0.43322576320441186
0,1,False,0.572988051237568,0.42701194876243187
0,1,False,0.5698888921302276,0.4301111078697722
0,1,False,0.5332301529786768,0.4667698470213232
0,1,False,0.616053013391287,0.38394698660871285
0,1,False,0.6804075300657118,0.31959246993428825
0,1,False,0.5743702160937886,0.4256297839062113
0,1,False,0.6004835190989878,0.3995164809010122
0,0,True,0.577565171333571,0.42243482866642906
0,0,True,0.6706954781739431,0.32930452182605685
0,1,False,0.5334501072890439,0.46654989271095615
0,1,False,0.655904034975915,0.34409596502408507
0,1,False,0.6407527462773139,0.3592472537226859
0,0,True,0.5312506834677564,0.4687493165322436
1,0,False,0.5250493367771256,0.5250493367771256
0,0,True,0.6016462729956635,0.3983537270043364
0,0,True,0.6439205967932269,0.35607940320677306
0,0,True,0.670130858637382,0.329869141362618
0,0,True,0.6326081632937998,0.3673918367062002
0,0,True,0.6862948687270033,0.31370513127299654
0,0,True,0.6728841233277261,0.3271158766722738
0,0,True,0.6780115254247996,0.3219884745752004
0,0,True,0.5685405529189422,0.43145944708105766
0,0,True,0.5732462781204288,0.4267537218795713
0,1,False,0.6070672457879984,0.3929327542120016
0,1,False,0.7052442232621112,0.2947557767378887
0,0,True,0.6558802955164592,0.3441197044835409
0,0,True,0.5856471236491102,0.41435287635088985
1,0,False,0.5228072012758855,0.5228072012758855
1,0,False,0.5203546071209127,0.5203546071209127
1,0,False,0.5404471881457249,0.5404471881457249
1,1,True,0.5251945997810659,0.5251945997810659
0,0,True,0.5494655222109138,0.4505344777890862
0,0,True,0.50602640987898,0.49397359012102005
0,0,True,0.5293125343629995,0.47068746563700053
0,0,True,0.5483804189754188,0.45161958102458133
0,0,True,0.5090768719803309,0.4909231280196691
0,0,True,0.5169099530593211,0.4830900469406789
0,0,True,0.5121945851140036,0.4878054148859964
0,0,True,0.5638378303896207,0.43616216961037935
0,0,True,0.650699525086436,0.3493004749135641
0,1,False,0.525105576642186,0.47489442335781396
0,1,False,0.5144163902725739,0.4855836097274262
0,1,False,0.5108470041504964,0.4891529958495034
0,1,False,0.5433348671633391,0.45666513283666077
1,1,True,0.5020607792630505,0.5020607792630505
1,1,True,0.5440056967120895,0.5440056967120895
1,1,True,0.5867860510379179,0.5867860510379179
1,1,True,0.5563187234278899,0.5563187234278899
1,1,True,0.5324057755482083,0.5324057755482083
1,1,True,0.5809714015718871,0.5809714015718871
1,1,True,0.5676453267609702,0.5676453267609702
0,1,False,0.5259604897559105,0.4740395102440894
1,0,False,0.5614472567091335,0.5614472567091335
0,1,False,0.5769563102140483,0.4230436897859516
1,1,True,0.5239966164639116,0.5239966164639116
1,1,True,0.5462699596583327,0.5462699596583327
1,1,True,0.5593987973322738,0.5593987973322738
0,1,False,0.5258001713183804,0.4741998286816195
0,1,False,0.5941119300754014,0.4058880699245986
0,0,True,0.6524844382940587,0.3475155617059412
0,0,True,0.6559873477191609,0.3440126522808389
0,0,True,0.6957431787246459,0.304256821275354
0,0,True,0.6225619834096413,0.3774380165903585
0,1,False,0.7011110397662941,0.2988889602337057
0,0,True,0.6181415986761177,0.3818584013238822
0,1,False,0.6133682440588987,0.3866317559411012
0,1,False,0.6352738251247443,0.36472617487525566
0,1,False,0.5337604288128175,0.4662395711871824
0,0,True,0.5295907297818481,0.4704092702181518
0,0,True,0.6132989561287171,0.3867010438712829
0,0,True,0.5415891082926634,0.4584108917073365
0,0,True,0.6102690237037883,0.38973097629621156
0,0,True,0.6101830756604434,0.38981692433955634
0,0,True,0.5440997359823541,0.4559002640176459
0,1,False,0.5627724074768192,0.4372275925231807
0,0,True,0.5701433712491536,0.4298566287508463
0,1,False,0.5220966529741673,0.4779033470258327
0,0,True,0.5746592510249564,0.4253407489750435
1,0,False,0.552636704603142,0.552636704603142
1,0,False,0.5263940913704548,0.5263940913704548
1,0,False,0.5366243157675951,0.5366243157675951
1,0,False,0.5178785078479043,0.5178785078479043
1,1,True,0.5477759182979405,0.5477759182979405
0,0,True,0.5329899393157554,0.46701006068424455
0,1,False,0.5626909896212461,0.43730901037875386
0,1,False,0.5639279678570991,0.43607203214290075
0,1,False,0.5620303170781291,0.4379696829218708
0,1,False,0.5421620713932054,0.4578379286067945
1,1,True,0.5325276810794051,0.5325276810794051
1,1,True,0.5283775281973151,0.5283775281973151
1,1,True,0.5452196886862541,0.5452196886862541
1,1,True,0.5539635954061958,0.5539635954061958
0,1,False,0.6092933197975282,0.3907066802024717
0,1,False,0.6386692207779584,0.3613307792220416
0,1,False,0.6378513932722156,0.36214860672778415
0,1,False,0.6423627635183502,0.3576372364816497
0,1,False,0.6507851063442356,0.34921489365576436
0,1,False,0.5895873671694625,0.4104126328305374
0,1,False,0.5685503023761033,0.43144969762389673
0,0,True,0.5391774622230323,0.4608225377769677
0,1,False,0.5330009149432149,0.466999085056785
0,0,True,0.5551975391359688,0.4448024608640312
0,0,True,0.6248156847697208,0.37518431523027906
0,0,True,0.6455427207001098,0.3544572792998902
0,1,False,0.649883343129678,0.3501166568703218
0,1,False,0.6310586058134511,0.3689413941865489
0,1,False,0.6511583716928346,0.34884162830716525
0,1,False,0.6826686492702322,0.3173313507297676
0,1,False,0.7115605443266877,0.28843945567331214
0,1,False,0.6568059898255454,0.3431940101744544
0,0,True,0.682673046835458,0.3173269531645418
0,0,True,0.6340151405842926,0.36598485941570713
0,1,False,0.6098136378956759,0.3901863621043239
0,0,True,0.5995900313811658,0.40040996861883404
0,0,True,0.5718458318045723,0.42815416819542756
0,1,False,0.6075806398181278,0.39241936018187196
0,0,True,0.5703833226585873,0.4296166773414126
0,0,True,0.5542463700711889,0.445753629928811
0,0,True,0.5402401234365344,0.45975987656346556
0,1,False,0.5800793731630026,0.4199206268369974
0,0,True,0.5464850931375549,0.4535149068624451
0,0,True,0.5507677548415898,0.4492322451584101
0,0,True,0.5730132133070149,0.42698678669298507
0,0,True,0.5845463489157171,0.4154536510842827
0,0,True,0.573410631804077,0.42658936819592297
0,0,True,0.6033042768177875,0.3966957231822125
0,0,True,0.6211968961964768,0.3788031038035233
0,1,False,0.538607653854331,0.46139234614566915
0,1,False,0.507962080313167,0.4920379196868331
1,0,False,0.5018587686601337,0.5018587686601337
1,1,True,0.5076740190787749,0.5076740190787749
0,1,False,0.6286644856093225,0.3713355143906776
0,1,False,0.6202076920521467,0.37979230794785335
0,1,False,0.6204288647826269,0.3795711352173731
0,1,False,0.6166983795159144,0.38330162048408567
0,1,False,0.6238903576770425,0.3761096423229576
0,1,False,0.592598367846761,0.407401632153239
0,1,False,0.6000953966735122,0.3999046033264878
0,0,True,0.6770928896425186,0.32290711035748143
0,0,True,0.6827445664652763,0.31725543353472385
1,0,False,0.5126098136711235,0.5126098136711235
0,1,False,0.6402353570127768,0.3597646429872233
0,0,True,0.5761620191816569,0.4238379808183432
0,0,True,0.5664898220782633,0.43351017792173685
0,0,True,0.5516526730366024,0.4483473269633975
1,0,False,0.5591159346673059,0.5591159346673059
1,0,False,0.529771278167218,0.529771278167218
0,1,False,0.6600279868498767,0.33997201315012304
0,1,False,0.6203851415584807,0.3796148584415193
0,1,False,0.557867968954634,0.44213203104536597
0,1,False,0.5505744823792466,0.44942551762075345
0,1,False,0.5722571056597119,0.427742894340288
0,1,False,0.5398510288594301,0.46014897114056974
0,1,False,0.5315349531855897,0.46846504681441015
0,1,False,0.5370853971092838,0.4629146028907161
0,1,False,0.6230974867070656,0.37690251329293434
0,1,False,0.6158425340556983,0.38415746594430145
1,0,False,0.5096023849616205,0.5096023849616205
0,0,True,0.5260985561590477,0.47390144384095223
0,0,True,0.6274511875262626,0.37254881247373733
0,0,True,0.5098773358004979,0.490122664199502
0,0,True,0.6421642630369309,0.3578357369630691
0,0,True,0.650768794081583,0.34923120591841683
1,0,False,0.5515100400536761,0.5515100400536761
0,0,True,0.5106339615036858,0.4893660384963141
0,0,True,0.5821092166332185,0.4178907833667814
0,0,True,0.6471039267479106,0.3528960732520892
0,0,True,0.6768247339526607,0.3231752660473391
0,0,True,0.5512532983661543,0.44874670163384567
0,0,True,0.5678320484966097,0.43216795150339027
0,1,False,0.5178393057357942,0.4821606942642057
1,1,True,0.5028193559237353,0.5028193559237353
0,1,False,0.5715407827101717,0.4284592172898283
1,1,True,0.5425968048755877,0.5425968048755877
1,1,True,0.5433813005397738,0.5433813005397738
1,1,True,0.5432147149479193,0.5432147149479193
0,1,False,0.5279118125927627,0.47208818740723746
1,1,True,0.5809873838148523,0.5809873838148523
1,1,True,0.5346133982823287,0.5346133982823287
0,1,False,0.5060159740896883,0.4939840259103115
0,1,False,0.5435841974044975,0.4564158025955024
1,1,True,0.5205828289119299,0.5205828289119299
1,1,True,0.5197886397909415,0.5197886397909415
1,1,True,0.5272841236271546,0.5272841236271546
1,1,True,0.5277581953811856,0.5277581953811856
0,1,False,0.6351326892798599,0.36486731072013984
0,1,False,0.671439171258237,0.32856082874176284
0,0,True,0.5718815530756413,0.42811844692435863
0,0,True,0.5187900282067143,0.4812099717932856
0,0,True,0.5923996864556427,0.4076003135443571
0,0,True,0.5464546476477887,0.45354535235221116
1,0,False,0.5134103571656476,0.5134103571656476
0,0,True,0.5939036584593205,0.40609634154067936
0,0,True,0.5603751907265849,0.4396248092734151
0,1,False,0.7143547641840088,0.285645235815991
0,1,False,0.6798288076307406,0.3201711923692591
0,1,False,0.6578074475483694,0.34219255245163027
0,1,False,0.6937393967220595,0.3062606032779403
0,1,False,0.694168925724506,0.30583107427549394
0,0,True,0.6560424265503263,0.3439575734496736
0,1,False,0.6289470705931751,0.37105292940682477
0,0,True,0.6859606221156408,0.31403937788435904
0,0,True,0.7279996086722074,0.2720003913277923
0,1,False,0.73005782772706,0.2699421722729397
0,1,False,0.5284956635892128,0.47150433641078715
0,1,False,0.5695404319983461,0.43045956800165386
0,1,False,0.5682033510841775,0.43179664891582237
0,1,False,0.5624096888736394,0.4375903111263605
0,0,True,0.5582137691107569,0.44178623088924307
1,0,False,0.5547089595126864,0.5547089595126864
1,0,False,0.5220086623752582,0.5220086623752582
1,0,False,0.5753402545168133,0.5753402545168133
0,0,True,0.5339549590183412,0.4660450409816589
0,0,True,0.5028159298412024,0.4971840701587977
0,0,True,0.5016469650440024,0.4983530349559977
0,0,True,0.6112462719170364,0.38875372808296366
0,0,True,0.5592239943592746,0.4407760056407254
0,0,True,0.5995027322425149,0.40049726775748506
0,0,True,0.6000231484025097,0.3999768515974904
0,1,False,0.5764244305457558,0.42357556945424424
0,0,True,0.7009711112152338,0.29902888878476613
0,0,True,0.664627334432939,0.3353726655670611
0,0,True,0.5818133479041258,0.41818665209587425
0,0,True,0.6008566822845837,0.39914331771541645
1,0,False,0.5369423383231353,0.5369423383231353
0,0,True,0.5425608577090397,0.4574391422909603
0,0,True,0.5455051860722567,0.45449481392774327
0,0,True,0.5263581276810647,0.4736418723189353
0,0,True,0.5235475960311633,0.4764524039688366
1,0,False,0.5087982862509354,0.5087982862509354
1,0,False,0.5135565547621507,0.5135565547621507
0,1,False,0.5059730938251582,0.4940269061748417
0,1,False,0.5028215595411529,0.497178440458847
0,1,False,0.5221941269933497,0.47780587300665023
0,1,False,0.5120479684899789,0.4879520315100211
0,1,False,0.5205826846782364,0.47941731532176357
0,1,False,0.5225389505632119,0.47746104943678813
0,1,False,0.5997679447669834,0.4002320552330165
0,1,False,0.573445900231158,0.4265540997688418
0,1,False,0.5725976341852808,0.42740236581471913
0,1,False,0.5746460731967064,0.42535392680329354
0,0,True,0.5751839782183589,0.42481602178164113
0,1,False,0.5508215364687551,0.4491784635312449
0,1,False,0.5355074548403507,0.46449254515964933
0,0,True,0.5075348814354537,0.4924651185645462
1,0,False,0.5348508614906277,0.5348508614906277
1,1,True,0.542463943067263,0.542463943067263
0,0,True,0.5342163304867913,0.46578366951320865
0,0,True,0.5939330844726544,0.40606691552734553
0,0,True,0.6486206286007269,0.3513793713992729
0,0,True,0.6073036327938726,0.3926963672061273
0,0,True,0.6674260440122176,0.33257395598778233
0,0,True,0.7069843893102741,0.29301561068972565
0,1,False,0.66546912284222,0.33453087715777985
0,0,True,0.6547162645077346,0.3452837354922652
0,0,True,0.6414155848962815,0.35858441510371847
0,0,True,0.6012487751087483,0.3987512248912517
0,1,False,0.6032687470313112,0.39673125296868883
1,0,False,0.5182326008399314,0.5182326008399314
1,1,True,0.5091529142586843,0.5091529142586843
0,1,False,0.5455217252180675,0.45447827478193237
0,1,False,0.5628554295505868,0.4371445704494132
0,0,True,0.5738586936197854,0.4261413063802145
0,0,True,0.550237406652073,0.4497625933479268
0,0,True,0.5348615444307114,0.46513845556928846
1,0,False,0.5746109773283753,0.5746109773283753
1,1,True,0.5562203057001517,0.5562203057001517
0,1,False,0.5148212937746073,0.4851787062253927
1,1,True,0.5070883423793935,0.5070883423793935
1,1,True,0.5102161696982848,0.5102161696982848
0,1,False,0.5089122738149853,0.4910877261850146
0,1,False,0.504958024269581,0.495041975730419
1,1,True,0.5217814399579332,0.5217814399579332
1,1,True,0.5487593167086027,0.5487593167086027
1,1,True,0.5514868037919147,0.5514868037919147
1,1,True,0.5407577094951993,0.5407577094951993
1,1,True,0.5545465573710833,0.5545465573710833
0,1,False,0.5738195987970287,0.4261804012029711
0,0,True,0.6123853225157485,0.3876146774842513
0,0,True,0.583291464676214,0.416708535323786
0,1,False,0.6301973994912854,0.3698026005087145
0,1,False,0.5866064200969108,0.4133935799030891
0,1,False,0.5921078449669067,0.4078921550330932
0,1,False,0.5012920421469058,0.4987079578530942
0,1,False,0.5172351168611303,0.48276488313886967
0,0,True,0.6040831390297641,0.3959168609702359
0,1,False,0.6720518063786872,0.3279481936213126
0,1,False,0.627618863028766,0.37238113697123376
0,0,True,0.7038918335469566,0.29610816645304316
0,0,True,0.7245260788267167,0.275473921173283
0,1,False,0.7169536762868028,0.2830463237131969
0,0,True,0.6689008572197018,0.33109914278029795
0,0,True,0.6748118830545652,0.3251881169454346
0,0,True,0.5829306074183797,0.41706939258162024
0,0,True,0.5646464043142039,0.435353595685796
0,0,True,0.6131735597753559,0.38682644022464396
1,0,False,0.5183340393786702,0.5183340393786702
0,0,True,0.572605438401891,0.42739456159810896
0,0,True,0.6228304078275672,0.3771695921724328
1,0,False,0.5270821230746171,0.5270821230746171
1,0,False,0.5521092037163637,0.5521092037163637
0,0,True,0.5057993372263581,0.49420066277364194
0,1,False,0.5175261960554303,0.48247380394456973
0,1,False,0.5205083897462159,0.479491610253784
1,1,True,0.5044795466841521,0.5044795466841521
1,1,True,0.5286493048441765,0.5286493048441765
1,1,True,0.5425171782437164,0.5425171782437164
1,1,True,0.52654803415754,0.52654803415754
0,1,False,0.5667751603731899,0.43322483962681
0,1,False,0.5191659372880718,0.48083406271192813
0,1,False,0.5143821520880377,0.4856178479119623
0,0,True,0.6239366407743332,0.37606335922566664
0,0,True,0.6204814641988103,0.37951853580118955
0,1,False,0.5171086879289195,0.4828913120710805
0,1,False,0.5350914942578486,0.4649085057421513
0,1,False,0.5513791130831436,0.44862088691685637
1,1,True,0.53437789219753,0.53437789219753
1,1,True,0.5552729775146727,0.5552729775146727
1,1,True,0.5223061433711595,0.5223061433711595
0,1,False,0.6703064079872323,0.32969359201276743
0,1,False,0.7005236044946639,0.29947639550533584
0,1,False,0.6425329473713997,0.3574670526286001
0,0,True,0.5840806193071633,0.4159193806928366
0,0,True,0.5918510220246505,0.40814897797534944
0,0,True,0.531073021959105,0.46892697804089506
0,0,True,0.5555444478465852,0.44445555215341487
0,1,False,0.6250378902043676,0.3749621097956324
1,1,True,0.5246750776127427,0.5246750776127427
0,1,False,0.6471664284102785,0.3528335715897215
0,1,False,0.6740227352984427,0.3259772647015573
0,1,False,0.6541123977820762,0.3458876022179238
0,1,False,0.6886014049321009,0.3113985950678989
0,1,False,0.7174009809425431,0.2825990190574567
0,1,False,0.7228121780467334,0.2771878219532666
0,1,False,0.7055164250124439,0.29448357498755606
0,1,False,0.7272568066356038,0.272743193364396
0,1,False,0.7271718045169591,0.27282819548304066
0,1,False,0.7232602348047219,0.2767397651952781
0,1,False,0.7255420644029626,0.27445793559703713
0,1,False,0.6893768950490686,0.31062310495093126
0,1,False,0.5952359431921477,0.4047640568078523
0,1,False,0.6330065043374137,0.3669934956625863
0,1,False,0.6563964842897834,0.34360351571021663
0,1,False,0.6691570995051608,0.33084290049483916
0,1,False,0.6717796500961866,0.32822034990381344
0,1,False,0.5603664909579087,0.4396335090420914
0,1,False,0.6566548132163119,0.3433451867836882
0,0,True,0.6541907452961896,0.3458092547038104
0,0,True,0.5985755645499811,0.40142443545001893
0,1,False,0.6584745043043466,0.3415254956956534
0,0,True,0.652803542509435,0.34719645749056505
0,0,True,0.5660629012689911,0.4339370987310089
1,1,True,0.533470815153426,0.533470815153426
0,1,False,0.6047755264524379,0.39522447354756207
0,1,False,0.6258478589665104,0.37415214103348965
0,1,False,0.6248615077721165,0.3751384922278836
0,1,False,0.6555546144767355,0.3444453855232644
0,1,False,0.6724331125203549,0.327566887479645
0,1,False,0.7073148186263278,0.29268518137367205
0,0,True,0.7208005188975598,0.2791994811024401
0,0,True,0.6890357880018713,0.3109642119981287
0,0,True,0.7091545018600927,0.2908454981399072
0,0,True,0.6715388664105817,0.32846113358941836
0,1,False,0.6335836324301212,0.3664163675698788
0,1,False,0.7007287717910001,0.2992712282089997
0,1,False,0.6147984090061153,0.3852015909938846
1,0,False,0.533764117069617,0.533764117069617
0,0,True,0.5165587632611532,0.4834412367388467
1,1,True,0.5076849562142587,0.5076849562142587
1,1,True,0.5391494142686286,0.5391494142686286
1,1,True,0.5133146307888686,0.5133146307888686
1,1,True,0.5447481262285027,0.5447481262285027
0,0,True,0.5391801433245909,0.46081985667540926
0,0,True,0.6262348829961046,0.37376511700389514
0,0,True,0.5678932540740633,0.43210674592593673
0,0,True,0.6056587375922862,0.39434126240771383
0,0,True,0.568583331052231,0.431416668947769
0,1,False,0.5393404760408272,0.46065952395917276
0,1,False,0.5744437358021628,0.42555626419783726
0,1,False,0.5850573472478084,0.41494265275219167
0,1,False,0.5725349452384517,0.42746505476154834
0,1,False,0.5827427928846811,0.4172572071153189
0,0,True,0.6002886834534612,0.3997113165465389
0,0,True,0.5860425146190884,0.4139574853809116
0,1,False,0.5762095873133285,0.4237904126866715
0,0,True,0.5791636862279799,0.42083631377202013
0,0,True,0.6263772927799449,0.3736227072200551
0,1,False,0.5732108478981803,0.4267891521018196
0,1,False,0.5875794354791333,0.41242056452086673
0,1,False,0.556346983738216,0.443653016261784
0,1,False,0.5384061527857888,0.4615938472142112
0,1,False,0.5578643464091702,0.44213565359083
0,1,False,0.5634639923021431,0.43653600769785705
0,1,False,0.5863839249316465,0.4136160750683536
0,1,False,0.6029812038417517,0.3970187961582484
0,0,True,0.6010351699407701,0.3989648300592297
0,0,True,0.5061128967280109,0.49388710327198915
1,0,False,0.5197866402725615,0.5197866402725615
0,0,True,0.5926530076990422,0.4073469923009579
0,0,True,0.6724803991852925,0.32751960081470755
0,0,True,0.6118026680137428,0.38819733198625705
0,0,True,0.5040830386865961,0.4959169613134039
0,1,False,0.5265281397294213,0.47347186027057897
1,1,True,0.5510835516300019,0.5510835516300019
1,1,True,0.5277715330109995,0.5277715330109995
1,1,True,0.5133066927330158,0.5133066927330158
0,1,False,0.5062171149407079,0.49378288505929213
1,1,True,0.5408706413590975,0.5408706413590975
1,1,True,0.5040864652791733,0.5040864652791733
1,1,True,0.5806668050876401,0.5806668050876401
1,0,False,0.5065901252186032,0.5065901252186032
0,0,True,0.5344740420786578,0.46552595792134216
0,0,True,0.5374559268870693,0.46254407311293055
1,0,False,0.5054360368854174,0.5054360368854174
0,0,True,0.5970425297476,0.4029574702523999
0,1,False,0.5209617380790754,0.47903826192092464
1,0,False,0.5275107987307694,0.5275107987307694
0,0,True,0.5069920946307543,0.4930079053692457
1,0,False,0.5344506450997513,0.5344506450997513
1,0,False,0.5421287988841119,0.5421287988841119
1,0,False,0.5482506676596088,0.5482506676596088
1,0,False,0.5488549867004726,0.5488549867004726
1,1,True,0.5122798544271848,0.5122798544271848
0,0,True,0.6048143031847565,0.39518569681524346
0,0,True,0.5194519248533376,0.4805480751466624
0,0,True,0.5513309932355195,0.4486690067644805
0,0,True,0.5538127015377582,0.4461872984622418
0,0,True,0.5452210248062694,0.4547789751937306
0,0,True,0.5512311724578614,0.44876882754213865
0,1,False,0.5246983753873234,0.4753016246126766
0,1,False,0.5585839225486814,0.4414160774513186
0,1,False,0.5187868761910028,0.4812131238089973
0,1,False,0.523528775587378,0.476471224412622
0,1,False,0.5246134518307919,0.4753865481692082
0,0,True,0.5009082169411301,0.4990917830588699
1,1,True,0.5379831811484429,0.5379831811484429
0,1,False,0.5084618497882468,0.49153815021175323
1,1,True,0.5021288816083916,0.5021288816083916
0,1,False,0.5251374249727415,0.4748625750272585
1,1,True,0.5447176811141493,0.5447176811141493
1,0,False,0.5633630780684566,0.5633630780684566
1,0,False,0.5743179628802411,0.5743179628802411
0,0,True,0.5637447871522722,0.4362552128477278
1,0,False,0.5597452076008183,0.5597452076008183
1,0,False,0.5838454127357265,0.5838454127357265
1,0,False,0.5860141297278009,0.5860141297278009
1,1,True,0.5873056811796338,0.5873056811796338
1,1,True,0.6202398331446914,0.6202398331446914
0,1,False,0.5030881586778501,0.49691184132215005
1,1,True,0.6238113655904954,0.6238113655904954
0,1,False,0.5670431379686303,0.4329568620313696
1,0,False,0.5243734965821423,0.5243734965821423
1,0,False,0.537090913693326,0.537090913693326
0,0,True,0.5302072745049695,0.46979272549503037
0,0,True,0.5027310143502447,0.4972689856497552
0,0,True,0.5026482657946735,0.4973517342053264
1,0,False,0.5789478615975332,0.5789478615975332
0,0,True,0.549814949259542,0.45018505074045795
0,0,True,0.5424478020918859,0.4575521979081141
0,0,True,0.5882893929501647,0.41171060704983525
0,0,True,0.5814190349256405,0.41858096507435943
0,1,False,0.5212397544358416,0.4787602455641584
1,1,True,0.5449388407046993,0.5449388407046993
1,1,True,0.5601068550721746,0.5601068550721746
1,1,True,0.563297042121231,0.563297042121231
1,1,True,0.5558036920312072,0.5558036920312072
0,1,False,0.5783487563328082,0.42165124366719164
1,1,True,0.5345257973024828,0.5345257973024828
1,0,False,0.5540122530514857,0.5540122530514857
1,0,False,0.5428995061353573,0.5428995061353573
0,0,True,0.5619852954584252,0.43801470454157465
0,0,True,0.5307235702699087,0.4692764297300912
1,0,False,0.5384736917180145,0.5384736917180145
1,0,False,0.5178800197477125,0.5178800197477125
0,0,True,0.5282282308049604,0.4717717691950395
0,0,True,0.5100345269750435,0.4899654730249565
0,0,True,0.5285830104888259,0.47141698951117395
1,0,False,0.5135940151270189,0.5135940151270189
1,0,False,0.5010421738077185,0.5010421738077185
1,1,True,0.5779311958436468,0.5779311958436468
1,0,False,0.5665876549406919,0.5665876549406919
1,1,True,0.5847623319009727,0.5847623319009727
1,0,False,0.5907883992664353,0.5907883992664353
1,0,False,0.5878486243184877,0.5878486243184877
1,0,False,0.574126025075569,0.574126025075569
1,0,False,0.5807747268317487,0.5807747268317487
1,0,False,0.6251138192700811,0.6251138192700811
1,1,True,0.6343784081494445,0.6343784081494445
1,1,True,0.6680062620303313,0.6680062620303313
1,1,True,0.5897844740542402,0.5897844740542402
1,0,False,0.5692473574183651,0.5692473574183651
1,0,False,0.5711202172612247,0.5711202172612247
1,0,False,0.6362884008338553,0.6362884008338553
1,0,False,0.6396570856130434,0.6396570856130434
1,0,False,0.6629358137960738,0.6629358137960738
1,0,False,0.6468425509214621,0.6468425509214621
1,1,True,0.6226397720062662,0.6226397720062662
0,0,True,0.508553845317169,0.49144615468283115
1,0,False,0.5750242805878498,0.5750242805878498
1,0,False,0.6065102838286378,0.6065102838286378
1,0,False,0.5855698045034563,0.5855698045034563
1,0,False,0.6035619246844324,0.6035619246844324
1,0,False,0.6053069288863122,0.6053069288863122
0,0,True,0.5685580843524844,0.4314419156475156
0,0,True,0.5586309119564423,0.4413690880435578
0,0,True,0.5541685351210274,0.4458314648789727
0,0,True,0.5024060152273508,0.49759398477264927
1,0,False,0.5888752961683252,0.5888752961683252
1,0,False,0.6275485294124081,0.6275485294124081
1,0,False,0.6407453708037418,0.6407453708037418
1,0,False,0.500293501906778,0.500293501906778
1,0,False,0.5078554027426821,0.5078554027426821
1,0,False,0.5232990428445138,0.5232990428445138
1,0,False,0.5792322113049704,0.5792322113049704
1,0,False,0.5345196208578027,0.5345196208578027
1,0,False,0.5577261131876993,0.5577261131876993
1,0,False,0.6250131916792505,0.6250131916792505
1,0,False,0.6368124202132304,0.6368124202132304
1,0,False,0.5542047672109998,0.5542047672109998
1,0,False,0.6271088725243477,0.6271088725243477
1,1,True,0.5679189949897018,0.5679189949897018
1,1,True,0.5632514258488637,0.5632514258488637
1,1,True,0.5789802598569692,0.5789802598569692
1,1,True,0.5954508379609778,0.5954508379609778
1,1,True,0.5969302352551541,0.5969302352551541
1,1,True,0.5720685642008693,0.5720685642008693
1,1,True,0.6160731767614022,0.6160731767614022
1,0,False,0.6324071121422558,0.6324071121422558
1,0,False,0.5843423770393505,0.5843423770393505
1,0,False,0.5941139879651238,0.5941139879651238
1,0,False,0.6271541396264804,0.6271541396264804
1,1,True,0.6375199809809778,0.6375199809809778
1,1,True,0.5743924828783209,0.5743924828783209
1,1,True,0.5495697076672816,0.5495697076672816
1,1,True,0.5731912020434626,0.5731912020434626
1,1,True,0.5946138166722854,0.5946138166722854
0,1,False,0.5301520040868488,0.4698479959131512
1,0,False,0.5331133751394658,0.5331133751394658
1,1,True,0.5227713908045011,0.5227713908045011
1,1,True,0.5578765739068828,0.5578765739068828
1,1,True,0.5335048813716519,0.5335048813716519
1,0,False,0.6242369040035476,0.6242369040035476
1,1,True,0.565613089550216,0.565613089550216
1,0,False,0.6071721693645946,0.6071721693645946
1,0,False,0.5997574404521063,0.5997574404521063
1,0,False,0.5758208854883509,0.5758208854883509
1,1,True,0.5687497283135201,0.5687497283135201
1,0,False,0.5089117180063117,0.5089117180063117
1,1,True,0.5582184228055284,0.5582184228055284
0,0,True,0.5569829644660064,0.4430170355339937
0,1,False,0.5217778828402079,0.47822211715979224
0,0,True,0.5090954278741874,0.49090457212581273
1,0,False,0.5314974743216349,0.5314974743216349
0,0,True,0.5526836638995805,0.44731633610041965
0,0,True,0.5043526141355898,0.4956473858644103
1,0,False,0.5309935467503981,0.5309935467503981
1,0,False,0.5643044937907994,0.5643044937907994
1,0,False,0.5311962599876947,0.5311962599876947
0,0,True,0.5172264595990936,0.48277354040090636
1,1,True,0.5038311531703701,0.5038311531703701
0,1,False,0.5450554297653649,0.4549445702346352
0,1,False,0.5382786968688988,0.46172130313110127
0,1,False,0.5307109291248311,0.4692890708751689
0,1,False,0.5771168245873083,0.4228831754126917
1,1,True,0.5252197761543924,0.5252197761543924
1,1,True,0.5073132045495841,0.5073132045495841
1,1,True,0.5236991539579481,0.5236991539579481
0,1,False,0.5172443413463502,0.4827556586536498
1,0,False,0.5236658956363088,0.5236658956363088
1,0,False,0.6031490063542538,0.6031490063542538
1,0,False,0.5578956417448547,0.5578956417448547
1,0,False,0.6194823348128194,0.6194823348128194
1,0,False,0.5390657369661187,0.5390657369661187
1,0,False,0.5305342406714493,0.5305342406714493
0,1,False,0.5705730976184921,0.429426902381508
0,1,False,0.6370499661367208,0.3629500338632793
0,1,False,0.6183327071545361,0.3816672928454639
0,1,False,0.5659143019092854,0.4340856980907146
0,0,True,0.5764923933335182,0.42350760666648185
0,0,True,0.517761192437393,0.482238807562607
1,0,False,0.5021388403951643,0.5021388403951643
1,0,False,0.5338302751595252,0.5338302751595252
0,0,True,0.5124988733276036,0.48750112667239653
1,1,True,0.5152680689041795,0.5152680689041795
1,0,False,0.5012242329125705,0.5012242329125705
1,0,False,0.6319845781801877,0.6319845781801877
1,0,False,0.5984704176627299,0.5984704176627299
1,0,False,0.5912485355924938,0.5912485355924938
1,0,False,0.511328054021707,0.511328054021707
1,0,False,0.5474624622227882,0.5474624622227882
0,0,True,0.5285930652398421,0.471406934760158
0,0,True,0.6325482970362271,0.36745170296377294
0,0,True,0.5089794858616796,0.4910205141383204
1,0,False,0.5193800441427348,0.5193800441427348
0,1,False,0.5179879402818391,0.48201205971816086
1,1,True,0.5300352143908947,0.5300352143908947
1,1,True,0.5894224012494147,0.5894224012494147
1,1,True,0.5945688317577079,0.5945688317577079
1,1,True,0.5653685790823367,0.5653685790823367
1,1,True,0.563898272642105,0.563898272642105
1,1,True,0.5678528251588856,0.5678528251588856
1,0,False,0.5105138795779249,0.5105138795779249
0,0,True,0.5069370132620292,0.4930629867379708
0,0,True,0.5530108561104484,0.4469891438895516
1,0,False,0.6764302380196947,0.6764302380196947
1,0,False,0.645639113336425,0.645639113336425
1,0,False,0.6370221009789496,0.6370221009789496
1,1,True,0.5139905281053883,0.5139905281053883
0,0,True,0.5191609313087888,0.4808390686912112
0,0,True,0.5513806608945033,0.44861933910549673
1,0,False,0.5761327914254538,0.5761327914254538
1,0,False,0.6059369000213927,0.6059369000213927
1,0,False,0.5226209628636528,0.5226209628636528
0,0,True,0.5418304294468953,0.4581695705531048
0,0,True,0.5908241587510319,0.40917584124896805
0,0,True,0.54254165741563,0.45745834258437
1,0,False,0.5536252249971663,0.5536252249971663
1,0,False,0.5587322626512943,0.5587322626512943
1,0,False,0.5384520064462929,0.5384520064462929
1,0,False,0.5827029619078778,0.5827029619078778
1,1,True,0.5370210219402982,0.5370210219402982
1,1,True,0.5620867299570951,0.5620867299570951
1,1,True,0.5862082585864257,0.5862082585864257
1,1,True,0.5370132607386633,0.5370132607386633
1,1,True,0.5558111594870201,0.5558111594870201
1,1,True,0.5814304194947548,0.5814304194947548
1,1,True,0.5775446871215473,0.5775446871215473
1,0,False,0.6054730228275556,0.6054730228275556
1,0,False,0.5148313902813446,0.5148313902813446
1,0,False,0.5598326104018595,0.5598326104018595
1,0,False,0.5157309110560303,0.5157309110560303
1,0,False,0.6280285312997071,0.6280285312997071
1,0,False,0.6576523730114865,0.6576523730114865
1,0,False,0.6036427375334688,0.6036427375334688
1,0,False,0.563599609620636,0.563599609620636
0,1,False,0.5306007348129916,0.46939926518700836
0,1,False,0.534967050878084,0.46503294912191606
1,0,False,0.5084484310493045,0.5084484310493045
1,0,False,0.6022182981457539,0.6022182981457539
1,0,False,0.5872054211321073,0.5872054211321073
1,0,False,0.5893701343560205,0.5893701343560205
1,0,False,0.5877861992158917,0.5877861992158917
1,0,False,0.6364816479047656,0.6364816479047656
1,0,False,0.6575679489420563,0.6575679489420563
1,1,True,0.5845953329261663,0.5845953329261663
1,1,True,0.6052410555668705,0.6052410555668705
1,1,True,0.6093130316607871,0.6093130316607871
1,1,True,0.6249294224573722,0.6249294224573722
1,1,True,0.579860925263174,0.579860925263174
1,1,True,0.6379276092739262,0.6379276092739262
0,0,True,0.5507791157125941,0.449220884287406
0,0,True,0.514359456467817,0.485640543532183
1,0,False,0.6377796746535227,0.6377796746535227
1,1,True,0.5854802189496104,0.5854802189496104
1,1,True,0.5372592079174261,0.5372592079174261
1,1,True,0.5414411613806384,0.5414411613806384
1,1,True,0.605921700057537,0.605921700057537
1,1,True,0.6307611437328811,0.6307611437328811
1,1,True,0.6353075625683281,0.6353075625683281
1,1,True,0.5994551316904917,0.5994551316904917
1,1,True,0.6330515735553707,0.6330515735553707
1,1,True,0.5977670753662598,0.5977670753662598
1,1,True,0.5853988491415523,0.5853988491415523
0,1,False,0.5700364000238807,0.4299635999761193
0,1,False,0.6255799518435365,0.3744200481564635
0,0,True,0.5646840946208619,0.4353159053791382
0,0,True,0.5048880418161362,0.4951119581838638
1,0,False,0.5308686166412606,0.5308686166412606
0,0,True,0.5418470752991914,0.4581529247008086
0,1,False,0.525781651721027,0.4742183482789729
0,1,False,0.5105858689447076,0.4894141310552924
0,1,False,0.511873096801036,0.488126903198964
1,1,True,0.5056965058030647,0.5056965058030647
0,0,True,0.5422523419466309,0.45774765805336926
0,0,True,0.606573044295906,0.39342695570409414
0,0,True,0.5980465155123355,0.40195348448766466
0,0,True,0.6312787085488438,0.36872129145115623
0,0,True,0.5955431538406509,0.40445684615934907
0,0,True,0.6331336413500671,0.36686635864993283
0,0,True,0.641296308843748,0.3587036911562521
0,0,True,0.6101051111761732,0.38989488882382684
0,0,True,0.5806605368887208,0.41933946311127923
0,1,False,0.5819922287864975,0.41800777121350263
0,1,False,0.5859185538983919,0.41408144610160824
0,1,False,0.5264135868501096,0.4735864131498904
0,1,False,0.5098029442692609,0.4901970557307391
1,1,True,0.5082350324066214,0.5082350324066214
1,1,True,0.5528217840566283,0.5528217840566283
1,1,True,0.5469708350023883,0.5469708350023883
0,1,False,0.5519979579864378,0.4480020420135621
0,1,False,0.5551424293869542,0.44485757061304576
0,0,True,0.5015799580368089,0.4984200419631911
0,0,True,0.510849561483876,0.489150438516124
1,0,False,0.5122701152580209,0.5122701152580209
1,0,False,0.5426594620456163,0.5426594620456163
1,0,False,0.5340088680968238,0.5340088680968238
0,0,True,0.5143529245804337,0.4856470754195662
0,0,True,0.5615279127223167,0.4384720872776833
1,0,False,0.536386146491122,0.536386146491122
1,1,True,0.5654632182029243,0.5654632182029243
1,0,False,0.5036536635165124,0.5036536635165124
1,1,True,0.5370740273401178,0.5370740273401178
0,1,False,0.5244757983574115,0.47552420164258835
1,1,True,0.5375063378532132,0.5375063378532132
1,0,False,0.5380078478486287,0.5380078478486287
1,0,False,0.5158874433322314,0.5158874433322314
1,0,False,0.5163590429257685,0.5163590429257685
1,0,False,0.5095185734106876,0.5095185734106876
1,0,False,0.5599223986003327,0.5599223986003327
0,0,True,0.551414547644448,0.44858545235555203
0,0,True,0.54280374759365,0.4571962524063499
0,0,True,0.5306471440224139,0.46935285597758614
0,0,True,0.5928144214622132,0.4071855785377868
0,0,True,0.5089055634989592,0.4910944365010407
1,0,False,0.5262996515120951,0.5262996515120951
0,0,True,0.5030217025527571,0.4969782974472428
1,1,True,0.5102411461098976,0.5102411461098976
1,1,True,0.5944054994257872,0.5944054994257872
1,1,True,0.6041851972173439,0.6041851972173439
1,1,True,0.608381741443587,0.608381741443587
1,1,True,0.60174276790673,0.60174276790673
1,0,False,0.5684509559130818,0.5684509559130818
1,0,False,0.5765976533103118,0.5765976533103118
1,0,False,0.543811124561584,0.543811124561584
1,0,False,0.5604298609776733,0.5604298609776733
1,0,False,0.6329028251879611,0.6329028251879611
1,0,False,0.5292943131271732,0.5292943131271732
1,0,False,0.5723779388170613,0.5723779388170613
1,0,False,0.5570118721909613,0.5570118721909613
1,0,False,0.5956261936968366,0.5956261936968366
1,0,False,0.5447570650150062,0.5447570650150062
1,1,True,0.6124207045296832,0.6124207045296832
1,1,True,0.5975796739705594,0.5975796739705594
1,1,True,0.581874975438445,0.581874975438445
1,1,True,0.5934332331411905,0.5934332331411905
1,1,True,0.6116639525990474,0.6116639525990474
1,1,True,0.5793450999934091,0.5793450999934091
1,1,True,0.5835140325439957,0.5835140325439957
1,1,True,0.5696144676824889,0.5696144676824889
1,1,True,0.623847498393207,0.623847498393207
1,1,True,0.5699732020718643,0.5699732020718643
1,1,True,0.540785293211139,0.540785293211139
1,1,True,0.619671311827758,0.619671311827758
1,1,True,0.6173049210481999,0.6173049210481999
1,1,True,0.645054505711835,0.645054505711835
1,1,True,0.6417585326835245,0.6417585326835245
1,1,True,0.5107915857104228,0.5107915857104228
1,1,True,0.6356992785223885,0.6356992785223885
1,0,False,0.5707959591809509,0.5707959591809509
0,0,True,0.5236850530031851,0.4763149469968148
1,0,False,0.5437781395618819,0.5437781395618819
0,0,True,0.505263523308005,0.49473647669199494
0,1,False,0.5329753538158553,0.46702464618414463
0,1,False,0.5472961798349582,0.4527038201650418
0,1,False,0.5062200068907607,0.49377999310923926
0,1,False,0.531665612545821,0.468334387454179
0,0,True,0.5124236210130692,0.4875763789869307
0,0,True,0.6046893058106647,0.39531069418933523
0,0,True,0.5546380299430465,0.44536197005695344
0,0,True,0.548433679105366,0.4515663208946339
0,1,False,0.5918530983337595,0.40814690166624046
0,1,False,0.5936629867671404,0.40633701323285976
1,1,True,0.5154001457787775,0.5154001457787775
1,1,True,0.5923716524528126,0.5923716524528126
1,1,True,0.5901333555863517,0.5901333555863517
0,0,True,0.5260948608820118,0.47390513911798815
0,1,False,0.5074997017087679,0.4925002982912322
0,0,True,0.5322943790575176,0.4677056209424823
1,1,True,0.5376972979967586,0.5376972979967586
1,1,True,0.5347651366982138,0.5347651366982138
1,1,True,0.5814608440707361,0.5814608440707361
1,0,False,0.564764678290709,0.564764678290709
0,0,True,0.6171672121489984,0.38283278785100144
0,0,True,0.5662823234043061,0.43371767659569394
0,0,True,0.5168270876844292,0.4831729123155707
0,0,True,0.5924617118854251,0.4075382881145748
0,1,False,0.5677042520333131,0.43229574796668685
0,1,False,0.6289194714115508,0.3710805285884491
0,1,False,0.6010181994539526,0.3989818005460473
0,0,True,0.620465199759741,0.37953480024025904
0,0,True,0.6162860138206047,0.38371398617939534
0,0,True,0.5286618984603523,0.4713381015396477
0,0,True,0.541410837571553,0.45858916242844683
0,0,True,0.5465263477436544,0.4534736522563456
0,1,False,0.531355739703114,0.468644260296886
0,1,False,0.6050604114732798,0.3949395885267201
0,1,False,0.5695769126208038,0.4304230873791962
0,0,True,0.5878929508747721,0.4121070491252277
0,1,False,0.5944619294280106,0.4055380705719893
0,0,True,0.5185707740795894,0.4814292259204105
1,0,False,0.5021012532951326,0.5021012532951326
0,0,True,0.5492773117909061,0.4507226882090938
1,0,False,0.5396765114980702,0.5396765114980702
0,0,True,0.5520221842293107,0.44797781577068907
0,0,True,0.5635702294404478,0.4364297705595521
0,1,False,0.5976704236677769,0.402329576332223
0,1,False,0.5672324161018748,0.4327675838981251
1,1,True,0.5063981612895286,0.5063981612895286
0,1,False,0.549377954504612,0.4506220454953879
1,1,True,0.5036794865652124,0.5036794865652124
0,1,False,0.5470532865490652,0.45294671345093473
1,1,True,0.5000093117462683,0.5000093117462683
1,0,False,0.5553928793638901,0.5553928793638901
1,0,False,0.5515698103295534,0.5515698103295534
1,0,False,0.652656221531652,0.652656221531652
1,1,True,0.6108440269812141,0.6108440269812141
1,1,True,0.620492763951831,0.620492763951831
1,1,True,0.6090895924005582,0.6090895924005582
1,1,True,0.6028576007523787,0.6028576007523787
1,1,True,0.5256363493604731,0.5256363493604731
1,1,True,0.5210524558048673,0.5210524558048673
1,0,False,0.5832297625916645,0.5832297625916645
1,0,False,0.566321836201759,0.566321836201759
1,0,False,0.5272422512919097,0.5272422512919097
0,0,True,0.5857719132600208,0.4142280867399792
0,1,False,0.6697938905836677,0.33020610941633216
0,1,False,0.5301673383289218,0.4698326616710782
1,1,True,0.534916633643912,0.534916633643912
1,1,True,0.5815692406836591,0.5815692406836591
1,0,False,0.5927637056598623,0.5927637056598623
0,0,True,0.5458432810961636,0.45415671890383635
1,0,False,0.5615738783217132,0.5615738783217132
1,0,False,0.5528457612578461,0.5528457612578461
1,0,False,0.5498473383877815,0.5498473383877815
1,1,True,0.5756872094915245,0.5756872094915245
1,1,True,0.5036339657930324,0.5036339657930324
1,1,True,0.556898275844427,0.556898275844427
1,1,True,0.6392414039226113,0.6392414039226113
1,1,True,0.5880780622949537,0.5880780622949537
1,1,True,0.5047458551328389,0.5047458551328389
1,1,True,0.5128009932402899,0.5128009932402899
0,1,False,0.6156547895831902,0.3843452104168098
0,1,False,0.5723985599778301,0.4276014400221698
0,1,False,0.581802212997984,0.41819778700201604
1,1,True,0.526133147099406,0.526133147099406
0,1,False,0.526776527115395,0.47322347288460487
0,1,False,0.5037978659476264,0.49620213405237346
0,1,False,0.5255118867360182,0.4744881132639817
1,1,True,0.5262537982938764,0.5262537982938764
0,1,False,0.5335345724859024,0.4664654275140975
0,1,False,0.5342415907693365,0.4657584092306635
0,1,False,0.5171984003823961,0.48280159961760394
1,1,True,0.5247770068411279,0.5247770068411279
1,1,True,0.5106401029673893,0.5106401029673893
0,0,True,0.536455859353282,0.46354414064671795
0,0,True,0.5085851631709151,0.49141483682908477
0,0,True,0.5555988628169599,0.44440113718304
0,0,True,0.5226431618861618,0.4773568381138383
0,0,True,0.5670924083920303,0.43290759160796954
1,1,True,0.5918685329532621,0.5918685329532621
1,1,True,0.5578163927873638,0.5578163927873638
1,1,True,0.5698286355529435,0.5698286355529435
1,1,True,0.5385968852759159,0.5385968852759159
1,1,True,0.545706487622444,0.545706487622444
1,1,True,0.5580842133102666,0.5580842133102666
0,1,False,0.5063907813507068,0.4936092186492931
0,0,True,0.6053427487892514,0.3946572512107485
0,1,False,0.5522300546657111,0.44776994533428904
0,0,True,0.560963864738597,0.43903613526140284
0,1,False,0.608476723934066,0.39152327606593407
0,1,False,0.5777057618887323,0.42229423811126765
0,1,False,0.5758484303096989,0.42415156969030116
1,1,True,0.5918678781148936,0.5918678781148936
0,1,False,0.5766331691353367,0.4233668308646633
1,1,True,0.5240764508558459,0.5240764508558459
0,0,True,0.52816880254954,0.4718311974504601
1,0,False,0.5059344187635504,0.5059344187635504
1,0,False,0.5137942402041126,0.5137942402041126
0,0,True,0.5158242256380885,0.4841757743619116
0,0,True,0.6032137408791278,0.3967862591208721
0,0,True,0.5365046355650014,0.4634953644349986
0,1,False,0.53209319575214,0.46790680424786
0,1,False,0.5281109412611367,0.4718890587388634
0,1,False,0.5892986463670492,0.4107013536329509
0,1,False,0.5621620545800252,0.43783794541997495
0,1,False,0.6528375352531886,0.34716246474681145
0,0,True,0.5762868452879285,0.4237131547120715
0,0,True,0.5781135165073166,0.4218864834926834
0,0,True,0.5566907720725928,0.44330922792740735
0,0,True,0.5839520804733528,0.4160479195266472
0,0,True,0.5732395301092231,0.4267604698907769
0,0,True,0.5937869090147494,0.40621309098525066
1,0,False,0.5282806134300061,0.5282806134300061
1,1,True,0.5666982239341669,0.5666982239341669
1,1,True,0.5588102418418863,0.5588102418418863
0,1,False,0.6124151057656231,0.3875848942343768
0,1,False,0.5769212766695383,0.42307872333046176
0,1,False,0.5166360927075478,0.48336390729245227
0,0,True,0.5129363865829737,0.4870636134170264
1,0,False,0.5049205666975973,0.5049205666975973
0,1,False,0.5118989549596061,0.488101045040394
1,1,True,0.503509984613555,0.503509984613555
1,1,True,0.6015728820794057,0.6015728820794057
1,1,True,0.5851661127802061,0.5851661127802061
1,1,True,0.6710266412039401,0.6710266412039401
1,0,False,0.622880330389133,0.622880330389133
1,1,True,0.6322579865706639,0.6322579865706639
1,1,True,0.6491401186869605,0.6491401186869605
1,0,False,0.6015298218629432,0.6015298218629432
1,0,False,0.5586691339113157,0.5586691339113157
1,1,True,0.5718451545363604,0.5718451545363604
1,1,True,0.5160445212492651,0.5160445212492651
0,0,True,0.5486491634138205,0.4513508365861795
0,1,False,0.5237548466784236,0.47624515332157624
0,1,False,0.5116946221846469,0.4883053778153532
0,1,False,0.5140439412634894,0.4859560587365106
1,0,False,0.5447618207352168,0.5447618207352168
0,1,False,0.6779393129294012,0.32206068707059876
1,1,True,0.5327960295767292,0.5327960295767292
1,0,False,0.5031486127070957,0.5031486127070957
1,0,False,0.5701569130215078,0.5701569130215078
0,1,False,0.6362753612603047,0.36372463873969524
1,1,True,0.5125080583221299,0.5125080583221299
0,1,False,0.638154873401898,0.361845126598102
1,1,True,0.6002584107927886,0.6002584107927886
1,1,True,0.6298162962171918,0.6298162962171918
1,1,True,0.5291430656004775,0.5291430656004775
0,1,False,0.5756991971312497,0.4243008028687505
0,1,False,0.6045926627615991,0.39540733723840094
0,1,False,0.5371001214415133,0.46289987855848674
0,0,True,0.6188638474295991,0.3811361525704009
0,1,False,0.5773960383557282,0.42260396164427183
0,0,True,0.5380743666741762,0.4619256333258238
0,0,True,0.5994668331141303,0.4005331668858696
0,0,True,0.5998634947412658,0.40013650525873423
0,0,True,0.5234364505786734,0.47656354942132667
0,0,True,0.5584139986822323,0.4415860013177679
0,1,False,0.5416816878818573,0.4583183121181428
0,1,False,0.5579085280277554,0.44209147197224474
0,0,True,0.5897035492576694,0.41029645074233057
0,0,True,0.613375022027124,0.38662497797287587
0,0,True,0.6285822749178758,0.3714177250821241
0,0,True,0.5997137845668363,0.40028621543316345
0,0,True,0.5167057520141514,0.48329424798584864
0,0,True,0.5392087615496942,0.46079123845030573
0,0,True,0.6110249128370224,0.38897508716297763
0,1,False,0.5466658137889379,0.45333418621106203
0,1,False,0.6114160712199593,0.38858392878004056
1,1,True,0.5467645969200375,0.5467645969200375
1,1,True,0.509181136744532,0.509181136744532
1,1,True,0.5337549073192417,0.5337549073192417
0,1,False,0.5667215281919908,0.43327847180800905
1,1,True,0.5280886577802235,0.5280886577802235
1,0,False,0.5186621729217673,0.5186621729217673
1,0,False,0.5073238851640183,0.5073238851640183
0,0,True,0.5219182834577767,0.4780817165422233
1,0,False,0.5152757416789102,0.5152757416789102
0,0,True,0.5186538938486389,0.48134610615136103
1,0,False,0.5275314688713727,0.5275314688713727
0,0,True,0.5334820473315899,0.46651795266841
0,1,False,0.5779872390960876,0.4220127609039122
0,1,False,0.5788477798775111,0.4211522201224887
0,1,False,0.5297337868115182,0.47026621318848166
0,1,False,0.5180499615296384,0.48195003847036144
0,1,False,0.5005208986406173,0.49947910135938267
1,1,True,0.5309633575045343,0.5309633575045343
1,1,True,0.5402054660520372,0.5402054660520372
1,1,True,0.5416270163279236,0.5416270163279236
1,1,True,0.5234379268404105,0.5234379268404105
1,0,False,0.5406674347681021,0.5406674347681021
1,0,False,0.5722115298217193,0.5722115298217193
1,0,False,0.5681476503141363,0.5681476503141363
1,0,False,0.5708344916925914,0.5708344916925914
1,0,False,0.5715628639311573,0.5715628639311573
1,1,True,0.5425145828340086,0.5425145828340086
0,1,False,0.5543902597584882,0.4456097402415117
0,1,False,0.5317621450154456,0.46823785498455434
0,1,False,0.5291365961010452,0.4708634038989547
1,1,True,0.5399243293877989,0.5399243293877989
1,1,True,0.5397018895439619,0.5397018895439619
1,1,True,0.5021360293209481,0.5021360293209481
1,0,False,0.5072035337181646,0.5072035337181646
1,1,True,0.5111871458752268,0.5111871458752268
1,1,True,0.5128426413708946,0.5128426413708946
1,1,True,0.5696345179817236,0.5696345179817236
1,1,True,0.5691635342545425,0.5691635342545425
1,1,True,0.5905918566401305,0.5905918566401305
1,0,False,0.5237493326383225,0.5237493326383225
1,0,False,0.6123626803808302,0.6123626803808302
1,0,False,0.6148336486289125,0.6148336486289125
1,0,False,0.5737191649947172,0.5737191649947172
1,0,False,0.5353348586350508,0.5353348586350508
1,0,False,0.5379542974154685,0.5379542974154685
1,0,False,0.5655748848456409,0.5655748848456409
1,0,False,0.5467665080372254,0.5467665080372254
1,0,False,0.5675219643108285,0.5675219643108285
1,0,False,0.5354284271102789,0.5354284271102789
0,0,True,0.5008966687030133,0.4991033312969866
1,1,True,0.5490686691298725,0.5490686691298725
0,1,False,0.55738754110987,0.4426124588901299
0,1,False,0.5171608739567548,0.4828391260432451
1,1,True,0.5577773279440272,0.5577773279440272
1,0,False,0.5298370271379493,0.5298370271379493
1,0,False,0.5335702963432025,0.5335702963432025
0,0,True,0.5137761376686623,0.4862238623313377
0,0,True,0.5148959273279969,0.48510407267200284
0,1,False,0.5201295867632383,0.4798704132367616
1,1,True,0.5097397042309088,0.5097397042309088
0,1,False,0.5276764404914255,0.47232355950857446
0,1,False,0.5077344630272786,0.4922655369727213
0,1,False,0.5514269950966642,0.44857300490333585
0,1,False,0.5092032055750596,0.4907967944249404
1,1,True,0.52645912030824,0.52645912030824
0,1,False,0.5044325417428883,0.49556745825711185
1,1,True,0.524590171435925,0.524590171435925
0,1,False,0.5089725070961414,0.4910274929038586
1,1,True,0.5375913487811633,0.5375913487811633
1,0,False,0.5770765457313975,0.5770765457313975
1,0,False,0.5484762553409923,0.5484762553409923
1,0,False,0.575434833056167,0.575434833056167
1,0,False,0.5522180055283459,0.5522180055283459
1,0,False,0.5824162720980792,0.5824162720980792
1,0,False,0.5376835393825362,0.5376835393825362
1,1,True,0.5376027202327338,0.5376027202327338
0,0,True,0.5250452701403288,0.47495472985967124
1,1,True,0.5416086595623798,0.5416086595623798
1,1,True,0.5457868711035531,0.5457868711035531
1,1,True,0.5139270652944267,0.5139270652944267
1,0,False,0.5098484442425893,0.5098484442425893
1,0,False,0.5041828517223892,0.5041828517223892
1,0,False,0.5164046776465225,0.5164046776465225
1,0,False,0.5073386801091408,0.5073386801091408
1,0,False,0.5111865246210678,0.5111865246210678
0,0,True,0.5168657117254267,0.4831342882745733
0,1,False,0.5099429521025447,0.4900570478974554
0,1,False,0.5592511679995193,0.44074883200048065
0,1,False,0.557771954710914,0.442228045289086
0,1,False,0.5990268117633745,0.4009731882366256
0,1,False,0.5002818705331444,0.49971812946685545
1,1,True,0.5181052634834656,0.5181052634834656
1,1,True,0.5298145828343224,0.5298145828343224
1,0,False,0.5139131775058622,0.5139131775058622
0,0,True,0.5422263683646482,0.45777363163535184
0,0,True,0.532060024022212,0.46793997597778797
1,1,True,0.5390326173132136,0.5390326173132136
1,1,True,0.5286156143529173,0.5286156143529173
1,1,True,0.5779139781976053,0.5779139781976053
1,1,True,0.5190689641588031,0.5190689641588031
0,1,False,0.5083892142706297,0.49161078572937045
1,1,True,0.5445761353114303,0.5445761353114303
0,1,False,0.5277602548554725,0.47223974514452755
0,1,False,0.503966780739332,0.4960332192606681
1,1,True,0.5051410016067583,0.5051410016067583
1,1,True,0.5357536839952923,0.5357536839952923
1,0,False,0.5634880560221078,0.5634880560221078
1,1,True,0.5531046885064201,0.5531046885064201
1,0,False,0.5739927870990887,0.5739927870990887
1,0,False,0.5947386925960457,0.5947386925960457
1,0,False,0.6275524726291538,0.6275524726291538
1,1,True,0.581176499101482,0.581176499101482
1,1,True,0.5763912619524005,0.5763912619524005
1,1,True,0.5728514704220582,0.5728514704220582
1,0,False,0.5662022192648198,0.5662022192648198
1,0,False,0.5145303567965795,0.5145303567965795
1,0,False,0.5652016269872102,0.5652016269872102
1,0,False,0.5638187826399987,0.5638187826399987
1,0,False,0.5678249019214808,0.5678249019214808
1,0,False,0.5712808412752016,0.5712808412752016
1,1,True,0.5347718076455172,0.5347718076455172
1,1,True,0.5026366319053381,0.5026366319053381
1,0,False,0.5575870649932809,0.5575870649932809
1,0,False,0.5602620980651626,0.5602620980651626
1,1,True,0.5046716707834491,0.5046716707834491
1,1,True,0.536779045062323,0.536779045062323
1,1,True,0.536572383687408,0.536572383687408
1,1,True,0.5132507023351185,0.5132507023351185
1,1,True,0.5605792001842631,0.5605792001842631
1,0,False,0.5521088593512167,0.5521088593512167
1,0,False,0.5470157852177613,0.5470157852177613
0,0,True,0.5135710848421047,0.4864289151578954
1,0,False,0.5630609775730239,0.5630609775730239
1,0,False,0.5488425572412986,0.5488425572412986
1,0,False,0.5575863891370748,0.5575863891370748
1,0,False,0.5554178595913474,0.5554178595913474
1,0,False,0.5451370597429003,0.5451370597429003
1,0,False,0.5566341843481531,0.5566341843481531
1,0,False,0.5703668897651687,0.5703668897651687
1,0,False,0.5742366331670173,0.5742366331670173
1,1,True,0.5492339989226077,0.5492339989226077
1,1,True,0.5005654018921152,0.5005654018921152
1,1,True,0.5011507380472151,0.5011507380472151
1,1,True,0.5002775446966665,0.5002775446966665
1,1,True,0.5174542946137461,0.5174542946137461
1,0,False,0.5768869625348745,0.5768869625348745
1,0,False,0.5248871049182813,0.5248871049182813
1,0,False,0.5190812051936575,0.5190812051936575
1,0,False,0.5192658435131005,0.5192658435131005
1,0,False,0.5453867312288072,0.5453867312288072
1,0,False,0.5328679114348032,0.5328679114348032
0,0,True,0.5035646402444918,0.49643535975550823
1,0,False,0.5128817967168897,0.5128817967168897
0,0,True,0.5846494334400102,0.4153505665599898
0,0,True,0.5956930472521236,0.4043069527478764
0,0,True,0.5708088483152587,0.4291911516847413
1,1,True,0.5067655084129035,0.5067655084129035
0,1,False,0.5068256887732734,0.4931743112267266
0,1,False,0.5403782593892372,0.4596217406107628
1,1,True,0.5501565404954987,0.5501565404954987
1,1,True,0.5579610549665234,0.5579610549665234
1,1,True,0.5321511878869915,0.5321511878869915
1,0,False,0.5337151585364033,0.5337151585364033
1,1,True,0.5409796088588437,0.5409796088588437
1,1,True,0.5276737267360548,0.5276737267360548
1,0,False,0.5565765455704832,0.5565765455704832
1,0,False,0.5556628760277481,0.5556628760277481
1,1,True,0.5645879585324771,0.5645879585324771
1,0,False,0.5622879603216597,0.5622879603216597
1,0,False,0.5604433422936435,0.5604433422936435
1,0,False,0.5755700827797512,0.5755700827797512
1,0,False,0.5940717920948757,0.5940717920948757
1,0,False,0.5595889065807276,0.5595889065807276
1,0,False,0.5355531675427331,0.5355531675427331
0,0,True,0.5095563898628735,0.49044361013712634
1,1,True,0.5062548488831297,0.5062548488831297
1,1,True,0.5212336740220846,0.5212336740220846
1,1,True,0.5143511424739118,0.5143511424739118
0,1,False,0.5339812542712306,0.46601874572876945
0,1,False,0.5480939521314871,0.45190604786851274
1,0,False,0.531911320811153,0.531911320811153
0,0,True,0.5155102050136527,0.4844897949863472
1,0,False,0.5254892650777795,0.5254892650777795
1,1,True,0.5318802471683555,0.5318802471683555
1,0,False,0.5421023757398403,0.5421023757398403
1,0,False,0.5271210412543156,0.5271210412543156
0,1,False,0.5545895113142627,0.4454104886857372
0,1,False,0.5727369750012694,0.4272630249987306
1,0,False,0.503402301232555,0.503402301232555
1,1,True,0.5319583727892503,0.5319583727892503
1,1,True,0.5403988974788094,0.5403988974788094
1,1,True,0.5563194991571456,0.5563194991571456
1,0,False,0.5448577185904044,0.5448577185904044
1,1,True,0.5443363661859119,0.5443363661859119
1,0,False,0.5567702833611852,0.5567702833611852
1,0,False,0.5472183621689423,0.5472183621689423
1,0,False,0.5385587699853506,0.5385587699853506
1,0,False,0.505745937009629,0.505745937009629
1,0,False,0.5118993213396521,0.5118993213396521
1,0,False,0.5625246063494322,0.5625246063494322
0,1,False,0.5117063162966958,0.4882936837033043
0,1,False,0.5124277031307195,0.4875722968692806
0,1,False,0.5786172817668279,0.421382718233172
0,1,False,0.5599302758507319,0.44006972414926815
0,1,False,0.5359611083280109,0.4640388916719891
1,1,True,0.5886869152686097,0.5886869152686097
1,1,True,0.5433473165667032,0.5433473165667032
0,1,False,0.5080099170796119,0.49199008292038826
0,1,False,0.521949021110677,0.478050978889323
0,1,False,0.5037482375807127,0.49625176241928726
1,0,False,0.5115129078975608,0.5115129078975608
1,0,False,0.5607180498189783,0.5607180498189783
1,0,False,0.5738387698825532,0.5738387698825532
1,0,False,0.5816439514879769,0.5816439514879769
1,0,False,0.545934952717475,0.545934952717475
1,0,False,0.5574617416799994,0.5574617416799994
1,0,False,0.5860389176849465,0.5860389176849465
1,1,True,0.5140738206807063,0.5140738206807063
1,1,True,0.522155279565856,0.522155279565856
0,1,False,0.5067888366970796,0.49321116330292036
1,1,True,0.511796013545855,0.511796013545855
0,1,False,0.5219925074949952,0.47800749250500496
1,1,True,0.5173394609322708,0.5173394609322708
1,1,True,0.5461066817751454,0.5461066817751454
1,0,False,0.5398376563107319,0.5398376563107319
1,1,True,0.5110729586544176,0.5110729586544176
0,0,True,0.5672950639710298,0.43270493602897026
1,0,False,0.5125121335739126,0.5125121335739126
1,0,False,0.5660803509892915,0.5660803509892915
1,0,False,0.601667888697762,0.601667888697762
1,0,False,0.5005225733369119,0.5005225733369119
1,1,True,0.5416870315295408,0.5416870315295408
0,0,True,0.5559723528728212,0.4440276471271788
1,1,True,0.5579348986934218,0.5579348986934218
1,0,False,0.5248132124869007,0.5248132124869007
1,1,True,0.594715397324525,0.594715397324525
1,1,True,0.5205209740658816,0.5205209740658816
0,1,False,0.5143611262498629,0.48563887375013715
1,0,False,0.5236332007411149,0.5236332007411149
1,0,False,0.555025969447059,0.555025969447059
1,0,False,0.5448672038835193,0.5448672038835193
1,0,False,0.6103832043191437,0.6103832043191437
1,0,False,0.5169984662022586,0.5169984662022586
1,0,False,0.5851628325912247,0.5851628325912247
1,0,False,0.5804551298489946,0.5804551298489946
1,1,True,0.5305208473484027,0.5305208473484027
1,1,True,0.5230286917817811,0.5230286917817811
1,0,False,0.5068919147510184,0.5068919147510184
1,0,False,0.5466411851417711,0.5466411851417711
1,0,False,0.5329377227141436,0.5329377227141436
1,0,False,0.5310832691398908,0.5310832691398908
1,0,False,0.5377229855762833,0.5377229855762833
1,0,False,0.5710868758772312,0.5710868758772312
1,0,False,0.5470772581514818,0.5470772581514818
1,0,False,0.529266580719705,0.529266580719705
1,0,False,0.5271784885419797,0.5271784885419797
1,0,False,0.5108932903901293,0.5108932903901293
1,0,False,0.5933724309171092,0.5933724309171092
1,0,False,0.5417516727466719,0.5417516727466719
1,0,False,0.5730984616600264,0.5730984616600264
1,0,False,0.5833712989669502,0.5833712989669502
1,0,False,0.6097115218153802,0.6097115218153802
1,0,False,0.5937370489970477,0.5937370489970477
1,0,False,0.5287182219184393,0.5287182219184393
1,0,False,0.5666593264520406,0.5666593264520406
1,1,True,0.6169454959664964,0.6169454959664964
1,1,True,0.5256366125232976,0.5256366125232976
1,1,True,0.581585365705574,0.581585365705574
1,0,False,0.5803245743945777,0.5803245743945777
1,0,False,0.5991836184179112,0.5991836184179112
1,0,False,0.6322638832544712,0.6322638832544712
1,0,False,0.5693566732309991,0.5693566732309991
1,0,False,0.5321900552594259,0.5321900552594259
1,1,True,0.5570661034282769,0.5570661034282769
1,1,True,0.5469616932264417,0.5469616932264417
0,1,False,0.5196255029626904,0.4803744970373095
0,1,False,0.5320354884535903,0.46796451154640983
0,1,False,0.5522871904387685,0.4477128095612316
1,1,True,0.5471059531370073,0.5471059531370073
1,0,False,0.557643941559718,0.557643941559718
1,0,False,0.5046797570096094,0.5046797570096094
1,0,False,0.5021823944821459,0.5021823944821459
1,0,False,0.5118097524477754,0.5118097524477754
1,0,False,0.5431679280252198,0.5431679280252198
1,0,False,0.5642919128499481,0.5642919128499481
1,1,True,0.5271810880232042,0.5271810880232042
0,1,False,0.5092141891629955,0.49078581083700457
0,1,False,0.50878513909319,0.49121486090681005
0,1,False,0.5436093292853496,0.45639067071465045
0,1,False,0.5878828544365171,0.41211714556348295
1,0,False,0.5052411108918056,0.5052411108918056
1,0,False,0.5111166817294552,0.5111166817294552
1,0,False,0.5107993730586302,0.5107993730586302
1,0,False,0.5489413121164385,0.5489413121164385
1,0,False,0.5430038219369373,0.5430038219369373
1,0,False,0.5650638045768988,0.5650638045768988
1,0,False,0.5506053069849202,0.5506053069849202
1,0,False,0.5306203460872725,0.5306203460872725
0,0,True,0.5102239672097861,0.4897760327902139
1,1,True,0.5363054189099803,0.5363054189099803
1,1,True,0.5048292431272942,0.5048292431272942
1,1,True,0.5547091993825947,0.5547091993825947
1,1,True,0.578606268758845,0.578606268758845
1,0,False,0.5646390290563437,0.5646390290563437
1,0,False,0.5389600140065369,0.5389600140065369
1,1,True,0.538576718024945,0.538576718024945
1,0,False,0.5572194735022118,0.5572194735022118
1,0,False,0.5459857721671436,0.5459857721671436
1,1,True,0.5500182202916568,0.5500182202916568
0,1,False,0.5137608566048293,0.48623914339517077
1,1,True,0.5527406011577112,0.5527406011577112
1,1,True,0.5473634793476174,0.5473634793476174
1,1,True,0.5440629496954145,0.5440629496954145
1,1,True,0.576107748512775,0.576107748512775
1,1,True,0.5736327638745818,0.5736327638745818
1,0,False,0.5789065426660224,0.5789065426660224
1,0,False,0.5795164332068997,0.5795164332068997
1,0,False,0.5794614267027507,0.5794614267027507
1,0,False,0.5638128644054069,0.5638128644054069
1,0,False,0.5302675046910202,0.5302675046910202
1,1,True,0.5140971879246945,0.5140971879246945
1,1,True,0.5417284688762672,0.5417284688762672
1,1,True,0.5838276801323758,0.5838276801323758
1,1,True,0.587337161939198,0.587337161939198
1,1,True,0.5263864859017203,0.5263864859017203
1,1,True,0.5463321118139228,0.5463321118139228
0,0,True,0.5299646887913221,0.47003531120867786
0,1,False,0.5237855913481638,0.4762144086518363
1,1,True,0.5210949705315533,0.5210949705315533
1,1,True,0.5308184215941129,0.5308184215941129
1,1,True,0.5876722030719896,0.5876722030719896
1,1,True,0.5764897067873624,0.5764897067873624
0,1,False,0.5164766650490034,0.48352333495099664
1,0,False,0.5400929172917242,0.5400929172917242
1,1,True,0.5852225469071453,0.5852225469071453
0,0,True,0.5291425631994935,0.4708574368005066
0,1,False,0.5131802488538899,0.4868197511461102
1,0,False,0.5231409241726881,0.5231409241726881
1,0,False,0.5835708780534561,0.5835708780534561
1,0,False,0.5697306439475653,0.5697306439475653
1,0,False,0.5336754810183696,0.5336754810183696
0,0,True,0.5270362954829964,0.4729637045170036
0,0,True,0.5365811576794979,0.46341884232050223
1,0,False,0.5279823031754809,0.5279823031754809
1,1,True,0.5131211613685704,0.5131211613685704
1,1,True,0.5209235187709517,0.5209235187709517
0,1,False,0.5163326662777614,0.48366733372223863
1,1,True,0.5074936715348987,0.5074936715348987
1,1,True,0.5822919144366487,0.5822919144366487
1,1,True,0.5986663766960358,0.5986663766960358
1,0,False,0.5343864534718652,0.5343864534718652
1,0,False,0.5360642717727964,0.5360642717727964
1,0,False,0.5234842786743698,0.5234842786743698
1,1,True,0.5570593839900166,0.5570593839900166
1,0,False,0.5233385108564381,0.5233385108564381
1,1,True,0.5687086854800625,0.5687086854800625
1,1,True,0.5585629384487569,0.5585629384487569
0,1,False,0.539777953754323,0.46022204624567703
1,0,False,0.5565296047280461,0.5565296047280461
1,1,True,0.5828477193256534,0.5828477193256534
1,1,True,0.5691755446919149,0.5691755446919149
1,1,True,0.5672418878769716,0.5672418878769716
1,1,True,0.5318220160054865,0.5318220160054865
1,1,True,0.5000500139808965,0.5000500139808965
1,1,True,0.5372792384279845,0.5372792384279845
1,1,True,0.6156037935188563,0.6156037935188563
1,1,True,0.6214522061194561,0.6214522061194561
1,1,True,0.5937977107588144,0.5937977107588144
1,1,True,0.5371607193771051,0.5371607193771051
1,0,False,0.5991972768825857,0.5991972768825857
1,0,False,0.6057144430967453,0.6057144430967453
1,0,False,0.553998498453588,0.553998498453588
1,1,True,0.592345251578206,0.592345251578206
1,1,True,0.6344135323754156,0.6344135323754156
1,1,True,0.5519720181863123,0.5519720181863123
1,1,True,0.5801612141708321,0.5801612141708321
1,1,True,0.5764020767214348,0.5764020767214348
1,0,False,0.5690439155052014,0.5690439155052014
1,0,False,0.5682521106241796,0.5682521106241796
1,0,False,0.5514195595812729,0.5514195595812729
1,0,False,0.5342168628608317,0.5342168628608317
1,0,False,0.5404083193895428,0.5404083193895428
1,1,True,0.5808819180184397,0.5808819180184397
1,1,True,0.5467084414696222,0.5467084414696222
0,1,False,0.5004317765484061,0.4995682234515938
1,1,True,0.5074494562812965,0.5074494562812965
1,1,True,0.5541993949439453,0.5541993949439453
1,1,True,0.565431430205733,0.565431430205733
1,1,True,0.5306019396154921,0.5306019396154921
0,1,False,0.5340783784042786,0.4659216215957213
1,1,True,0.5202087586375026,0.5202087586375026
1,1,True,0.5454646906861728,0.5454646906861728
1,1,True,0.5203291825402654,0.5203291825402654
1,1,True,0.5503691886157889,0.5503691886157889
1,1,True,0.5769879811406917,0.5769879811406917
1,1,True,0.5270628147992398,0.5270628147992398
1,1,True,0.5461814120222236,0.5461814120222236
1,0,False,0.5422236993231102,0.5422236993231102
1,0,False,0.5154592057753067,0.5154592057753067
0,0,True,0.5042925106407417,0.4957074893592584
1,0,False,0.5070302478908366,0.5070302478908366
1,0,False,0.5059212185672257,0.5059212185672257
1,0,False,0.5478655748635334,0.5478655748635334
0,1,False,0.5053630547379852,0.49463694526201496
0,1,False,0.5155663165857237,0.4844336834142762
0,1,False,0.5311706711736284,0.4688293288263716
0,1,False,0.5327912941453635,0.4672087058546366
1,1,True,0.5206982849506869,0.5206982849506869
0,1,False,0.5150007942368106,0.48499920576318956
1,0,False,0.5086667648399431,0.5086667648399431
1,1,True,0.5240938689543634,0.5240938689543634
1,1,True,0.5335341903917671,0.5335341903917671
1,0,False,0.5422382092454718,0.5422382092454718
1,1,True,0.5252225001497737,0.5252225001497737
1,1,True,0.5713400573670409,0.5713400573670409
1,1,True,0.5514100344828816,0.5514100344828816
1,1,True,0.5326157701713575,0.5326157701713575
1,1,True,0.5903986945170118,0.5903986945170118
1,0,False,0.5358380464348463,0.5358380464348463
1,0,False,0.5794944367362478,0.5794944367362478
1,0,False,0.5856750281749871,0.5856750281749871
1,0,False,0.5907990737267659,0.5907990737267659
1,0,False,0.5482254740533377,0.5482254740533377
1,1,True,0.5737121540476062,0.5737121540476062
0,0,True,0.5291885235265567,0.47081147647344346
0,0,True,0.5233297216051225,0.4766702783948776
1,0,False,0.5389599268187981,0.5389599268187981
1,0,False,0.5722541930826157,0.5722541930826157
0,0,True,0.5113164480979899,0.4886835519020101
0,1,False,0.5111634441301133,0.48883655586988684
1,1,True,0.5243873420745245,0.5243873420745245
1,1,True,0.5011992622615561,0.5011992622615561
1,1,True,0.5290961604114018,0.5290961604114018
1,1,True,0.5140806988114404,0.5140806988114404
0,0,True,0.5029666057491904,0.49703339425080967
1,1,True,0.5396803968379166,0.5396803968379166
1,1,True,0.5299532246034291,0.5299532246034291
1,1,True,0.5576497427792384,0.5576497427792384
1,1,True,0.5668062144043993,0.5668062144043993
1,1,True,0.5746061460839893,0.5746061460839893
1,1,True,0.5654074154280918,0.5654074154280918
1,0,False,0.5439690627442855,0.5439690627442855
1,0,False,0.5387822297574552,0.5387822297574552
1,0,False,0.557696205585041,0.557696205585041
1,0,False,0.5031719878340186,0.5031719878340186
1,0,False,0.5260207005740503,0.5260207005740503
1,0,False,0.5461688774448233,0.5461688774448233
0,0,True,0.5616088266813408,0.4383911733186593
0,0,True,0.5617286297870956,0.43827137021290447
0,0,True,0.5433670665030372,0.4566329334969629
0,0,True,0.527705546786214,0.47229445321378616
0,0,True,0.5200348450459573,0.4799651549540427
0,0,True,0.5548200874433455,0.4451799125566545
1,0,False,0.5281884951042449,0.5281884951042449
1,0,False,0.5367338062897625,0.5367338062897625
1,0,False,0.5460735434943736,0.5460735434943736
1,0,False,0.5075257948108436,0.5075257948108436
1,0,False,0.5028621223660217,0.5028621223660217
0,1,False,0.5423420035838997,0.4576579964161004
0,1,False,0.550963184057408,0.4490368159425921
0,1,False,0.551049849498862,0.44895015050113796
1,0,False,0.5576683847779434,0.5576683847779434
1,1,True,0.6062334293250426,0.6062334293250426
1,1,True,0.5912263858176732,0.5912263858176732
1,0,False,0.5977912364209401,0.5977912364209401
1,0,False,0.5272711419547889,0.5272711419547889
0,0,True,0.52707098347521,0.4729290165247899
1,0,False,0.5797586731375348,0.5797586731375348
0,0,True,0.5271577366508997,0.47284226334910034
1,0,False,0.5174430680339727,0.5174430680339727
0,1,False,0.5328636388279333,0.4671363611720665
0,1,False,0.5199243096797836,0.48007569032021635
0,1,False,0.5584189700037981,0.44158102999620186
0,1,False,0.5504549079779646,0.4495450920220353
1,1,True,0.5153074219851659,0.5153074219851659
0,0,True,0.5171785486833875,0.4828214513166124
1,1,True,0.5615880019860544,0.5615880019860544
1,1,True,0.5396738108219326,0.5396738108219326
1,1,True,0.5508570574215206,0.5508570574215206
1,1,True,0.5561413094001293,0.5561413094001293
1,1,True,0.5916715784033557,0.5916715784033557
1,1,True,0.5755585840278051,0.5755585840278051
1,1,True,0.5787859715761001,0.5787859715761001
1,0,False,0.5491661061328403,0.5491661061328403
1,1,True,0.5756790432961981,0.5756790432961981
1,1,True,0.5872782219652682,0.5872782219652682
1,0,False,0.5257820103283514,0.5257820103283514
1,1,True,0.5904891141045754,0.5904891141045754
1,1,True,0.6040794806604748,0.6040794806604748
1,1,True,0.5462178532015782,0.5462178532015782
1,1,True,0.5505787279666898,0.5505787279666898
1,1,True,0.5464298397063434,0.5464298397063434
1,1,True,0.54304348614414,0.54304348614414
1,0,False,0.5259395945081136,0.5259395945081136
1,0,False,0.5167731507284616,0.5167731507284616
1,0,False,0.532570568955851,0.532570568955851
1,0,False,0.5242360550213649,0.5242360550213649
1,1,True,0.5357796879682607,0.5357796879682607
1,1,True,0.5267895023109149,0.5267895023109149
0,1,False,0.5104755473597214,0.4895244526402786
1,1,True,0.6260816359774275,0.6260816359774275
1,1,True,0.5717479433709733,0.5717479433709733
0,1,False,0.5508107957566661,0.4491892042433339
0,1,False,0.5146914657019936,0.4853085342980063
1,0,False,0.546827564546103,0.546827564546103
1,0,False,0.5181127883420272,0.5181127883420272
1,0,False,0.5421244926688015,0.5421244926688015
0,0,True,0.618879337289974,0.3811206627100258
0,0,True,0.5369604366289389,0.46303956337106095
1,0,False,0.5695620397704996,0.5695620397704996
1,0,False,0.5615005753725002,0.5615005753725002
1,0,False,0.5929926456112093,0.5929926456112093
1,0,False,0.6328792074553812,0.6328792074553812
1,0,False,0.6148022210661348,0.6148022210661348
1,0,False,0.6367173669809567,0.6367173669809567
1,1,True,0.5532231662790997,0.5532231662790997
1,1,True,0.5752528684117336,0.5752528684117336
1,1,True,0.6517509471410996,0.6517509471410996
1,1,True,0.6324309818814255,0.6324309818814255
1,1,True,0.5629456535340617,0.5629456535340617
0,1,False,0.57444596796972,0.4255540320302801
0,1,False,0.6115966090501115,0.3884033909498884
1,1,True,0.5236996693338678,0.5236996693338678
0,1,False,0.6189033835023855,0.38109661649761445
0,1,False,0.5620996952981278,0.4379003047018723
0,1,False,0.6225694148720936,0.3774305851279063
0,0,True,0.6207778034546658,0.3792221965453341
0,1,False,0.6009709059655615,0.39902909403443854
0,0,True,0.5932796337834949,0.4067203662165051
0,1,False,0.5791111125524392,0.4208888874475607
0,1,False,0.509660001682125,0.4903399983178749
1,0,False,0.5448321520452322,0.5448321520452322
0,0,True,0.5933196870228893,0.4066803129771106
0,0,True,0.5311655911083859,0.468834408891614
1,0,False,0.5129107022928184,0.5129107022928184
1,0,False,0.5472773390238171,0.5472773390238171
1,0,False,0.5175527078318733,0.5175527078318733
1,1,True,0.564929255064374,0.564929255064374
1,1,True,0.5767098191707654,0.5767098191707654
1,1,True,0.5369290136546749,0.5369290136546749
1,1,True,0.5184873204143765,0.5184873204143765
1,1,True,0.5009945789225096,0.5009945789225096
1,0,False,0.6649250308073306,0.6649250308073306
1,0,False,0.5283174636136652,0.5283174636136652
0,1,False,0.5558573547276319,0.444142645272368
1,1,True,0.5178764628758523,0.5178764628758523
0,1,False,0.5696227033391689,0.4303772966608311
1,1,True,0.5900888493227737,0.5900888493227737
0,1,False,0.5155927864727806,0.4844072135272194
1,1,True,0.5203934288866816,0.5203934288866816
0,1,False,0.5291971533485937,0.47080284665140626
0,1,False,0.5968970851495243,0.4031029148504756
0,1,False,0.5634804722875516,0.4365195277124483
0,1,False,0.5327668109823935,0.4672331890176064
1,1,True,0.5006698691690972,0.5006698691690972
0,1,False,0.5347552789202853,0.4652447210797146
1,1,True,0.5110206587950887,0.5110206587950887
0,1,False,0.5197688380496577,0.48023116195034227
0,1,False,0.574274207021525,0.4257257929784749
0,0,True,0.5131580690869091,0.4868419309130909
0,0,True,0.5304388454149719,0.469561154585028
0,0,True,0.6382602614681612,0.3617397385318388
0,0,True,0.5304143064912714,0.46958569350872853
1,0,False,0.5381471602906378,0.5381471602906378
1,1,True,0.5758232338180996,0.5758232338180996
1,0,False,0.5226028229285056,0.5226028229285056
1,0,False,0.5979678827198407,0.5979678827198407
1,0,False,0.5124909510997557,0.5124909510997557
1,0,False,0.5522411246952839,0.5522411246952839
0,1,False,0.5421262715900671,0.4578737284099329
0,1,False,0.5246017336096707,0.4753982663903294
1,1,True,0.5368283216830743,0.5368283216830743
0,1,False,0.5072468972744559,0.49275310272554396
0,1,False,0.5020395200153759,0.497960479984624
0,1,False,0.5134416630755204,0.4865583369244795
0,0,True,0.5610507883390595,0.4389492116609405
0,1,False,0.5705803506509611,0.4294196493490388
1,1,True,0.5574764038189038,0.5574764038189038
0,0,True,0.5174980056897759,0.4825019943102241
1,1,True,0.5952386976543639,0.5952386976543639
0,1,False,0.553815792018523,0.44618420798147695
1,1,True,0.5809344156214116,0.5809344156214116
0,1,False,0.5801129524265383,0.4198870475734615
1,0,False,0.5567401774946203,0.5567401774946203
0,0,True,0.5248320274669779,0.475167972533022
0,0,True,0.5495447643374674,0.4504552356625326
1,0,False,0.5116514558280167,0.5116514558280167
0,1,False,0.5662778799037914,0.4337221200962084
0,1,False,0.5906999510543922,0.4093000489456076
1,1,True,0.5871183339703689,0.5871183339703689
1,1,True,0.5401722888631025,0.5401722888631025
0,0,True,0.6208725182578182,0.3791274817421816
0,0,True,0.6245595021058831,0.3754404978941168
0,0,True,0.5745408055027242,0.42545919449727565
0,0,True,0.5684638239227515,0.43153617607724837
0,0,True,0.5180201660304276,0.48197983396957234
0,0,True,0.5046008860127118,0.4953991139872881
1,1,True,0.5012117510892227,0.5012117510892227
1,0,False,0.5539073438994322,0.5539073438994322
1,1,True,0.5726938400176094,0.5726938400176094
1,1,True,0.5841460196078431,0.5841460196078431
1,1,True,0.5014250436548041,0.5014250436548041
1,0,False,0.5045878456913789,0.5045878456913789
1,1,True,0.5148719795183433,0.5148719795183433
1,1,True,0.5197837628043517,0.5197837628043517
0,1,False,0.536822280221906,0.46317771977809397
0,1,False,0.5281912186401794,0.4718087813598206
1,1,True,0.5990895203529543,0.5990895203529543
0,0,True,0.5180213653101832,0.48197863468981694
0,0,True,0.5710902306790852,0.4289097693209149
1,0,False,0.5266709519325958,0.5266709519325958
0,0,True,0.6468805561495561,0.35311944385044386
0,0,True,0.6559491155297741,0.34405088447022586
1,1,True,0.5580013282758965,0.5580013282758965
1,1,True,0.6380471796971291,0.6380471796971291
1,1,True,0.6396871023363753,0.6396871023363753
1,1,True,0.6513594357432086,0.6513594357432086
1,1,True,0.5928619686780798,0.5928619686780798
1,0,False,0.5750245700986129,0.5750245700986129
0,1,False,0.5397149687852671,0.46028503121473285
0,1,False,0.5817499196050331,0.418250080394967
1,1,True,0.5267598865509882,0.5267598865509882
0,1,False,0.5265900642168422,0.47340993578315793
0,1,False,0.598951522031524,0.40104847796847587
1,1,True,0.5186562659612561,0.5186562659612561
0,1,False,0.5101094166000264,0.48989058339997366
0,1,False,0.5395111447747358,0.4604888552252643
0,1,False,0.5678022245893526,0.43219777541064747
0,1,False,0.5839250409255746,0.4160749590744255
0,1,False,0.5972003323703423,0.40279966762965774
0,1,False,0.5908255622565393,0.4091744377434607
0,1,False,0.6642803745102066,0.3357196254897935
0,1,False,0.6451348675209673,0.35486513247903273
0,1,False,0.6259589647995594,0.3740410352004405
0,1,False,0.5072928646339259,0.4927071353660742
0,1,False,0.5575252363355928,0.4424747636644072
0,1,False,0.6085077148179658,0.3914922851820341
0,1,False,0.673172217668563,0.3268277823314369
0,1,False,0.6940347416094594,0.3059652583905405
0,1,False,0.6824136144143726,0.31758638558562735
0,1,False,0.6522530275671166,0.3477469724328835
0,1,False,0.5778039241014419,0.4221960758985581
0,1,False,0.648497618199643,0.3515023818003569
0,0,True,0.6501135524237498,0.3498864475762501
0,1,False,0.6436710874434279,0.35632891255657206
0,1,False,0.6544579942471733,0.34554200575282673
0,1,False,0.5866557896660508,0.4133442103339493
0,1,False,0.538449930929951,0.46155006907004914
0,1,False,0.5083707726945041,0.49162922730549585
0,1,False,0.581231001555816,0.4187689984441842
0,0,True,0.5269789312401538,0.4730210687598462
0,1,False,0.5038622885347732,0.4961377114652269
1,0,False,0.5022498634343487,0.5022498634343487
1,1,True,0.5102666013518348,0.5102666013518348
1,1,True,0.5031361482013242,0.5031361482013242
1,1,True,0.5043255915786171,0.5043255915786171
1,1,True,0.5347782711848588,0.5347782711848588
0,1,False,0.5395563984245968,0.46044360157540337
0,0,True,0.5171926356423501,0.4828073643576499
0,0,True,0.5512748130463776,0.4487251869536225
0,1,False,0.5012890907212015,0.4987109092787985
1,1,True,0.5112164961051486,0.5112164961051486
1,1,True,0.5034248918440076,0.5034248918440076
1,0,False,0.556488497801471,0.556488497801471
1,1,True,0.6157733052131195,0.6157733052131195
0,0,True,0.5140413107071029,0.48595868929289715
1,0,False,0.5033576251257708,0.5033576251257708
1,1,True,0.5276977502468921,0.5276977502468921
1,1,True,0.552274966323985,0.552274966323985
1,0,False,0.5194523376464877,0.5194523376464877
1,1,True,0.5453744660652824,0.5453744660652824
1,1,True,0.5841967447716572,0.5841967447716572
1,0,False,0.5456897848002115,0.5456897848002115
0,1,False,0.5439102860158067,0.4560897139841933
1,1,True,0.5193461917988808,0.5193461917988808
0,1,False,0.5135376289606874,0.48646237103931267
0,0,True,0.5182797805542165,0.48172021944578347
1,0,False,0.584634995688322,0.584634995688322
1,0,False,0.5501696049874056,0.5501696049874056
1,0,False,0.5154699245649382,0.5154699245649382
0,0,True,0.5435883049791264,0.45641169502087364
0,0,True,0.524269002168028,0.4757309978319721
1,0,False,0.533218042685804,0.533218042685804
1,1,True,0.6036754433868261,0.6036754433868261
1,1,True,0.5750362040673009,0.5750362040673009
1,1,True,0.5849461500616043,0.5849461500616043
1,0,False,0.5469950606202563,0.5469950606202563
1,1,True,0.5378272017455452,0.5378272017455452
0,0,True,0.5288947371533772,0.4711052628466229
0,0,True,0.5268486094672639,0.473151390532736
0,0,True,0.5406562599482045,0.45934374005179546
1,0,False,0.5249605229849825,0.5249605229849825
1,0,False,0.5318943510485308,0.5318943510485308
1,0,False,0.5677761454310122,0.5677761454310122
1,1,True,0.5516956795572903,0.5516956795572903
1,1,True,0.511895496906051,0.511895496906051
0,1,False,0.5082980896303764,0.4917019103696235
0,1,False,0.5310800740786604,0.4689199259213396
1,1,True,0.6299743457143683,0.6299743457143683
0,1,False,0.6099257118075769,0.3900742881924231
1,1,True,0.5441337794106317,0.5441337794106317
0,1,False,0.5012328576749921,0.49876714232500785
0,1,False,0.5452234156478788,0.4547765843521213
1,1,True,0.5224272670534362,0.5224272670534362
1,1,True,0.5008232546595879,0.5008232546595879
0,0,True,0.6566513083915795,0.3433486916084206
0,1,False,0.6370145104770766,0.36298548952292364
0,1,False,0.6506669029276634,0.34933309707233673
0,1,False,0.6621615102536881,0.3378384897463119
1,1,True,0.5185381886796778,0.5185381886796778
0,1,False,0.5756213923697038,0.42437860763029633
0,0,True,0.5694734075980803,0.4305265924019198
0,0,True,0.5773960143445804,0.4226039856554196
0,1,False,0.5726948724031252,0.4273051275968749
1,1,True,0.5469035112397601,0.5469035112397601
1,1,True,0.5649032645985858,0.5649032645985858
1,1,True,0.5709254164306822,0.5709254164306822
1,1,True,0.5838031784799149,0.5838031784799149
1,0,False,0.5799587215482345,0.5799587215482345
1,0,False,0.5696463465727851,0.5696463465727851
0,0,True,0.5649129748784025,0.4350870251215975
1,1,True,0.5331796151206425,0.5331796151206425
1,1,True,0.524677498742677,0.524677498742677
1,1,True,0.5168159108376944,0.5168159108376944
1,1,True,0.6130958476160465,0.6130958476160465
1,1,True,0.5629421998743309,0.5629421998743309
1,0,False,0.5144040884825197,0.5144040884825197
0,0,True,0.5307239854168215,0.4692760145831786
1,0,False,0.529194407474419,0.529194407474419
1,1,True,0.5195124256431187,0.5195124256431187
1,1,True,0.5422966272232957,0.5422966272232957
1,1,True,0.5108399287676044,0.5108399287676044
0,1,False,0.5522776065474091,0.4477223934525909
0,1,False,0.5407065311312556,0.45929346886874456
0,1,False,0.5320903235893416,0.4679096764106585
1,1,True,0.5277731771663974,0.5277731771663974
1,1,True,0.52724456677755,0.52724456677755
1,0,False,0.5243703384060712,0.5243703384060712
1,0,False,0.5338223381169879,0.5338223381169879
0,0,True,0.5452175742728746,0.45478242572712535
0,0,True,0.5515620876737979,0.4484379123262023
1,0,False,0.5019372990125541,0.5019372990125541
1,0,False,0.561948704557993,0.561948704557993
1,1,True,0.5382440184062544,0.5382440184062544
0,1,False,0.514215443417148,0.485784556582852
0,1,False,0.5100185273116521,0.4899814726883479
1,1,True,0.6300138721371269,0.6300138721371269
1,1,True,0.5868940916573737,0.5868940916573737
1,1,True,0.5535537144899159,0.5535537144899159
0,0,True,0.5299056647157117,0.47009433528428846
1,1,True,0.5849918263013631,0.5849918263013631
1,0,False,0.5159507890457157,0.5159507890457157
0,0,True,0.5156367848834774,0.4843632151165227
0,0,True,0.5059065219495816,0.4940934780504184
0,0,True,0.5689884235149555,0.43101157648504457
1,0,False,0.5085657219910833,0.5085657219910833
0,1,False,0.5149857791837339,0.4850142208162662
0,1,False,0.5136310759329668,0.48636892406703325
0,1,False,0.5730992795809071,0.4269007204190929
1,1,True,0.527843355595937,0.527843355595937
1,1,True,0.5727897345461501,0.5727897345461501
1,1,True,0.5673028509064433,0.5673028509064433
0,0,True,0.6117227737353462,0.3882772262646539
0,0,True,0.5676580410572923,0.43234195894270777
0,1,False,0.5997145930675961,0.400285406932404
1,1,True,0.5249007312720778,0.5249007312720778
0,1,False,0.5229727036074647,0.4770272963925355
1,1,True,0.5167984902884458,0.5167984902884458
1,1,True,0.5650560796538632,0.5650560796538632
1,0,False,0.5024937085727845,0.5024937085727845
0,0,True,0.6508580498468791,0.3491419501531209
0,1,False,0.5801898465847819,0.419810153415218
0,0,True,0.5513653902425105,0.44863460975748953
1,1,True,0.5129394377218531,0.5129394377218531
0,0,True,0.5356214959592331,0.464378504040767
1,0,False,0.5287600269032984,0.5287600269032984
1,0,False,0.5180940051938119,0.5180940051938119
1,0,False,0.5334018120452033,0.5334018120452033
0,0,True,0.517512687932213,0.4824873120677871
1,0,False,0.5165418731950278,0.5165418731950278
1,1,True,0.5563674143058459,0.5563674143058459
1,1,True,0.7210949066513948,0.7210949066513948
1,0,False,0.6908523962079198,0.6908523962079198
1,0,False,0.6248112222396577,0.6248112222396577
0,0,True,0.5521150675364197,0.44788493246358035
0,0,True,0.5427176846715462,0.45728231532845387
0,0,True,0.5206223876204299,0.4793776123795701
1,0,False,0.5251602277162195,0.5251602277162195
1,0,False,0.5469011418602753,0.5469011418602753
0,0,True,0.5032488098304901,0.49675119016950986
0,0,True,0.5538070697337265,0.44619293026627355
0,0,True,0.550508973430377,0.44949102656962303
0,0,True,0.542772212611111,0.45722778738888903
1,1,True,0.5442681377370524,0.5442681377370524
0,1,False,0.5093890530565987,0.49061094694340135
1,1,True,0.6021110531795969,0.6021110531795969
1,1,True,0.6226575546692932,0.6226575546692932
1,1,True,0.610658663310621,0.610658663310621
0,1,False,0.6329349350453704,0.3670650649546298
0,1,False,0.6429407203135702,0.3570592796864299
0,1,False,0.5888851587806472,0.411114841219353
1,1,True,0.5013511098743585,0.5013511098743585
0,1,False,0.6168728426668131,0.3831271573331871
0,1,False,0.6546534374716105,0.3453465625283895
0,1,False,0.6536718570954615,0.34632814290453845
0,1,False,0.6683020613454913,0.33169793865450875
0,1,False,0.6759265808131326,0.32407341918686744
0,1,False,0.6778613359499548,0.32213866405004515
0,1,False,0.6563815448716175,0.3436184551283824
0,1,False,0.6420299443559305,0.3579700556440694
0,1,False,0.640441505347481,0.359558494652519
0,1,False,0.6585919233230313,0.3414080766769686
0,0,True,0.7048366471514607,0.29516335284853923
0,0,True,0.6896665521541231,0.3103334478458769
0,1,False,0.6425169601147178,0.3574830398852821
0,1,False,0.6200444306831088,0.37995556931689123
0,0,True,0.6238365240630105,0.3761634759369895
0,0,True,0.6357747142517283,0.36422528574827184
0,0,True,0.5170173531417485,0.48298264685825154
0,0,True,0.5640390365173025,0.4359609634826975
0,0,True,0.5829467316844876,0.41705326831551237
0,0,True,0.567717661689239,0.432282338310761
1,0,False,0.5672483881687684,0.5672483881687684
1,0,False,0.5545037862917808,0.5545037862917808
1,0,False,0.5705001632628933,0.5705001632628933
1,0,False,0.5645086896169327,0.5645086896169327
1,1,True,0.5183604389290078,0.5183604389290078
1,1,True,0.7150722624770638,0.7150722624770638
1,1,True,0.6938359302073251,0.6938359302073251
1,1,True,0.6835088278973327,0.6835088278973327
1,1,True,0.6923260655244111,0.6923260655244111
0,0,True,0.5507166274956756,0.44928337250432454
1,0,False,0.5123651006221329,0.5123651006221329
0,0,True,0.5835716151915799,0.41642838480842026
0,0,True,0.5623174801095305,0.4376825198904696
0,0,True,0.564004284081826,0.43599571591817393
0,0,True,0.5560934410305244,0.4439065589694756
0,0,True,0.5744398325322517,0.4255601674677483
1,1,True,0.5239322255585317,0.5239322255585317
0,1,False,0.5079486773529093,0.4920513226470907
1,0,False,0.5042765582564182,0.5042765582564182
1,0,False,0.561923570945417,0.561923570945417
1,0,False,0.6221598077686177,0.6221598077686177
1,0,False,0.5947691224769796,0.5947691224769796
0,0,True,0.5454627884243024,0.4545372115756976
0,0,True,0.5548301026793125,0.4451698973206874
1,0,False,0.5362995083115666,0.5362995083115666
1,0,False,0.5509785059049684,0.5509785059049684
1,0,False,0.539209541344343,0.539209541344343
1,0,False,0.635925448930772,0.635925448930772
1,0,False,0.6365790607296222,0.6365790607296222
1,1,True,0.5883574334176234,0.5883574334176234
1,0,False,0.6789021707580641,0.6789021707580641
1,0,False,0.5780373663915591,0.5780373663915591
1,0,False,0.644184373921151,0.644184373921151
1,0,False,0.5332797261794906,0.5332797261794906
0,1,False,0.5961790861039494,0.40382091389605074
0,1,False,0.6064101388262817,0.3935898611737183
1,1,True,0.5002921736053472,0.5002921736053472
1,1,True,0.5608322854385482,0.5608322854385482
0,1,False,0.5206596753959584,0.47934032460404175
1,1,True,0.5364327242241314,0.5364327242241314
0,1,False,0.5512104655898913,0.4487895344101087
0,1,False,0.5329724626254597,0.46702753737454017
0,1,False,0.5140064599580694,0.4859935400419304
0,1,False,0.5636106267874018,0.43638937321259813
0,0,True,0.5312102355588829,0.4687897644411171
0,1,False,0.6297349973344307,0.3702650026655692
0,0,True,0.5550794310411346,0.4449205689588654
0,0,True,0.6353527816401909,0.36464721835980907
0,1,False,0.5966978949980822,0.40330210500191765
1,1,True,0.6163182273692955,0.6163182273692955
1,1,True,0.6247570866360048,0.6247570866360048
1,1,True,0.6358890511934749,0.6358890511934749
1,1,True,0.5668513109857722,0.5668513109857722
1,1,True,0.533900084996834,0.533900084996834
1,1,True,0.5874963370842563,0.5874963370842563
1,1,True,0.5431921145057357,0.5431921145057357
1,1,True,0.5634301327061768,0.5634301327061768
1,1,True,0.5611616819089957,0.5611616819089957
0,1,False,0.5264411735849543,0.47355882641504554
0,0,True,0.5465441211690236,0.4534558788309762
1,1,True,0.500889670584093,0.500889670584093
0,0,True,0.5716926114528734,0.4283073885471265
0,0,True,0.5904188896670988,0.4095811103329011
0,0,True,0.5924391666760799,0.4075608333239202
0,0,True,0.5963455615802138,0.4036544384197862
0,0,True,0.5165644042547416,0.4834355957452584
0,0,True,0.5372223493294114,0.4627776506705886
1,1,True,0.5596610588479138,0.5596610588479138
0,1,False,0.5301100765250691,0.46988992347493075
0,1,False,0.5276724255326768,0.4723275744673232
1,1,True,0.5633700449475207,0.5633700449475207
1,1,True,0.5051350707766068,0.5051350707766068
1,1,True,0.5905863795128746,0.5905863795128746
1,1,True,0.5028128104425842,0.5028128104425842
0,0,True,0.532397380125056,0.4676026198749439
0,0,True,0.5156680953653653,0.4843319046346345
0,1,False,0.5095683567028132,0.4904316432971866
1,1,True,0.5361201325118966,0.5361201325118966
0,0,True,0.5638261475198006,0.4361738524801992
0,1,False,0.6147481838687487,0.3852518161312511
1,0,False,0.5448498768017083,0.5448498768017083
0,0,True,0.6255755486003104,0.37442445139968955
1,0,False,0.5014163627235758,0.5014163627235758
0,0,True,0.5250523844810774,0.4749476155189225
0,0,True,0.5200869445157159,0.479913055484284
1,0,False,0.5495416404831485,0.5495416404831485
0,0,True,0.522155017047178,0.4778449829528221
1,0,False,0.5587400330932248,0.5587400330932248
1,0,False,0.5124972370338948,0.5124972370338948
1,1,True,0.5809210742163642,0.5809210742163642
1,1,True,0.6196651868046783,0.6196651868046783
1,1,True,0.6666128595846653,0.6666128595846653
1,1,True,0.6554160444424078,0.6554160444424078
1,1,True,0.6281938718397916,0.6281938718397916
0,0,True,0.576673109514537,0.423326890485463
1,1,True,0.5078009545218063,0.5078009545218063
1,1,True,0.5054832038354669,0.5054832038354669
0,1,False,0.6120026033669999,0.3879973966330003
1,1,True,0.5070491517605403,0.5070491517605403
1,1,True,0.5198278977459816,0.5198278977459816
0,1,False,0.5816249438742378,0.4183750561257623
0,1,False,0.5683327656686268,0.4316672343313732
0,1,False,0.5893593642322366,0.41064063576776355
1,1,True,0.5018038172650511,0.5018038172650511
1,1,True,0.5327684971155996,0.5327684971155996
1,1,True,0.5004946808340172,0.5004946808340172
0,1,False,0.6533183273237566,0.34668167267624356
0,1,False,0.5951226490168592,0.4048773509831409
0,1,False,0.6648090122272865,0.3351909877727136
1,0,False,0.5047563413216142,0.5047563413216142
1,0,False,0.5022067285985847,0.5022067285985847
0,0,True,0.6181188675312599,0.38188113246874017
1,0,False,0.5569114719331757,0.5569114719331757
1,0,False,0.5897554299809645,0.5897554299809645
1,0,False,0.5306582068731456,0.5306582068731456
1,0,False,0.5682726233113173,0.5682726233113173
1,0,False,0.5756929059532077,0.5756929059532077
1,0,False,0.5532590070959786,0.5532590070959786
1,0,False,0.597066659086861,0.597066659086861
1,0,False,0.6665752905525476,0.6665752905525476
1,0,False,0.6344744211955406,0.6344744211955406
1,0,False,0.5858303464260057,0.5858303464260057
1,0,False,0.6711313952960587,0.6711313952960587
1,0,False,0.5820720559967758,0.5820720559967758
1,0,False,0.6937851763610136,0.6937851763610136
1,0,False,0.6798287410275737,0.6798287410275737
1,0,False,0.6345304911940699,0.6345304911940699
1,0,False,0.6254799751165836,0.6254799751165836
1,0,False,0.6103266681886794,0.6103266681886794
1,0,False,0.552221299749275,0.552221299749275
1,1,True,0.57493858714028,0.57493858714028
1,1,True,0.6651020296451482,0.6651020296451482
1,0,False,0.6611050836124279,0.6611050836124279
1,0,False,0.6583108435396937,0.6583108435396937
1,0,False,0.6227864086691144,0.6227864086691144
1,0,False,0.5584221860438007,0.5584221860438007
0,0,True,0.5033055760445744,0.49669442395542585
0,0,True,0.5437685269896894,0.4562314730103108
1,0,False,0.5851101051172447,0.5851101051172447
0,0,True,0.5093168559551511,0.4906831440448488
0,0,True,0.5544582971977511,0.4455417028022489
0,0,True,0.6044876332850788,0.3955123667149212
0,0,True,0.518813839016268,0.481186160983732
0,1,False,0.6229324293495818,0.3770675706504182
1,1,True,0.5764429705407152,0.5764429705407152
1,1,True,0.6059430780960903,0.6059430780960903
1,1,True,0.6017611524217736,0.6017611524217736
0,1,False,0.5090231027299925,0.4909768972700075
0,1,False,0.5312286563738312,0.4687713436261688
0,1,False,0.5887628218736606,0.41123717812633953
0,1,False,0.5187252654826815,0.4812747345173185
1,1,True,0.5412024647845901,0.5412024647845901
1,1,True,0.52553419759476,0.52553419759476
0,1,False,0.5525441316807136,0.44745586831928646
0,0,True,0.5546357499553494,0.44536425004465063
0,0,True,0.6112324306780132,0.38876756932198675
0,0,True,0.5792035421532313,0.4207964578467688
1,0,False,0.5620831269598184,0.5620831269598184
1,0,False,0.6152381389509782,0.6152381389509782
1,1,True,0.58459795195832,0.58459795195832
1,1,True,0.6014674196815224,0.6014674196815224
1,1,True,0.5634569769655385,0.5634569769655385
1,1,True,0.6176213009986237,0.6176213009986237
1,1,True,0.6388775794823025,0.6388775794823025
1,1,True,0.6089199273456435,0.6089199273456435
1,0,False,0.5912977420678343,0.5912977420678343
1,1,True,0.5899287733023457,0.5899287733023457
1,0,False,0.5375113407832837,0.5375113407832837
1,0,False,0.5208893277462169,0.5208893277462169
1,0,False,0.5024981156492588,0.5024981156492588
0,0,True,0.5251247444760337,0.47487525552396637
0,0,True,0.5849103559333236,0.41508964406667637
0,0,True,0.5631980124864021,0.4368019875135979
1,1,True,0.56108842470952,0.56108842470952
1,1,True,0.5313537857962712,0.5313537857962712
1,1,True,0.5184883612518965,0.5184883612518965
1,1,True,0.523285170515765,0.523285170515765
1,1,True,0.5312503441333536,0.5312503441333536
1,1,True,0.5796939219172405,0.5796939219172405
1,1,True,0.5449140283172256,0.5449140283172256
0,1,False,0.5100470620279236,0.4899529379720764
1,1,True,0.527857217238977,0.527857217238977
0,1,False,0.6005870328300124,0.39941296716998775
0,1,False,0.5170732965360558,0.4829267034639442
0,1,False,0.5434441228988154,0.45655587710118467
1,1,True,0.5306611970627132,0.5306611970627132
0,1,False,0.5975999150075897,0.40240008499241037
0,0,True,0.5429209469343114,0.4570790530656888
0,0,True,0.6031117297568305,0.3968882702431697
0,0,True,0.612061049989628,0.38793895001037215
0,0,True,0.6157049771110518,0.38429502288894835
0,0,True,0.6029290352289334,0.39707096477106674
0,0,True,0.5622036227620845,0.43779637723791565
0,1,False,0.503777587755219,0.49622241224478114
1,1,True,0.5274075531707325,0.5274075531707325
1,1,True,0.556500086743821,0.556500086743821
1,1,True,0.6057878759252893,0.6057878759252893
1,1,True,0.5121569960844223,0.5121569960844223
1,1,True,0.5158897323634555,0.5158897323634555
0,0,True,0.5274396034324471,0.47256039656755283
1,0,False,0.596322736668309,0.596322736668309
0,0,True,0.5226057772406849,0.4773942227593151
0,0,True,0.5394250494031719,0.4605749505968282
0,1,False,0.5174980641056048,0.4825019358943953
0,1,False,0.5309178247409655,0.4690821752590345
1,1,True,0.5206263488889271,0.5206263488889271
1,0,False,0.5542578390711406,0.5542578390711406
1,0,False,0.5473739235649017,0.5473739235649017
1,0,False,0.544570424114629,0.544570424114629
1,0,False,0.5081993651195827,0.5081993651195827
0,0,True,0.5235588088465329,0.47644119115346706
1,0,False,0.5269105779139422,0.5269105779139422
1,0,False,0.5240454495569283,0.5240454495569283
1,0,False,0.5512663573236763,0.5512663573236763
1,0,False,0.5263574814955758,0.5263574814955758
1,0,False,0.5682333707992282,0.5682333707992282
1,0,False,0.5673859357566037,0.5673859357566037
1,0,False,0.5918850485458613,0.5918850485458613
1,0,False,0.6184083379433469,0.6184083379433469
1,1,True,0.6142957782389459,0.6142957782389459
1,1,True,0.6081703920623298,0.6081703920623298
1,1,True,0.6108103723342907,0.6108103723342907
1,0,False,0.5573357993673209,0.5573357993673209
1,1,True,0.5286951865186225,0.5286951865186225
1,1,True,0.5210825158806963,0.5210825158806963
1,1,True,0.5194677654869311,0.5194677654869311
1,1,True,0.5133996683860769,0.5133996683860769
0,1,False,0.5266940632045628,0.4733059367954372
1,1,True,0.5334624649059466,0.5334624649059466
1,1,True,0.5384756594368685,0.5384756594368685
1,0,False,0.5453005711216513,0.5453005711216513
0,1,False,0.5233846755921163,0.47661532440788373
0,1,False,0.5338355610565183,0.46616443894348153
1,1,True,0.5040477384608987,0.5040477384608987
1,1,True,0.5012618285152686,0.5012618285152686
1,1,True,0.6155340595926563,0.6155340595926563
1,0,False,0.5499206690821457,0.5499206690821457
1,0,False,0.5621232769506299,0.5621232769506299
0,0,True,0.5204182993501656,0.4795817006498344
0,0,True,0.5124681512607145,0.48753184873928546
1,0,False,0.6015000582615453,0.6015000582615453
1,0,False,0.6332150646909752,0.6332150646909752
1,0,False,0.6629465769858525,0.6629465769858525
1,0,False,0.6173560711597432,0.6173560711597432
1,0,False,0.5694677083012314,0.5694677083012314
1,1,True,0.5896755890720563,0.5896755890720563
1,0,False,0.5306866399920994,0.5306866399920994
0,1,False,0.5069428621607318,0.49305713783926797
1,0,False,0.5402273932101894,0.5402273932101894
1,0,False,0.5346700374850283,0.5346700374850283
0,1,False,0.5141017311826946,0.48589826881730536
0,1,False,0.5099203144459168,0.4900796855540833
0,1,False,0.5020221490849236,0.4979778509150765
1,1,True,0.5032350371790089,0.5032350371790089
1,1,True,0.5445119972973713,0.5445119972973713
1,1,True,0.5667765769024006,0.5667765769024006
1,1,True,0.5121813250182397,0.5121813250182397
0,0,True,0.5328542519646293,0.4671457480353707
1,0,False,0.5368881914357593,0.5368881914357593
1,0,False,0.5262122642847191,0.5262122642847191
0,1,False,0.6020181362195429,0.39798186378045725
0,1,False,0.561273810736702,0.43872618926329804
0,1,False,0.5129597766940743,0.48704022330592567
0,0,True,0.5664565573900319,0.43354344260996813
0,0,True,0.5517862308775175,0.44821376912248245
0,0,True,0.6108842332437595,0.38911576675624054
0,0,True,0.5821947698928818,0.41780523010711834
0,0,True,0.5367800677047838,0.4632199322952162
0,0,True,0.5226220129638139,0.47737798703618606
1,0,False,0.5092963438891913,0.5092963438891913
0,0,True,0.5038202562091416,0.4961797437908584
0,0,True,0.539847953135023,0.46015204686497707
1,1,True,0.516697750727408,0.516697750727408
1,1,True,0.627328419924295,0.627328419924295
1,1,True,0.5447470662655323,0.5447470662655323
1,1,True,0.6504631644900066,0.6504631644900066
1,0,False,0.587923733541718,0.587923733541718
1,0,False,0.5328434881191981,0.5328434881191981
1,0,False,0.5108906365213629,0.5108906365213629
1,0,False,0.5116960185234651,0.5116960185234651
0,0,True,0.5056002130577016,0.49439978694229847
1,0,False,0.537960058793341,0.537960058793341
1,0,False,0.5385854036102733,0.5385854036102733
1,1,True,0.5285931801856314,0.5285931801856314
0,1,False,0.510732398867449,0.48926760113255086
1,1,True,0.5469544342516127,0.5469544342516127
1,0,False,0.5427688357186307,0.5427688357186307
1,0,False,0.5273988173069597,0.5273988173069597
1,0,False,0.5214311819366604,0.5214311819366604
1,0,False,0.5377859833056332,0.5377859833056332
1,0,False,0.5142079452844138,0.5142079452844138
1,0,False,0.5106600257352243,0.5106600257352243
0,0,True,0.5140646898233926,0.4859353101766074
1,0,False,0.5033776026238486,0.5033776026238486
1,0,False,0.5284695714539569,0.5284695714539569
0,0,True,0.505658459973112,0.49434154002688807
1,0,False,0.537025690303615,0.537025690303615
1,0,False,0.5433144356020612,0.5433144356020612
1,0,False,0.5040444143310643,0.5040444143310643
1,0,False,0.5092911624607731,0.5092911624607731
1,0,False,0.5073702185555594,0.5073702185555594
1,0,False,0.5064086859465278,0.5064086859465278
0,0,True,0.5103634998792845,0.4896365001207156
1,0,False,0.5474321657402635,0.5474321657402635
1,0,False,0.5328466613789727,0.5328466613789727
1,0,False,0.5031087485451884,0.5031087485451884
0,0,True,0.5210991937579972,0.47890080624200293
0,0,True,0.5252592958653279,0.4747407041346721
1,0,False,0.6203874210172315,0.6203874210172315
1,1,True,0.5247732140752182,0.5247732140752182
1,1,True,0.5370631250784488,0.5370631250784488
1,1,True,0.5029167169215079,0.5029167169215079
1,1,True,0.5067689743202435,0.5067689743202435
1,0,False,0.6029709226055004,0.6029709226055004
1,0,False,0.6376991468243298,0.6376991468243298
0,0,True,0.5673232893094446,0.4326767106905555
0,0,True,0.5103939276058295,0.48960607239417064
1,1,True,0.5813291266605366,0.5813291266605366
1,1,True,0.5042565462648223,0.5042565462648223
1,1,True,0.5609346680344307,0.5609346680344307
1,1,True,0.556138338718481,0.556138338718481
1,1,True,0.5429842295999529,0.5429842295999529
1,1,True,0.5304735150923168,0.5304735150923168
1,1,True,0.5130620706695499,0.5130620706695499
1,1,True,0.5072143512080635,0.5072143512080635
0,1,False,0.5004468389488439,0.4995531610511562
1,1,True,0.5980992560832299,0.5980992560832299
0,1,False,0.564949112247481,0.4350508877525192
1,1,True,0.565054780177509,0.565054780177509
1,1,True,0.5963146867472745,0.5963146867472745
1,0,False,0.5807902596318625,0.5807902596318625
1,0,False,0.5853148505576731,0.5853148505576731
1,0,False,0.5781519231522034,0.5781519231522034
1,1,True,0.5740063442907593,0.5740063442907593
1,1,True,0.5686384579656611,0.5686384579656611
1,1,True,0.5660403832995684,0.5660403832995684
1,1,True,0.5233091753300488,0.5233091753300488
1,1,True,0.65297406869368,0.65297406869368
1,1,True,0.5967345729035474,0.5967345729035474
1,1,True,0.6358216521498983,0.6358216521498983
1,1,True,0.5307306227434961,0.5307306227434961
1,1,True,0.6638938574712534,0.6638938574712534
1,1,True,0.5981490660789113,0.5981490660789113
1,1,True,0.5671276255371277,0.5671276255371277
1,1,True,0.5526220498342469,0.5526220498342469
1,1,True,0.5691557298698822,0.5691557298698822
0,1,False,0.5403250161120337,0.45967498388796635
0,1,False,0.5727663072131005,0.42723369278689954
1,0,False,0.500982737186145,0.500982737186145
0,0,True,0.5448319231486686,0.4551680768513314
0,0,True,0.5665385342237345,0.43346146577626565
0,0,True,0.5787415482785884,0.42125845172141163
0,0,True,0.5672315648894629,0.4327684351105372
1,1,True,0.5060473151136495,0.5060473151136495
1,1,True,0.553093929845669,0.553093929845669
1,1,True,0.5307353434444946,0.5307353434444946
1,1,True,0.5181001898964649,0.5181001898964649
1,1,True,0.5635342931219915,0.5635342931219915
1,1,True,0.5198197359335384,0.5198197359335384
1,0,False,0.5493686911739154,0.5493686911739154
1,0,False,0.5205852621126505,0.5205852621126505
1,0,False,0.5651441460272761,0.5651441460272761
1,0,False,0.5538101942859233,0.5538101942859233
1,0,False,0.5129366941462259,0.5129366941462259
0,0,True,0.5453832521030721,0.45461674789692774
1,0,False,0.596847438875559,0.596847438875559
1,1,True,0.5468630707464874,0.5468630707464874
1,1,True,0.6208136584243673,0.6208136584243673
1,1,True,0.6105391386975645,0.6105391386975645
0,1,False,0.5136214246081869,0.486378575391813
1,1,True,0.504212205418112,0.504212205418112
0,0,True,0.5150747582866122,0.4849252417133878
1,0,False,0.5521781460835344,0.5521781460835344
1,0,False,0.5104553617395969,0.5104553617395969
0,0,True,0.5003966476594923,0.49960335234050757
1,0,False,0.5489155911022717,0.5489155911022717
1,0,False,0.5311772291064335,0.5311772291064335
1,0,False,0.5087577327288002,0.5087577327288002
0,0,True,0.5084373690719366,0.4915626309280634
0,0,True,0.5248006345105111,0.4751993654894889
0,0,True,0.538236810305925,0.46176318969407504
1,0,False,0.5314910720361679,0.5314910720361679
1,0,False,0.5262347498424405,0.5262347498424405
0,0,True,0.5168591941855752,0.4831408058144248
1,0,False,0.523615420700694,0.523615420700694
1,0,False,0.5819660768644151,0.5819660768644151
1,0,False,0.5709698693686552,0.5709698693686552
1,0,False,0.6387361748895378,0.6387361748895378
1,0,False,0.5062699367518673,0.5062699367518673
0,1,False,0.5847773424191113,0.41522265758088867
0,1,False,0.5654876077467972,0.4345123922532027
0,1,False,0.5948349046254156,0.40516509537458445
0,0,True,0.5856126528507789,0.4143873471492211
0,1,False,0.5930871003074553,0.40691289969254485
0,0,True,0.5338229905623753,0.46617700943762475
1,1,True,0.5335330889563207,0.5335330889563207
1,1,True,0.5318923507682023,0.5318923507682023
1,1,True,0.5392152539367792,0.5392152539367792
1,1,True,0.5265577136988076,0.5265577136988076
1,1,True,0.5585584950751288,0.5585584950751288
1,1,True,0.5763970223564058,0.5763970223564058
1,1,True,0.5772480297402381,0.5772480297402381
1,1,True,0.5451971445147533,0.5451971445147533
0,1,False,0.5687570307763594,0.4312429692236404
1,0,False,0.5448370180882703,0.5448370180882703
0,0,True,0.5333958016404089,0.46660419835959105
0,0,True,0.564708145193866,0.43529185480613386
0,0,True,0.5274672572396156,0.47253274276038437
0,0,True,0.534107962935274,0.46589203706472593
0,0,True,0.5484215620222148,0.451578437977785
1,1,True,0.5702419294029222,0.5702419294029222
1,1,True,0.5757717550246653,0.5757717550246653
1,1,True,0.6405954560984469,0.6405954560984469
1,1,True,0.6349057202637136,0.6349057202637136
1,1,True,0.5347597770728004,0.5347597770728004
1,1,True,0.528627434042788,0.528627434042788
1,0,False,0.583261451284319,0.583261451284319
1,0,False,0.5767215195529649,0.5767215195529649
1,0,False,0.6418274613742724,0.6418274613742724
1,0,False,0.5945821923828432,0.5945821923828432
1,0,False,0.5579406733580775,0.5579406733580775
0,0,True,0.5548144228801168,0.44518557711988305
1,1,True,0.6380980356125969,0.6380980356125969
1,1,True,0.6194668616537773,0.6194668616537773
1,1,True,0.6014860187284896,0.6014860187284896
1,1,True,0.6013123768022712,0.6013123768022712
1,1,True,0.5794827479194807,0.5794827479194807
0,1,False,0.5121279514599822,0.4878720485400177
1,1,True,0.5496093861180185,0.5496093861180185
0,1,False,0.5327539158401825,0.4672460841598174
1,1,True,0.5725049812044183,0.5725049812044183
0,1,False,0.5579563487317676,0.44204365126823236
0,1,False,0.5650067666505778,0.4349932333494221
0,1,False,0.5527112927974098,0.4472887072025902
0,1,False,0.5283922233436016,0.4716077766563983
1,1,True,0.501843574701349,0.501843574701349
1,1,True,0.5208775035807439,0.5208775035807439
0,1,False,0.5033831503897666,0.49661684961023334
0,1,False,0.5208959033241356,0.4791040966758643
1,1,True,0.5001841838172228,0.5001841838172228
0,1,False,0.5218708697089512,0.47812913029104875
1,1,True,0.5137919649585321,0.5137919649585321
1,1,True,0.6080360263441299,0.6080360263441299
1,0,False,0.5504680832182965,0.5504680832182965
1,0,False,0.5749148188900619,0.5749148188900619
1,0,False,0.5697438128270884,0.5697438128270884
0,1,False,0.5074202558913976,0.4925797441086022
0,1,False,0.5445553053747048,0.45544469462529513
0,1,False,0.5570445673263998,0.44295543267360005
0,1,False,0.5563425112031019,0.44365748879689804
0,1,False,0.5037399394371702,0.4962600605628298
1,1,True,0.5814122490418221,0.5814122490418221
1,0,False,0.5387648404975871,0.5387648404975871
1,0,False,0.546023471909535,0.546023471909535
1,0,False,0.5850642027107081,0.5850642027107081
1,0,False,0.589305684300576,0.589305684300576
1,0,False,0.5800978893219046,0.5800978893219046
1,0,False,0.5838662051645773,0.5838662051645773
1,0,False,0.5692103179590785,0.5692103179590785
1,0,False,0.5305855415114631,0.5305855415114631
1,1,True,0.5573255293219811,0.5573255293219811
1,0,False,0.6462833296969945,0.6462833296969945
1,0,False,0.6292719954191923,0.6292719954191923
1,0,False,0.6134237915751528,0.6134237915751528
1,1,True,0.5913606710605197,0.5913606710605197
1,1,True,0.5981570093874494,0.5981570093874494
1,1,True,0.599307825578235,0.599307825578235
1,1,True,0.5723961609236836,0.5723961609236836
1,1,True,0.5865654980325774,0.5865654980325774
1,1,True,0.5528661706839795,0.5528661706839795
1,1,True,0.5427469733273349,0.5427469733273349
1,1,True,0.5292178936115892,0.5292178936115892
1,1,True,0.5146554160270363,0.5146554160270363
0,1,False,0.5517014532521876,0.44829854674781244
0,0,True,0.5516318671448017,0.4483681328551984
0,0,True,0.5370103150355734,0.4629896849644266
0,0,True,0.5441988092754814,0.45580119072451863
0,0,True,0.5539474202108786,0.4460525797891215
0,1,False,0.5701354932281973,0.42986450677180266
0,1,False,0.5288557349546561,0.471144265045344
1,1,True,0.5150649599312723,0.5150649599312723
1,1,True,0.5014490714200853,0.5014490714200853
0,1,False,0.503918412123978,0.4960815878760221
1,1,True,0.5029480593102509,0.5029480593102509
1,0,False,0.5215827063237731,0.5215827063237731
0,1,False,0.5051069519300441,0.49489304806995604
1,0,False,0.5083523063308254,0.5083523063308254
0,0,True,0.520605479038415,0.47939452096158497
1,0,False,0.5586867786735106,0.5586867786735106
0,1,False,0.5029233942177049,0.49707660578229507
0,0,True,0.5765969361400692,0.423403063859931
0,0,True,0.5526129606515432,0.4473870393484568
0,0,True,0.5208682772243771,0.47913172277562294
0,0,True,0.5039805458650889,0.4960194541349111
0,1,False,0.5179230865779937,0.48207691342200637
0,1,False,0.5205628771652979,0.479437122834702
1,1,True,0.5651376178973242,0.5651376178973242
1,1,True,0.5509983114326082,0.5509983114326082
1,1,True,0.5756103866823112,0.5756103866823112
1,1,True,0.5378427981712699,0.5378427981712699
0,1,False,0.5615238978239423,0.4384761021760577
0,1,False,0.5093221830022643,0.4906778169977358
0,1,False,0.5428177250854475,0.45718227491455266
1,1,True,0.5443729636949443,0.5443729636949443
1,1,True,0.5622081767666063,0.5622081767666063
0,0,True,0.554701140212987,0.44529885978701306
0,1,False,0.5322222931035694,0.46777770689643067
0,0,True,0.5108395747864454,0.4891604252135547
0,0,True,0.5322209836708901,0.46777901632911
1,0,False,0.568711984762069,0.568711984762069
0,1,False,0.5319348682920879,0.4680651317079121
0,1,False,0.5684592572145282,0.43154074278547183
0,1,False,0.5608438496329651,0.439156150367035
1,1,True,0.5741595220393801,0.5741595220393801
1,1,True,0.5924790339809555,0.5924790339809555
1,1,True,0.5333459400237007,0.5333459400237007
0,0,True,0.5253983690458137,0.4746016309541863
0,0,True,0.5491978709928628,0.45080212900713723
0,1,False,0.5735831784260111,0.42641682157398897
1,1,True,0.5285367856303982,0.5285367856303982
1,1,True,0.5753612676172954,0.5753612676172954
0,1,False,0.5784869254787877,0.42151307452121245
1,1,True,0.5214209072084506,0.5214209072084506
1,1,True,0.5113278863214872,0.5113278863214872
1,0,False,0.5085239588168956,0.5085239588168956
0,0,True,0.5331385041165754,0.4668614958834247
0,0,True,0.54225546071402,0.4577445392859799
0,0,True,0.5694114703830779,0.4305885296169222
0,0,True,0.502708690659507,0.49729130934049304
1,0,False,0.5310716660945022,0.5310716660945022
1,0,False,0.5876346425293972,0.5876346425293972
1,0,False,0.5094145303567387,0.5094145303567387
1,0,False,0.5678663487041873,0.5678663487041873
1,0,False,0.5830949187503647,0.5830949187503647
1,0,False,0.5436451374630558,0.5436451374630558
1,0,False,0.5739106172924917,0.5739106172924917
1,1,True,0.5184374132864453,0.5184374132864453
1,1,True,0.5495335339083375,0.5495335339083375
1,1,True,0.5511070206760207,0.5511070206760207
0,1,False,0.5195397863277219,0.48046021367227815
0,0,True,0.5044544964012013,0.4955455035987988
0,0,True,0.5276905965315852,0.4723094034684149
0,0,True,0.5296851000490019,0.470314899950998
1,0,False,0.509367405380859,0.509367405380859
1,1,True,0.5016959160746588,0.5016959160746588
0,1,False,0.5022808249792728,0.49771917502072716
0,1,False,0.5094540930447664,0.4905459069552335
0,1,False,0.5149779798425641,0.48502202015743584
1,1,True,0.5123336675117295,0.5123336675117295
1,1,True,0.5014140251682517,0.5014140251682517
0,1,False,0.5305307886965254,0.4694692113034747
0,1,False,0.5286891141755535,0.4713108858244466
1,1,True,0.5133625623241672,0.5133625623241672
1,1,True,0.5217958344883921,0.5217958344883921
1,1,True,0.5307430001488094,0.5307430001488094
1,1,True,0.5496907555010542,0.5496907555010542
1,1,True,0.5500901662133687,0.5500901662133687
1,1,True,0.5685378755401609,0.5685378755401609
1,1,True,0.5401056427608185,0.5401056427608185
1,1,True,0.5744846186881409,0.5744846186881409
0,0,True,0.5121846608105144,0.4878153391894855
1,0,False,0.5023104380775384,0.5023104380775384
1,0,False,0.5522544372402876,0.5522544372402876
0,0,True,0.5303102007315456,0.46968979926845444
1,0,False,0.5684264081667434,0.5684264081667434
1,1,True,0.5798811863097107,0.5798811863097107
1,1,True,0.627063929988953,0.627063929988953
1,1,True,0.6000416456327755,0.6000416456327755
1,1,True,0.5958665459643742,0.5958665459643742
1,1,True,0.6165531133021869,0.6165531133021869
0,1,False,0.507274216071477,0.49272578392852295
0,0,True,0.5200415616130428,0.47995843838695706
1,0,False,0.5839367242037639,0.5839367242037639
1,0,False,0.5451664926139503,0.5451664926139503
0,0,True,0.5502531160570376,0.44974688394296236
1,0,False,0.5613831476923385,0.5613831476923385
1,0,False,0.5584481098728418,0.5584481098728418
1,0,False,0.5815649020108956,0.5815649020108956
1,0,False,0.578879660447,0.578879660447
1,1,True,0.5180036741880281,0.5180036741880281
1,1,True,0.5318160173648239,0.5318160173648239
1,1,True,0.6344625470454537,0.6344625470454537
1,0,False,0.5320742231340722,0.5320742231340722
1,0,False,0.5211456840238482,0.5211456840238482
1,1,True,0.5232529370246902,0.5232529370246902
1,1,True,0.5198869732858075,0.5198869732858075
1,0,False,0.5382557505297392,0.5382557505297392
0,1,False,0.5042350400040227,0.4957649599959772
1,1,True,0.5218612697486632,0.5218612697486632
1,1,True,0.5062144609006431,0.5062144609006431
1,0,False,0.5522920282480427,0.5522920282480427
1,1,True,0.5603082730406559,0.5603082730406559
1,1,True,0.5300383069774118,0.5300383069774118
1,1,True,0.5634712154182373,0.5634712154182373
1,1,True,0.5554813755118908,0.5554813755118908
1,1,True,0.5735650758214426,0.5735650758214426
1,0,False,0.5423993921075712,0.5423993921075712
1,0,False,0.5485095252230497,0.5485095252230497
1,0,False,0.5350339749804931,0.5350339749804931
0,0,True,0.5198438626270425,0.48015613737295737
0,0,True,0.543503180224905,0.45649681977509493
1,0,False,0.6077830726368382,0.6077830726368382
1,1,True,0.5630314779193294,0.5630314779193294
1,1,True,0.5658969113203863,0.5658969113203863
1,1,True,0.5681770349190906,0.5681770349190906
0,1,False,0.5187445843546906,0.48125541564530927
1,1,True,0.5685802797137309,0.5685802797137309
1,1,True,0.527496632913645,0.527496632913645
1,1,True,0.5303643036414321,0.5303643036414321
1,1,True,0.5158960123349414,0.5158960123349414
0,1,False,0.5566848419978239,0.4433151580021761
0,1,False,0.5067164371881987,0.4932835628118013
1,1,True,0.5750680074369645,0.5750680074369645
1,1,True,0.518121785051229,0.518121785051229
0,0,True,0.5399309950929048,0.4600690049070952
0,0,True,0.5516368572926842,0.4483631427073158
1,0,False,0.5001527526678441,0.5001527526678441
0,0,True,0.5123833548106865,0.4876166451893136
0,0,True,0.5031112775051017,0.49688872249489835
1,0,False,0.5219287146743976,0.5219287146743976
1,0,False,0.536277691960195,0.536277691960195
1,0,False,0.5224809009973133,0.5224809009973133
1,0,False,0.5735992356253738,0.5735992356253738
1,0,False,0.6161470242533398,0.6161470242533398
1,1,True,0.6331010826698331,0.6331010826698331
1,1,True,0.6389998886491964,0.6389998886491964
1,1,True,0.6457859404288516,0.6457859404288516
1,0,False,0.6095601863019433,0.6095601863019433
1,0,False,0.5136907288450925,0.5136907288450925
1,0,False,0.638440764331796,0.638440764331796
0,0,True,0.5185279331410954,0.48147206685890465
1,0,False,0.5213613020021487,0.5213613020021487
1,0,False,0.5192848045184436,0.5192848045184436
1,0,False,0.5123183370716007,0.5123183370716007
0,0,True,0.5249553569951798,0.47504464300482013
0,1,False,0.5257389757370257,0.47426102426297423
0,1,False,0.503232757909099,0.49676724209090095
0,1,False,0.5233255270102564,0.4766744729897435
0,1,False,0.5103481672004898,0.4896518327995101
0,1,False,0.5578361801417088,0.4421638198582911
1,1,True,0.6193518284505009,0.6193518284505009
0,1,False,0.5281343238226528,0.47186567617734715
1,1,True,0.5050247934064896,0.5050247934064896
1,1,True,0.5066539453059942,0.5066539453059942
0,1,False,0.5634569086026378,0.43654309139736236
0,1,False,0.5114988074848156,0.48850119251518437
1,1,True,0.5329641035545043,0.5329641035545043
1,1,True,0.5552090331779672,0.5552090331779672
0,0,True,0.5156975059921649,0.4843024940078351
0,0,True,0.523269491021837,0.4767305089781629
0,0,True,0.5255351844835789,0.47446481551642106
0,0,True,0.5178513586005862,0.4821486413994138
0,0,True,0.5505811681906655,0.4494188318093344
1,1,True,0.5144263643799908,0.5144263643799908
1,1,True,0.6031185399398427,0.6031185399398427
1,0,False,0.6481669417623281,0.6481669417623281
1,0,False,0.6426553422571142,0.6426553422571142
1,0,False,0.6381621401946322,0.6381621401946322
1,0,False,0.5262172855671952,0.5262172855671952
1,0,False,0.5512282354995797,0.5512282354995797
1,1,True,0.5198469260539254,0.5198469260539254
1,1,True,0.5795798890174648,0.5795798890174648
1,1,True,0.6437480204914592,0.6437480204914592
1,1,True,0.621465649349513,0.621465649349513
1,1,True,0.5824614072193065,0.5824614072193065
1,1,True,0.5499554495991457,0.5499554495991457
1,1,True,0.6176382212824287,0.6176382212824287
1,0,False,0.5207872247648548,0.5207872247648548
1,0,False,0.5169885204057945,0.5169885204057945
0,0,True,0.5438433770121432,0.4561566229878567
0,1,False,0.5320650260253604,0.46793497397463957
0,1,False,0.5160985700846235,0.48390142991537644
1,1,True,0.5194341167977882,0.5194341167977882
1,1,True,0.548312505239164,0.548312505239164
0,1,False,0.5239270178051937,0.4760729821948063
1,1,True,0.558518261606856,0.558518261606856
0,1,False,0.5031182324607516,0.4968817675392484
1,1,True,0.5064539447720631,0.5064539447720631
0,1,False,0.5507188513860517,0.4492811486139482
0,1,False,0.532334439579345,0.46766556042065494
0,0,True,0.5253399679431376,0.4746600320568623
1,0,False,0.5197073795836212,0.5197073795836212
0,0,True,0.5637882494640392,0.43621175053596073
0,0,True,0.535302895988823,0.46469710401117703
0,0,True,0.5757510417103632,0.4242489582896368
1,0,False,0.5325684847021899,0.5325684847021899
0,1,False,0.5663948547878488,0.43360514521215104
1,0,False,0.5452293546518507,0.5452293546518507
0,0,True,0.5083729193541038,0.49162708064589616
0,0,True,0.5333578387161202,0.4666421612838798
1,0,False,0.5128828146712632,0.5128828146712632
1,0,False,0.5586689916114858,0.5586689916114858
0,0,True,0.5146138779114131,0.4853861220885869
1,0,False,0.5561810407614711,0.5561810407614711
1,1,True,0.6489910492919502,0.6489910492919502
1,0,False,0.6088219549591474,0.6088219549591474
0,1,False,0.5100399591299607,0.4899600408700393
1,1,True,0.5298467154654768,0.5298467154654768
0,1,False,0.5170893630548183,0.4829106369451816
0,1,False,0.540884101988866,0.45911589801113384
0,1,False,0.5478617388785709,0.452138261121429
0,1,False,0.536573504727878,0.4634264952721219
0,1,False,0.5024248885126249,0.497575111487375
1,1,True,0.546156680556694,0.546156680556694
1,1,True,0.5827086528696901,0.5827086528696901
1,1,True,0.6053207527136868,0.6053207527136868
1,1,True,0.6186254101738206,0.6186254101738206
1,1,True,0.6343772800401224,0.6343772800401224
1,1,True,0.5657644141279257,0.5657644141279257
1,1,True,0.54976824952742,0.54976824952742
1,1,True,0.5866117144357038,0.5866117144357038
1,0,False,0.5290521413320486,0.5290521413320486
0,0,True,0.5047599699982985,0.49524003000170147
1,0,False,0.518469385780912,0.518469385780912
1,0,False,0.5438002293085129,0.5438002293085129
1,0,False,0.5263266365619588,0.5263266365619588
1,0,False,0.5179922942417542,0.5179922942417542
1,1,True,0.5511744799340375,0.5511744799340375
1,1,True,0.6122614339187209,0.6122614339187209
1,1,True,0.6085990901526239,0.6085990901526239
1,1,True,0.5810236934487183,0.5810236934487183
1,1,True,0.6218938033302543,0.6218938033302543
1,0,False,0.5289983027709733,0.5289983027709733
1,0,False,0.5601072704650439,0.5601072704650439
1,1,True,0.6040054437300363,0.6040054437300363
1,0,False,0.5406515803266864,0.5406515803266864
0,1,False,0.5040185592400581,0.495981440759942
0,0,True,0.5277113048775938,0.4722886951224063
1,0,False,0.630745349037071,0.630745349037071
1,0,False,0.5357558721557043,0.5357558721557043
1,0,False,0.529257647201691,0.529257647201691
1,0,False,0.5565895412985491,0.5565895412985491
1,1,True,0.5804407097367308,0.5804407097367308
1,1,True,0.6346109511845103,0.6346109511845103
1,1,True,0.6525754282048488,0.6525754282048488
1,0,False,0.6004046408561032,0.6004046408561032
1,0,False,0.5894554201007554,0.5894554201007554
1,0,False,0.503777828615743,0.503777828615743
1,0,False,0.6014227212278075,0.6014227212278075
1,0,False,0.5621763052721296,0.5621763052721296
1,1,True,0.5834729502646362,0.5834729502646362
1,1,True,0.6450232371192604,0.6450232371192604
1,1,True,0.5644581663062886,0.5644581663062886
1,1,True,0.578257890041365,0.578257890041365
1,1,True,0.554034048499999,0.554034048499999
1,1,True,0.6155039022580575,0.6155039022580575
1,1,True,0.5569107520042839,0.5569107520042839
1,1,True,0.6164823422030765,0.6164823422030765
1,1,True,0.6053402491339455,0.6053402491339455
0,1,False,0.5026498774194482,0.49735012258055183
0,0,True,0.5322891448617213,0.46771085513827865
1,0,False,0.5811335957682839,0.5811335957682839
1,0,False,0.5795401885980921,0.5795401885980921
1,0,False,0.5511511460858195,0.5511511460858195
1,0,False,0.5234271572399902,0.5234271572399902
0,1,False,0.5086449085262049,0.4913550914737951
1,1,True,0.6109388578269698,0.6109388578269698
1,1,True,0.632255570432976,0.632255570432976
1,0,False,0.5986320092054602,0.5986320092054602
1,0,False,0.561230531671042,0.561230531671042
1,0,False,0.513795225827473,0.513795225827473
0,0,True,0.5028788216559474,0.49712117834405267
0,0,True,0.5359181943557707,0.4640818056442293
1,1,True,0.5256843030108134,0.5256843030108134
0,1,False,0.5226180670154662,0.4773819329845338
1,1,True,0.5856667729025421,0.5856667729025421
1,1,True,0.5548066711963147,0.5548066711963147
1,1,True,0.583279845017804,0.583279845017804
1,1,True,0.6027450393375715,0.6027450393375715
1,0,False,0.5925271889429482,0.5925271889429482
0,0,True,0.5621248835229733,0.4378751164770268
0,0,True,0.558342844040257,0.441657155959743
1,0,False,0.5051425108281711,0.5051425108281711
0,0,True,0.5596519876375654,0.4403480123624347
0,0,True,0.514471004517786,0.48552899548221407
1,0,False,0.5373022276142003,0.5373022276142003
1,0,False,0.5354334846104067,0.5354334846104067
0,0,True,0.5365172538326223,0.46348274616737783
1,1,True,0.5321435854841435,0.5321435854841435
1,1,True,0.5763992851045007,0.5763992851045007
1,1,True,0.55468700605251,0.55468700605251
1,1,True,0.5505180497997796,0.5505180497997796
1,1,True,0.5229258720369754,0.5229258720369754
0,0,True,0.5085007884012652,0.4914992115987348
0,0,True,0.5571870085356018,0.44281299146439823
1,0,False,0.5134582553145465,0.5134582553145465
1,0,False,0.5275127466150384,0.5275127466150384
1,0,False,0.561366034672767,0.561366034672767
1,0,False,0.5841635842274153,0.5841635842274153
1,0,False,0.624329243710662,0.624329243710662
1,0,False,0.5155037527388622,0.5155037527388622
1,0,False,0.532000074904646,0.532000074904646
0,0,True,0.5278406222669438,0.4721593777330563
1,1,True,0.5474403311124829,0.5474403311124829
1,1,True,0.543366391719273,0.543366391719273
1,0,False,0.5651232719430237,0.5651232719430237
1,0,False,0.5871428160754601,0.5871428160754601
1,0,False,0.592843860367791,0.592843860367791
1,0,False,0.5354277394282585,0.5354277394282585
1,0,False,0.5677150645775435,0.5677150645775435
1,1,True,0.5354646004123108,0.5354646004123108
1,0,False,0.535603483561924,0.535603483561924
1,0,False,0.5566423983059943,0.5566423983059943
0,0,True,0.5107158865814871,0.48928411341851297
0,0,True,0.5180499201322117,0.4819500798677883
0,0,True,0.5124325188645728,0.4875674811354274
0,0,True,0.5187712930906322,0.48122870690936775
0,0,True,0.5257249967376733,0.47427500326232674
0,0,True,0.5137960267797834,0.4862039732202166
1,1,True,0.5011085994456661,0.5011085994456661
1,1,True,0.511043426192415,0.511043426192415
1,1,True,0.5461704343788488,0.5461704343788488
1,1,True,0.5072426389296698,0.5072426389296698
0,1,False,0.5149139264934792,0.48508607350652067
0,1,False,0.5093286161865681,0.4906713838134318
0,1,False,0.5098099236686884,0.4901900763313114
1,1,True,0.5488067173781329,0.5488067173781329
1,1,True,0.545270095770521,0.545270095770521
0,0,True,0.5443736680342889,0.45562633196571106
0,0,True,0.5532113873199975,0.44678861268000236
0,0,True,0.5980689893392079,0.40193101066079195
0,0,True,0.5853443094102759,0.41465569058972385
0,0,True,0.5930565306145166,0.4069434693854834
0,0,True,0.5084700226690895,0.49152997733091053
1,0,False,0.5522119432115908,0.5522119432115908
0,0,True,0.5284552394796322,0.47154476052036776
0,0,True,0.5261598921159556,0.4738401078840443
1,1,True,0.515685128172537,0.515685128172537
1,1,True,0.5541044506736562,0.5541044506736562
1,1,True,0.5291759567886578,0.5291759567886578
1,1,True,0.5064242213748402,0.5064242213748402
1,1,True,0.5281875001362131,0.5281875001362131
1,0,False,0.5183680322059261,0.5183680322059261
0,0,True,0.5196373494227153,0.48036265057728456
0,0,True,0.5300777906583118,0.46992220934168816
1,1,True,0.5541118998009171,0.5541118998009171
1,1,True,0.574534788604234,0.574534788604234
1,1,True,0.6176188975217285,0.6176188975217285
1,1,True,0.6029082214987399,0.6029082214987399
1,1,True,0.6296862655419914,0.6296862655419914
1,1,True,0.548734841481038,0.548734841481038
0,1,False,0.5192357784215962,0.4807642215784037
0,1,False,0.6257625189720952,0.3742374810279046
0,1,False,0.6264536762204882,0.3735463237795117
1,0,False,0.501008283856146,0.501008283856146
0,0,True,0.6180647388200671,0.3819352611799329
0,0,True,0.5787553669222052,0.4212446330777947
1,0,False,0.5689695994273558,0.5689695994273558
0,1,False,0.5868064688360148,0.41319353116398505
1,1,True,0.518571515617436,0.518571515617436
0,1,False,0.5013571422024308,0.49864285779756923
1,1,True,0.6015124829025806,0.6015124829025806
1,1,True,0.5096263045742132,0.5096263045742132
0,0,True,0.5257044625674863,0.4742955374325136
0,0,True,0.5140164904468489,0.48598350955315095
1,0,False,0.5152344419898944,0.5152344419898944
0,0,True,0.5028882914947104,0.4971117085052896
1,1,True,0.5145811327074649,0.5145811327074649
1,1,True,0.5258679574211925,0.5258679574211925
1,1,True,0.5240512018096329,0.5240512018096329
1,1,True,0.5187383914243617,0.5187383914243617
1,0,False,0.5363984312640119,0.5363984312640119
0,0,True,0.5366219098326708,0.4633780901673292
0,0,True,0.525256574284254,0.4747434257157461
1,0,False,0.5010100768595112,0.5010100768595112
0,0,True,0.5095357870425427,0.4904642129574574
0,1,False,0.5140380632783244,0.48596193672167565
0,0,True,0.5285027212854764,0.47149727871452374
1,1,True,0.5517221302715891,0.5517221302715891
1,1,True,0.5201786688916471,0.5201786688916471
0,1,False,0.5028706963821009,0.4971293036178992
0,1,False,0.5279929964107494,0.47200700358925074
0,1,False,0.5308575273946792,0.46914247260532094
0,1,False,0.5194268700413996,0.48057312995860024
1,1,True,0.5119292594024621,0.5119292594024621
0,0,True,0.5139249337411353,0.48607506625886465
0,0,True,0.5020489469522581,0.497951053047742
0,0,True,0.532173786499607,0.4678262135003931
0,0,True,0.5238442284684615,0.4761557715315385
0,0,True,0.5592427645862278,0.44075723541377226
1,0,False,0.5158505454809579,0.5158505454809579
1,1,True,0.5905693490891324,0.5905693490891324
1,1,True,0.5749049493587843,0.5749049493587843
1,1,True,0.5413615816475326,0.5413615816475326
1,1,True,0.5972996590040404,0.5972996590040404
1,1,True,0.57191916666313,0.57191916666313
1,0,False,0.5963857822048974,0.5963857822048974
0,0,True,0.5244497905242895,0.4755502094757106
1,1,True,0.6109754773084476,0.6109754773084476
1,1,True,0.563284716404512,0.563284716404512
1,0,False,0.5249157799319025,0.5249157799319025
1,0,False,0.5775596809540838,0.5775596809540838
0,1,False,0.5160016209388685,0.48399837906113163
1,1,True,0.5666803049296807,0.5666803049296807
1,0,False,0.558693228949003,0.558693228949003
0,1,False,0.5711149768417262,0.42888502315827387
1,1,True,0.6078416179547175,0.6078416179547175
1,0,False,0.5942316835229036,0.5942316835229036
1,0,False,0.5877589814918514,0.5877589814918514
1,1,True,0.6182029372125393,0.6182029372125393
1,0,False,0.607772493524039,0.607772493524039
1,0,False,0.5747624354076,0.5747624354076
1,0,False,0.6031951574673944,0.6031951574673944
1,0,False,0.5551990638233124,0.5551990638233124
1,0,False,0.536292761534572,0.536292761534572
1,0,False,0.5306278722959327,0.5306278722959327
1,0,False,0.5562171973978899,0.5562171973978899
1,0,False,0.5823144238516356,0.5823144238516356
1,0,False,0.5101889933350641,0.5101889933350641
1,1,True,0.5257881927295004,0.5257881927295004
1,0,False,0.5124932084769658,0.5124932084769658
1,0,False,0.5033777074016442,0.5033777074016442
1,1,True,0.5859659767203649,0.5859659767203649
1,1,True,0.5161905467968005,0.5161905467968005
0,1,False,0.5138778441772093,0.4861221558227907
1,1,True,0.5005928314694894,0.5005928314694894
1,1,True,0.5373070274054669,0.5373070274054669
0,0,True,0.5154060003694412,0.4845939996305587
1,0,False,0.5292948899391731,0.5292948899391731
1,0,False,0.5916975660560956,0.5916975660560956
1,0,False,0.5355757681775535,0.5355757681775535
0,0,True,0.5068953850013986,0.49310461499860136
1,1,True,0.5612930692362802,0.5612930692362802
1,0,False,0.5127040950483113,0.5127040950483113
1,1,True,0.5024435703972028,0.5024435703972028
1,1,True,0.5296347656115618,0.5296347656115618
1,1,True,0.5213099016561759,0.5213099016561759
0,1,False,0.5056435681500273,0.4943564318499726
1,1,True,0.5363682098536162,0.5363682098536162
0,1,False,0.5013145122623793,0.49868548773762056
1,1,True,0.529135930282931,0.529135930282931
0,1,False,0.5333883630010138,0.4666116369989861
0,1,False,0.538306302596156,0.4616936974038439
0,1,False,0.5636494294177885,0.4363505705822114
0,1,False,0.5448127688340935,0.4551872311659064
1,1,True,0.5389025928505918,0.5389025928505918
1,1,True,0.5379817640363826,0.5379817640363826
0,1,False,0.5701610832203918,0.42983891677960806
0,1,False,0.5465793807455779,0.45342061925442206
0,1,False,0.5225061748000415,0.4774938251999584
0,1,False,0.546173010174426,0.4538269898255739
1,1,True,0.5660521466538698,0.5660521466538698
1,1,True,0.6042882710934386,0.6042882710934386
1,1,True,0.5498579715376892,0.5498579715376892
1,1,True,0.556233716780907,0.556233716780907
1,1,True,0.5598161537782109,0.5598161537782109
1,1,True,0.5580749812663658,0.5580749812663658
1,1,True,0.5918215812886951,0.5918215812886951
1,1,True,0.567708031408118,0.567708031408118
1,0,False,0.5762235768790119,0.5762235768790119
1,0,False,0.5589803187390414,0.5589803187390414
1,0,False,0.5036770820172329,0.5036770820172329
1,0,False,0.546129034014313,0.546129034014313
1,0,False,0.5581943233615814,0.5581943233615814
0,0,True,0.5275148577648887,0.4724851422351113
1,0,False,0.5498970944029256,0.5498970944029256
0,1,False,0.5128267551123238,0.4871732448876763
1,1,True,0.5209900321317688,0.5209900321317688
1,1,True,0.5038024227464913,0.5038024227464913
1,1,True,0.5361092770004369,0.5361092770004369
1,1,True,0.536044771226327,0.536044771226327
0,1,False,0.5339317487963215,0.4660682512036785
1,0,False,0.5018955312360149,0.5018955312360149
0,0,True,0.5431423238284135,0.4568576761715864
0,0,True,0.5051175190737215,0.4948824809262786
0,0,True,0.5477084766698977,0.45229152333010236
0,0,True,0.526015485842376,0.4739845141576241
0,0,True,0.5120326497227039,0.4879673502772962
1,0,False,0.604530457774793,0.604530457774793
1,1,True,0.5440912776499308,0.5440912776499308
1,1,True,0.5033835647523147,0.5033835647523147
0,1,False,0.5182085568364654,0.4817914431635346
0,1,False,0.5088450763164223,0.4911549236835778
0,1,False,0.5322324279804226,0.4677675720195774
0,1,False,0.5161208064458226,0.4838791935541774
0,1,False,0.5261726727097235,0.47382732729027655
0,1,False,0.5095073566559768,0.49049264334402326
1,1,True,0.5095163795956219,0.5095163795956219
0,0,True,0.5755660365320685,0.42443396346793155
1,0,False,0.5516459152859176,0.5516459152859176
0,0,True,0.53663218642146,0.46336781357854007
0,0,True,0.5463462762331026,0.4536537237668976
0,0,True,0.5281086968829184,0.47189130311708166
0,0,True,0.5135002358087125,0.48649976419128754
1,0,False,0.5444723608060013,0.5444723608060013
1,0,False,0.5444429961527292,0.5444429961527292
1,0,False,0.5083889019273586,0.5083889019273586
1,1,True,0.5253368529352701,0.5253368529352701
1,1,True,0.5757764208696456,0.5757764208696456
1,1,True,0.5668756731311483,0.5668756731311483
1,0,False,0.5467392589765772,0.5467392589765772
0,0,True,0.5292415271189482,0.47075847288105194
1,0,False,0.5046193038954769,0.5046193038954769
1,0,False,0.5252213331352418,0.5252213331352418
0,0,True,0.5100875730948307,0.48991242690516934
1,0,False,0.5045216830083055,0.5045216830083055
0,1,False,0.5019640062997165,0.4980359937002836
1,0,False,0.518312372844299,0.518312372844299
1,0,False,0.5059336770698737,0.5059336770698737
1,0,False,0.5048268517630575,0.5048268517630575
1,0,False,0.5012869106944018,0.5012869106944018
0,0,True,0.5930271576504456,0.40697284234955455
1,0,False,0.5616738363637913,0.5616738363637913
1,0,False,0.5073862422748756,0.5073862422748756
1,0,False,0.5619990203910209,0.5619990203910209
1,0,False,0.5536952128831881,0.5536952128831881
1,0,False,0.6236779570963529,0.6236779570963529
1,0,False,0.5960409961264693,0.5960409961264693
1,0,False,0.5381323831489777,0.5381323831489777
1,0,False,0.5565458896272748,0.5565458896272748
0,0,True,0.5065957053617182,0.4934042946382819
1,0,False,0.547768475340164,0.547768475340164
1,1,True,0.5670917512755128,0.5670917512755128
1,0,False,0.5190369645601463,0.5190369645601463
1,0,False,0.5349678416865513,0.5349678416865513
1,0,False,0.5267195066662381,0.5267195066662381
1,0,False,0.5368116235089782,0.5368116235089782
0,0,True,0.5100571970842185,0.48994280291578146
1,0,False,0.5552851911826916,0.5552851911826916
1,1,True,0.5370269999516072,0.5370269999516072
1,1,True,0.5321641833465831,0.5321641833465831
1,1,True,0.6017203441604857,0.6017203441604857
1,1,True,0.6216812743745852,0.6216812743745852
1,1,True,0.5984549309898777,0.5984549309898777
1,1,True,0.5987963207519515,0.5987963207519515
1,1,True,0.5923075818885499,0.5923075818885499
1,1,True,0.6325030328782393,0.6325030328782393
1,1,True,0.6014502685571439,0.6014502685571439
1,1,True,0.5808512895105652,0.5808512895105652
1,0,False,0.6613031730604385,0.6613031730604385
0,1,False,0.5276677902176548,0.47233220978234525
1,0,False,0.562349780036695,0.562349780036695
1,0,False,0.6099488676617153,0.6099488676617153
1,0,False,0.6397956794654784,0.6397956794654784
1,0,False,0.6602313203794645,0.6602313203794645
1,0,False,0.5685861682679176,0.5685861682679176
1,0,False,0.5734568787565613,0.5734568787565613
1,0,False,0.6288173601130809,0.6288173601130809
1,0,False,0.5307167674386146,0.5307167674386146
1,1,True,0.5537308274398602,0.5537308274398602
1,0,False,0.628465009454319,0.628465009454319
1,0,False,0.6027623214960861,0.6027623214960861
1,0,False,0.5384269695696833,0.5384269695696833
1,0,False,0.5003994388358455,0.5003994388358455
1,0,False,0.5130270727405243,0.5130270727405243
0,0,True,0.5524892131065243,0.4475107868934759
1,0,False,0.5338928463348146,0.5338928463348146
1,1,True,0.5075180344094614,0.5075180344094614
1,1,True,0.6220369404121218,0.6220369404121218
1,1,True,0.6061364074774925,0.6061364074774925
1,1,True,0.5859040069025325,0.5859040069025325
1,1,True,0.561291594072189,0.561291594072189
1,1,True,0.5289844335654336,0.5289844335654336
0,0,True,0.5236535412913044,0.4763464587086957
0,0,True,0.5015085395231959,0.49849146047680415
1,0,False,0.5263532071511244,0.5263532071511244
1,0,False,0.510760767567215,0.510760767567215
1,1,True,0.5240088568364112,0.5240088568364112
1,1,True,0.5024309677896543,0.5024309677896543
1,1,True,0.5307230961711786,0.5307230961711786
1,1,True,0.6035113012408753,0.6035113012408753
1,0,False,0.570491921915771,0.570491921915771
1,0,False,0.5862855851432165,0.5862855851432165
1,0,False,0.6071640504314872,0.6071640504314872
1,0,False,0.6146328158211709,0.6146328158211709
1,0,False,0.5996342404529855,0.5996342404529855
1,0,False,0.6105937971250194,0.6105937971250194
1,1,True,0.6570862640609223,0.6570862640609223
1,0,False,0.5714013351682062,0.5714013351682062
1,0,False,0.5894971364435088,0.5894971364435088
1,0,False,0.5758930011375598,0.5758930011375598
1,0,False,0.5822090278662276,0.5822090278662276
1,0,False,0.5221025512174506,0.5221025512174506
1,0,False,0.5870392686098822,0.5870392686098822
1,1,True,0.5577721355779257,0.5577721355779257
1,1,True,0.562546581266883,0.562546581266883
1,1,True,0.5727801319651391,0.5727801319651391
1,1,True,0.5824501326793817,0.5824501326793817
1,1,True,0.5830247866187921,0.5830247866187921
1,1,True,0.6297288720405598,0.6297288720405598
1,1,True,0.588937138527156,0.588937138527156
1,1,True,0.5837934910071257,0.5837934910071257
1,0,False,0.5467974081477572,0.5467974081477572
0,1,False,0.5062950560925628,0.49370494390743724
1,0,False,0.6289970205387998,0.6289970205387998
1,0,False,0.5208917663086512,0.5208917663086512
1,0,False,0.547334128781788,0.547334128781788
1,0,False,0.5782570387590298,0.5782570387590298
1,0,False,0.5981727084252735,0.5981727084252735
1,0,False,0.649656071162139,0.649656071162139
1,0,False,0.5791989219555558,0.5791989219555558
1,0,False,0.6030834516301395,0.6030834516301395
1,0,False,0.5949605919306133,0.5949605919306133
1,0,False,0.6057020604541393,0.6057020604541393
1,0,False,0.5918714480837666,0.5918714480837666
1,0,False,0.6192005076882445,0.6192005076882445
1,1,True,0.6259673081380805,0.6259673081380805
1,1,True,0.5387939485140858,0.5387939485140858
1,1,True,0.5003749733589244,0.5003749733589244
1,1,True,0.5160044330150445,0.5160044330150445
1,0,False,0.575203990904392,0.575203990904392
1,0,False,0.5680309760174673,0.5680309760174673
1,0,False,0.5763763969983376,0.5763763969983376
1,0,False,0.5646720980160973,0.5646720980160973
1,0,False,0.656317875770297,0.656317875770297
1,0,False,0.6596657879859831,0.6596657879859831
1,1,True,0.6399208003317229,0.6399208003317229
1,1,True,0.6441850111951102,0.6441850111951102
1,1,True,0.627633497921101,0.627633497921101
1,1,True,0.6326790369063411,0.6326790369063411
1,1,True,0.6300295110886523,0.6300295110886523
1,1,True,0.5534571053728381,0.5534571053728381
1,0,False,0.5357765153584017,0.5357765153584017
1,0,False,0.5054981883060238,0.5054981883060238
1,0,False,0.5267613258059024,0.5267613258059024
1,0,False,0.5345847876912893,0.5345847876912893
0,0,True,0.5134662890213525,0.4865337109786476
1,0,False,0.5699709453985138,0.5699709453985138
1,0,False,0.5961360029587143,0.5961360029587143
1,0,False,0.5913647576317255,0.5913647576317255
1,0,False,0.5890374480175006,0.5890374480175006
1,0,False,0.5743447840185015,0.5743447840185015
1,0,False,0.6235119036634501,0.6235119036634501
1,0,False,0.640044843722261,0.640044843722261
1,0,False,0.5678712110002265,0.5678712110002265
1,0,False,0.585675538239441,0.585675538239441
1,0,False,0.5770676954762869,0.5770676954762869
1,0,False,0.6533880385893013,0.6533880385893013
1,0,False,0.6646629347586857,0.6646629347586857
1,0,False,0.6325909771653846,0.6325909771653846
1,0,False,0.6260448174819369,0.6260448174819369
1,0,False,0.6068404817326554,0.6068404817326554
1,1,True,0.5314943124223279,0.5314943124223279
1,1,True,0.5039849520575354,0.5039849520575354
1,1,True,0.5472160565110487,0.5472160565110487
1,1,True,0.5735774750491365,0.5735774750491365
1,1,True,0.6219461148671886,0.6219461148671886
1,1,True,0.6382870078196212,0.6382870078196212
1,1,True,0.6038095215111694,0.6038095215111694
1,1,True,0.5740288821500672,0.5740288821500672
0,1,False,0.5192227972016724,0.4807772027983276
0,1,False,0.5096794903334848,0.4903205096665152
0,1,False,0.501274265882458,0.49872573411754195
0,1,False,0.5392571105292914,0.46074288947070874
0,0,True,0.5272897325036322,0.4727102674963679
0,0,True,0.5228212649628425,0.47717873503715746
1,0,False,0.507939142798006,0.507939142798006
1,1,True,0.5355424477694977,0.5355424477694977
1,1,True,0.5445122771132725,0.5445122771132725
1,1,True,0.5320468525891638,0.5320468525891638
1,0,False,0.6251889919573113,0.6251889919573113
1,0,False,0.6167437063370068,0.6167437063370068
1,1,True,0.6066896323930877,0.6066896323930877
1,1,True,0.6368904469819789,0.6368904469819789
1,1,True,0.5070100327943675,0.5070100327943675
1,1,True,0.502225023016989,0.502225023016989
1,1,True,0.5556876910328256,0.5556876910328256
1,0,False,0.5787557994854529,0.5787557994854529
1,0,False,0.6003368880498475,0.6003368880498475
1,0,False,0.5876487431506909,0.5876487431506909
1,0,False,0.56706537972928,0.56706537972928
1,0,False,0.5697900250764267,0.5697900250764267
1,1,True,0.5484685849999105,0.5484685849999105
1,0,False,0.5681306874401316,0.5681306874401316
1,1,True,0.5931192774461796,0.5931192774461796
1,0,False,0.531816852455928,0.531816852455928
1,0,False,0.5492211584682194,0.5492211584682194
1,0,False,0.5507494399464496,0.5507494399464496
1,0,False,0.5145872015446235,0.5145872015446235
1,0,False,0.562543560963634,0.562543560963634
1,0,False,0.5469763455953498,0.5469763455953498
1,0,False,0.6234014290689529,0.6234014290689529
1,0,False,0.6600811430138271,0.6600811430138271
1,0,False,0.5874165304685932,0.5874165304685932
1,0,False,0.5341503250084647,0.5341503250084647
1,0,False,0.5490079498802429,0.5490079498802429
1,0,False,0.5430594658258344,0.5430594658258344
1,0,False,0.5654114184941251,0.5654114184941251
0,0,True,0.5569853538312528,0.44301464616874714
0,0,True,0.5566249920328545,0.44337500796714535
0,0,True,0.5581590458660991,0.44184095413390084
0,0,True,0.5685393637262319,0.4314606362737681
0,1,False,0.54433223583893,0.45566776416107
0,1,False,0.5758202117456065,0.4241797882543935
0,1,False,0.5953977018897132,0.40460229811028664
0,0,True,0.5850341613641254,0.41496583863587455
0,1,False,0.5744314605155496,0.42556853948445034
1,1,True,0.5330393817476506,0.5330393817476506
1,1,True,0.5521595931159488,0.5521595931159488
1,1,True,0.5890759944313108,0.5890759944313108
1,1,True,0.5484698919073873,0.5484698919073873
1,0,False,0.5275139630565325,0.5275139630565325
0,0,True,0.5085209001481219,0.49147909985187815
1,0,False,0.5330494457335682,0.5330494457335682
1,0,False,0.5035719219469414,0.5035719219469414
0,0,True,0.503751270518144,0.49624872948185594
1,0,False,0.5804023434351069,0.5804023434351069
0,0,True,0.5067758443581917,0.4932241556418082
0,0,True,0.5274247907556784,0.47257520924432156
0,0,True,0.5498156678064283,0.4501843321935715
0,0,True,0.56003227267336,0.4399677273266399
0,0,True,0.5499831417579036,0.4500168582420963
0,0,True,0.5451074780346725,0.45489252196532737
0,1,False,0.5474978823550295,0.4525021176449704
0,0,True,0.5303586082148157,0.46964139178518427
0,0,True,0.5112419154817126,0.4887580845182875
0,1,False,0.524433945574927,0.47556605442507305
0,1,False,0.5025420551498774,0.4974579448501226
1,1,True,0.516898366605414,0.516898366605414
1,1,True,0.5791842140632958,0.5791842140632958
1,1,True,0.5492943624372981,0.5492943624372981
1,1,True,0.5553307737199918,0.5553307737199918
1,1,True,0.5540536972492902,0.5540536972492902
1,1,True,0.5516549037542138,0.5516549037542138
1,0,False,0.5551651007569842,0.5551651007569842
1,1,True,0.5545372930742996,0.5545372930742996
1,1,True,0.5305966299655116,0.5305966299655116
1,1,True,0.5243105699150288,0.5243105699150288
1,1,True,0.5346820888518615,0.5346820888518615
1,1,True,0.561440833886413,0.561440833886413
1,1,True,0.5849012345316761,0.5849012345316761
1,1,True,0.5823275103402674,0.5823275103402674
1,1,True,0.5408948125073073,0.5408948125073073
1,1,True,0.5455613713296057,0.5455613713296057
1,0,False,0.5390652101535442,0.5390652101535442
1,0,False,0.5427945283008048,0.5427945283008048
1,0,False,0.5497237335850411,0.5497237335850411
1,0,False,0.5250804964298503,0.5250804964298503
1,0,False,0.524078495050346,0.524078495050346
1,0,False,0.5229938838058361,0.5229938838058361
1,0,False,0.5252165533181974,0.5252165533181974
1,0,False,0.507546927684167,0.507546927684167
0,1,False,0.5017136626358085,0.4982863373641915
1,0,False,0.5421332224653038,0.5421332224653038
0,0,True,0.5026541865385723,0.4973458134614278
1,0,False,0.5235477204127621,0.5235477204127621
1,0,False,0.500878660946843,0.500878660946843
1,0,False,0.5694630164325793,0.5694630164325793
1,0,False,0.5515557369442302,0.5515557369442302
1,1,True,0.5874772646814426,0.5874772646814426
1,1,True,0.5835747486777052,0.5835747486777052
1,0,False,0.559636578332494,0.559636578332494
1,0,False,0.5505006110900377,0.5505006110900377
1,0,False,0.5197455848732027,0.5197455848732027
1,0,False,0.573918748352626,0.573918748352626
1,0,False,0.5831926741664248,0.5831926741664248
1,0,False,0.5889068632573489,0.5889068632573489
1,0,False,0.5729659972342197,0.5729659972342197
1,1,True,0.5609345890597885,0.5609345890597885
1,1,True,0.5111598352150143,0.5111598352150143
1,1,True,0.5317408467697451,0.5317408467697451
1,1,True,0.5372060478784075,0.5372060478784075
1,1,True,0.5392116119718338,0.5392116119718338
1,1,True,0.5320398341572398,0.5320398341572398
1,1,True,0.5665183892852028,0.5665183892852028
1,1,True,0.5705435164191985,0.5705435164191985
1,1,True,0.5932687225738922,0.5932687225738922
1,1,True,0.536131497291578,0.536131497291578
1,1,True,0.509280327639894,0.509280327639894
1,0,False,0.5151620100841954,0.5151620100841954
1,1,True,0.518306322343206,0.518306322343206
1,1,True,0.5214362063068048,0.5214362063068048
1,1,True,0.5280863771391076,0.5280863771391076
1,0,False,0.5142414820988778,0.5142414820988778
0,1,False,0.5064990554370357,0.49350094456296445
1,1,True,0.5170049443620603,0.5170049443620603
1,1,True,0.5094775235115246,0.5094775235115246
1,1,True,0.5067467871072444,0.5067467871072444
1,0,False,0.507872976370535,0.507872976370535
0,0,True,0.5760165652641596,0.4239834347358403
0,0,True,0.5741430502654007,0.42585694973459925
0,0,True,0.5651483755795664,0.4348516244204335
0,0,True,0.5881069545539686,0.4118930454460314
0,0,True,0.5825411226988599,0.41745887730114
0,0,True,0.5826096693338909,0.41739033066610903
0,0,True,0.6004584054865101,0.3995415945134898
0,0,True,0.592954281708883,0.407045718291117
0,1,False,0.5711106308212188,0.42888936917878107
0,1,False,0.5181330603141447,0.48186693968585526
0,1,False,0.5345898334349303,0.4654101665650697
0,1,False,0.5477946788769594,0.45220532112304046
0,1,False,0.5012086859730362,0.4987913140269638
0,1,False,0.5335317109404797,0.4664682890595203
0,0,True,0.533744198714364,0.46625580128563604
0,1,False,0.6080167442897232,0.3919832557102766
0,0,True,0.54505408446062,0.45494591553937996
0,1,False,0.5387949199454922,0.4612050800545077
0,1,False,0.5035950947638321,0.49640490523616776
1,1,True,0.5011095244720901,0.5011095244720901
1,0,False,0.5231189913550595,0.5231189913550595
0,0,True,0.5171034632794813,0.4828965367205186
0,0,True,0.5493222705030157,0.45067772949698415
0,0,True,0.5406878132856431,0.4593121867143568
0,0,True,0.5391729500126489,0.4608270499873511
0,1,False,0.5471659777810329,0.45283402221896696
0,1,False,0.5520664768917035,0.44793352310829637
0,1,False,0.5351387509185521,0.46486124908144766
0,1,False,0.568094367768275,0.4319056322317249
0,1,False,0.5724782246017177,0.42752177539828223
0,1,False,0.5632917762604701,0.4367082237395298
0,1,False,0.5703342219962131,0.42966577800378686
0,1,False,0.5529346631476624,0.44706533685233757
0,1,False,0.5718645610796638,0.4281354389203362
0,1,False,0.5717255233603916,0.4282744766396082
0,1,False,0.5849356151782744,0.41506438482172553
0,1,False,0.586799880382664,0.4132001196173359
0,1,False,0.5833508834640095,0.4166491165359904
0,1,False,0.5815136984144048,0.41848630158559513
0,0,True,0.528659178124476,0.4713408218755238
0,0,True,0.5023650428442837,0.49763495715571615
0,0,True,0.511248913036639,0.488751086963361
0,0,True,0.5040004868034668,0.4959995131965331
0,0,True,0.5200862720641051,0.4799137279358949
0,0,True,0.5455662249011968,0.4544337750988032
0,0,True,0.5614349932331751,0.43856500676682475
0,1,False,0.5590228438256138,0.44097715617438604
0,0,True,0.540269562617481,0.45973043738251884
0,0,True,0.544064850811914,0.455935149188086
0,1,False,0.5345017994354575,0.4654982005645423
0,1,False,0.5170308285026085,0.4829691714973914
0,0,True,0.5490023292150855,0.4509976707849144
0,0,True,0.5521168253816959,0.447883174618304
0,1,False,0.5371222538280063,0.4628777461719937
0,0,True,0.5271870127431426,0.4728129872568574
0,1,False,0.5316794826522592,0.46832051734774083
0,1,False,0.5426812110397772,0.45731878896022293
1,1,True,0.5119523329706248,0.5119523329706248
1,1,True,0.5072595501747783,0.5072595501747783
1,1,True,0.5014893199742297,0.5014893199742297
1,1,True,0.527903264698778,0.527903264698778
1,1,True,0.5158519256313963,0.5158519256313963
1,1,True,0.5375805340058649,0.5375805340058649
0,1,False,0.5330228187783829,0.46697718122161724
0,1,False,0.5627926748163133,0.43720732518368655
0,0,True,0.5503188185157477,0.4496811814842524
0,0,True,0.5510091219156694,0.4489908780843306
0,0,True,0.5506520727459929,0.44934792725400713
0,0,True,0.5548501734807356,0.44514982651926444
0,0,True,0.5441383667335361,0.4558616332664639
0,0,True,0.5371218053318505,0.4628781946681495
0,0,True,0.5639460367654947,0.43605396323450535
0,0,True,0.5349453424053006,0.46505465759469955
0,0,True,0.5504385822106774,0.4495614177893227
1,0,False,0.5321726421283806,0.5321726421283806
1,0,False,0.545788244211586,0.545788244211586
1,0,False,0.5297179935178021,0.5297179935178021
1,0,False,0.5427231955325066,0.5427231955325066
1,0,False,0.5201399001588798,0.5201399001588798
1,0,False,0.529810609376195,0.529810609376195
1,0,False,0.5074799959276199,0.5074799959276199
0,0,True,0.5061882749698562,0.49381172503014387
0,0,True,0.5444572285125046,0.45554277148749545
0,1,False,0.5333145978285455,0.4666854021714546
0,1,False,0.5412060300625019,0.4587939699374982
0,1,False,0.5136362742528562,0.48636372574714376
0,1,False,0.5410481675429084,0.45895183245709154
0,1,False,0.552907163936376,0.44709283606362393
1,1,True,0.5072033600834502,0.5072033600834502
1,1,True,0.5031920482914238,0.5031920482914238
1,1,True,0.5062256341503095,0.5062256341503095
0,1,False,0.5018696010252742,0.4981303989747258
0,1,False,0.5344763219959144,0.46552367800408545
1,1,True,0.5701472385615856,0.5701472385615856
1,1,True,0.5256093534729014,0.5256093534729014
1,1,True,0.5150483081036528,0.5150483081036528
1,1,True,0.5191182544492472,0.5191182544492472
0,0,True,0.5175134140876257,0.48248658591237414
0,0,True,0.5615298034207699,0.4384701965792301
0,0,True,0.5572594185542259,0.44274058144577405
0,0,True,0.5431657107457677,0.45683428925423214
0,0,True,0.5293764775166583,0.47062352248334166
0,0,True,0.5579372720524667,0.4420627279475333
0,0,True,0.5731160633043896,0.4268839366956104
0,0,True,0.5701061867937046,0.42989381320629527
0,0,True,0.5703438300557351,0.4296561699442649
0,0,True,0.5724005263731076,0.4275994736268923
0,0,True,0.5694753292844213,0.43052467071557865
0,1,False,0.5760582379840028,0.4239417620159972
0,1,False,0.5024294089691923,0.49757059103080753
1,0,False,0.5105203755096962,0.5105203755096962
1,0,False,0.52084834106689,0.52084834106689
0,0,True,0.5270726176353401,0.47292738236465987
0,0,True,0.5077966012796209,0.492203398720379
0,1,False,0.5111453643136383,0.4888546356863616
0,1,False,0.5105625190241947,0.4894374809758053
0,1,False,0.5279279142644011,0.4720720857355989
0,1,False,0.522181242360285,0.47781875763971493
1,1,True,0.5053526721883664,0.5053526721883664
1,1,True,0.5014865548344125,0.5014865548344125
1,1,True,0.5134101458320277,0.5134101458320277
1,1,True,0.506619816708936,0.506619816708936
0,1,False,0.505199933295304,0.494800066704696
0,1,False,0.5516997007242651,0.4483002992757347
0,0,True,0.5695637669545116,0.4304362330454884
0,0,True,0.5641796646613265,0.43582033533867337
0,0,True,0.5638767691147242,0.4361232308852756
0,0,True,0.5551113140832078,0.44488868591679204
0,0,True,0.5218829308907427,0.47811706910925733
0,0,True,0.5342427917559762,0.4657572082440236
0,0,True,0.541115022976682,0.45888497702331793
0,0,True,0.5356394495776152,0.46436055042238467
0,0,True,0.5388211190360492,0.46117888096395065
0,0,True,0.5693528602161756,0.4306471397838243
0,0,True,0.5741403793808514,0.42585962061914856
0,0,True,0.5657325159059619,0.434267484094038
0,0,True,0.543096573508541,0.45690342649145893
0,1,False,0.5742052852589834,0.4257947147410165
0,1,False,0.5026029316694803,0.4973970683305196
0,1,False,0.512199957706568,0.4878000422934319
1,1,True,0.571377954126521,0.571377954126521
1,1,True,0.5680352038432885,0.5680352038432885
1,1,True,0.5816900316722968,0.5816900316722968
1,1,True,0.541756296133211,0.541756296133211
1,1,True,0.5419376755238073,0.5419376755238073
1,1,True,0.5417256688190282,0.5417256688190282
1,1,True,0.5238889584775571,0.5238889584775571
1,1,True,0.5354743931545829,0.5354743931545829
0,1,False,0.5092554251827466,0.4907445748172534
1,1,True,0.5549912042987185,0.5549912042987185
1,0,False,0.548587725092208,0.548587725092208
1,0,False,0.5190150146223436,0.5190150146223436
0,0,True,0.530658076832561,0.46934192316743883
1,0,False,0.5274922451970494,0.5274922451970494
1,0,False,0.5329546109070604,0.5329546109070604
1,0,False,0.5007815441058232,0.5007815441058232
0,0,True,0.5033625987237802,0.4966374012762198
0,0,True,0.5653220174487258,0.4346779825512741
0,1,False,0.545361566928098,0.4546384330719019
0,1,False,0.573607530655815,0.42639246934418484
0,1,False,0.5011343752224438,0.49886562477755625
1,1,True,0.5122419064657056,0.5122419064657056
1,1,True,0.5282539846708463,0.5282539846708463
1,1,True,0.5081751512979457,0.5081751512979457
0,1,False,0.5640960654866171,0.4359039345133828
0,1,False,0.52884797586325,0.4711520241367499
0,0,True,0.5306016123136376,0.4693983876863623
0,0,True,0.5437110992274796,0.4562889007725202
0,1,False,0.5533713684112028,0.44662863158879706
0,1,False,0.5704701070659055,0.4295298929340946
0,1,False,0.5356268915746532,0.4643731084253467
0,1,False,0.5409376161196022,0.45906238388039766
0,1,False,0.5083939083660003,0.4916060916339996
0,1,False,0.5092222898056051,0.4907777101943947
0,1,False,0.5404175377050642,0.4595824622949357
0,1,False,0.5325805230065446,0.46741947699345526
0,1,False,0.51480055545786,0.4851994445421399
1,1,True,0.5153934458886638,0.5153934458886638
0,1,False,0.5463828923633819,0.453617107636618
0,1,False,0.511710354760184,0.488289645239816
0,1,False,0.5173509000695007,0.4826490999304993
0,1,False,0.5125831812994971,0.48741681870050285
0,1,False,0.5339347338230456,0.4660652661769544
0,1,False,0.5413720108091922,0.45862798919080766
0,0,True,0.5466138212656566,0.4533861787343433
0,0,True,0.5359954299320399,0.46400457006796003
0,0,True,0.5270653490173534,0.47293465098264664
0,0,True,0.5340272069677571,0.4659727930322429
0,0,True,0.5328212748357327,0.4671787251642673
0,0,True,0.5620239860488172,0.4379760139511827
0,1,False,0.5428796728146347,0.45712032718536516
0,1,False,0.5703496767104096,0.4296503232895904
0,0,True,0.5529337516155138,0.44706624838448605
0,0,True,0.5609633942447076,0.43903660575529224
0,0,True,0.555074092964062,0.4449259070359379
0,0,True,0.5464439913334534,0.4535560086665465
0,0,True,0.5563229416918386,0.44367705830816134
0,0,True,0.5489261236118319,0.451073876388168
0,0,True,0.5334167815751872,0.4665832184248127
0,0,True,0.5273110429516701,0.47268895704833
0,0,True,0.5036950755767731,0.4963049244232268
0,0,True,0.5090922349079929,0.49090776509200706
0,0,True,0.514556903213109,0.48544309678689096
1,0,False,0.5017539923248517,0.5017539923248517
0,0,True,0.5327202955551624,0.4672797044448376
0,0,True,0.5287909119357126,0.4712090880642874
0,0,True,0.5284897347287546,0.4715102652712454
0,0,True,0.5540196177560415,0.4459803822439585
0,0,True,0.5428372733906108,0.45716272660938917
0,0,True,0.5122837836691116,0.48771621633088846
0,0,True,0.5163550539034798,0.4836449460965202
0,0,True,0.5403313401794454,0.45966865982055455
0,0,True,0.5569363363674604,0.4430636636325395
0,0,True,0.5632817116567006,0.43671828834329923
0,0,True,0.5877222325283197,0.4122777674716803
0,0,True,0.5775740366625285,0.42242596333747157
0,0,True,0.5790486150432359,0.4209513849567641
0,1,False,0.619224158852177,0.3807758411478229
0,1,False,0.6118565272140561,0.3881434727859438
0,1,False,0.5911175858705262,0.4088824141294739
0,1,False,0.5832125205389285,0.41678747946107153
0,1,False,0.6113590337592654,0.3886409662407346
0,1,False,0.5761208924533321,0.4238791075466679
0,1,False,0.5652015548766713,0.4347984451233286
0,0,True,0.5454878610279428,0.4545121389720571
0,1,False,0.5455997298565998,0.4544002701434002
0,0,True,0.5076643707220235,0.49233562927797636
0,0,True,0.5061875959875876,0.49381240401241233
0,1,False,0.5150865219166693,0.4849134780833308
0,1,False,0.5260656662168779,0.473934333783122
0,1,False,0.534179579734809,0.4658204202651909
0,1,False,0.5296441214118893,0.4703558785881106
0,0,True,0.5303435654418703,0.46965643455812967
0,0,True,0.5346680239367083,0.46533197606329174
0,0,True,0.5755753105291671,0.42442468947083284
0,0,True,0.6078804483045328,0.39211955169546714
0,0,True,0.5994536896554005,0.40054631034459953
0,0,True,0.6006760781106808,0.39932392188931914
0,0,True,0.6100839909651212,0.3899160090348788
0,1,False,0.6044218123908469,0.39557818760915303
0,1,False,0.600029677866563,0.399970322133437
0,1,False,0.5985739265637751,0.4014260734362249
0,1,False,0.5846871825324702,0.41531281746752974
0,1,False,0.525855037787243,0.4741449622127569
1,0,False,0.5051291551363508,0.5051291551363508
0,0,True,0.5000766326237762,0.49992336737622367
0,0,True,0.5138456680406823,0.4861543319593175
0,1,False,0.5181050437356918,0.4818949562643082
1,1,True,0.5592675331305307,0.5592675331305307
1,0,False,0.5463566409726093,0.5463566409726093
1,0,False,0.5582204669201509,0.5582204669201509
1,1,True,0.5469998744923267,0.5469998744923267
1,1,True,0.5613442373748683,0.5613442373748683
1,1,True,0.6048995363127239,0.6048995363127239
1,1,True,0.5501751069017324,0.5501751069017324
1,1,True,0.6250777616583605,0.6250777616583605
1,0,False,0.630044728412735,0.630044728412735
1,0,False,0.614903372231407,0.614903372231407
1,0,False,0.5384373616714023,0.5384373616714023
1,0,False,0.5575321387184551,0.5575321387184551
1,0,False,0.531477060562676,0.531477060562676
1,0,False,0.544266430142767,0.544266430142767
1,0,False,0.5392776249296696,0.5392776249296696
1,0,False,0.5401593122302614,0.5401593122302614
1,0,False,0.5415278551632529,0.5415278551632529
1,0,False,0.5820437106601318,0.5820437106601318
1,0,False,0.5780756825615695,0.5780756825615695
1,0,False,0.5876213220029013,0.5876213220029013
1,0,False,0.5582011745548561,0.5582011745548561
1,0,False,0.5733237631694503,0.5733237631694503
1,0,False,0.5995335025814985,0.5995335025814985
1,1,True,0.5759894608986744,0.5759894608986744
1,0,False,0.5409893443691374,0.5409893443691374
1,1,True,0.5446323664891601,0.5446323664891601
1,0,False,0.5601503768012521,0.5601503768012521
1,0,False,0.5622893281507757,0.5622893281507757
1,0,False,0.5762729610298397,0.5762729610298397
1,1,True,0.5368637948823303,0.5368637948823303
1,1,True,0.5706267340662752,0.5706267340662752
1,1,True,0.5322120296880429,0.5322120296880429
1,1,True,0.5350820659327875,0.5350820659327875
1,1,True,0.5433228363971163,0.5433228363971163
1,1,True,0.5409950010139729,0.5409950010139729
1,0,False,0.5360046908896644,0.5360046908896644
1,1,True,0.5422432159818036,0.5422432159818036
1,0,False,0.5541051881373578,0.5541051881373578
1,1,True,0.542667117951207,0.542667117951207
1,1,True,0.5615478897607921,0.5615478897607921
1,1,True,0.5641483242406358,0.5641483242406358
1,1,True,0.5641034556274926,0.5641034556274926
1,1,True,0.5448712153943235,0.5448712153943235
1,0,False,0.5750791074304116,0.5750791074304116
1,0,False,0.5756498051659339,0.5756498051659339
1,0,False,0.5401275062556026,0.5401275062556026
1,0,False,0.5345674728449792,0.5345674728449792
1,0,False,0.5267099803363567,0.5267099803363567
1,1,True,0.5241368521163803,0.5241368521163803
1,1,True,0.522469945466473,0.522469945466473
0,1,False,0.5263751743606933,0.47362482563930663
0,1,False,0.5492032798538167,0.45079672014618327
0,0,True,0.5767752559285585,0.4232247440714414
0,0,True,0.5146302491231516,0.48536975087684836
0,0,True,0.5320651677769499,0.46793483222305005
0,0,True,0.5519291173872699,0.44807088261273
0,1,False,0.529400401128247,0.47059959887175284
0,1,False,0.5440943217980214,0.45590567820197847
0,1,False,0.5034614065481983,0.4965385934518016
0,0,True,0.5111722701812511,0.4888277298187488
0,1,False,0.5388236332351937,0.4611763667648062
0,0,True,0.5383111827992151,0.4616888172007848
0,0,True,0.5399578999914121,0.4600421000085879
0,0,True,0.5251864284896852,0.4748135715103148
0,0,True,0.5332252419202742,0.4667747580797257
1,0,False,0.5181740360795519,0.5181740360795519
1,0,False,0.5168329329773911,0.5168329329773911
1,0,False,0.5219263862157975,0.5219263862157975
0,0,True,0.5038751322975101,0.49612486770248987
0,0,True,0.5524254658015666,0.4475745341984333
0,0,True,0.5021908464523781,0.4978091535476219
0,1,False,0.543723105625926,0.4562768943740739
0,1,False,0.5197139999184235,0.4802860000815764
0,1,False,0.5096624952291083,0.49033750477089166
0,1,False,0.5194251211755985,0.48057487882440153
0,1,False,0.5070046692458618,0.49299533075413804
1,0,False,0.5014724368954805,0.5014724368954805
0,0,True,0.5618299049357154,0.43817009506428445
0,0,True,0.5522306635734564,0.4477693364265435
0,0,True,0.5560605114271695,0.44393948857283044
0,0,True,0.5278349253507655,0.47216507464923446
1,1,True,0.5070265896613309,0.5070265896613309
1,0,False,0.5153453210150241,0.5153453210150241
1,1,True,0.5006619883306815,0.5006619883306815
1,1,True,0.5042427913977885,0.5042427913977885
1,1,True,0.5864033752049943,0.5864033752049943
1,1,True,0.572349792638392,0.572349792638392
0,1,False,0.5193423858251358,0.4806576141748642
1,1,True,0.5223018469563345,0.5223018469563345
1,0,False,0.505984819813114,0.505984819813114
0,0,True,0.5103536759004842,0.48964632409951586
0,0,True,0.5226622527766711,0.4773377472233289
0,0,True,0.5490192636695319,0.45098073633046787
0,0,True,0.551303980706149,0.44869601929385083
0,1,False,0.500676745277228,0.49932325472277184
0,0,True,0.5280973252898689,0.47190267471013103
0,1,False,0.52540041421507,0.4745995857849299
0,1,False,0.5024399134222246,0.4975600865777754
0,0,True,0.5033640845207225,0.4966359154792775
1,0,False,0.5215099065959554,0.5215099065959554
0,0,True,0.507762665706635,0.492237334293365
0,0,True,0.5322443163490044,0.4677556836509956
0,0,True,0.5540587882685462,0.4459412117314538
1,0,False,0.5234294150562989,0.5234294150562989
1,0,False,0.5230250084830761,0.5230250084830761
0,0,True,0.5063747262940907,0.49362527370590925
1,1,True,0.5778042784923104,0.5778042784923104
1,1,True,0.5690338227420818,0.5690338227420818
1,1,True,0.5828639798871877,0.5828639798871877
1,1,True,0.5153940384544973,0.5153940384544973
1,1,True,0.5091215594447526,0.5091215594447526
1,1,True,0.5236886935377363,0.5236886935377363
1,1,True,0.572692379440628,0.572692379440628
1,1,True,0.5773599747464238,0.5773599747464238
1,1,True,0.5436696859721503,0.5436696859721503
0,0,True,0.5291889443131907,0.4708110556868091
0,1,False,0.5486301879439719,0.45136981205602805
0,1,False,0.5571903563803506,0.4428096436196493
0,1,False,0.5458859207036343,0.45411407929636566
0,1,False,0.5490501125196552,0.45094988748034465
0,1,False,0.5489336466201433,0.45106635337985657
0,1,False,0.5117415223624426,0.4882584776375573
0,1,False,0.5401223560361623,0.4598776439638376
0,1,False,0.5315046923599578,0.4684953076400422
0,1,False,0.5372698827264109,0.4627301172735891
0,1,False,0.5307673046292859,0.469232695370714
1,1,True,0.5073426425686082,0.5073426425686082
0,1,False,0.5225908363411854,0.4774091636588145
0,0,True,0.512314047595312,0.48768595240468793
0,0,True,0.5136405693473977,0.48635943065260223
0,0,True,0.5533714874336441,0.44662851256635583
0,1,False,0.5419932623168026,0.4580067376831973
1,1,True,0.5047358645149886,0.5047358645149886
0,1,False,0.5115159108688545,0.4884840891311455
0,1,False,0.542452102671708,0.457547897328292
0,1,False,0.5654078263291183,0.43459217367088154
0,1,False,0.546402192679532,0.4535978073204679
1,0,False,0.5030034801133074,0.5030034801133074
0,1,False,0.5460291903020135,0.4539708096979866
0,1,False,0.5450938322385532,0.45490616776144666
0,1,False,0.5398291676488228,0.4601708323511771
0,1,False,0.5602570384848535,0.43974296151514647
0,1,False,0.5507017126918101,0.44929828730818977
0,1,False,0.5693841242275735,0.43061587577242644
0,1,False,0.5584554861161855,0.4415445138838144
0,1,False,0.5364704519707411,0.4635295480292588
0,1,False,0.5683556275062219,0.43164437249377796
0,0,True,0.5620732701006064,0.4379267298993935
0,0,True,0.5592954121484933,0.4407045878515067
0,0,True,0.5388929275980229,0.4611070724019771
0,0,True,0.5400972265729631,0.4599027734270368
0,0,True,0.531036739400783,0.46896326059921695
0,0,True,0.5633621582454548,0.43663784175454534
0,0,True,0.5467509672470097,0.45324903275299033
0,0,True,0.5484124944078125,0.4515875055921875
0,0,True,0.5702309305313484,0.42976906946865145
0,0,True,0.5936220904613833,0.4063779095386168
0,0,True,0.5542867755084868,0.44571322449151324
0,0,True,0.5431510678578957,0.4568489321421043
1,0,False,0.5180190151738273,0.5180190151738273
1,0,False,0.5461409956542181,0.5461409956542181
0,1,False,0.5568498018879511,0.4431501981120489
0,1,False,0.5272626180922036,0.47273738190779624
1,1,True,0.5423822095959645,0.5423822095959645
1,1,True,0.5194288734956902,0.5194288734956902
0,1,False,0.5687386094559298,0.43126139054407014
1,0,False,0.5465102849208789,0.5465102849208789
1,0,False,0.5489634723118699,0.5489634723118699
1,1,True,0.5246031376919915,0.5246031376919915
1,0,False,0.5699078616860233,0.5699078616860233
0,0,True,0.6298057109235589,0.37019428907644114
1,0,False,0.6632558502935566,0.6632558502935566
1,1,True,0.5493375709657508,0.5493375709657508
1,1,True,0.5498513919944342,0.5498513919944342
1,1,True,0.5308087397729984,0.5308087397729984
1,1,True,0.5747402922937945,0.5747402922937945
1,1,True,0.5338567971926992,0.5338567971926992
1,1,True,0.5476876149086246,0.5476876149086246
1,1,True,0.5278383273729621,0.5278383273729621
1,1,True,0.500302622250858,0.500302622250858
0,1,False,0.5322964249444976,0.4677035750555024
1,1,True,0.5138951431508074,0.5138951431508074
0,1,False,0.5204397263157727,0.4795602736842274
0,1,False,0.5106519755584358,0.4893480244415643
0,1,False,0.5321436042578082,0.467856395742192
1,1,True,0.5308406582778304,0.5308406582778304
1,1,True,0.5199379460540304,0.5199379460540304
0,1,False,0.5071946903430498,0.49280530965695024
0,0,True,0.5166851930576944,0.4833148069423058
1,0,False,0.5647065107131605,0.5647065107131605
1,0,False,0.6282946865305319,0.6282946865305319
1,0,False,0.5975616081893265,0.5975616081893265
1,0,False,0.6044100802899682,0.6044100802899682
0,0,True,0.521593967816284,0.47840603218371613
1,1,True,0.59696736084961,0.59696736084961
1,0,False,0.5941504101502951,0.5941504101502951
1,0,False,0.5740386700981881,0.5740386700981881
1,0,False,0.6246581516140317,0.6246581516140317
1,0,False,0.6200021022337814,0.6200021022337814
1,0,False,0.5843702332270357,0.5843702332270357
1,0,False,0.5663519846124317,0.5663519846124317
1,0,False,0.5986153959175815,0.5986153959175815
1,0,False,0.6075202998595477,0.6075202998595477
0,1,False,0.5148348354696757,0.48516516453032443
0,1,False,0.6050600647041989,0.39493993529580107
0,1,False,0.5537613734345698,0.44623862656543034
0,1,False,0.5435336795220758,0.45646632047792424
0,1,False,0.6007659757303512,0.3992340242696487
0,1,False,0.6298966917555582,0.3701033082444419
0,1,False,0.5518385140162552,0.4481614859837447
0,1,False,0.6080896397497113,0.39191036025028864
0,1,False,0.5941700777397327,0.40582992226026726
0,0,True,0.5321790389489047,0.46782096105109544
1,0,False,0.5863372031214314,0.5863372031214314
1,0,False,0.6013920325511609,0.6013920325511609
1,0,False,0.544484645198068,0.544484645198068
1,0,False,0.5851861959997741,0.5851861959997741
1,0,False,0.6250316771994174,0.6250316771994174
1,0,False,0.6031852468045984,0.6031852468045984
1,0,False,0.6449111675671769,0.6449111675671769
1,0,False,0.6346307603790879,0.6346307603790879
1,0,False,0.5950848257644097,0.5950848257644097
1,1,True,0.5888557157891339,0.5888557157891339
1,0,False,0.5488680870023953,0.5488680870023953
1,0,False,0.6082836645750981,0.6082836645750981
1,1,True,0.5610588296610953,0.5610588296610953
1,1,True,0.5974435736966905,0.5974435736966905
0,1,False,0.5372620116332012,0.46273798836679875
1,1,True,0.5496380301143365,0.5496380301143365
1,1,True,0.5969678901070771,0.5969678901070771
1,1,True,0.6060038812853347,0.6060038812853347
1,1,True,0.6392425164845266,0.6392425164845266
1,1,True,0.5555110784410058,0.5555110784410058
0,0,True,0.5487995900535886,0.45120040994641136
0,0,True,0.5699135177935305,0.4300864822064695
1,0,False,0.5683319603526078,0.5683319603526078
1,0,False,0.543903048430574,0.543903048430574
1,0,False,0.565414435204795,0.565414435204795
0,0,True,0.5114627791363378,0.48853722086366236
1,0,False,0.5644377263074712,0.5644377263074712
1,0,False,0.5530863452651035,0.5530863452651035
0,0,True,0.5187234071645538,0.48127659283544616
1,0,False,0.5581804630166144,0.5581804630166144
1,0,False,0.5482735852623143,0.5482735852623143
1,0,False,0.5316640701731259,0.5316640701731259
1,0,False,0.6200155219095271,0.6200155219095271
1,0,False,0.5914216797287908,0.5914216797287908
1,0,False,0.517605826129266,0.517605826129266
1,1,True,0.5118182932133136,0.5118182932133136
1,0,False,0.5078816935244779,0.5078816935244779
1,0,False,0.5575347110833336,0.5575347110833336
1,0,False,0.5545446793627752,0.5545446793627752
1,0,False,0.5559174461564862,0.5559174461564862
1,0,False,0.5585944441275613,0.5585944441275613
1,0,False,0.6024899433215181,0.6024899433215181
1,1,True,0.5957136928921432,0.5957136928921432
1,0,False,0.561025386699356,0.561025386699356
1,0,False,0.5637944813282376,0.5637944813282376
1,0,False,0.52350058062436,0.52350058062436
1,0,False,0.5033410018547779,0.5033410018547779
1,0,False,0.5352110876861956,0.5352110876861956
1,1,True,0.5701701253191864,0.5701701253191864
1,1,True,0.5070708143984892,0.5070708143984892
1,1,True,0.5121979886360787,0.5121979886360787
1,1,True,0.6365961906511969,0.6365961906511969
1,1,True,0.6591297830272329,0.6591297830272329
1,1,True,0.6628104805783809,0.6628104805783809
1,0,False,0.6874180060822835,0.6874180060822835
1,1,True,0.6125520093339895,0.6125520093339895
1,1,True,0.6704542567388279,0.6704542567388279
1,1,True,0.6872951682020827,0.6872951682020827
1,1,True,0.545340398916591,0.545340398916591
1,1,True,0.6019884358098282,0.6019884358098282
1,1,True,0.7076093889055053,0.7076093889055053
1,1,True,0.6926775693432977,0.6926775693432977
0,1,False,0.5219290850200978,0.4780709149799022
0,1,False,0.5317798104719662,0.46822018952803385
0,0,True,0.5191111120448366,0.4808888879551634
0,1,False,0.5366017913553903,0.4633982086446098
0,1,False,0.5079394366680241,0.4920605633319759
0,1,False,0.5104858850961987,0.48951411490380126
0,1,False,0.5288860852640991,0.4711139147359009
0,1,False,0.5071135846002636,0.49288641539973643
1,1,True,0.5268805218006024,0.5268805218006024
1,1,True,0.5327353307663547,0.5327353307663547
1,1,True,0.5309311255159606,0.5309311255159606
0,1,False,0.5381462275282717,0.4618537724717283
1,0,False,0.5142310015353704,0.5142310015353704
1,0,False,0.5483834313805345,0.5483834313805345
1,0,False,0.563007184320541,0.563007184320541
1,0,False,0.5698558590915092,0.5698558590915092
1,0,False,0.6179030408300117,0.6179030408300117
1,0,False,0.6012356252092659,0.6012356252092659
1,1,True,0.5901646568116151,0.5901646568116151
0,0,True,0.5312287722399794,0.4687712277600205
0,0,True,0.504419611234793,0.49558038876520705
1,1,True,0.5465956556968711,0.5465956556968711
1,0,False,0.5500508184095536,0.5500508184095536
1,0,False,0.5489332950311774,0.5489332950311774
1,0,False,0.5646047034500592,0.5646047034500592
1,0,False,0.5936117339018169,0.5936117339018169
1,0,False,0.5345723006626382,0.5345723006626382
0,0,True,0.5371534084784197,0.4628465915215802
0,0,True,0.538428928790123,0.46157107120987706
1,0,False,0.5572360519107555,0.5572360519107555
1,0,False,0.5734780945552231,0.5734780945552231
0,0,True,0.5086835398591386,0.4913164601408614
1,0,False,0.5791850795270098,0.5791850795270098
0,1,False,0.598753794156471,0.40124620584352894
0,1,False,0.5860967388564272,0.4139032611435728
0,1,False,0.60101057832713,0.39898942167287
0,1,False,0.539904161159977,0.4600958388400231
0,1,False,0.5382991515338387,0.46170084846616116
0,1,False,0.5111162591444212,0.48888374085557873
0,0,True,0.516277144819401,0.483722855180599
1,0,False,0.6191840548753882,0.6191840548753882
0,0,True,0.5267774673311678,0.4732225326688321
1,0,False,0.6136693719678276,0.6136693719678276
1,0,False,0.6217470308834899,0.6217470308834899
1,0,False,0.6121058734177864,0.6121058734177864
1,0,False,0.502460131502252,0.502460131502252
1,0,False,0.5551877716609246,0.5551877716609246
1,0,False,0.6111208186212413,0.6111208186212413
1,0,False,0.5722966175557042,0.5722966175557042
1,1,True,0.5787129916291451,0.5787129916291451
1,1,True,0.6342734128743108,0.6342734128743108
1,0,False,0.5503081940210321,0.5503081940210321
1,1,True,0.534400428114171,0.534400428114171
0,1,False,0.5101721906009264,0.48982780939907355
1,1,True,0.5011645118703304,0.5011645118703304
0,1,False,0.5523669227298218,0.4476330772701781
0,1,False,0.5234576933389808,0.47654230666101915
1,1,True,0.5529824828694828,0.5529824828694828
1,1,True,0.6086459300461318,0.6086459300461318
1,1,True,0.609554788864135,0.609554788864135
1,1,True,0.5946188939034078,0.5946188939034078
1,1,True,0.5971027591565936,0.5971027591565936
1,1,True,0.6344132111877216,0.6344132111877216
0,0,True,0.5394894704856804,0.4605105295143195
0,1,False,0.5167300706036518,0.48326992939634805
1,1,True,0.5115295962914047,0.5115295962914047
0,1,False,0.5326387598780711,0.4673612401219289
0,1,False,0.5306438296564574,0.4693561703435426
1,1,True,0.508297844626447,0.508297844626447
0,1,False,0.5110245021887151,0.48897549781128485
1,1,True,0.5245627110567347,0.5245627110567347
0,1,False,0.5132324962397348,0.48676750376026523
1,0,False,0.5244684675365917,0.5244684675365917
1,1,True,0.504010959104151,0.504010959104151
0,0,True,0.51913580852711,0.48086419147288995
0,0,True,0.5270813721914187,0.4729186278085812
0,0,True,0.521099819616635,0.4789001803833649
0,1,False,0.5400983059932216,0.45990169400677844
0,0,True,0.5490735200145288,0.4509264799854712
0,0,True,0.5519248686340543,0.44807513136594573
0,1,False,0.5800411576208218,0.4199588423791783
0,1,False,0.5213608568592334,0.4786391431407666
0,1,False,0.5282392320349043,0.47176076796509564
0,1,False,0.5517122973816717,0.4482877026183281
0,1,False,0.5105766587830417,0.48942334121695824
0,1,False,0.5546514247446855,0.4453485752553144
1,1,True,0.5485424366576439,0.5485424366576439
0,1,False,0.5439123282411897,0.4560876717588103
0,1,False,0.5343315810111664,0.46566841898883354
0,1,False,0.5372376946872599,0.4627623053127401
0,1,False,0.5366260944990324,0.4633739055009676
0,1,False,0.5697335142795985,0.43026648572040155
0,1,False,0.5798971325640263,0.4201028674359737
0,1,False,0.5490394381098626,0.4509605618901372
0,1,False,0.6041570792122459,0.39584292078775396
0,1,False,0.61128552759142,0.3887144724085799
0,1,False,0.5494632180493928,0.4505367819506072
0,1,False,0.5128836248978359,0.4871163751021641
0,1,False,0.5301211349100341,0.4698788650899658
0,1,False,0.5310944912925661,0.46890550870743375
0,0,True,0.5019954645759063,0.4980045354240936
1,0,False,0.5034140171263624,0.5034140171263624
1,0,False,0.5245765214959852,0.5245765214959852
1,0,False,0.5243338839365831,0.5243338839365831
1,1,True,0.5316851286024846,0.5316851286024846
1,0,False,0.5112607541609004,0.5112607541609004
0,1,False,0.5244531408948865,0.4755468591051136
0,1,False,0.5325092537695303,0.4674907462304697
0,1,False,0.5371175246170578,0.46288247538294236
0,0,True,0.5216053461119992,0.47839465388800095
1,0,False,0.5101120974197842,0.5101120974197842
0,0,True,0.5336302198412866,0.46636978015871355
0,1,False,0.544756105797827,0.45524389420217304
0,1,False,0.5485604577305064,0.45143954226949357
0,1,False,0.5339933066826157,0.4660066933173843
1,1,True,0.5750682327791097,0.5750682327791097
1,1,True,0.5015017405310401,0.5015017405310401
1,1,True,0.525050801375776,0.525050801375776
0,0,True,0.5288005336172332,0.4711994663827669
0,0,True,0.5255606467842442,0.4744393532157559
1,0,False,0.5647630971325358,0.5647630971325358
0,0,True,0.5301986786999434,0.4698013213000566
1,0,False,0.6122839641537648,0.6122839641537648
1,0,False,0.5247007819225055,0.5247007819225055
0,1,False,0.5158149412131505,0.4841850587868495
0,1,False,0.5083832345593219,0.49161676544067834
1,1,True,0.532569067841286,0.532569067841286
1,1,True,0.5123788568931412,0.5123788568931412
0,1,False,0.5156367723957274,0.48436322760427275
1,1,True,0.5205693723654147,0.5205693723654147
0,0,True,0.5279643837656974,0.4720356162343027
1,0,False,0.5046873963714366,0.5046873963714366
1,0,False,0.5399861437843865,0.5399861437843865
1,0,False,0.6162776911889428,0.6162776911889428
1,0,False,0.52832519005958,0.52832519005958
0,0,True,0.504575865594462,0.495424134405538
1,0,False,0.5389417748563762,0.5389417748563762
1,0,False,0.6027282205455968,0.6027282205455968
0,0,True,0.5349711034355971,0.46502889656440294
1,0,False,0.5241719866707644,0.5241719866707644
0,0,True,0.5228728028384974,0.47712719716150265
0,1,False,0.508831835371524,0.4911681646284761
1,1,True,0.5040653433640723,0.5040653433640723
0,1,False,0.5245164737211818,0.4754835262788183
1,1,True,0.5450994502419394,0.5450994502419394
1,1,True,0.5269715629297553,0.5269715629297553
0,1,False,0.5939314474306452,0.4060685525693548
1,1,True,0.5070651082228177,0.5070651082228177
0,1,False,0.5563263187581937,0.4436736812418063
0,0,True,0.5347862048898707,0.4652137951101293
1,1,True,0.5442067432160368,0.5442067432160368
1,1,True,0.5873146134836867,0.5873146134836867
1,0,False,0.6324413160845285,0.6324413160845285
1,1,True,0.6126217071084304,0.6126217071084304
1,0,False,0.6264087829587581,0.6264087829587581
1,0,False,0.6338794448573178,0.6338794448573178
1,0,False,0.547623381315286,0.547623381315286
1,0,False,0.5097791868012064,0.5097791868012064
1,0,False,0.524764774798587,0.524764774798587
1,1,True,0.5109548181551701,0.5109548181551701
1,1,True,0.5239758501336114,0.5239758501336114
1,1,True,0.5516334864838597,0.5516334864838597
1,1,True,0.5467218340176112,0.5467218340176112
1,0,False,0.5506644944487213,0.5506644944487213
1,1,True,0.542581286090461,0.542581286090461
0,0,True,0.5142822461024819,0.48571775389751803
1,0,False,0.5262658691284712,0.5262658691284712
1,0,False,0.535085398926613,0.535085398926613
1,1,True,0.5394518382971841,0.5394518382971841
1,0,False,0.6363172510168416,0.6363172510168416
1,1,True,0.5087877587620896,0.5087877587620896
1,1,True,0.528273701496939,0.528273701496939
1,1,True,0.5555666763592372,0.5555666763592372
1,1,True,0.5142460207538447,0.5142460207538447
1,1,True,0.5553796985516414,0.5553796985516414
1,1,True,0.5475811184851755,0.5475811184851755
0,1,False,0.5087636260239504,0.49123637397604947
1,1,True,0.5152186375870548,0.5152186375870548
0,1,False,0.5057798258417379,0.49422017415826214
1,1,True,0.5257288500513441,0.5257288500513441
1,1,True,0.5221912067147297,0.5221912067147297
0,0,True,0.5427952153520188,0.4572047846479811
0,0,True,0.5002156676804173,0.49978433231958275
1,0,False,0.5472412779142528,0.5472412779142528
1,0,False,0.5052297999091511,0.5052297999091511
1,0,False,0.5003264377799242,0.5003264377799242
1,0,False,0.5160339440486231,0.5160339440486231
0,0,True,0.5281537462424457,0.47184625375755423
1,0,False,0.558517251564604,0.558517251564604
1,0,False,0.5491321424774724,0.5491321424774724
1,1,True,0.5571371581411294,0.5571371581411294
1,1,True,0.644399669600419,0.644399669600419
1,1,True,0.6172777099451447,0.6172777099451447
1,1,True,0.5055840978190886,0.5055840978190886
1,1,True,0.6019304513823772,0.6019304513823772
1,0,False,0.5038261919759005,0.5038261919759005
0,1,False,0.5068829557014483,0.49311704429855174
0,1,False,0.5199992928273012,0.4800007071726988
0,1,False,0.5121151991663354,0.4878848008336646
1,1,True,0.5455077109897232,0.5455077109897232
1,1,True,0.5925900194098646,0.5925900194098646
1,1,True,0.6143284231774717,0.6143284231774717
1,1,True,0.6633422538774931,0.6633422538774931
1,1,True,0.52861332579256,0.52861332579256
1,1,True,0.5091849412735894,0.5091849412735894
1,1,True,0.6238826333232491,0.6238826333232491
1,1,True,0.6311368651635512,0.6311368651635512
1,1,True,0.5417827128829992,0.5417827128829992
0,1,False,0.5591129117752248,0.4408870882247752
0,1,False,0.575364009998256,0.4246359900017439
0,1,False,0.5305974632358482,0.4694025367641518
0,1,False,0.5080220914234335,0.49197790857656654
0,0,True,0.537706641802221,0.46229335819777884
1,0,False,0.5049662435039115,0.5049662435039115
0,0,True,0.5004660664287175,0.4995339335712824
0,0,True,0.5046774734744054,0.4953225265255944
1,0,False,0.6341729580554354,0.6341729580554354
0,0,True,0.5291211100141843,0.4708788899858158
1,0,False,0.5371763082932375,0.5371763082932375
1,0,False,0.5605788833093399,0.5605788833093399
0,1,False,0.5353226611402804,0.4646773388597196
1,1,True,0.5136070691128556,0.5136070691128556
1,1,True,0.5983946588268201,0.5983946588268201
1,1,True,0.6197863848571807,0.6197863848571807
1,1,True,0.5774582433416074,0.5774582433416074
1,1,True,0.5647760543789752,0.5647760543789752
1,1,True,0.5116810303722232,0.5116810303722232
0,1,False,0.5214310998572638,0.47856890014273634
0,0,True,0.5979182417225437,0.4020817582774564
0,0,True,0.5275527967264639,0.4724472032735363
1,1,True,0.5495986609087398,0.5495986609087398
1,1,True,0.5109937692315603,0.5109937692315603
1,0,False,0.5224798295183544,0.5224798295183544
1,1,True,0.5855248447571506,0.5855248447571506
1,1,True,0.5553973091571592,0.5553973091571592
1,1,True,0.6046907149418771,0.6046907149418771
1,1,True,0.6094233853339329,0.6094233853339329
1,0,False,0.5424608398758066,0.5424608398758066
1,0,False,0.5631425595864744,0.5631425595864744
0,0,True,0.5018968699663205,0.4981031300336797
0,1,False,0.5531737991643401,0.44682620083566005
0,0,True,0.5346017879574433,0.4653982120425566
0,1,False,0.5389133132531657,0.4610866867468342
0,0,True,0.570177768794041,0.4298222312059589
0,0,True,0.5332193906337998,0.46678060936620025
0,1,False,0.515711016421592,0.48428898357840794
0,0,True,0.5324084462384606,0.46759155376153927
0,1,False,0.5173752070446919,0.4826247929553082
1,0,False,0.5106115125131838,0.5106115125131838
0,0,True,0.5075915152858009,0.4924084847141993
0,0,True,0.5489819770722446,0.45101802292775545
0,1,False,0.5543419824586832,0.44565801754131695
0,1,False,0.5059268398115281,0.49407316018847197
0,1,False,0.551952094297629,0.448047905702371
0,1,False,0.5218876750359294,0.47811232496407075
1,1,True,0.5808487154596521,0.5808487154596521
1,1,True,0.6554795403287162,0.6554795403287162
1,1,True,0.5264900865927077,0.5264900865927077
0,1,False,0.547136370494728,0.4528636295052721
0,0,True,0.5376328152226578,0.4623671847773422
0,0,True,0.5373661316801245,0.4626338683198756
0,0,True,0.5169116864877216,0.48308831351227854
1,0,False,0.5069580739241037,0.5069580739241037
1,0,False,0.5052251471585483,0.5052251471585483
0,0,True,0.5576000264946392,0.44239997350536087
0,0,True,0.5073655168344939,0.49263448316550607
1,1,True,0.524713440522539,0.524713440522539
0,1,False,0.5415193891455669,0.45848061085443315
1,0,False,0.5420585568356464,0.5420585568356464
1,1,True,0.5874911135476245,0.5874911135476245
1,1,True,0.586602863457251,0.586602863457251
0,0,True,0.5229208465757187,0.4770791534242813
1,0,False,0.5932458723320125,0.5932458723320125
1,0,False,0.5620088040426806,0.5620088040426806
1,0,False,0.5886846084090985,0.5886846084090985
1,0,False,0.513876231056867,0.513876231056867
1,0,False,0.5621550045496666,0.5621550045496666
1,0,False,0.5391005855723997,0.5391005855723997
1,0,False,0.5385828748091749,0.5385828748091749
1,1,True,0.5283738670543352,0.5283738670543352
1,1,True,0.5484938166993042,0.5484938166993042
1,1,True,0.5327246975788077,0.5327246975788077
1,0,False,0.529753123786103,0.529753123786103
1,1,True,0.5004118486729344,0.5004118486729344
0,1,False,0.5126529866778349,0.4873470133221651
0,1,False,0.5139441751733013,0.48605582482669857
1,1,True,0.5292427347068749,0.5292427347068749
1,1,True,0.5712882342670483,0.5712882342670483
1,1,True,0.5165151364998405,0.5165151364998405
1,1,True,0.5502834972277049,0.5502834972277049
1,0,False,0.5575777935357367,0.5575777935357367
1,0,False,0.6381685976624534,0.6381685976624534
1,0,False,0.6057726963195792,0.6057726963195792
1,0,False,0.5573647402100134,0.5573647402100134
0,0,True,0.5127994968413743,0.48720050315862573
0,0,True,0.5408915181338302,0.4591084818661697
1,1,True,0.570570101194907,0.570570101194907
1,1,True,0.5549422618310288,0.5549422618310288
1,1,True,0.5595068793458476,0.5595068793458476
1,1,True,0.5352072480853257,0.5352072480853257
1,1,True,0.5674626512406236,0.5674626512406236
1,1,True,0.5965286540205157,0.5965286540205157
1,1,True,0.5037027973306372,0.5037027973306372
0,1,False,0.5131158047598577,0.48688419524014226
0,0,True,0.5350066453011086,0.46499335469889136
0,1,False,0.5272234066464685,0.4727765933535314
1,0,False,0.5188329375972193,0.5188329375972193
0,0,True,0.5054993736111247,0.49450062638887526
0,1,False,0.5669358320375296,0.4330641679624702
1,1,True,0.5254782548103524,0.5254782548103524
1,1,True,0.5070112042088942,0.5070112042088942
0,1,False,0.5405835732782635,0.45941642672173655
1,1,True,0.5015034037009581,0.5015034037009581
1,0,False,0.5021160594732659,0.5021160594732659
0,0,True,0.5436716942581449,0.456328305741855
1,0,False,0.527322590699022,0.527322590699022
1,0,False,0.5211524038933331,0.5211524038933331
0,0,True,0.5040754724588552,0.4959245275411447
0,0,True,0.5290254540025789,0.4709745459974209
1,0,False,0.5085583083707218,0.5085583083707218
1,0,False,0.5082791457821548,0.5082791457821548
0,0,True,0.5098906229870156,0.4901093770129844
1,0,False,0.5306080367569317,0.5306080367569317
1,1,True,0.6082143700409405,0.6082143700409405
1,1,True,0.5225422825519463,0.5225422825519463
0,1,False,0.5258999800133054,0.4741000199866946
1,1,True,0.5410161715747683,0.5410161715747683
1,1,True,0.5237937571729985,0.5237937571729985
0,1,False,0.5037201881835949,0.496279811816405
0,1,False,0.5699475580183986,0.4300524419816013
0,1,False,0.529293399056538,0.47070660094346195
0,1,False,0.5260418883386975,0.47395811166130264
1,1,True,0.5661084244191809,0.5661084244191809
1,1,True,0.60654101126611,0.60654101126611
1,1,True,0.6274123911559741,0.6274123911559741
1,1,True,0.6233959210921745,0.6233959210921745
1,0,False,0.541278286985468,0.541278286985468
0,0,True,0.5654249719638766,0.4345750280361234
0,0,True,0.5355031784508886,0.46449682154911137
1,0,False,0.5239049111007015,0.5239049111007015
0,0,True,0.5180591711234074,0.48194082887659273
0,0,True,0.5320071722958974,0.4679928277041025
1,0,False,0.5020198662769002,0.5020198662769002
1,0,False,0.5327316759400504,0.5327316759400504
0,0,True,0.5359349402220358,0.4640650597779641
1,0,False,0.5046196299946294,0.5046196299946294
1,0,False,0.5440572286553523,0.5440572286553523
0,0,True,0.5129101463143236,0.48708985368567637
1,0,False,0.5857754337386167,0.5857754337386167
1,0,False,0.5382134958112751,0.5382134958112751
1,0,False,0.5086201737564006,0.5086201737564006
0,0,True,0.5023914567173764,0.4976085432826236
1,0,False,0.5083404217868167,0.5083404217868167
1,0,False,0.5192063825607359,0.5192063825607359
1,0,False,0.5424459504982029,0.5424459504982029
1,0,False,0.5482679277754636,0.5482679277754636
1,1,True,0.5299310827373613,0.5299310827373613
0,0,True,0.5020799117706545,0.4979200882293455
1,0,False,0.5838816945307317,0.5838816945307317
1,0,False,0.5810190777299756,0.5810190777299756
1,0,False,0.5469709622211028,0.5469709622211028
1,0,False,0.5452390907274498,0.5452390907274498
1,1,True,0.5682623456910219,0.5682623456910219
1,1,True,0.5328081324829399,0.5328081324829399
1,1,True,0.5404463015429855,0.5404463015429855
1,1,True,0.5252252773171926,0.5252252773171926
1,1,True,0.5025734663391234,0.5025734663391234
1,1,True,0.5396613249472906,0.5396613249472906
1,1,True,0.5069488413528277,0.5069488413528277
1,1,True,0.5585428347293903,0.5585428347293903
1,1,True,0.5036178851131565,0.5036178851131565
1,1,True,0.5324444218721607,0.5324444218721607
0,1,False,0.5060756643583946,0.4939243356416054
1,1,True,0.5173119110323655,0.5173119110323655
1,1,True,0.5346548795905407,0.5346548795905407
1,1,True,0.5375679055454419,0.5375679055454419
1,1,True,0.5408624840778239,0.5408624840778239
0,1,False,0.5189962409878979,0.481003759012102
0,1,False,0.5136352099032852,0.4863647900967148
1,1,True,0.5363007992420761,0.5363007992420761
1,0,False,0.5275533847998546,0.5275533847998546
1,1,True,0.5269623333565299,0.5269623333565299
1,0,False,0.5570572083277888,0.5570572083277888
1,0,False,0.6283835108819346,0.6283835108819346
1,0,False,0.610326965230958,0.610326965230958
1,0,False,0.5366561300406849,0.5366561300406849
1,0,False,0.5670489650006134,0.5670489650006134
1,0,False,0.5371806013651889,0.5371806013651889
1,0,False,0.5799474053420156,0.5799474053420156
1,0,False,0.532659724169396,0.532659724169396
1,1,True,0.5310712561303325,0.5310712561303325
1,1,True,0.5379392051184793,0.5379392051184793
1,1,True,0.5300245868439927,0.5300245868439927
1,1,True,0.535777366232206,0.535777366232206
1,1,True,0.5344992020220739,0.5344992020220739
1,1,True,0.5313695784056147,0.5313695784056147
0,0,True,0.5500465795721098,0.4499534204278902
1,1,True,0.524990245934543,0.524990245934543
0,1,False,0.5382033731309547,0.4617966268690453
1,0,False,0.5388703769772857,0.5388703769772857
1,0,False,0.6009758844742201,0.6009758844742201
1,0,False,0.5664707064521919,0.5664707064521919
1,0,False,0.5712122664741646,0.5712122664741646
1,0,False,0.5651774272659681,0.5651774272659681
1,1,True,0.5900466650834816,0.5900466650834816
1,1,True,0.6205570528850086,0.6205570528850086
1,1,True,0.6013853268911928,0.6013853268911928
1,1,True,0.5844984820274428,0.5844984820274428
1,1,True,0.5756594606973596,0.5756594606973596
1,0,False,0.6210731078681009,0.6210731078681009
0,1,False,0.5351027673689088,0.46489723263109123
1,1,True,0.510637284385647,0.510637284385647
0,1,False,0.5256672864870657,0.4743327135129342
1,1,True,0.5183342331854799,0.5183342331854799
1,1,True,0.5616452152341117,0.5616452152341117
1,0,False,0.5653079188931179,0.5653079188931179
0,0,True,0.5346546436736549,0.46534535632634505
0,1,False,0.5715875707125209,0.428412429287479
0,0,True,0.5549462024314225,0.44505379756857744
1,0,False,0.507045052820049,0.507045052820049
0,0,True,0.5460115782788114,0.4539884217211885
0,0,True,0.5075115446989074,0.49248845530109253
0,0,True,0.5477489044989841,0.45225109550101583
0,0,True,0.5380197844677502,0.46198021553224977
1,0,False,0.534230798009369,0.534230798009369
1,0,False,0.5488273137570816,0.5488273137570816
1,1,True,0.5553764491525194,0.5553764491525194
1,1,True,0.5719873855579766,0.5719873855579766
1,1,True,0.5673397620507776,0.5673397620507776
1,1,True,0.5238326974377696,0.5238326974377696
0,1,False,0.5051235982809815,0.4948764017190185
1,1,True,0.5964532337856949,0.5964532337856949
0,1,False,0.5630247885741149,0.4369752114258851
0,1,False,0.522212900538813,0.477787099461187
0,1,False,0.5376846310845824,0.4623153689154175
0,1,False,0.5597675076313919,0.44023249236860806
0,1,False,0.5129691947555026,0.48703080524449743
0,1,False,0.5609984358595566,0.4390015641404434
0,1,False,0.5715827520552751,0.4284172479447248
0,0,True,0.6222783825867308,0.3777216174132691
0,0,True,0.5656162575934279,0.43438374240657207
0,1,False,0.5647631372625099,0.43523686273749007
0,0,True,0.5440763096903668,0.4559236903096331
0,0,True,0.5119201696015611,0.48807983039843905
0,1,False,0.5182374232285213,0.4817625767714787
0,1,False,0.5256311577602844,0.47436884223971576
0,1,False,0.5247465775565425,0.4752534224434575
0,1,False,0.578662706427761,0.42133729357223904
0,1,False,0.5464094746443465,0.4535905253556536
0,0,True,0.5355968605185091,0.46440313948149103
0,0,True,0.537017730188374,0.4629822698116261
0,0,True,0.5831597293060407,0.4168402706939595
0,0,True,0.592114065522517,0.40788593447748317
0,1,False,0.5547821592522745,0.44521784074772563
0,1,False,0.6282790456062765,0.37172095439372355
0,1,False,0.6048762788834031,0.395123721116597
0,1,False,0.617676847972115,0.38232315202788525
0,1,False,0.6135513200666755,0.3864486799333249
0,1,False,0.5317526317943574,0.46824736820564283
0,1,False,0.5788187893759517,0.42118121062404834
0,0,True,0.6711204498596655,0.32887955014033454
0,0,True,0.5950022454505328,0.4049977545494673
0,0,True,0.5945967834841954,0.4054032165158047
0,0,True,0.607013776790285,0.3929862232097151
0,0,True,0.6264980929699322,0.3735019070300678
0,0,True,0.5980788193737953,0.40192118062620485
0,1,False,0.5785326785000524,0.4214673214999477
0,0,True,0.6264180978963616,0.37358190210363856
0,0,True,0.5606491879840665,0.43935081201593373
0,0,True,0.5874319336722781,0.41256806632772214
0,0,True,0.5855822501060521,0.4144177498939481
0,0,True,0.5969159296973178,0.4030840703026824
0,0,True,0.5952098806914559,0.40479011930854436
0,0,True,0.5635217809728471,0.43647821902715295
0,0,True,0.5767108755843112,0.4232891244156888
0,0,True,0.5482612253739098,0.4517387746260904
1,0,False,0.5388682643396516,0.5388682643396516
1,1,True,0.5047405414479486,0.5047405414479486
1,0,False,0.5528380310953624,0.5528380310953624
1,0,False,0.5673161638158473,0.5673161638158473
1,0,False,0.5451821728195201,0.5451821728195201
1,0,False,0.6034275762651907,0.6034275762651907
1,0,False,0.546435242191802,0.546435242191802
1,0,False,0.5712515220599039,0.5712515220599039
1,0,False,0.6017767645677985,0.6017767645677985
1,0,False,0.6512890365112574,0.6512890365112574
1,1,True,0.6013811602297587,0.6013811602297587
1,1,True,0.5514859455014917,0.5514859455014917
1,1,True,0.6104021892311248,0.6104021892311248
1,1,True,0.6240250920879584,0.6240250920879584
1,1,True,0.6114594216058643,0.6114594216058643
1,0,False,0.6449462666365975,0.6449462666365975
1,0,False,0.6259433357383791,0.6259433357383791
1,0,False,0.5489516836420344,0.5489516836420344
1,0,False,0.5911921617575898,0.5911921617575898
1,0,False,0.5906697750728038,0.5906697750728038
1,0,False,0.5752030720976192,0.5752030720976192
1,0,False,0.562266122091383,0.562266122091383
1,0,False,0.58861290173216,0.58861290173216
1,0,False,0.5147752463704286,0.5147752463704286
1,0,False,0.5635303870501441,0.5635303870501441
1,0,False,0.5384850649607479,0.5384850649607479
1,1,True,0.5928064064955005,0.5928064064955005
1,1,True,0.5476931335011324,0.5476931335011324
1,1,True,0.5611220476168249,0.5611220476168249
1,1,True,0.6063215230615451,0.6063215230615451
1,1,True,0.6045719731654615,0.6045719731654615
1,1,True,0.6045426021125332,0.6045426021125332
1,1,True,0.6048837211702284,0.6048837211702284
1,1,True,0.6153237966615561,0.6153237966615561
0,1,False,0.5155959359282823,0.48440406407171777
1,1,True,0.5697137909767296,0.5697137909767296
1,1,True,0.5561603737558323,0.5561603737558323
1,0,False,0.6293475095734578,0.6293475095734578
1,0,False,0.5253278614064674,0.5253278614064674
1,0,False,0.5144930541495669,0.5144930541495669
0,0,True,0.5437964686893966,0.4562035313106034
0,0,True,0.5012089677212662,0.4987910322787339
1,0,False,0.506619918803165,0.506619918803165
1,1,True,0.518029998459614,0.518029998459614
1,1,True,0.5018184537135069,0.5018184537135069
1,1,True,0.5069382207031227,0.5069382207031227
0,1,False,0.587403238510908,0.4125967614890921
0,1,False,0.5516673026361032,0.4483326973638969
0,0,True,0.5251210960794616,0.4748789039205385
1,0,False,0.5991106589368974,0.5991106589368974
1,0,False,0.5688310388185165,0.5688310388185165
0,1,False,0.5026917573666223,0.4973082426333778
1,1,True,0.5384083114792042,0.5384083114792042
0,1,False,0.5109829347490944,0.4890170652509057
0,1,False,0.5871113910980781,0.41288860890192197
1,0,False,0.5343267188892131,0.5343267188892131
1,1,True,0.5342160096157091,0.5342160096157091
1,1,True,0.5173086807232636,0.5173086807232636
1,1,True,0.5252508721529511,0.5252508721529511
0,1,False,0.501858580824388,0.4981414191756121
1,1,True,0.5240308685647391,0.5240308685647391
1,1,True,0.5096633497227006,0.5096633497227006
1,0,False,0.5576085815254018,0.5576085815254018
1,0,False,0.5815645455944944,0.5815645455944944
1,0,False,0.6014012648249858,0.6014012648249858
1,0,False,0.5469654613589346,0.5469654613589346
1,0,False,0.6369451176500984,0.6369451176500984
1,0,False,0.5943352336404522,0.5943352336404522
1,0,False,0.5973739015836101,0.5973739015836101
1,1,True,0.5125923444238645,0.5125923444238645
1,1,True,0.5065019359126663,0.5065019359126663
1,1,True,0.5172341704809698,0.5172341704809698
1,1,True,0.5311663017882691,0.5311663017882691
0,0,True,0.5041138871350476,0.4958861128649525
1,0,False,0.5811017152822614,0.5811017152822614
0,0,True,0.5186102739309375,0.48138972606906244
0,0,True,0.5166397555162742,0.48336024448372583
1,0,False,0.5730384775634412,0.5730384775634412
1,0,False,0.5820631929345867,0.5820631929345867
1,0,False,0.5705938600852596,0.5705938600852596
1,1,True,0.5410312946590918,0.5410312946590918
1,1,True,0.5542558554283459,0.5542558554283459
1,1,True,0.5649733101460437,0.5649733101460437
1,1,True,0.5923869380517776,0.5923869380517776
1,1,True,0.6273685131932759,0.6273685131932759
1,1,True,0.5742117517363068,0.5742117517363068
1,0,False,0.5937191036251537,0.5937191036251537
0,0,True,0.5083173426507217,0.49168265734927835
1,0,False,0.6243768962275913,0.6243768962275913
1,0,False,0.6074006886852659,0.6074006886852659
1,0,False,0.5563370823969995,0.5563370823969995
1,0,False,0.594931268332552,0.594931268332552
1,0,False,0.5167762491214232,0.5167762491214232
1,0,False,0.6060366398131523,0.6060366398131523
1,1,True,0.5638724389343482,0.5638724389343482
1,1,True,0.6210354372419233,0.6210354372419233
1,1,True,0.6309468621219751,0.6309468621219751
1,1,True,0.618547096286463,0.618547096286463
1,1,True,0.5975324931636581,0.5975324931636581
1,0,False,0.5893946763514248,0.5893946763514248
1,0,False,0.5460302462774929,0.5460302462774929
1,0,False,0.6558333123091649,0.6558333123091649
1,0,False,0.6187273928157336,0.6187273928157336
1,0,False,0.6620647629733114,0.6620647629733114
1,1,True,0.6241226509900111,0.6241226509900111
1,1,True,0.6013841785956814,0.6013841785956814
1,1,True,0.5385058547547192,0.5385058547547192
1,1,True,0.5278230487532976,0.5278230487532976
1,1,True,0.5296129801857749,0.5296129801857749
1,1,True,0.5346177803517742,0.5346177803517742
1,1,True,0.593595928697779,0.593595928697779
1,1,True,0.5969156295144289,0.5969156295144289
1,1,True,0.5141753919599885,0.5141753919599885
1,1,True,0.5039803917339116,0.5039803917339116
1,1,True,0.5290875232245901,0.5290875232245901
1,1,True,0.5002437098543794,0.5002437098543794
0,1,False,0.529690061789098,0.47030993821090195
0,1,False,0.5389438600277774,0.4610561399722226
0,1,False,0.5511429382916239,0.448857061708376
0,1,False,0.5285912424349491,0.47140875756505085
0,1,False,0.5234984500386737,0.4765015499613264
0,1,False,0.5441440378321377,0.4558559621678623
0,0,True,0.5346505744800165,0.46534942551998343
0,0,True,0.5385693084492645,0.4614306915507354
1,1,True,0.5073280421165178,0.5073280421165178
0,1,False,0.5045423316754791,0.49545766832452076
0,0,True,0.5150242800448297,0.48497571995517025
0,0,True,0.5178937970110042,0.48210620298899565
0,0,True,0.5351846979761539,0.464815302023846
0,1,False,0.5179638031932513,0.4820361968067486
0,1,False,0.5433093343028578,0.4566906656971421
0,1,False,0.5303513789219327,0.46964862107806726
0,1,False,0.5548890925186799,0.4451109074813201
0,1,False,0.5733101596208696,0.4266898403791304
0,1,False,0.5680889808666082,0.4319110191333918
0,1,False,0.5825988897142614,0.41740111028573856
0,1,False,0.5842609078782799,0.41573909212172006
0,0,True,0.5329489746101101,0.46705102538988974
0,0,True,0.5731654069146179,0.4268345930853821
0,0,True,0.5334237234032436,0.46657627659675627
0,1,False,0.5118206774331824,0.4881793225668175
1,1,True,0.5522786775335607,0.5522786775335607
1,1,True,0.5296422613305432,0.5296422613305432
0,1,False,0.521322552348973,0.478677447651027
0,0,True,0.5281096852449019,0.47189031475509824
1,0,False,0.5176907282438945,0.5176907282438945
1,0,False,0.5602530869913993,0.5602530869913993
0,0,True,0.5014987557236765,0.49850124427632336
0,0,True,0.5138617335383198,0.4861382664616801
1,0,False,0.5589416713255398,0.5589416713255398
1,0,False,0.5620098992130638,0.5620098992130638
1,1,True,0.5381735348009737,0.5381735348009737
1,0,False,0.5100021408743332,0.5100021408743332
1,0,False,0.5342788499819049,0.5342788499819049
1,1,True,0.522811370439687,0.522811370439687
1,0,False,0.5087408242323299,0.5087408242323299
0,0,True,0.5913913459978921,0.40860865400210794
1,0,False,0.517197989367381,0.517197989367381
1,0,False,0.5866162222570557,0.5866162222570557
1,0,False,0.5037811954281126,0.5037811954281126
1,0,False,0.5589649415786762,0.5589649415786762
0,0,True,0.5382256745825525,0.46177432541744756
0,0,True,0.5391360873665971,0.4608639126334029
0,0,True,0.5658878462701509,0.43411215372984924
1,0,False,0.5416803728569834,0.5416803728569834
1,0,False,0.5610557025007625,0.5610557025007625
0,0,True,0.5025455487888308,0.49745445121116916
1,1,True,0.5904408172918946,0.5904408172918946
0,1,False,0.5145623601070839,0.4854376398929162
0,1,False,0.5191138822157502,0.48088611778424994
0,1,False,0.5114072710097631,0.488592728990237
0,1,False,0.5090255424165326,0.49097445758346736
1,0,False,0.5497342764160242,0.5497342764160242
1,0,False,0.5261188323356784,0.5261188323356784
0,0,True,0.5895101343723703,0.4104898656276298
1,0,False,0.5579667884425898,0.5579667884425898
0,0,True,0.5097797544840025,0.49022024551599763
1,0,False,0.5731648361390702,0.5731648361390702
1,0,False,0.5341783362390078,0.5341783362390078
1,0,False,0.6241511010246792,0.6241511010246792
1,1,True,0.5081332134003099,0.5081332134003099
1,0,False,0.5918850641212727,0.5918850641212727
1,0,False,0.5190307173728749,0.5190307173728749
0,1,False,0.520129811011239,0.479870188988761
0,0,True,0.5501862927693282,0.4498137072306719
0,0,True,0.5461423429551969,0.4538576570448032
1,0,False,0.5130558382524428,0.5130558382524428
0,0,True,0.5193963365403081,0.48060366345969197
1,0,False,0.573938269915703,0.573938269915703
1,0,False,0.511417552411575,0.511417552411575
1,1,True,0.5341879560278063,0.5341879560278063
0,1,False,0.51666233948475,0.48333766051525007
1,0,False,0.5187146504130722,0.5187146504130722
1,0,False,0.5239675329429608,0.5239675329429608
1,0,False,0.5020194943392322,0.5020194943392322
1,0,False,0.5330716199283636,0.5330716199283636
1,1,True,0.5086433999552812,0.5086433999552812
1,1,True,0.5243313570081038,0.5243313570081038
0,1,False,0.5142547927320257,0.4857452072679742
0,1,False,0.5231299538824672,0.4768700461175327
0,1,False,0.5288751761010456,0.47112482389895427
1,0,False,0.5284237858100415,0.5284237858100415
1,1,True,0.5646474228417999,0.5646474228417999
0,1,False,0.5073727656997695,0.4926272343002305
1,1,True,0.5005785848975596,0.5005785848975596
1,1,True,0.5498592775568196,0.5498592775568196
0,1,False,0.5042435536212626,0.4957564463787374
1,1,True,0.5127464431246582,0.5127464431246582
0,1,False,0.5189752531783953,0.4810247468216047
0,1,False,0.5276515231972558,0.47234847680274406
0,0,True,0.5272098496156798,0.4727901503843202
0,0,True,0.5501006921901678,0.4498993078098322
1,1,True,0.5416614943430679,0.5416614943430679
0,0,True,0.524829433490507,0.47517056650949296
0,0,True,0.5302166975753,0.4697833024246999
0,0,True,0.5244514541537497,0.4755485458462502
0,1,False,0.5610737639475595,0.4389262360524404
1,1,True,0.5086476313472676,0.5086476313472676
0,0,True,0.535575493435209,0.46442450656479095
0,0,True,0.5139809318820725,0.4860190681179275
0,0,True,0.5006495981600931,0.49935040183990687
1,0,False,0.5563135444363302,0.5563135444363302
1,0,False,0.5250115050992434,0.5250115050992434
0,1,False,0.518240768715591,0.48175923128440895
1,1,True,0.5888870902182226,0.5888870902182226
1,1,True,0.5007677430597663,0.5007677430597663
1,1,True,0.5467203687356105,0.5467203687356105
1,1,True,0.5687760706376919,0.5687760706376919
0,0,True,0.5070245171776296,0.49297548282237025
1,1,True,0.5111775912418068,0.5111775912418068
1,0,False,0.5611013200542814,0.5611013200542814
1,1,True,0.5563225608774851,0.5563225608774851
0,1,False,0.518690734058419,0.48130926594158085
1,1,True,0.5314806090267816,0.5314806090267816
1,1,True,0.5507808702957208,0.5507808702957208
1,0,False,0.557206467485678,0.557206467485678
0,0,True,0.5151251672635098,0.48487483273649024
0,0,True,0.5509597774260564,0.44904022257394355
0,0,True,0.5489371933232535,0.4510628066767464
0,0,True,0.5232269511092166,0.4767730488907834
0,0,True,0.5168962824472159,0.48310371755278414
0,0,True,0.5053756384070767,0.4946243615929232
1,0,False,0.5227516194989782,0.5227516194989782
0,0,True,0.5294259728026288,0.47057402719737107
0,1,False,0.502339334917403,0.497660665082597
1,1,True,0.5328391697409947,0.5328391697409947
1,1,True,0.5551635404377191,0.5551635404377191
0,1,False,0.5583368989618473,0.4416631010381527
0,1,False,0.5299405741897419,0.47005942581025795
0,0,True,0.5007226453188993,0.4992773546811007
1,0,False,0.5789012547471637,0.5789012547471637
1,0,False,0.561716716280501,0.561716716280501
1,0,False,0.5362214999964221,0.5362214999964221
1,0,False,0.5411601098825877,0.5411601098825877
1,0,False,0.5345236793587147,0.5345236793587147
1,1,True,0.5304393296342989,0.5304393296342989
1,1,True,0.5636423314483576,0.5636423314483576
1,1,True,0.5445037721297485,0.5445037721297485
1,1,True,0.5547059604147802,0.5547059604147802
0,1,False,0.5046080335246681,0.495391966475332
1,0,False,0.5760041215638587,0.5760041215638587
1,0,False,0.5329407170889899,0.5329407170889899
1,0,False,0.5904121176418999,0.5904121176418999
0,0,True,0.5384238557848778,0.4615761442151223
0,0,True,0.5004471017536853,0.49955289824631466
1,1,True,0.5706103548830534,0.5706103548830534
1,1,True,0.5826850947685331,0.5826850947685331
1,1,True,0.5739639336615247,0.5739639336615247
1,1,True,0.5720840230376074,0.5720840230376074
1,1,True,0.5593189904782905,0.5593189904782905
1,1,True,0.6053970974659902,0.6053970974659902
1,1,True,0.563694768575809,0.563694768575809
1,1,True,0.5311317637071995,0.5311317637071995
0,1,False,0.5244276476431236,0.47557235235687634
0,1,False,0.5256744392099462,0.4743255607900537
0,1,False,0.5709519736063549,0.429048026393645
0,1,False,0.52231390760633,0.4776860923936701
0,0,True,0.5975360738385295,0.40246392616147075
0,0,True,0.6055442663017508,0.39445573369824927
0,0,True,0.5983380042513059,0.40166199574869427
0,0,True,0.6007611321541833,0.3992388678458168
0,0,True,0.588508253539603,0.4114917464603972
0,0,True,0.5589852749496669,0.44101472505033323
0,1,False,0.588694095504552,0.4113059044954482
0,1,False,0.5407150543663972,0.45928494563360295
0,1,False,0.5075228231474491,0.492477176852551
1,1,True,0.5273190250013047,0.5273190250013047
1,1,True,0.5384087191424561,0.5384087191424561
0,1,False,0.5629833442623294,0.43701665573767073
0,1,False,0.6289903595827313,0.3710096404172689
0,1,False,0.6423727389142679,0.3576272610857323
0,1,False,0.5232615525526483,0.4767384474473517
0,1,False,0.5634829454113377,0.43651705458866247
0,1,False,0.5581345387903647,0.4418654612096353
0,1,False,0.6089257690052733,0.39107423099472677
0,1,False,0.6231401576181013,0.37685984238189874
0,1,False,0.5993792032603759,0.40062079673962414
0,1,False,0.6040973155103355,0.3959026844896646
0,1,False,0.618236687749665,0.38176331225033516
0,1,False,0.6046721737707452,0.3953278262292549
0,1,False,0.6133549009580157,0.38664509904198446
0,1,False,0.5957055411959016,0.40429445880409864
0,0,True,0.5926104454650963,0.4073895545349038
0,1,False,0.5907814181333881,0.4092185818666119
0,1,False,0.5961814827501777,0.4038185172498222
0,0,True,0.589197502710167,0.410802497289833
0,0,True,0.6200737925957096,0.37992620740429056
0,1,False,0.6122777957574237,0.3877222042425764
0,1,False,0.5952020702634816,0.4047979297365185
0,0,True,0.5530998500414999,0.4469001499585001
0,1,False,0.602198651323673,0.39780134867632705
0,0,True,0.5086538063220705,0.49134619367792953
0,0,True,0.5178394856724516,0.4821605143275484
0,0,True,0.5546406449960037,0.4453593550039963
0,0,True,0.5093972032543697,0.49060279674563045
1,0,False,0.5387614020718259,0.5387614020718259
0,1,False,0.5027896531114284,0.49721034688857163
0,1,False,0.5683153161940034,0.4316846838059966
0,1,False,0.5670551147260654,0.4329448852739347
0,1,False,0.5182173060240439,0.4817826939759561
0,0,True,0.5268767116981767,0.4731232883018235
1,0,False,0.5151889056328689,0.5151889056328689
0,0,True,0.5329870586044207,0.4670129413955795
0,0,True,0.5648174868346747,0.4351825131653253
1,0,False,0.6348534628110867,0.6348534628110867
0,0,True,0.5073691680356323,0.49263083196436785
1,1,True,0.6241243593549516,0.6241243593549516
1,1,True,0.5959079530824014,0.5959079530824014
1,1,True,0.6539622472439174,0.6539622472439174
1,1,True,0.6202618895678238,0.6202618895678238
1,1,True,0.6275458771078837,0.6275458771078837
1,0,False,0.5537507761440644,0.5537507761440644
1,0,False,0.6208395124209514,0.6208395124209514
0,0,True,0.6051358174194663,0.39486418258053363
0,1,False,0.6177146207578319,0.3822853792421682
1,0,False,0.6147236363322124,0.6147236363322124
1,1,True,0.5336969036101598,0.5336969036101598
1,1,True,0.5420019398626876,0.5420019398626876
1,1,True,0.5134809045247709,0.5134809045247709
1,0,False,0.6184218046984589,0.6184218046984589
1,1,True,0.5610194133214398,0.5610194133214398
1,0,False,0.6507902144737998,0.6507902144737998
1,1,True,0.5973747269994337,0.5973747269994337
0,1,False,0.5274562080577001,0.4725437919423
1,1,True,0.6432989548659438,0.6432989548659438
1,1,True,0.589478668084439,0.589478668084439
1,1,True,0.548848125515946,0.548848125515946
1,1,True,0.5917631558453988,0.5917631558453988
1,1,True,0.5824097721332013,0.5824097721332013
1,1,True,0.5661560956051428,0.5661560956051428
0,1,False,0.5651546875917448,0.43484531240825525
0,1,False,0.5544773402061374,0.4455226597938626
0,1,False,0.5177550399023321,0.482244960097668
0,1,False,0.5388815376504661,0.46111846234953396
0,1,False,0.5307560315816104,0.46924396841838956
0,1,False,0.5726559685752524,0.42734403142474775
0,1,False,0.567640977495127,0.43235902250487307
0,1,False,0.5721497004796713,0.4278502995203288
0,1,False,0.5974293790102803,0.40257062098971985
0,1,False,0.5671029481427357,0.43289705185726435
0,1,False,0.6021614060569209,0.3978385939430792
0,1,False,0.543298526451346,0.4567014735486542
0,1,False,0.5376598928607494,0.46234010713925067
0,1,False,0.543041924582399,0.45695807541760103
0,1,False,0.552003667744924,0.447996332255076
0,1,False,0.5891592356490246,0.41084076435097544
0,1,False,0.5830183422184021,0.4169816577815981
0,0,True,0.5200651669217846,0.4799348330782156
0,0,True,0.5799104152785984,0.4200895847214016
0,0,True,0.5786420376505168,0.42135796234948336
0,0,True,0.5556343303543723,0.44436566964562774
0,0,True,0.5047746701791929,0.49522532982080714
1,0,False,0.5220128622223253,0.5220128622223253
0,0,True,0.514733999855109,0.48526600014489096
0,0,True,0.542438553530792,0.45756144646920793
0,0,True,0.5601852426549014,0.43981475734509856
0,0,True,0.543846843813411,0.4561531561865891
0,1,False,0.5052183978360304,0.4947816021639696
1,1,True,0.5268958928122407,0.5268958928122407
1,0,False,0.5099148888471787,0.5099148888471787
0,1,False,0.5147115530573082,0.4852884469426919
0,1,False,0.5179712054661103,0.4820287945338898
0,1,False,0.5893690976355773,0.4106309023644228
0,0,True,0.6508621898740194,0.34913781012598066
0,0,True,0.5966572490106944,0.4033427509893057
0,0,True,0.5652954361091491,0.43470456389085077
0,0,True,0.5151735910988008,0.4848264089011993
0,1,False,0.5459562613718174,0.4540437386281827
0,1,False,0.5435620563835682,0.4564379436164318
1,1,True,0.53012566618146,0.53012566618146
1,0,False,0.5390595230772065,0.5390595230772065
1,1,True,0.5128406137390957,0.5128406137390957
0,0,True,0.5558254084352358,0.4441745915647643
0,0,True,0.6014432910915244,0.39855670890847567
0,0,True,0.534353662469915,0.4656463375300851
1,1,True,0.5004462983084212,0.5004462983084212
1,0,False,0.6055738029400523,0.6055738029400523
1,0,False,0.5185873258741655,0.5185873258741655
1,0,False,0.5359408366968889,0.5359408366968889
1,0,False,0.5299640897952789,0.5299640897952789
1,0,False,0.5409085820977029,0.5409085820977029
1,0,False,0.5877518678774718,0.5877518678774718
1,0,False,0.605120921986862,0.605120921986862
1,1,True,0.5813948319409817,0.5813948319409817
1,1,True,0.5998589852792824,0.5998589852792824
1,1,True,0.59026024090298,0.59026024090298
1,1,True,0.5839202539943587,0.5839202539943587
1,1,True,0.5989310574005728,0.5989310574005728
1,1,True,0.5857935531741342,0.5857935531741342
1,0,False,0.5391123805486066,0.5391123805486066
0,0,True,0.501068010857061,0.4989319891429392
0,1,False,0.5201380899999808,0.4798619100000193
1,1,True,0.5031252424723193,0.5031252424723193
0,1,False,0.5049615793131361,0.4950384206868638
1,1,True,0.5177055144839708,0.5177055144839708
1,1,True,0.577716675243589,0.577716675243589
1,1,True,0.5238365207015616,0.5238365207015616
1,1,True,0.5406434808113085,0.5406434808113085
1,1,True,0.5507662876246155,0.5507662876246155
0,1,False,0.5455684564677562,0.4544315435322438
0,1,False,0.5564009700343368,0.4435990299656632
0,1,False,0.5217346181429297,0.47826538185707035
1,1,True,0.5080461212523878,0.5080461212523878
1,1,True,0.5237421333541646,0.5237421333541646
0,1,False,0.5524549067147243,0.44754509328527586
0,0,True,0.5485788615498431,0.45142113845015686
0,0,True,0.6311772204380741,0.368822779561926
0,0,True,0.5226613892436945,0.47733861075630535
1,1,True,0.5433905323633488,0.5433905323633488
1,0,False,0.5200567947152724,0.5200567947152724
0,1,False,0.5163915688618724,0.4836084311381277
0,0,True,0.5795869922239655,0.4204130077760345
0,0,True,0.6117425363398115,0.38825746366018865
0,0,True,0.600122147287976,0.3998778527120241
0,0,True,0.5443424394135536,0.4556575605864463
0,0,True,0.5687270401170126,0.4312729598829876
1,0,False,0.5009729429134109,0.5009729429134109
1,0,False,0.5197005051913544,0.5197005051913544
1,0,False,0.6071622007254363,0.6071622007254363
1,0,False,0.5404084222729102,0.5404084222729102
1,0,False,0.5816853253864986,0.5816853253864986
1,0,False,0.5697515541817998,0.5697515541817998
0,0,True,0.525135703988427,0.474864296011573
1,0,False,0.5709130838103426,0.5709130838103426
1,1,True,0.5297962723584935,0.5297962723584935
1,0,False,0.6043520215157987,0.6043520215157987
1,1,True,0.6311468263408713,0.6311468263408713
1,1,True,0.6218202541278655,0.6218202541278655
1,1,True,0.6169125403365626,0.6169125403365626
1,1,True,0.504601857385965,0.504601857385965
0,1,False,0.5015327743825845,0.49846722561741563
0,1,False,0.5004650655053059,0.499534934494694
0,1,False,0.5198490908714519,0.4801509091285481
0,1,False,0.5212345254589973,0.47876547454100266
0,1,False,0.521564661391561,0.4784353386084389
1,1,True,0.5128975602624932,0.5128975602624932
1,1,True,0.5304262137596707,0.5304262137596707
0,1,False,0.5129183886206818,0.4870816113793181
1,1,True,0.5220129101611319,0.5220129101611319
1,1,True,0.5965814287924024,0.5965814287924024
1,1,True,0.558883654411991,0.558883654411991
0,1,False,0.530366007493769,0.46963399250623084
1,1,True,0.5678984016861518,0.5678984016861518
1,1,True,0.5616517366027902,0.5616517366027902
0,1,False,0.5211154688384106,0.47888453116158936
1,1,True,0.541748761158812,0.541748761158812
0,1,False,0.5523523305571693,0.44764766944283096
0,0,True,0.5433575257642815,0.45664247423571847
0,0,True,0.5576635832486808,0.4423364167513192
0,0,True,0.5638425789311172,0.4361574210688829
0,1,False,0.568824404122437,0.4311755958775631
0,0,True,0.5424670971016812,0.4575329028983189
1,0,False,0.5123180426590129,0.5123180426590129
1,0,False,0.533902250741378,0.533902250741378
1,0,False,0.54666599277995,0.54666599277995
0,0,True,0.5106384020234249,0.48936159797657514
0,0,True,0.5287954863617412,0.47120451363825877
1,0,False,0.5461263204818713,0.5461263204818713
1,0,False,0.5953884262767136,0.5953884262767136
1,1,True,0.5731178460243809,0.5731178460243809
0,1,False,0.5017228854428502,0.49827711455714996
0,1,False,0.5618018973776782,0.43819810262232173
0,1,False,0.6216233208031312,0.37837667919686874
0,1,False,0.5594496205342714,0.4405503794657286
0,1,False,0.5591199656283226,0.44088003437167755
0,1,False,0.591387448892292,0.408612551107708
0,1,False,0.5868947896524468,0.4131052103475533
0,1,False,0.5533565199659739,0.4466434800340263
0,1,False,0.5127735594990669,0.4872264405009332
0,1,False,0.5510125016664152,0.4489874983335848
0,1,False,0.5302408318762731,0.46975916812372687
0,1,False,0.5881496798364122,0.41185032016358786
0,1,False,0.5945850361225637,0.40541496387743625
1,0,False,0.5475788596794067,0.5475788596794067
1,0,False,0.5700508194855957,0.5700508194855957
1,0,False,0.5794535711030958,0.5794535711030958
0,0,True,0.5906094819809751,0.40939051801902504
0,0,True,0.6555155216449862,0.3444844783550139
0,0,True,0.6755608416583403,0.32443915834165976
0,1,False,0.6817490177807815,0.31825098221921855
0,0,True,0.6526815112315416,0.34731848876845844
0,1,False,0.6534094558052942,0.3465905441947058
0,1,False,0.5065646865671394,0.4934353134328606
1,1,True,0.574688969159003,0.574688969159003
0,1,False,0.5442142861179992,0.45578571388200095
0,1,False,0.5201038575070698,0.4798961424929302
1,0,False,0.5316608121410574,0.5316608121410574
0,0,True,0.5441864277781342,0.4558135722218659
1,0,False,0.5106609295543585,0.5106609295543585
0,0,True,0.5939565194027567,0.4060434805972434
0,0,True,0.5417199654611731,0.4582800345388269
0,0,True,0.6543556771664472,0.34564432283355284
0,0,True,0.5883246195652241,0.41167538043477603
1,0,False,0.5544816923068643,0.5544816923068643
1,0,False,0.5244783906962115,0.5244783906962115
1,0,False,0.5264367481308609,0.5264367481308609
0,1,False,0.5224980027914093,0.47750199720859077
1,1,True,0.5084928570719547,0.5084928570719547
0,0,True,0.5345107783569031,0.46548922164309703
1,1,True,0.5024281387428866,0.5024281387428866
1,1,True,0.5202516043552956,0.5202516043552956
0,1,False,0.5203407135384389,0.4796592864615611
0,1,False,0.5626405363537617,0.43735946364623834
0,1,False,0.5834184747400697,0.41658152525993053
0,1,False,0.5290810283884604,0.4709189716115397
0,1,False,0.5229485953248076,0.47705140467519247
1,1,True,0.5131508491523944,0.5131508491523944
1,1,True,0.5041383006835473,0.5041383006835473
1,1,True,0.5118953375467566,0.5118953375467566
0,1,False,0.5734041343782481,0.426595865621752
0,1,False,0.5638295375645743,0.4361704624354257
0,1,False,0.5446571382782646,0.4553428617217355
0,0,True,0.5154890009591022,0.48451099904089795
0,0,True,0.5050749259615452,0.49492507403845487
0,0,True,0.520570560605123,0.4794294393948771
0,0,True,0.5112336676804999,0.4887663323195002
1,0,False,0.5591723372497023,0.5591723372497023
0,0,True,0.5089221010151804,0.4910778989848196
1,1,True,0.6124142966754476,0.6124142966754476
1,1,True,0.560812272287718,0.560812272287718
1,0,False,0.5822719645712515,0.5822719645712515
1,1,True,0.5600053739846473,0.5600053739846473
1,1,True,0.506004383595271,0.506004383595271
0,1,False,0.5572940076394808,0.4427059923605193
0,1,False,0.5230529186616483,0.47694708133835173
0,1,False,0.5276619962825313,0.47233800371746876
1,0,False,0.5035219137952277,0.5035219137952277
0,0,True,0.5090655094302501,0.49093449056974997
0,0,True,0.5016174525306116,0.4983825474693885
1,0,False,0.5116703898345186,0.5116703898345186
0,0,True,0.5363185796216443,0.46368142037835564
1,0,False,0.5932676218745584,0.5932676218745584
0,0,True,0.5018879487063261,0.498112051293674
1,1,True,0.5453629684404293,0.5453629684404293
1,1,True,0.5444009451010565,0.5444009451010565
1,0,False,0.52504380914016,0.52504380914016
0,1,False,0.5275745532850046,0.47242544671499553
0,1,False,0.5407898902931254,0.4592101097068747
0,1,False,0.555097121737505,0.44490287826249497
0,1,False,0.5752398360597195,0.4247601639402806
0,1,False,0.5490480217669893,0.4509519782330108
0,1,False,0.5004748562798168,0.4995251437201833
1,1,True,0.515417548382558,0.515417548382558
0,1,False,0.526079151754522,0.4739208482454781
1,0,False,0.5369288828751156,0.5369288828751156
1,0,False,0.5620150721418696,0.5620150721418696
1,0,False,0.5748361607461917,0.5748361607461917
1,1,True,0.5555595591614105,0.5555595591614105
1,1,True,0.5320549322770329,0.5320549322770329
0,1,False,0.5139665333255842,0.4860334666744158
1,1,True,0.5859496373312905,0.5859496373312905
1,1,True,0.5432518604786432,0.5432518604786432
1,1,True,0.5790393849379815,0.5790393849379815
1,0,False,0.5446601113431612,0.5446601113431612
1,1,True,0.5647364268800699,0.5647364268800699
1,1,True,0.5543827639409455,0.5543827639409455
1,1,True,0.5619823892478594,0.5619823892478594
1,1,True,0.5229144601908621,0.5229144601908621
1,1,True,0.5271890321392934,0.5271890321392934
0,1,False,0.5442611215732148,0.45573887842678507
1,1,True,0.5151325127270302,0.5151325127270302
0,1,False,0.5381217134539648,0.4618782865460352
0,1,False,0.5302985255293771,0.4697014744706228
0,1,False,0.5461000389672206,0.4538999610327793
1,1,True,0.5110952484584128,0.5110952484584128
0,1,False,0.5609135662135244,0.4390864337864755
0,1,False,0.6195851274389386,0.3804148725610613
0,1,False,0.6225240117737632,0.3774759882262368
0,1,False,0.5520957282542301,0.44790427174576986
0,1,False,0.5375711852483267,0.4624288147516733
0,1,False,0.5391590663579665,0.4608409336420335
0,1,False,0.5517968727154211,0.44820312728457895
0,1,False,0.6174149867099937,0.3825850132900064
0,0,True,0.5990119401321375,0.4009880598678625
0,1,False,0.5647226118707724,0.43527738812922756
0,0,True,0.582669371962389,0.41733062803761106
0,0,True,0.5812715793137353,0.4187284206862647
0,1,False,0.5897751396661401,0.41022486033385996
0,1,False,0.5610643002843606,0.43893569971563945
0,0,True,0.6083362518936795,0.3916637481063206
0,1,False,0.5960256319309715,0.40397436806902853
0,1,False,0.5081450996583029,0.49185490034169715
0,0,True,0.5716323750543241,0.42836762494567593
0,0,True,0.6151271803102143,0.38487281968978587
0,0,True,0.5558319633698663,0.4441680366301337
0,1,False,0.6091061297745065,0.3908938702254935
0,1,False,0.556450984463561,0.44354901553643905
0,1,False,0.5573812448836859,0.4426187551163142
0,1,False,0.5504210729961379,0.44957892700386226
0,1,False,0.5977979339481386,0.4022020660518615
0,1,False,0.5224422322438322,0.47755776775616793
0,1,False,0.5521585537291634,0.44784144627083666
0,1,False,0.5688423996796085,0.4311576003203915
0,1,False,0.552242496235018,0.447757503764982
0,1,False,0.5558587880261856,0.4441412119738145
0,0,True,0.5090387242800446,0.4909612757199554
1,0,False,0.5163569953723884,0.5163569953723884
1,0,False,0.502277891817495,0.502277891817495
0,0,True,0.5027945858036551,0.497205414196345
0,0,True,0.5403700850151618,0.4596299149848383
0,0,True,0.5344123650137804,0.4655876349862196
1,1,True,0.5354508242387512,0.5354508242387512
1,0,False,0.5625686677835506,0.5625686677835506
1,0,False,0.5356237843155454,0.5356237843155454
1,0,False,0.5160991029291955,0.5160991029291955
1,0,False,0.5361619483045418,0.5361619483045418
0,0,True,0.5277771834287924,0.4722228165712077
0,0,True,0.5463174276296554,0.4536825723703446
0,1,False,0.557283074103577,0.442716925896423
1,1,True,0.531862495024511,0.531862495024511
1,1,True,0.5465690610117336,0.5465690610117336
1,1,True,0.5686719486233089,0.5686719486233089
1,0,False,0.6106907378583347,0.6106907378583347
0,1,False,0.5472037900888939,0.45279620991110614
0,0,True,0.5330864880512616,0.46691351194873854
0,0,True,0.5325482241640663,0.4674517758359337
0,0,True,0.519817600054362,0.4801823999456382
1,0,False,0.5006337018987665,0.5006337018987665
1,0,False,0.5383129795924292,0.5383129795924292
1,0,False,0.5284589306583727,0.5284589306583727
1,0,False,0.5603906471735797,0.5603906471735797
1,0,False,0.5711196676535244,0.5711196676535244
1,0,False,0.5780069296052243,0.5780069296052243
1,0,False,0.573797487743378,0.573797487743378
1,1,True,0.5514256655347617,0.5514256655347617
1,1,True,0.5259564768137535,0.5259564768137535
0,1,False,0.5110340023673328,0.4889659976326673
1,1,True,0.6396167072875676,0.6396167072875676
1,0,False,0.6543366620893478,0.6543366620893478
0,1,False,0.575650584486435,0.424349415513565
0,1,False,0.5934351212682702,0.40656487873172975
0,1,False,0.5752512807461745,0.4247487192538256
0,1,False,0.5747205421931141,0.425279457806886
0,1,False,0.5210098309771538,0.47899016902284625
1,1,True,0.568125611549749,0.568125611549749
0,1,False,0.5284801497585355,0.4715198502414645
0,1,False,0.5154609649788048,0.48453903502119533
0,1,False,0.5111188602360434,0.48888113976395686
1,1,True,0.5751733049069375,0.5751733049069375
0,1,False,0.5190256533709651,0.48097434662903493
0,1,False,0.6064781752608523,0.3935218247391477
0,1,False,0.5070944835896006,0.49290551641039937
0,0,True,0.5519990410668613,0.44800095893313874
0,1,False,0.5549378351191716,0.4450621648808285
0,1,False,0.5226889863802514,0.4773110136197487
0,0,True,0.5264093419208535,0.4735906580791466
0,0,True,0.558725609262969,0.4412743907370311
0,0,True,0.5585192926270934,0.4414807073729068
0,0,True,0.5720216203606233,0.4279783796393768
0,0,True,0.5607246236751217,0.43927537632487823
0,0,True,0.5698644712338503,0.4301355287661497
1,0,False,0.5090672780248484,0.5090672780248484
1,0,False,0.5214575576216858,0.5214575576216858
1,1,True,0.5266018155280626,0.5266018155280626
1,1,True,0.5116058284467077,0.5116058284467077
1,1,True,0.5632084314925322,0.5632084314925322
1,1,True,0.5409788257322825,0.5409788257322825
1,1,True,0.5414471171894671,0.5414471171894671
0,0,True,0.5111569040390889,0.48884309596091113
1,0,False,0.58522855632164,0.58522855632164
1,1,True,0.6023799279229735,0.6023799279229735
1,0,False,0.5938698831771807,0.5938698831771807
1,0,False,0.5813511859354752,0.5813511859354752
1,0,False,0.581349094166914,0.581349094166914
1,0,False,0.5892986447599495,0.5892986447599495
1,0,False,0.5644206270924089,0.5644206270924089
1,1,True,0.5803509234793225,0.5803509234793225
1,1,True,0.5776520585462881,0.5776520585462881
1,1,True,0.5541505738063328,0.5541505738063328
1,1,True,0.5784513749226744,0.5784513749226744
0,1,False,0.5585305961028479,0.44146940389715206
0,1,False,0.5523664829051799,0.44763351709482013
0,0,True,0.56899448905537,0.4310055109446299
0,0,True,0.5228989266224144,0.4771010733775856
0,0,True,0.5540559492625098,0.4459440507374901
0,1,False,0.5362099773630713,0.4637900226369287
0,0,True,0.5581895361330925,0.4418104638669075
0,0,True,0.5472071941002425,0.45279280589975746
0,0,True,0.6172186431124864,0.3827813568875135
0,1,False,0.5049203522351725,0.4950796477648275
1,0,False,0.514389725038939,0.514389725038939
1,0,False,0.5104207073113993,0.5104207073113993
1,1,True,0.5329011386974721,0.5329011386974721
0,1,False,0.5106820493847412,0.4893179506152588
1,1,True,0.5028603079026963,0.5028603079026963
1,1,True,0.5497073622275733,0.5497073622275733
1,1,True,0.5444588414503414,0.5444588414503414
0,1,False,0.5115166780296956,0.4884833219703043
1,0,False,0.5220994161560971,0.5220994161560971
1,0,False,0.6006444410427955,0.6006444410427955
1,0,False,0.5522036668898658,0.5522036668898658
1,1,True,0.5269912414053837,0.5269912414053837
1,1,True,0.5838056815993136,0.5838056815993136
1,1,True,0.5950750377268068,0.5950750377268068
1,1,True,0.6268437481441683,0.6268437481441683
1,1,True,0.6032642790499086,0.6032642790499086
1,0,False,0.6030435014206386,0.6030435014206386
1,1,True,0.5032099067707128,0.5032099067707128
0,1,False,0.5413576534416232,0.45864234655837677
0,0,True,0.5125269372672315,0.48747306273276847
1,0,False,0.5082792834033286,0.5082792834033286
1,0,False,0.5544765045175954,0.5544765045175954
1,0,False,0.5231004622087283,0.5231004622087283
1,0,False,0.5124737320534037,0.5124737320534037
0,0,True,0.5117191103015829,0.4882808896984171
1,0,False,0.5674195873632448,0.5674195873632448
1,0,False,0.5146395804580117,0.5146395804580117
1,0,False,0.5696632499168542,0.5696632499168542
1,0,False,0.5456173154323711,0.5456173154323711
1,1,True,0.5733295955059281,0.5733295955059281
1,1,True,0.5417806168541837,0.5417806168541837
1,1,True,0.5665140867038563,0.5665140867038563
1,1,True,0.5685186674782422,0.5685186674782422
1,1,True,0.5485302380359085,0.5485302380359085
1,0,False,0.5602124407224875,0.5602124407224875
1,0,False,0.5448839563648514,0.5448839563648514
0,1,False,0.5112983757710207,0.48870162422897934
1,0,False,0.5020727069517898,0.5020727069517898
1,0,False,0.5222179512917106,0.5222179512917106
1,1,True,0.5160870151937782,0.5160870151937782
1,1,True,0.5334340287698892,0.5334340287698892
1,0,False,0.5207305046665226,0.5207305046665226
1,0,False,0.5280586108083514,0.5280586108083514
0,1,False,0.553143968546185,0.446856031453815
1,0,False,0.5031054202553477,0.5031054202553477
0,0,True,0.5907636850862015,0.40923631491379836
0,0,True,0.5778370350933685,0.4221629649066315
0,0,True,0.5168704211427763,0.48312957885722374
0,0,True,0.5387888131507799,0.46121118684922013
0,0,True,0.5493236496226273,0.45067635037737264
1,0,False,0.5213505779484282,0.5213505779484282
1,0,False,0.5276236766621947,0.5276236766621947
1,1,True,0.5200119091732237,0.5200119091732237
0,1,False,0.5697321573426202,0.43026784265737983
1,1,True,0.5171736462242407,0.5171736462242407
0,1,False,0.5183733070149082,0.48162669298509164
1,1,True,0.5304888379845932,0.5304888379845932
0,1,False,0.5225721864411366,0.4774278135588634
0,1,False,0.5371440699455668,0.46285593005443304
1,1,True,0.5257715786062647,0.5257715786062647
1,1,True,0.5260988317256066,0.5260988317256066
1,1,True,0.5003796639977736,0.5003796639977736
1,1,True,0.5167221540756024,0.5167221540756024
0,0,True,0.5284649358384361,0.47153506416156377
0,1,False,0.515479091871119,0.48452090812888104
1,0,False,0.6207264012437441,0.6207264012437441
1,1,True,0.6174663771137212,0.6174663771137212
0,1,False,0.506669795554017,0.49333020444598297
0,0,True,0.509088265537678,0.49091173446232195
1,0,False,0.5640227109029636,0.5640227109029636
0,0,True,0.5365215495799464,0.46347845042005364
0,0,True,0.534596637926934,0.4654033620730659
1,0,False,0.5169627558495158,0.5169627558495158
1,0,False,0.5325259401005622,0.5325259401005622
1,0,False,0.6172336989678195,0.6172336989678195
1,0,False,0.6072605718951612,0.6072605718951612
1,0,False,0.5765723771978017,0.5765723771978017
0,0,True,0.513033358193509,0.48696664180649096
1,0,False,0.5062292205238474,0.5062292205238474
0,0,True,0.5493953965220177,0.45060460347798204
0,0,True,0.5121161505277279,0.48788384947227204
1,0,False,0.6484947673628851,0.6484947673628851
1,0,False,0.5482021141506322,0.5482021141506322
1,0,False,0.5541324483712438,0.5541324483712438
1,0,False,0.5698602004376836,0.5698602004376836
1,0,False,0.5533564280452592,0.5533564280452592
1,1,True,0.5481134047326274,0.5481134047326274
1,1,True,0.559308012490546,0.559308012490546
1,1,True,0.56764121769536,0.56764121769536
1,1,True,0.554408502515383,0.554408502515383
1,1,True,0.5514635136924807,0.5514635136924807
1,1,True,0.5008612614766446,0.5008612614766446
1,1,True,0.5587965853583641,0.5587965853583641
1,1,True,0.5721434133846877,0.5721434133846877
1,1,True,0.5950984582433042,0.5950984582433042
1,1,True,0.5856820884189247,0.5856820884189247
1,1,True,0.6117102321063954,0.6117102321063954
1,1,True,0.5564275181720596,0.5564275181720596
1,1,True,0.5249376076630438,0.5249376076630438
1,1,True,0.508865049409022,0.508865049409022
1,1,True,0.5239441459843561,0.5239441459843561
1,1,True,0.5018400380529594,0.5018400380529594
0,1,False,0.5129468417022818,0.4870531582977181
0,1,False,0.5352257714840228,0.46477422851597716
0,0,True,0.5081891800939917,0.4918108199060083
0,0,True,0.6091569180605544,0.39084308193944567
0,0,True,0.5454135540307343,0.4545864459692657
0,0,True,0.572424693241204,0.42757530675879596
0,1,False,0.528810645478434,0.4711893545215659
0,1,False,0.5238786180824044,0.47612138191759557
1,1,True,0.5121367502900828,0.5121367502900828
0,1,False,0.5587686025007486,0.44123139749925133
0,1,False,0.5582471619003496,0.44175283809965027
0,1,False,0.5358517321085873,0.4641482678914126
0,1,False,0.5687610074382102,0.43123899256178977
0,1,False,0.5534874186959107,0.4465125813040893
0,1,False,0.5227369619426598,0.4772630380573401
0,1,False,0.5348922274433071,0.46510777255669294
0,1,False,0.5142238690484666,0.48577613095153327
1,1,True,0.508362844985442,0.508362844985442
1,1,True,0.5215555401949623,0.5215555401949623
0,0,True,0.510569167689568,0.48943083231043205
0,0,True,0.5119922585194812,0.4880077414805189
0,0,True,0.5812307232423324,0.4187692767576677
0,0,True,0.5708712568885433,0.42912874311145666
1,0,False,0.5128467042584843,0.5128467042584843
1,1,True,0.5572705969378438,0.5572705969378438
1,1,True,0.5846580229650683,0.5846580229650683
1,1,True,0.5237571852471119,0.5237571852471119
1,1,True,0.582044470390439,0.582044470390439
1,0,False,0.5401685868799204,0.5401685868799204
0,0,True,0.525633670240552,0.47436632975944815
0,1,False,0.5368724587598764,0.4631275412401237
0,0,True,0.5893683296088917,0.4106316703911083
0,0,True,0.6155345514057451,0.38446544859425497
0,0,True,0.6088027067102968,0.3911972932897033
0,0,True,0.5597735617281075,0.44022643827189245
1,0,False,0.5204348531962354,0.5204348531962354
1,0,False,0.5042032429684458,0.5042032429684458
1,0,False,0.5161744167975816,0.5161744167975816
0,0,True,0.5441742986848996,0.4558257013151005
0,0,True,0.542155966331389,0.45784403366861104
1,0,False,0.5486407852081359,0.5486407852081359
1,0,False,0.5266321050311283,0.5266321050311283
1,0,False,0.553460826835044,0.553460826835044
1,0,False,0.5049914489939301,0.5049914489939301
0,0,True,0.5915950054035393,0.40840499459646074
1,1,True,0.5308780417345219,0.5308780417345219
1,1,True,0.5180611619642118,0.5180611619642118
1,1,True,0.539177854292068,0.539177854292068
1,1,True,0.5810407089163133,0.5810407089163133
0,1,False,0.5095339278637555,0.4904660721362446
1,1,True,0.5023448221160741,0.5023448221160741
1,0,False,0.5146356591159603,0.5146356591159603
1,0,False,0.5002439424325301,0.5002439424325301
0,0,True,0.5526373550393342,0.4473626449606659
1,0,False,0.5244798698643326,0.5244798698643326
1,0,False,0.539003866709732,0.539003866709732
1,1,True,0.5301099008650298,0.5301099008650298
1,1,True,0.5695239834474031,0.5695239834474031
1,1,True,0.5956053489567146,0.5956053489567146
1,1,True,0.5905164343769228,0.5905164343769228
1,0,False,0.5136215684864555,0.5136215684864555
1,0,False,0.5418708012096816,0.5418708012096816
0,0,True,0.5268782619505058,0.4731217380494942
0,0,True,0.5449733450594878,0.45502665494051237
0,0,True,0.5323392159518852,0.4676607840481149
0,1,False,0.5114823179472797,0.4885176820527204
1,1,True,0.5681781241826842,0.5681781241826842
1,1,True,0.5526423862102057,0.5526423862102057
1,1,True,0.5979641826485087,0.5979641826485087
1,1,True,0.5663913604565874,0.5663913604565874
1,0,False,0.5241113230265975,0.5241113230265975
1,0,False,0.5621707788315037,0.5621707788315037
1,0,False,0.5069489275216374,0.5069489275216374
1,0,False,0.5206962728859823,0.5206962728859823
1,0,False,0.5415459438496094,0.5415459438496094
1,1,True,0.5604822649966817,0.5604822649966817
1,1,True,0.5989645604527083,0.5989645604527083
1,1,True,0.5457370259693747,0.5457370259693747
1,1,True,0.5415151699319566,0.5415151699319566
1,1,True,0.5920072213363641,0.5920072213363641
1,1,True,0.5429567582693288,0.5429567582693288
1,1,True,0.549666585377961,0.549666585377961
1,1,True,0.5412229520290548,0.5412229520290548
0,1,False,0.5210159737012665,0.4789840262987334
1,1,True,0.5012014429988523,0.5012014429988523
1,1,True,0.5130583525866792,0.5130583525866792
1,0,False,0.5218273799905708,0.5218273799905708
1,1,True,0.5184507242910511,0.5184507242910511
1,0,False,0.5139790819808125,0.5139790819808125
0,0,True,0.548169619849189,0.45183038015081084
1,0,False,0.5674569744806024,0.5674569744806024
1,0,False,0.5026451858306366,0.5026451858306366
1,0,False,0.5095746618157677,0.5095746618157677
1,0,False,0.5156436894513365,0.5156436894513365
1,0,False,0.522717963035793,0.522717963035793
1,0,False,0.5204426664797125,0.5204426664797125
1,0,False,0.5627197256015309,0.5627197256015309
1,0,False,0.6054883995619442,0.6054883995619442
1,0,False,0.5726723109834422,0.5726723109834422
1,0,False,0.5704479505972377,0.5704479505972377
1,0,False,0.5042507640436984,0.5042507640436984
0,0,True,0.5564166649784534,0.44358333502154645
0,1,False,0.5091204615979502,0.4908795384020498
1,0,False,0.5402641289734239,0.5402641289734239
1,0,False,0.5642746250842762,0.5642746250842762
1,0,False,0.5690028233765119,0.5690028233765119
1,0,False,0.5647242087432413,0.5647242087432413
1,0,False,0.559123494053414,0.559123494053414
1,1,True,0.5990482132559133,0.5990482132559133
1,0,False,0.6531467412611821,0.6531467412611821
1,0,False,0.5123416720316286,0.5123416720316286
1,0,False,0.6139215475311495,0.6139215475311495
1,0,False,0.6119459368139426,0.6119459368139426
1,0,False,0.6720941080875311,0.6720941080875311
1,0,False,0.6603881194375839,0.6603881194375839
1,0,False,0.6492334847843146,0.6492334847843146
1,0,False,0.6662431464817794,0.6662431464817794
1,0,False,0.6681278668936225,0.6681278668936225
1,0,False,0.6785286897390885,0.6785286897390885
1,0,False,0.6550574146664755,0.6550574146664755
1,0,False,0.6756751611261118,0.6756751611261118
1,0,False,0.6561591743709432,0.6561591743709432
1,0,False,0.692133657552606,0.692133657552606
1,0,False,0.6670574707222965,0.6670574707222965
1,1,True,0.6607918024682361,0.6607918024682361
1,1,True,0.6682933630062662,0.6682933630062662
1,1,True,0.6833984242213702,0.6833984242213702
1,1,True,0.6364269227283549,0.6364269227283549
1,1,True,0.6595748703483006,0.6595748703483006
1,0,False,0.6479891007669517,0.6479891007669517
1,0,False,0.6660530347329555,0.6660530347329555
1,0,False,0.7008762073126997,0.7008762073126997
1,0,False,0.6821109053992733,0.6821109053992733
1,0,False,0.6671873121025751,0.6671873121025751
1,1,True,0.6933010407498867,0.6933010407498867
1,1,True,0.6677031983189012,0.6677031983189012
1,1,True,0.6833694767994585,0.6833694767994585
1,0,False,0.683054630972849,0.683054630972849
1,0,False,0.7002974803753875,0.7002974803753875
1,0,False,0.6731818327062982,0.6731818327062982
1,0,False,0.6600970369144583,0.6600970369144583
1,0,False,0.6452190830829906,0.6452190830829906
1,0,False,0.6455932778415354,0.6455932778415354
1,0,False,0.6668045150010533,0.6668045150010533
1,0,False,0.5757868383210175,0.5757868383210175
1,1,True,0.6612441895821815,0.6612441895821815
1,1,True,0.6560453600812464,0.6560453600812464
1,1,True,0.6682509440061463,0.6682509440061463
1,0,False,0.6139402457485241,0.6139402457485241
1,0,False,0.648145102615393,0.648145102615393
1,0,False,0.6504075564317899,0.6504075564317899
1,0,False,0.6635900937764514,0.6635900937764514
1,0,False,0.6296995832839092,0.6296995832839092
1,0,False,0.6394334243171335,0.6394334243171335
1,1,True,0.612011478696639,0.612011478696639
1,1,True,0.6550476132138972,0.6550476132138972
1,1,True,0.5883599047281931,0.5883599047281931
1,1,True,0.5933442343133729,0.5933442343133729
1,1,True,0.6054238998895944,0.6054238998895944
1,1,True,0.6370277522650407,0.6370277522650407
1,1,True,0.6187711741543704,0.6187711741543704
1,1,True,0.617397524681496,0.617397524681496
1,1,True,0.554076877086761,0.554076877086761
1,1,True,0.5803958185694684,0.5803958185694684
1,1,True,0.5616308100732778,0.5616308100732778
1,1,True,0.5085695432943711,0.5085695432943711
0,1,False,0.5212701787636953,0.4787298212363048
0,1,False,0.5204991249116844,0.4795008750883156
1,1,True,0.5328653275029096,0.5328653275029096
1,0,False,0.5277941445218499,0.5277941445218499
1,1,True,0.5241415690899026,0.5241415690899026
1,1,True,0.5152756803149917,0.5152756803149917
0,1,False,0.52313360116838,0.47686639883161985
1,1,True,0.5223702212498454,0.5223702212498454
0,1,False,0.5434184559727226,0.45658154402727735
0,1,False,0.557622594628901,0.44237740537109915
0,1,False,0.6110380674303291,0.38896193256967093
0,0,True,0.5188505735056509,0.4811494264943492
1,1,True,0.5515311667250582,0.5515311667250582
1,0,False,0.5385018174794496,0.5385018174794496
1,0,False,0.5511604347954815,0.5511604347954815
1,0,False,0.5005300507756948,0.5005300507756948
0,0,True,0.5178604591196381,0.4821395408803619
0,0,True,0.5143945782927446,0.4856054217072554
0,0,True,0.5176858881553094,0.48231411184469075
0,0,True,0.5603426599541068,0.4396573400458934
0,0,True,0.5753841304421403,0.42461586955785957
0,0,True,0.5621937348080205,0.4378062651919796
0,1,False,0.517833730391951,0.4821662696080488
1,0,False,0.5099905637820916,0.5099905637820916
0,0,True,0.5526628731025913,0.4473371268974086
1,0,False,0.5090875011861562,0.5090875011861562
1,0,False,0.5458629489209079,0.5458629489209079
1,0,False,0.5212950639350652,0.5212950639350652
1,1,True,0.5074955941510118,0.5074955941510118
1,0,False,0.5239815452404142,0.5239815452404142
1,1,True,0.5460508823853402,0.5460508823853402
1,1,True,0.5017107203831711,0.5017107203831711
1,1,True,0.5577260802591878,0.5577260802591878
1,1,True,0.5397938029060411,0.5397938029060411
0,1,False,0.547828767148232,0.4521712328517679
1,1,True,0.5100026180345014,0.5100026180345014
1,1,True,0.5305491454498272,0.5305491454498272
1,1,True,0.5333377010096223,0.5333377010096223
1,1,True,0.5201214809331965,0.5201214809331965
1,1,True,0.5177189900439009,0.5177189900439009
1,1,True,0.5152768663685359,0.5152768663685359
1,1,True,0.5116043017575004,0.5116043017575004
1,0,False,0.5201262400883567,0.5201262400883567
1,0,False,0.5267663704849221,0.5267663704849221
1,0,False,0.5293542900791304,0.5293542900791304
1,0,False,0.5338863893392827,0.5338863893392827
1,0,False,0.5182484377602006,0.5182484377602006
0,0,True,0.5070920454004694,0.49290795459953063
0,1,False,0.5088099470879649,0.4911900529120351
0,1,False,0.5283529735106347,0.47164702648936524
1,0,False,0.5289641620283271,0.5289641620283271
1,0,False,0.5065555984092945,0.5065555984092945
0,0,True,0.5034677272696981,0.4965322727303018
1,0,False,0.5377883287080192,0.5377883287080192
1,0,False,0.5168767246668832,0.5168767246668832
1,0,False,0.5228318846335891,0.5228318846335891
1,1,True,0.5113425417373738,0.5113425417373738
1,0,False,0.5835615625898045,0.5835615625898045
1,0,False,0.618954648140802,0.618954648140802
1,1,True,0.5445856325692012,0.5445856325692012
1,1,True,0.5473897288265502,0.5473897288265502
1,1,True,0.556327261583639,0.556327261583639
0,1,False,0.5008768024847443,0.4991231975152557
1,1,True,0.585540700301632,0.585540700301632
1,0,False,0.5560585089088679,0.5560585089088679
1,1,True,0.5439403364920654,0.5439403364920654
1,1,True,0.545005479918674,0.545005479918674
1,0,False,0.5375334981957619,0.5375334981957619
1,1,True,0.522930357779372,0.522930357779372
0,1,False,0.5016719247335066,0.49832807526649336
1,1,True,0.5013602418501122,0.5013602418501122
0,0,True,0.502626178245191,0.49737382175480904
0,1,False,0.5059748447001655,0.4940251552998346
0,1,False,0.5065320735209805,0.4934679264790196
1,1,True,0.5176406866662779,0.5176406866662779
0,1,False,0.5267836007011055,0.47321639929889464
0,1,False,0.5370599921619126,0.46294000783808753
0,1,False,0.5222226381495373,0.47777736185046277
0,0,True,0.5220049809175398,0.4779950190824602
0,0,True,0.5186389399864422,0.48136106001355794
0,1,False,0.5319261923718435,0.46807380762815665
0,0,True,0.5125165009749659,0.4874834990250342
1,0,False,0.5027060214639921,0.5027060214639921
0,1,False,0.5391713798614746,0.46082862013852555
1,1,True,0.5027794065061588,0.5027794065061588
1,1,True,0.5067283353838177,0.5067283353838177
0,1,False,0.5153300798663077,0.4846699201336923
0,1,False,0.504615243656257,0.4953847563437431
1,0,False,0.5062518314414239,0.5062518314414239
0,0,True,0.5012483249118261,0.4987516750881738
1,0,False,0.5229748572156291,0.5229748572156291
1,0,False,0.5036826526557051,0.5036826526557051
1,1,True,0.5413343315387865,0.5413343315387865
1,1,True,0.5154196059438557,0.5154196059438557
1,1,True,0.5709186901167369,0.5709186901167369
1,0,False,0.5571881639737418,0.5571881639737418
1,0,False,0.5304371085566089,0.5304371085566089
1,0,False,0.530289423613652,0.530289423613652
1,0,False,0.5339764692863248,0.5339764692863248
1,0,False,0.5326920036208442,0.5326920036208442
1,0,False,0.5701012743811744,0.5701012743811744
1,0,False,0.6263860599990942,0.6263860599990942
1,1,True,0.6400881976001881,0.6400881976001881
1,1,True,0.6501441464080137,0.6501441464080137
1,0,False,0.6365702176400072,0.6365702176400072
1,0,False,0.5319747665123534,0.5319747665123534
1,0,False,0.5190305350791489,0.5190305350791489
1,0,False,0.5212096036204492,0.5212096036204492
1,0,False,0.5557803931666564,0.5557803931666564
1,0,False,0.5718827051857994,0.5718827051857994
1,0,False,0.5823159326951026,0.5823159326951026
1,0,False,0.545078974633118,0.545078974633118
1,0,False,0.598077897086132,0.598077897086132
1,0,False,0.5918722301286873,0.5918722301286873
1,1,True,0.5512999038954735,0.5512999038954735
1,1,True,0.5991781908008421,0.5991781908008421
1,1,True,0.585142256271372,0.585142256271372
1,1,True,0.5754255171946822,0.5754255171946822
1,1,True,0.57870700571551,0.57870700571551
1,1,True,0.5866550818812087,0.5866550818812087
1,1,True,0.6066451889902162,0.6066451889902162
1,1,True,0.6122701489359915,0.6122701489359915
1,1,True,0.6212955567286612,0.6212955567286612
1,1,True,0.6269896125164192,0.6269896125164192
1,1,True,0.6392242809995666,0.6392242809995666
1,1,True,0.6739534586003646,0.6739534586003646
1,1,True,0.6437964045760233,0.6437964045760233
1,0,False,0.6662563117357483,0.6662563117357483
1,1,True,0.6202479637798172,0.6202479637798172
1,0,False,0.5354702415960787,0.5354702415960787
1,1,True,0.521924754732489,0.521924754732489
1,0,False,0.5017196011372049,0.5017196011372049
0,0,True,0.5101635057368575,0.48983649426314246
0,0,True,0.5206885883178127,0.47931141168218727
0,1,False,0.5296577172012104,0.4703422827987896
0,1,False,0.5147369068110572,0.4852630931889427
0,1,False,0.5136884696321851,0.4863115303678148
0,1,False,0.5190898426719528,0.4809101573280471
1,1,True,0.5020756810250229,0.5020756810250229
1,1,True,0.5058342915256379,0.5058342915256379
0,1,False,0.5042490704734403,0.49575092952655975
1,1,True,0.5257371277514128,0.5257371277514128
1,1,True,0.5503985599437268,0.5503985599437268
1,1,True,0.5731354269819355,0.5731354269819355
1,1,True,0.5566325192716411,0.5566325192716411
1,1,True,0.5561665084040022,0.5561665084040022
1,0,False,0.5473163301902836,0.5473163301902836
1,1,True,0.571321978732215,0.571321978732215
1,0,False,0.5599629045060249,0.5599629045060249
1,0,False,0.5487403711730375,0.5487403711730375
1,1,True,0.541925374509452,0.541925374509452
1,1,True,0.5463460277917672,0.5463460277917672
1,1,True,0.5297899082526222,0.5297899082526222
1,1,True,0.5474373298514629,0.5474373298514629
1,1,True,0.5495779148578697,0.5495779148578697
1,1,True,0.5448010497651463,0.5448010497651463
1,1,True,0.5503609259786817,0.5503609259786817
1,1,True,0.542270740018618,0.542270740018618
1,1,True,0.5399514687269211,0.5399514687269211
1,1,True,0.5557925208901225,0.5557925208901225
1,1,True,0.5294675311270044,0.5294675311270044
1,1,True,0.5299395800689539,0.5299395800689539
1,1,True,0.5547576544981881,0.5547576544981881
1,1,True,0.5254998702509641,0.5254998702509641
1,0,False,0.5479330425265351,0.5479330425265351
1,0,False,0.5882655238812994,0.5882655238812994
1,0,False,0.5693140472650707,0.5693140472650707
1,0,False,0.556830154917729,0.556830154917729
1,0,False,0.5472806986726605,0.5472806986726605
1,0,False,0.5165877434609598,0.5165877434609598
1,0,False,0.5387328488051306,0.5387328488051306
1,0,False,0.5325376074855153,0.5325376074855153
1,0,False,0.5178896630864013,0.5178896630864013
1,1,True,0.5288892795348629,0.5288892795348629
0,0,True,0.518846095829783,0.481153904170217
0,0,True,0.521331907950358,0.4786680920496419
0,0,True,0.5449551139732367,0.4550448860267632
0,0,True,0.5270267483179409,0.47297325168205906
0,0,True,0.502761723868254,0.49723827613174587
0,0,True,0.5263935458559343,0.47360645414406555
1,0,False,0.5542261561322381,0.5542261561322381
1,0,False,0.5625835241263837,0.5625835241263837
1,0,False,0.536595616905738,0.536595616905738
1,1,True,0.6184712510296746,0.6184712510296746
1,1,True,0.6000690255309465,0.6000690255309465
1,1,True,0.550497802508258,0.550497802508258
1,0,False,0.5365885928287708,0.5365885928287708
1,0,False,0.5714034012906315,0.5714034012906315
1,0,False,0.6051953592484292,0.6051953592484292
1,0,False,0.550350708907979,0.550350708907979
1,1,True,0.56354778170259,0.56354778170259
1,1,True,0.6405297097998743,0.6405297097998743
1,1,True,0.6220262744429288,0.6220262744429288
1,0,False,0.6563361418849722,0.6563361418849722
1,1,True,0.644117486421253,0.644117486421253
1,0,False,0.631791313706003,0.631791313706003
1,0,False,0.6259390300551506,0.6259390300551506
1,0,False,0.5679320372825415,0.5679320372825415
1,0,False,0.6565816768104026,0.6565816768104026
1,0,False,0.6056831846342544,0.6056831846342544
1,1,True,0.6208627716147089,0.6208627716147089
1,1,True,0.6487013172998922,0.6487013172998922
1,1,True,0.6367357541627341,0.6367357541627341
1,1,True,0.638849627557201,0.638849627557201
1,1,True,0.6582175441321484,0.6582175441321484
1,1,True,0.6285517040444525,0.6285517040444525
1,1,True,0.5443941050990213,0.5443941050990213
1,1,True,0.6602441757500911,0.6602441757500911
1,0,False,0.5668018046598704,0.5668018046598704
1,0,False,0.5463952226571742,0.5463952226571742
0,0,True,0.5031699376686853,0.49683006233131466
1,0,False,0.5027436735236045,0.5027436735236045
0,0,True,0.525863681804915,0.47413631819508495
0,1,False,0.5202529931825363,0.47974700681746374
1,1,True,0.64102609308595,0.64102609308595
1,1,True,0.516990894842464,0.516990894842464
1,1,True,0.6528996237905434,0.6528996237905434
1,1,True,0.6552345279019509,0.6552345279019509
1,0,False,0.5825823820917595,0.5825823820917595
1,0,False,0.5505578707808266,0.5505578707808266
1,0,False,0.5791516852371962,0.5791516852371962
1,0,False,0.5791401128904657,0.5791401128904657
1,0,False,0.5540812736506371,0.5540812736506371
1,1,True,0.5734264457031641,0.5734264457031641
1,1,True,0.5705461666708798,0.5705461666708798
1,1,True,0.5949397025756598,0.5949397025756598
1,1,True,0.6664105255151082,0.6664105255151082
1,1,True,0.672971583061759,0.672971583061759
1,1,True,0.5882445621053032,0.5882445621053032
1,1,True,0.5627447794657872,0.5627447794657872
1,0,False,0.5867460396797647,0.5867460396797647
1,0,False,0.5723811141295962,0.5723811141295962
1,0,False,0.5640399685617624,0.5640399685617624
1,0,False,0.5680388954172723,0.5680388954172723
1,0,False,0.5652927202451978,0.5652927202451978
1,0,False,0.5332764773589553,0.5332764773589553
1,0,False,0.5402088863351346,0.5402088863351346
1,0,False,0.5374701034954312,0.5374701034954312
1,0,False,0.5466745252080387,0.5466745252080387
1,0,False,0.5574629551331939,0.5574629551331939
1,0,False,0.6084572753821533,0.6084572753821533
1,0,False,0.5806688594054676,0.5806688594054676
1,1,True,0.5444090565101289,0.5444090565101289
1,1,True,0.5799433601933585,0.5799433601933585
1,0,False,0.5563841061651122,0.5563841061651122
1,0,False,0.5751842160585929,0.5751842160585929
1,1,True,0.5562097282465605,0.5562097282465605
1,0,False,0.6225188681060521,0.6225188681060521
1,0,False,0.5914248809581085,0.5914248809581085
1,0,False,0.5899724374137125,0.5899724374137125
1,0,False,0.6697386090354371,0.6697386090354371
1,0,False,0.6601182265858405,0.6601182265858405
1,0,False,0.5978150718385422,0.5978150718385422
1,0,False,0.6497376620046778,0.6497376620046778
1,0,False,0.6675363005934392,0.6675363005934392
1,0,False,0.6752313276924007,0.6752313276924007
1,0,False,0.7066381598720081,0.7066381598720081
1,0,False,0.6949600073778641,0.6949600073778641
1,1,True,0.6634046942414409,0.6634046942414409
1,1,True,0.6760326850729947,0.6760326850729947
1,1,True,0.6295153205157897,0.6295153205157897
1,0,False,0.6267537614769776,0.6267537614769776
1,0,False,0.7055923906393015,0.7055923906393015
1,0,False,0.6656924655894823,0.6656924655894823
1,0,False,0.6618350764024408,0.6618350764024408
1,0,False,0.661200558943196,0.661200558943196
1,0,False,0.6743205940108385,0.6743205940108385
1,0,False,0.6452955296308714,0.6452955296308714
1,1,True,0.6607862002983322,0.6607862002983322
1,1,True,0.6191140263093747,0.6191140263093747
1,1,True,0.6133744202880662,0.6133744202880662
1,1,True,0.5974126173701093,0.5974126173701093
1,1,True,0.5797505562793134,0.5797505562793134
1,1,True,0.6034723743536947,0.6034723743536947
1,1,True,0.6338394295872293,0.6338394295872293
1,1,True,0.6247399786945707,0.6247399786945707
1,1,True,0.6440626031805051,0.6440626031805051
1,1,True,0.6746326040381411,0.6746326040381411
1,1,True,0.6589107522519932,0.6589107522519932
1,1,True,0.6441746920002143,0.6441746920002143
1,0,False,0.5545955887381164,0.5545955887381164
1,0,False,0.5775317500265922,0.5775317500265922
1,0,False,0.6131049749699016,0.6131049749699016
1,0,False,0.5740437109373671,0.5740437109373671
1,0,False,0.5579264871447804,0.5579264871447804
1,1,True,0.5248535028691902,0.5248535028691902
1,1,True,0.5206523656029216,0.5206523656029216
0,1,False,0.5088524439354342,0.49114755606456584
0,1,False,0.507698085306491,0.49230191469350887
1,1,True,0.5196287520399865,0.5196287520399865
0,1,False,0.5223850598111233,0.47761494018887674
0,1,False,0.502715448312524,0.4972845516874759
0,1,False,0.5039711963612247,0.4960288036387753
0,1,False,0.517291041406289,0.482708958593711
0,1,False,0.5041900435298223,0.4958099564701776
0,1,False,0.5330945634917017,0.4669054365082983
1,1,True,0.5051339155719623,0.5051339155719623
1,1,True,0.5066225801675852,0.5066225801675852
1,1,True,0.5401417826803001,0.5401417826803001
1,1,True,0.5551848443036225,0.5551848443036225
1,1,True,0.516237070517545,0.516237070517545
1,1,True,0.5816042692423299,0.5816042692423299
1,1,True,0.5769822272635078,0.5769822272635078
1,1,True,0.5726479819201812,0.5726479819201812
1,1,True,0.5614559397878084,0.5614559397878084
1,1,True,0.5395176978852023,0.5395176978852023
1,1,True,0.5462345293992721,0.5462345293992721
1,1,True,0.5082340140900116,0.5082340140900116
0,1,False,0.5134066066569586,0.4865933933430413
1,1,True,0.5053282500361223,0.5053282500361223
1,1,True,0.5663490019316124,0.5663490019316124
1,1,True,0.5421580417195363,0.5421580417195363
1,1,True,0.5393142936725465,0.5393142936725465
1,1,True,0.5212457984490416,0.5212457984490416
1,0,False,0.5571132749954554,0.5571132749954554
1,0,False,0.5553423979115324,0.5553423979115324
1,0,False,0.535686316225988,0.535686316225988
0,0,True,0.5108754038979395,0.4891245961020604
1,0,False,0.5407126803321517,0.5407126803321517
1,0,False,0.5396653891011738,0.5396653891011738
1,1,True,0.5432279720102028,0.5432279720102028
1,1,True,0.5001705811283798,0.5001705811283798
0,1,False,0.5071531345742553,0.49284686542574474
0,1,False,0.5336462710381976,0.4663537289618025
0,1,False,0.518513418637494,0.4814865813625061
0,0,True,0.5358714793318147,0.46412852066818544
1,0,False,0.5280638714717497,0.5280638714717497
1,0,False,0.530302760268776,0.530302760268776
1,1,True,0.5295509086632516,0.5295509086632516
1,1,True,0.5272134305453329,0.5272134305453329
1,1,True,0.5193458496133512,0.5193458496133512
1,1,True,0.5091264185904767,0.5091264185904767
1,1,True,0.5334224983596297,0.5334224983596297
1,1,True,0.5233702688479761,0.5233702688479761
1,1,True,0.5063288714318586,0.5063288714318586
1,1,True,0.5095783459692557,0.5095783459692557
1,1,True,0.5157711040956795,0.5157711040956795
1,1,True,0.5266971608814106,0.5266971608814106
1,1,True,0.5169731694766686,0.5169731694766686
1,1,True,0.5063224933583526,0.5063224933583526
0,1,False,0.5379212681644793,0.46207873183552073
0,0,True,0.514446475349403,0.48555352465059703
0,0,True,0.5342016407987238,0.4657983592012762
1,0,False,0.5077641049216999,0.5077641049216999
1,0,False,0.5228365762173517,0.5228365762173517
0,1,False,0.514913462673876,0.48508653732612406
0,1,False,0.5303991757812044,0.4696008242187957
0,1,False,0.5216192671632828,0.4783807328367173
0,1,False,0.5219633858922345,0.47803661410776566
0,1,False,0.531062866900961,0.46893713309903906
0,1,False,0.5935592873613571,0.4064407126386429
0,1,False,0.5640571591335038,0.43594284086649615
0,1,False,0.5405897041248489,0.45941029587515114
0,1,False,0.5023500858684855,0.4976499141315146
1,1,True,0.5171094293098144,0.5171094293098144
1,1,True,0.5082779699749248,0.5082779699749248
1,1,True,0.5158503567752764,0.5158503567752764
1,1,True,0.517038387300414,0.517038387300414
0,1,False,0.5008069952533438,0.4991930047466561
1,1,True,0.5083089898661858,0.5083089898661858
1,1,True,0.5272444761264561,0.5272444761264561
0,1,False,0.5042821298835684,0.49571787011643176
1,1,True,0.5203858588044336,0.5203858588044336
0,1,False,0.5245182834083588,0.4754817165916411
0,1,False,0.5094170624825719,0.4905829375174283
0,1,False,0.5073388862060877,0.4926611137939124
1,0,False,0.5230611751394951,0.5230611751394951
1,0,False,0.5250048403208207,0.5250048403208207
1,0,False,0.5101943408246233,0.5101943408246233
0,0,True,0.5570362684254881,0.44296373157451185
0,0,True,0.5611698846177766,0.4388301153822235
0,0,True,0.5039721298242685,0.4960278701757315
0,0,True,0.510994929081418,0.4890050709185821
0,1,False,0.5361564763029256,0.46384352369707443
0,1,False,0.5678352735920849,0.43216472640791526
0,1,False,0.5427384906408962,0.4572615093591039
0,1,False,0.5698803049127839,0.43011969508721626
0,1,False,0.5684345727092073,0.4315654272907929
1,1,True,0.5069290946973927,0.5069290946973927
0,1,False,0.5084763664689175,0.4915236335310827
0,1,False,0.5506173531895913,0.44938264681040885
1,1,True,0.5165798980057579,0.5165798980057579
1,1,True,0.5026610292316991,0.5026610292316991
1,1,True,0.5036847613566859,0.5036847613566859
1,1,True,0.5019322174041838,0.5019322174041838
1,1,True,0.5471080417369495,0.5471080417369495
1,1,True,0.5201929951831201,0.5201929951831201
1,1,True,0.5160885866775742,0.5160885866775742
1,1,True,0.5223292452409243,0.5223292452409243
1,1,True,0.5100829387983352,0.5100829387983352
1,0,False,0.5186756374720831,0.5186756374720831
0,0,True,0.5312840864954504,0.46871591350454966
1,0,False,0.525272835775771,0.525272835775771
0,0,True,0.5117130172499214,0.48828698275007876
0,0,True,0.5077734019112046,0.4922265980887954
0,0,True,0.5093738956477663,0.49062610435223375
0,0,True,0.5451552493119346,0.4548447506880655
0,0,True,0.538137240688756,0.4618627593112441
0,0,True,0.5941192545102296,0.4058807454897706
0,0,True,0.596629660443467,0.4033703395565331
0,0,True,0.5670973386399448,0.4329026613600553
0,0,True,0.5553990334917948,0.44460096650820535
0,0,True,0.5359080844572697,0.4640919155427303
0,0,True,0.5528371309139034,0.4471628690860967
0,0,True,0.5444349644805271,0.45556503551947297
0,0,True,0.587911382156992,0.4120886178430079
1,0,False,0.5066263745188233,0.5066263745188233
1,1,True,0.5578058846525942,0.5578058846525942
1,1,True,0.5924183078617205,0.5924183078617205
1,1,True,0.5364311910381101,0.5364311910381101
1,1,True,0.5257208860856593,0.5257208860856593
1,1,True,0.6138339473437922,0.6138339473437922
1,1,True,0.566874932796077,0.566874932796077
1,1,True,0.6074163056987407,0.6074163056987407
1,1,True,0.6091631254173648,0.6091631254173648
1,1,True,0.6110562591532175,0.6110562591532175
1,1,True,0.625864409689334,0.625864409689334
1,0,False,0.541701404617379,0.541701404617379
1,0,False,0.5199854767527005,0.5199854767527005
1,0,False,0.5286750356314296,0.5286750356314296
1,0,False,0.5413315496460085,0.5413315496460085
1,1,True,0.516702646380202,0.516702646380202
1,1,True,0.5059946184021743,0.5059946184021743
1,1,True,0.6283008434226128,0.6283008434226128
0,1,False,0.5020966241524092,0.49790337584759087
1,0,False,0.5031510644579723,0.5031510644579723
1,0,False,0.5324747356084809,0.5324747356084809
1,0,False,0.5212762412595262,0.5212762412595262
1,0,False,0.5331426137508115,0.5331426137508115
0,0,True,0.5150325818940668,0.4849674181059333
1,1,True,0.5242511407660426,0.5242511407660426
1,0,False,0.5246780144375769,0.5246780144375769
1,0,False,0.514963510061162,0.514963510061162
0,0,True,0.5010364089532461,0.4989635910467539
1,0,False,0.5260085660600353,0.5260085660600353
1,0,False,0.5157204758176851,0.5157204758176851
1,0,False,0.5317189309312719,0.5317189309312719
1,0,False,0.5231274356654447,0.5231274356654447
1,0,False,0.5369482097281717,0.5369482097281717
1,0,False,0.6320228146270792,0.6320228146270792
1,0,False,0.5375528356030537,0.5375528356030537
1,0,False,0.5360442152105317,0.5360442152105317
1,0,False,0.5213868225325262,0.5213868225325262
1,0,False,0.5021602285439801,0.5021602285439801
0,0,True,0.5291807706488113,0.4708192293511887
0,0,True,0.5665855564259694,0.43341444357403064
0,0,True,0.5613816320099074,0.43861836799009246
0,0,True,0.5405692003717085,0.4594307996282915
0,1,False,0.5457969939360519,0.45420300606394814
1,1,True,0.5866870695345963,0.5866870695345963
1,1,True,0.5111210094685016,0.5111210094685016
1,1,True,0.5328750350361158,0.5328750350361158
1,0,False,0.5279814731997605,0.5279814731997605
0,0,True,0.5386555913845605,0.46134440861543935
1,0,False,0.5036565260943575,0.5036565260943575
0,0,True,0.57117405078736,0.42882594921263995
0,0,True,0.6045661933813351,0.39543380661866473
0,0,True,0.5819969317274799,0.41800306827252004
1,0,False,0.502763197739884,0.502763197739884
0,1,False,0.5293928540171979,0.47060714598280207
1,0,False,0.5702295735483968,0.5702295735483968
1,0,False,0.5981042229552487,0.5981042229552487
1,0,False,0.5733664670495382,0.5733664670495382
1,0,False,0.5721674500444816,0.5721674500444816
1,0,False,0.5242655367077347,0.5242655367077347
1,0,False,0.5829050389870188,0.5829050389870188
1,0,False,0.5583632038965617,0.5583632038965617
1,1,True,0.6066964865217004,0.6066964865217004
1,1,True,0.5673415184548067,0.5673415184548067
1,1,True,0.6232597966102538,0.6232597966102538
1,1,True,0.5880696256495426,0.5880696256495426
1,0,False,0.5202154849433083,0.5202154849433083
1,0,False,0.5446745984411089,0.5446745984411089
1,0,False,0.545459629697318,0.545459629697318
1,0,False,0.5747054676901238,0.5747054676901238
1,0,False,0.5625089408451035,0.5625089408451035
1,1,True,0.5921986358447238,0.5921986358447238
1,1,True,0.5320112200456718,0.5320112200456718
1,1,True,0.5612530113550174,0.5612530113550174
1,0,False,0.5397986973251153,0.5397986973251153
1,1,True,0.5745838595919728,0.5745838595919728
1,0,False,0.564332964461925,0.564332964461925
1,0,False,0.5356319335417951,0.5356319335417951
1,0,False,0.562544019853234,0.562544019853234
0,0,True,0.5079090364930157,0.49209096350698434
1,0,False,0.504150620274102,0.504150620274102
1,0,False,0.5176937656795859,0.5176937656795859
1,0,False,0.5818984810054616,0.5818984810054616
1,0,False,0.5822828175871126,0.5822828175871126
1,0,False,0.6360425707179933,0.6360425707179933
1,0,False,0.540772468240614,0.540772468240614
1,0,False,0.5643237943371362,0.5643237943371362
1,0,False,0.5799806956814122,0.5799806956814122
1,1,True,0.5995176026158383,0.5995176026158383
1,1,True,0.5804878101983162,0.5804878101983162
1,1,True,0.5179119527355738,0.5179119527355738
1,1,True,0.6058831773034297,0.6058831773034297
1,1,True,0.5574714292952945,0.5574714292952945
1,1,True,0.6586820837829334,0.6586820837829334
1,1,True,0.592554447473805,0.592554447473805
1,1,True,0.5968138555878013,0.5968138555878013
1,1,True,0.6108391198526119,0.6108391198526119
1,1,True,0.5742390839551367,0.5742390839551367
1,1,True,0.6290367320508876,0.6290367320508876
1,1,True,0.6139145304128986,0.6139145304128986
1,1,True,0.5787419999842044,0.5787419999842044
1,0,False,0.5022670307545214,0.5022670307545214
1,0,False,0.6174027390538113,0.6174027390538113
1,0,False,0.6108156039858494,0.6108156039858494
1,0,False,0.5960534250598446,0.5960534250598446
1,0,False,0.5946250071174325,0.5946250071174325
1,0,False,0.5804054418116089,0.5804054418116089
1,1,True,0.5967151584233543,0.5967151584233543
1,0,False,0.6438278487865743,0.6438278487865743
1,1,True,0.5947713442311799,0.5947713442311799
1,1,True,0.6011251949786596,0.6011251949786596
1,1,True,0.5402759416436491,0.5402759416436491
1,1,True,0.5825159858954063,0.5825159858954063
1,1,True,0.5681682315188187,0.5681682315188187
1,1,True,0.5150224633568542,0.5150224633568542
1,0,False,0.5453969297805008,0.5453969297805008
1,0,False,0.5620003336620801,0.5620003336620801
1,0,False,0.5569229555525684,0.5569229555525684
1,0,False,0.5230832765659896,0.5230832765659896
0,1,False,0.5285421499984935,0.47145785000150653
1,1,True,0.5027631158588198,0.5027631158588198
1,1,True,0.5304282004202121,0.5304282004202121
1,1,True,0.5433277726261703,0.5433277726261703
1,1,True,0.5158968642039703,0.5158968642039703
1,1,True,0.5405859576408214,0.5405859576408214
1,1,True,0.5697795490730277,0.5697795490730277
1,1,True,0.5512889990691077,0.5512889990691077
1,1,True,0.5619727924162312,0.5619727924162312
1,1,True,0.5352535903126369,0.5352535903126369
1,1,True,0.546819806294849,0.546819806294849
1,1,True,0.5388711785579944,0.5388711785579944
1,1,True,0.5444610268574901,0.5444610268574901
1,1,True,0.561994065364746,0.561994065364746
1,1,True,0.6257490776624812,0.6257490776624812
1,1,True,0.5960358353648245,0.5960358353648245
1,0,False,0.5378882079788613,0.5378882079788613
1,0,False,0.5868420135830137,0.5868420135830137
1,0,False,0.5123883622430596,0.5123883622430596
1,1,True,0.5123727014316085,0.5123727014316085
1,1,True,0.5809097712449789,0.5809097712449789
1,1,True,0.5569331758909131,0.5569331758909131
1,1,True,0.6170445636116806,0.6170445636116806
1,0,False,0.5767648677500955,0.5767648677500955
1,0,False,0.6233713082525766,0.6233713082525766
1,0,False,0.5842011021872386,0.5842011021872386
1,0,False,0.5466762006316611,0.5466762006316611
1,0,False,0.5999962344957012,0.5999962344957012
1,0,False,0.578494088775223,0.578494088775223
1,0,False,0.5955469533867097,0.5955469533867097
1,0,False,0.5712565370969719,0.5712565370969719
1,0,False,0.5151413352213725,0.5151413352213725
0,0,True,0.5299628105551782,0.47003718944482176
0,0,True,0.5126075212200747,0.48739247877992536
1,1,True,0.5183645818981089,0.5183645818981089
1,1,True,0.5217199706797382,0.5217199706797382
0,1,False,0.5115949604530653,0.4884050395469346
0,1,False,0.533107887360686,0.46689211263931385
1,1,True,0.5643018179407151,0.5643018179407151
0,1,False,0.5080425634375914,0.49195743656240853
0,1,False,0.552882444341265,0.44711755565873496
0,1,False,0.5912628534323235,0.40873714656767635
0,1,False,0.5849849780715692,0.4150150219284305
1,1,True,0.5132859036758004,0.5132859036758004
0,1,False,0.5257528605387477,0.4742471394612522
1,0,False,0.5116861371312041,0.5116861371312041
1,0,False,0.5293597266015232,0.5293597266015232
1,0,False,0.5329319519963126,0.5329319519963126
1,0,False,0.5422783259714905,0.5422783259714905
1,0,False,0.552689324901125,0.552689324901125
1,0,False,0.508059202671866,0.508059202671866
0,0,True,0.5035154771361154,0.49648452286388456
1,0,False,0.5329572394964027,0.5329572394964027
1,0,False,0.5106913872674426,0.5106913872674426
0,0,True,0.509798240895502,0.49020175910449804
0,1,False,0.5803824390656996,0.4196175609343003
0,0,True,0.5675445756901034,0.4324554243098965
0,0,True,0.5662602597017685,0.4337397402982313
1,1,True,0.5267433700732969,0.5267433700732969
1,1,True,0.5547037200345607,0.5547037200345607
0,1,False,0.5437700238961215,0.45622997610387844
0,1,False,0.5101667331357879,0.48983326686421214
0,1,False,0.5261672714462988,0.47383272855370107
1,1,True,0.546425438899599,0.546425438899599
1,1,True,0.5704486777324257,0.5704486777324257
0,1,False,0.5578156436981885,0.4421843563018115
0,0,True,0.5592904133670982,0.44070958663290183
1,0,False,0.5198136973239718,0.5198136973239718
1,0,False,0.51572260749059,0.51572260749059
1,0,False,0.5351492331959249,0.5351492331959249
1,0,False,0.5183070192570711,0.5183070192570711
0,0,True,0.5190251612881926,0.48097483871180735
0,0,True,0.5089433432849927,0.4910566567150073
0,1,False,0.5289514695798103,0.47104853042018957
0,0,True,0.5041432012286101,0.4958567987713898
1,0,False,0.5009254110084003,0.5009254110084003
1,1,True,0.5348501670636523,0.5348501670636523
0,1,False,0.5478756783180928,0.4521243216819072
0,0,True,0.5535105780560298,0.44648942194397
0,0,True,0.5681379494141556,0.43186205058584437
0,0,True,0.5505932307252882,0.44940676927471174
0,0,True,0.5587798934264573,0.4412201065735426
0,0,True,0.5162322918930105,0.4837677081069895
0,1,False,0.5167701256118776,0.48322987438812226
0,1,False,0.5011892549655854,0.49881074503441447
1,1,True,0.5046832117001729,0.5046832117001729
1,1,True,0.5542130878195657,0.5542130878195657
1,0,False,0.5148668799637391,0.5148668799637391
0,0,True,0.518118495816531,0.481881504183469
0,0,True,0.55307617343453,0.4469238265654699
1,0,False,0.5044425907670339,0.5044425907670339
1,0,False,0.5035167237872571,0.5035167237872571
1,0,False,0.5341264006692718,0.5341264006692718
1,1,True,0.5303682228958106,0.5303682228958106
0,1,False,0.5033182004141596,0.49668179958584013
0,1,False,0.5680634249821992,0.43193657501780086
0,1,False,0.50841485277302,0.4915851472269799
0,1,False,0.571728570377151,0.42827142962284903
0,1,False,0.5693374428220155,0.4306625571779845
1,1,True,0.5192107923100453,0.5192107923100453
0,1,False,0.518970992461627,0.48102900753837285
0,1,False,0.518236300208624,0.481763699791376
0,0,True,0.551145531961096,0.44885446803890405
1,1,True,0.566171629267115,0.566171629267115
1,1,True,0.5669293686412148,0.5669293686412148
1,1,True,0.5819638289792357,0.5819638289792357
1,1,True,0.5632185298757473,0.5632185298757473
0,1,False,0.503518729294838,0.4964812707051619
0,1,False,0.5312888227168827,0.4687111772831173
0,0,True,0.5240879388825279,0.4759120611174721
1,1,True,0.5901741030072885,0.5901741030072885
1,1,True,0.5646712026665739,0.5646712026665739
1,1,True,0.5264444503919009,0.5264444503919009
1,1,True,0.5134084971153188,0.5134084971153188
0,1,False,0.504560853843175,0.49543914615682494
1,0,False,0.5342344025051764,0.5342344025051764
1,0,False,0.5397945877563121,0.5397945877563121
1,0,False,0.5106936458726786,0.5106936458726786
0,0,True,0.514765152480049,0.48523484751995105
1,0,False,0.5798860980126511,0.5798860980126511
1,0,False,0.5336905090902085,0.5336905090902085
1,0,False,0.5834772065761721,0.5834772065761721
0,0,True,0.5019171399365591,0.49808286006344094
0,0,True,0.5140317136344499,0.48596828636555
0,0,True,0.5097024499137738,0.4902975500862262
0,0,True,0.5853281358900666,0.4146718641099333
0,0,True,0.6022271599049923,0.39777284009500763
0,0,True,0.6035170532848693,0.3964829467151307
0,1,False,0.5742916930514229,0.42570830694857703
1,1,True,0.5331172804169033,0.5331172804169033
1,1,True,0.5252433233084162,0.5252433233084162
0,1,False,0.5021035060078876,0.4978964939921124
0,1,False,0.5266541493837515,0.47334585061624834
1,1,True,0.5181771892564229,0.5181771892564229
1,1,True,0.544449911734273,0.544449911734273
1,1,True,0.5106457043821283,0.5106457043821283
0,0,True,0.5347642461797834,0.4652357538202166
0,0,True,0.5137634054882267,0.48623659451177326
0,0,True,0.5037198152424597,0.4962801847575402
1,0,False,0.5327507245493794,0.5327507245493794
1,0,False,0.5210110979659456,0.5210110979659456
0,1,False,0.5149556064784787,0.4850443935215212
1,1,True,0.5636119733873486,0.5636119733873486
1,0,False,0.5690375881912216,0.5690375881912216
1,1,True,0.5150516243987746,0.5150516243987746
1,0,False,0.5561347866331905,0.5561347866331905
1,0,False,0.5535996842439417,0.5535996842439417
0,0,True,0.5375665585767596,0.46243344142324033
1,0,False,0.5508884096226915,0.5508884096226915
1,0,False,0.6017816743515236,0.6017816743515236
1,0,False,0.5842716212246728,0.5842716212246728
1,0,False,0.5542720234858872,0.5542720234858872
1,1,True,0.5464185032631027,0.5464185032631027
1,1,True,0.5673429754414185,0.5673429754414185
1,1,True,0.5188723395088777,0.5188723395088777
1,1,True,0.5002797877640774,0.5002797877640774
1,0,False,0.53233695036802,0.53233695036802
1,0,False,0.530974354122437,0.530974354122437
0,0,True,0.5203006046790638,0.4796993953209362
0,0,True,0.5331512655970415,0.4668487344029585
0,0,True,0.5401543770260551,0.45984562297394493
0,1,False,0.5443129418638706,0.45568705813612925
0,1,False,0.5291780031944959,0.47082199680550396
0,1,False,0.5374293527603193,0.46257064723968044
0,1,False,0.5404277994130713,0.4595722005869287
0,0,True,0.5168018472189898,0.4831981527810101
0,0,True,0.5436479164923942,0.4563520835076058
0,1,False,0.5496678974188733,0.45033210258112655
0,0,True,0.5516492688473809,0.44835073115261914
0,0,True,0.5539443179273649,0.4460556820726351
0,0,True,0.5271405747119842,0.4728594252880159
1,0,False,0.5491905011909765,0.5491905011909765
1,0,False,0.5042261805906377,0.5042261805906377
1,1,True,0.5766871239205557,0.5766871239205557
1,1,True,0.5682327620299255,0.5682327620299255
1,1,True,0.5345421286982036,0.5345421286982036
1,1,True,0.524997668721537,0.524997668721537
1,0,False,0.5491614296622078,0.5491614296622078
1,0,False,0.5119303792364663,0.5119303792364663
0,1,False,0.5006315464395348,0.49936845356046505
0,1,False,0.5476690838746036,0.4523309161253964
0,1,False,0.5166308615530988,0.4833691384469011
0,1,False,0.5569930684476849,0.44300693155231496
0,1,False,0.5470911299695631,0.4529088700304368
1,1,True,0.517365180027317,0.517365180027317
0,1,False,0.5295768433509713,0.4704231566490287
0,1,False,0.5315402822954136,0.46845971770458633
0,1,False,0.511915053992294,0.488084946007706
0,1,False,0.523741433654412,0.476258566345588
0,1,False,0.5579950284450801,0.4420049715549199
0,1,False,0.5536055391925463,0.44639446080745354
0,1,False,0.5364496914698446,0.4635503085301554
0,0,True,0.526601681628732,0.47339831837126795
0,0,True,0.553371787036881,0.44662821296311894
1,0,False,0.5163875260141303,0.5163875260141303
1,0,False,0.5165900534047186,0.5165900534047186
1,0,False,0.5140045934453742,0.5140045934453742
0,0,True,0.5023357234708847,0.49766427652911516
1,0,False,0.5452294794832322,0.5452294794832322
1,0,False,0.5661166450567234,0.5661166450567234
1,0,False,0.5077870826006159,0.5077870826006159
1,0,False,0.5204794547205187,0.5204794547205187
0,0,True,0.5394165964278977,0.46058340357210203
0,0,True,0.5404491712822415,0.45955082871775854
0,0,True,0.5457981991505076,0.45420180084949235
0,0,True,0.5818191633947252,0.4181808366052749
0,0,True,0.5294496001544727,0.47055039984552727
0,0,True,0.5291942150502591,0.470805784949741
0,0,True,0.5073849232318343,0.4926150767681656
1,0,False,0.5336949061818963,0.5336949061818963
0,0,True,0.5072936817424106,0.49270631825758937
0,1,False,0.5038321736946371,0.4961678263053628
1,1,True,0.5663956893934005,0.5663956893934005
1,1,True,0.5721389131064727,0.5721389131064727
1,1,True,0.5956643119822462,0.5956643119822462
1,1,True,0.6198506108962168,0.6198506108962168
1,1,True,0.5763668282966278,0.5763668282966278
0,1,False,0.5482133672540966,0.45178663274590347
0,1,False,0.5171995844811939,0.4828004155188062
0,1,False,0.5975343345716966,0.4024656654283034
0,1,False,0.5963708060574464,0.4036291939425536
0,0,True,0.5472189647293886,0.4527810352706114
1,0,False,0.5739432057176026,0.5739432057176026
1,0,False,0.5893380306621876,0.5893380306621876
1,1,True,0.616184870196213,0.616184870196213
1,1,True,0.6279627774106393,0.6279627774106393
1,1,True,0.5853368120209299,0.5853368120209299
1,1,True,0.6128865104308991,0.6128865104308991
1,1,True,0.5883694673417826,0.5883694673417826
1,0,False,0.6005904872290537,0.6005904872290537
1,0,False,0.6195637271420988,0.6195637271420988
1,0,False,0.631465104634249,0.631465104634249
1,1,True,0.6241065351063344,0.6241065351063344
1,1,True,0.573570701139492,0.573570701139492
1,1,True,0.6097950420048723,0.6097950420048723
1,1,True,0.6623147723388808,0.6623147723388808
1,1,True,0.6243444455669832,0.6243444455669832
1,1,True,0.5990155308801144,0.5990155308801144
1,0,False,0.5664571637021912,0.5664571637021912
1,1,True,0.6026305454681999,0.6026305454681999
1,1,True,0.5583477645735875,0.5583477645735875
1,1,True,0.5766642695039444,0.5766642695039444
1,1,True,0.5154889807468636,0.5154889807468636
1,1,True,0.5066132767074407,0.5066132767074407
0,1,False,0.5330766768153072,0.46692332318469265
1,1,True,0.5544437903611737,0.5544437903611737
1,1,True,0.5347814014739016,0.5347814014739016
1,1,True,0.5340486147304703,0.5340486147304703
1,1,True,0.535556746227597,0.535556746227597
1,1,True,0.5458615066005226,0.5458615066005226
1,1,True,0.5311500252886434,0.5311500252886434
0,1,False,0.5162907931721215,0.48370920682787844
1,1,True,0.5096593029849709,0.5096593029849709
1,0,False,0.5824005394816727,0.5824005394816727
1,0,False,0.569867221034992,0.569867221034992
1,0,False,0.5841424371482675,0.5841424371482675
1,0,False,0.5620873577742168,0.5620873577742168
1,0,False,0.5424398784669835,0.5424398784669835
0,0,True,0.5057483977070439,0.494251602292956
0,0,True,0.5201549678210411,0.4798450321789589
0,0,True,0.5200123313596939,0.47998766864030606
0,0,True,0.5222267383968955,0.4777732616031044
0,0,True,0.5057881550944623,0.4942118449055376
1,0,False,0.5083753409558894,0.5083753409558894
1,1,True,0.5218272029267434,0.5218272029267434
0,0,True,0.529573189281253,0.47042681071874703
1,0,False,0.5772080159865716,0.5772080159865716
1,0,False,0.5313317719705988,0.5313317719705988
0,0,True,0.5929218168303685,0.4070781831696313
1,0,False,0.5529400748148982,0.5529400748148982
1,0,False,0.5436681710619194,0.5436681710619194
1,0,False,0.5428358966413586,0.5428358966413586
0,0,True,0.5363465128640826,0.4636534871359173
0,1,False,0.527695912265846,0.47230408773415394
0,1,False,0.5518489365940268,0.4481510634059732
0,1,False,0.5017182752759646,0.4982817247240353
0,1,False,0.5592765877993691,0.4407234122006308
0,1,False,0.5649968097529373,0.4350031902470626
0,1,False,0.5319164540152931,0.46808354598470703
0,0,True,0.5504638851279378,0.44953611487206213
1,0,False,0.5062406265561213,0.5062406265561213
0,0,True,0.5116208646223385,0.4883791353776614
1,0,False,0.5152666869160366,0.5152666869160366
0,1,False,0.5102715298693113,0.48972847013068854
1,0,False,0.5242114116268869,0.5242114116268869
1,1,True,0.5012071823895219,0.5012071823895219
1,1,True,0.5514743442395447,0.5514743442395447
1,1,True,0.5340751858804832,0.5340751858804832
1,1,True,0.5063126862178293,0.5063126862178293
0,1,False,0.5377747065122247,0.4622252934877752
0,0,True,0.5362953693726502,0.4637046306273498
0,1,False,0.5231035241281623,0.4768964758718376
0,0,True,0.5579319595347714,0.4420680404652285
1,0,False,0.5420028056335657,0.5420028056335657
0,0,True,0.545807399523496,0.4541926004765039
0,0,True,0.5216935735365672,0.4783064264634327
0,0,True,0.518032902055568,0.48196709794443193
0,1,False,0.5172565161417618,0.48274348385823806
1,1,True,0.512859533835932,0.512859533835932
0,1,False,0.5532577220066782,0.4467422779933217
0,1,False,0.5359642858832404,0.4640357141167595
0,1,False,0.5287960269278851,0.4712039730721149
1,0,False,0.5086420950547667,0.5086420950547667
0,1,False,0.5206327855768229,0.4793672144231771
0,1,False,0.5180121210860704,0.48198787891392947
0,1,False,0.5430156551953896,0.4569843448046103
0,1,False,0.5551057759820559,0.444894224017944
0,0,True,0.5141934045493496,0.4858065954506503
0,0,True,0.570769063675877,0.42923093632412285
0,0,True,0.5722588938287521,0.42774110617124783
0,0,True,0.5767359315470488,0.4232640684529511
1,0,False,0.538458237151575,0.538458237151575
1,0,False,0.5404617770740063,0.5404617770740063
1,0,False,0.5402508526039008,0.5402508526039008
0,0,True,0.5443034669161771,0.4556965330838228
0,0,True,0.5145217224814456,0.4854782775185543
1,1,True,0.5624223973198683,0.5624223973198683
0,0,True,0.5055605214387011,0.4944394785612988
0,0,True,0.5471075705131275,0.45289242948687236
0,1,False,0.5735182758140938,0.42648172418590613
0,1,False,0.5604397312162558,0.4395602687837441
0,0,True,0.5756962263453551,0.4243037736546449
1,0,False,0.5234904997563852,0.5234904997563852
1,0,False,0.5129922565223335,0.5129922565223335
0,0,True,0.5241190577615283,0.47588094223847155
0,1,False,0.5457697830302735,0.45423021696972654
0,1,False,0.515419013008058,0.48458098699194196
0,1,False,0.523284919863922,0.4767150801360779
0,1,False,0.5092988609822432,0.4907011390177567
1,1,True,0.5002503909842563,0.5002503909842563
1,1,True,0.5051231842726176,0.5051231842726176
0,1,False,0.5000991087139107,0.4999008912860893
0,1,False,0.5174619594698446,0.48253804053015537
0,1,False,0.5091330501429412,0.4908669498570587
1,1,True,0.5255358333527964,0.5255358333527964
1,1,True,0.6013214609044919,0.6013214609044919
1,1,True,0.5957646695406773,0.5957646695406773
1,1,True,0.5375264269004937,0.5375264269004937
1,1,True,0.5986738634096862,0.5986738634096862
1,1,True,0.5656717813721468,0.5656717813721468
1,0,False,0.5822254370607965,0.5822254370607965
1,0,False,0.5792807341203039,0.5792807341203039
1,0,False,0.5765546153308174,0.5765546153308174
1,0,False,0.5255646256634139,0.5255646256634139
1,0,False,0.522030874195146,0.522030874195146
0,0,True,0.5211442924644387,0.47885570753556117
0,0,True,0.5178841789608625,0.4821158210391374
0,0,True,0.5050489775255448,0.4949510224744552
0,1,False,0.5345340326515178,0.465465967348482
0,0,True,0.556378562591898,0.4436214374081021
0,1,False,0.5474218306380179,0.4525781693619819
0,0,True,0.5540629941716972,0.4459370058283026
0,0,True,0.5596281690035643,0.4403718309964356
0,0,True,0.5993028941329193,0.40069710586708074
0,0,True,0.5198045350607043,0.48019546493929566
1,0,False,0.5310006883765822,0.5310006883765822
1,0,False,0.5918624421972066,0.5918624421972066
1,0,False,0.5705305623846001,0.5705305623846001
1,0,False,0.5086027164601241,0.5086027164601241
1,0,False,0.5407330850232502,0.5407330850232502
1,1,True,0.5339775894417237,0.5339775894417237
1,0,False,0.5104244496705947,0.5104244496705947
1,0,False,0.5068662346562414,0.5068662346562414
0,0,True,0.5532247252512091,0.4467752747487908
0,0,True,0.5785488227612191,0.42145117723878067
0,0,True,0.5576237615691698,0.4423762384308301
0,0,True,0.5532350764400302,0.4467649235599698
0,0,True,0.5547702598907251,0.4452297401092749
0,0,True,0.5428712895593063,0.4571287104406936
0,1,False,0.5536268696204356,0.44637313037956433
1,1,True,0.5227230682750317,0.5227230682750317
1,1,True,0.5809295759456227,0.5809295759456227
1,1,True,0.5887094176020495,0.5887094176020495
1,1,True,0.6073735985460131,0.6073735985460131
1,1,True,0.5507118243393735,0.5507118243393735
0,1,False,0.525966411339636,0.474033588660364
1,1,True,0.5036829934693211,0.5036829934693211
0,1,False,0.5095046017039306,0.49049539829606925
1,1,True,0.5010629812655251,0.5010629812655251
1,1,True,0.5370634244965381,0.5370634244965381
1,1,True,0.542734068545236,0.542734068545236
1,1,True,0.5501618032001786,0.5501618032001786
1,0,False,0.5658827273053116,0.5658827273053116
1,0,False,0.5067677275700995,0.5067677275700995
1,0,False,0.5428682205035384,0.5428682205035384
1,0,False,0.5487457878437797,0.5487457878437797
1,0,False,0.5255032681049989,0.5255032681049989
0,0,True,0.5216950156140947,0.4783049843859052
1,1,True,0.555308068548267,0.555308068548267
0,1,False,0.5383854454740071,0.46161455452599287
0,0,True,0.5563669516153176,0.44363304838468237
1,0,False,0.5035787817533355,0.5035787817533355
0,0,True,0.5782405786036009,0.42175942139639905
0,0,True,0.5600200250987364,0.43997997490126356
0,0,True,0.5952271716155676,0.4047728283844324
0,0,True,0.554681292732156,0.44531870726784384
0,0,True,0.521305741846581,0.47869425815341893
1,0,False,0.5064041835808436,0.5064041835808436
1,0,False,0.538362447506627,0.538362447506627
1,0,False,0.5438663373792899,0.5438663373792899
1,0,False,0.5815834170016194,0.5815834170016194
1,1,True,0.6038361698392017,0.6038361698392017
1,1,True,0.5725399359009291,0.5725399359009291
1,1,True,0.5573853674182114,0.5573853674182114
0,1,False,0.504009960331423,0.4959900396685769
0,1,False,0.5065299189730856,0.49347008102691436
0,1,False,0.5509978937717319,0.44900210622826797
0,1,False,0.5804077427679321,0.4195922572320679
0,0,True,0.5156929028466807,0.4843070971533193
0,1,False,0.5063546945493228,0.4936453054506771
1,1,True,0.5062884244690163,0.5062884244690163
1,1,True,0.5151866194460599,0.5151866194460599
1,1,True,0.5120974038570213,0.5120974038570213
0,1,False,0.5219742658040298,0.47802573419597005
0,1,False,0.5422097867447089,0.4577902132552911
0,0,True,0.5800916527383525,0.4199083472616474
1,1,True,0.5203676062856056,0.5203676062856056
0,1,False,0.5133140503417369,0.486685949658263
1,1,True,0.575829846002912,0.575829846002912
1,0,False,0.5599529555951114,0.5599529555951114
1,0,False,0.5177605204911518,0.5177605204911518
1,0,False,0.5319755507221627,0.5319755507221627
1,0,False,0.528456169125455,0.528456169125455
0,0,True,0.5012273023727112,0.4987726976272888
1,0,False,0.509025178069418,0.509025178069418
1,0,False,0.5768076163415697,0.5768076163415697
1,0,False,0.534306986564731,0.534306986564731
1,0,False,0.5157335115345038,0.5157335115345038
1,0,False,0.5927796356433794,0.5927796356433794
1,1,True,0.50249416413851,0.50249416413851
1,0,False,0.6266151103057231,0.6266151103057231
1,0,False,0.6172590566631477,0.6172590566631477
1,1,True,0.6159430071214376,0.6159430071214376
1,0,False,0.613487197795245,0.613487197795245
1,0,False,0.5218247422984977,0.5218247422984977
1,0,False,0.5184008931015905,0.5184008931015905
1,1,True,0.537454469028176,0.537454469028176
0,1,False,0.5075215692210056,0.49247843077899434
1,1,True,0.5372481545470272,0.5372481545470272
0,1,False,0.5530372148972681,0.4469627851027318
0,1,False,0.5424725518836548,0.4575274481163451
0,1,False,0.5543094978905092,0.44569050210949074
0,1,False,0.519616410800898,0.4803835891991018
0,1,False,0.5454514003333233,0.45454859966667677
1,1,True,0.5070724071798177,0.5070724071798177
1,0,False,0.511902820738564,0.511902820738564
1,1,True,0.5390940001842939,0.5390940001842939
0,0,True,0.5288967562029789,0.47110324379702095
0,1,False,0.5703752756801921,0.42962472431980786
0,0,True,0.5479577514884293,0.4520422485115707
0,0,True,0.5232657475030191,0.47673425249698076
0,0,True,0.5013254792913309,0.4986745207086692
0,1,False,0.5592255050712486,0.4407744949287514
1,0,False,0.5513440566688597,0.5513440566688597
1,0,False,0.6271147137337312,0.6271147137337312
0,0,True,0.5342705168900196,0.4657294831099804
0,0,True,0.5142053492070197,0.48579465079298023
0,0,True,0.5161969578778338,0.4838030421221661
0,1,False,0.5185997259979342,0.48140027400206564
0,1,False,0.5118404184840031,0.48815958151599687
0,1,False,0.5047508086259359,0.495249191374064
1,0,False,0.5530045169144265,0.5530045169144265
1,0,False,0.5739785517217861,0.5739785517217861
1,0,False,0.5181318424160307,0.5181318424160307
1,0,False,0.5141987859631165,0.5141987859631165
1,0,False,0.5420854583988404,0.5420854583988404
1,0,False,0.5241964224124862,0.5241964224124862
1,0,False,0.6114239064131352,0.6114239064131352
1,0,False,0.6814186272429119,0.6814186272429119
1,1,True,0.6770147875294368,0.6770147875294368
1,1,True,0.6191997815311094,0.6191997815311094
1,1,True,0.5116726849325998,0.5116726849325998
0,1,False,0.553466381029532,0.4465336189704679
1,1,True,0.5483103307078746,0.5483103307078746
1,1,True,0.5030393902531632,0.5030393902531632
1,1,True,0.5898588590025415,0.5898588590025415
1,1,True,0.6360192336343785,0.6360192336343785
0,1,False,0.5340770270738529,0.4659229729261472
1,1,True,0.5689807617912517,0.5689807617912517
1,1,True,0.5831360956064362,0.5831360956064362
1,1,True,0.5528454597591247,0.5528454597591247
1,1,True,0.5474590409158847,0.5474590409158847
1,1,True,0.5925361106958611,0.5925361106958611
1,0,False,0.596219427306861,0.596219427306861
1,1,True,0.6005832841953174,0.6005832841953174
1,1,True,0.5232024214631322,0.5232024214631322
1,0,False,0.5674003075763862,0.5674003075763862
1,0,False,0.5505831429426907,0.5505831429426907
1,0,False,0.5865777298330177,0.5865777298330177
1,0,False,0.5267187413572614,0.5267187413572614
1,0,False,0.5825252261138558,0.5825252261138558
1,0,False,0.5501551439981923,0.5501551439981923
1,0,False,0.5287949489017559,0.5287949489017559
1,1,True,0.5345622494897889,0.5345622494897889
1,1,True,0.5216704548178954,0.5216704548178954
1,1,True,0.5104974529122869,0.5104974529122869
0,1,False,0.5519259878419276,0.4480740121580725
1,1,True,0.5988147362383316,0.5988147362383316
0,0,True,0.5468888744443489,0.4531111255556511
0,1,False,0.5436687441787647,0.4563312558212354
0,0,True,0.5657887834473199,0.4342112165526801
1,0,False,0.5032517822685629,0.5032517822685629
0,1,False,0.5679633845847127,0.43203661541528726
0,1,False,0.550069166676121,0.44993083332387884
0,0,True,0.5683994250554909,0.4316005749445092
1,1,True,0.5516924144827252,0.5516924144827252
0,0,True,0.5144344735330161,0.485565526466984
0,1,False,0.5399520632830541,0.46004793671694577
0,1,False,0.556598235238032,0.443401764761968
1,1,True,0.6040733552269142,0.6040733552269142
0,1,False,0.5465684264902253,0.4534315735097746
0,1,False,0.5486854231787462,0.45131457682125375
0,1,False,0.5005001798762279,0.49949982012377214
1,1,True,0.5445593800696884,0.5445593800696884
1,1,True,0.5637266654074568,0.5637266654074568
1,1,True,0.5033675167429319,0.5033675167429319
1,1,True,0.5194056692816198,0.5194056692816198
1,1,True,0.5312629010780868,0.5312629010780868
1,1,True,0.5774133019727504,0.5774133019727504
1,0,False,0.5486576753040224,0.5486576753040224
1,0,False,0.5618850326020259,0.5618850326020259
0,0,True,0.5262111052039977,0.4737888947960023
0,0,True,0.5478535213192783,0.45214647868072166
0,0,True,0.5340280670540432,0.46597193294595685
1,0,False,0.5288360222316357,0.5288360222316357
1,0,False,0.6295522261542836,0.6295522261542836
1,0,False,0.66676497508133,0.66676497508133
1,0,False,0.6270726144543244,0.6270726144543244
1,1,True,0.5452919082126239,0.5452919082126239
1,1,True,0.5738073251756179,0.5738073251756179
1,0,False,0.630433680605323,0.630433680605323
1,0,False,0.5879481254793758,0.5879481254793758
0,0,True,0.5944181677795959,0.4055818322204043
0,0,True,0.5473901063822277,0.4526098936177724
0,0,True,0.5419544834976555,0.45804551650234465
0,0,True,0.5401048444818395,0.4598951555181605
1,0,False,0.5731975192696261,0.5731975192696261
1,1,True,0.6852210411338115,0.6852210411338115
1,0,False,0.6737595255365734,0.6737595255365734
1,1,True,0.6629382860223498,0.6629382860223498
1,1,True,0.617888751416796,0.617888751416796
1,1,True,0.504067908920601,0.504067908920601
0,0,True,0.5022722324686856,0.4977277675313143
1,0,False,0.5122945686809071,0.5122945686809071
1,0,False,0.580783840788915,0.580783840788915
1,0,False,0.570590364131018,0.570590364131018
1,0,False,0.5954026747400175,0.5954026747400175
1,0,False,0.5753176076260235,0.5753176076260235
1,0,False,0.5699866559892669,0.5699866559892669
1,0,False,0.642141208161562,0.642141208161562
1,0,False,0.6370286257270947,0.6370286257270947
1,0,False,0.641053374749084,0.641053374749084
1,0,False,0.5881686067582959,0.5881686067582959
1,1,True,0.6063184012361311,0.6063184012361311
1,1,True,0.5994648425739937,0.5994648425739937
1,0,False,0.5723866630787987,0.5723866630787987
1,1,True,0.5112015251027914,0.5112015251027914
0,1,False,0.5084206907680494,0.4915793092319505
1,1,True,0.5384033958184435,0.5384033958184435
1,1,True,0.5662252075661045,0.5662252075661045
1,1,True,0.5886497558362189,0.5886497558362189
1,1,True,0.524294283150349,0.524294283150349
1,1,True,0.5411155099764321,0.5411155099764321
1,1,True,0.5310955524018437,0.5310955524018437
1,1,True,0.5124416816670957,0.5124416816670957
1,1,True,0.5180985431660822,0.5180985431660822
1,1,True,0.5640832154524449,0.5640832154524449
1,1,True,0.5386927582021792,0.5386927582021792
1,1,True,0.5036698683802492,0.5036698683802492
1,1,True,0.5663036640846167,0.5663036640846167
1,1,True,0.5290899879760588,0.5290899879760588
0,0,True,0.5075091619784766,0.4924908380215235
1,0,False,0.6341400651401496,0.6341400651401496
1,0,False,0.6249359910981551,0.6249359910981551
1,0,False,0.6244330075523519,0.6244330075523519
1,1,True,0.6318067546350175,0.6318067546350175
1,1,True,0.6097954995728152,0.6097954995728152
1,1,True,0.6151197073544383,0.6151197073544383
0,1,False,0.5072858696513092,0.4927141303486909
1,1,True,0.6163469176420904,0.6163469176420904
1,0,False,0.5222189207424814,0.5222189207424814
1,0,False,0.5152699616749288,0.5152699616749288
1,0,False,0.6207415048049616,0.6207415048049616
1,0,False,0.5081303393962734,0.5081303393962734
0,0,True,0.5072452699853713,0.4927547300146287
1,1,True,0.5082538300785602,0.5082538300785602
1,1,True,0.5765841846793736,0.5765841846793736
1,1,True,0.5725220778466658,0.5725220778466658
0,0,True,0.5614225018766081,0.43857749812339186
0,0,True,0.5080714436453477,0.49192855635465227
1,0,False,0.525778487524157,0.525778487524157
1,0,False,0.5202565957708833,0.5202565957708833
1,0,False,0.5441708203311189,0.5441708203311189
0,0,True,0.5066374237636095,0.49336257623639057
1,0,False,0.5224721088852198,0.5224721088852198
1,0,False,0.6806876976086453,0.6806876976086453
1,0,False,0.6835014532470258,0.6835014532470258
1,0,False,0.6758666714602319,0.6758666714602319
1,0,False,0.5968658204577095,0.5968658204577095
1,1,True,0.5173228615150016,0.5173228615150016
1,1,True,0.5825456433901831,0.5825456433901831
1,0,False,0.5900781117002063,0.5900781117002063
1,0,False,0.5943154015311388,0.5943154015311388
1,0,False,0.5870014873618263,0.5870014873618263
1,0,False,0.5501480548596954,0.5501480548596954
1,0,False,0.5662161046507171,0.5662161046507171
1,1,True,0.5789385689032612,0.5789385689032612
1,0,False,0.5819460498685675,0.5819460498685675
1,0,False,0.5366644543134816,0.5366644543134816
1,0,False,0.5740971502946839,0.5740971502946839
1,1,True,0.6119754151742021,0.6119754151742021
1,0,False,0.5097865822021103,0.5097865822021103
0,1,False,0.5045148014722534,0.49548519852774675
1,1,True,0.5524659146585787,0.5524659146585787
1,1,True,0.6335668955730756,0.6335668955730756
1,1,True,0.5578005086199259,0.5578005086199259
0,1,False,0.5083544899325175,0.49164551006748247
0,1,False,0.5463620467396763,0.45363795326032375
0,1,False,0.5521883616489163,0.44781163835108384
0,1,False,0.5353719062757505,0.4646280937242495
1,1,True,0.5065127663623173,0.5065127663623173
1,1,True,0.5086296809728742,0.5086296809728742
1,1,True,0.5968067432028497,0.5968067432028497
0,1,False,0.5078603504349612,0.49213964956503864
1,1,True,0.5431854404031866,0.5431854404031866
1,1,True,0.5009190619363347,0.5009190619363347
0,0,True,0.5722636287285698,0.4277363712714301
1,0,False,0.5321469519023188,0.5321469519023188
1,1,True,0.5299399633838785,0.5299399633838785
0,0,True,0.5822409653450484,0.41775903465495157
0,0,True,0.5731580518729513,0.4268419481270488
0,0,True,0.5090107883014245,0.4909892116985754
0,0,True,0.5323165687770457,0.4676834312229543
1,0,False,0.5573802874179102,0.5573802874179102
1,0,False,0.5483254562171018,0.5483254562171018
0,0,True,0.5852586749791537,0.4147413250208462
0,0,True,0.5961158615398211,0.4038841384601789
0,0,True,0.616267890891841,0.383732109108159
0,1,False,0.5324799729743515,0.4675200270256485
1,1,True,0.5429986547291153,0.5429986547291153
1,1,True,0.5232161817408105,0.5232161817408105
1,1,True,0.5257508020767437,0.5257508020767437
1,1,True,0.5414604373854723,0.5414604373854723
0,1,False,0.5139545750507165,0.4860454249492835
0,1,False,0.5390988352097854,0.4609011647902146
0,0,True,0.5473475630402674,0.4526524369597325
1,0,False,0.5036834992286959,0.5036834992286959
1,0,False,0.5156672751458306,0.5156672751458306
1,0,False,0.5443211242028294,0.5443211242028294
0,0,True,0.5043830297924511,0.4956169702075489
0,1,False,0.5046751281103805,0.4953248718896195
1,1,True,0.6326682536708661,0.6326682536708661
0,1,False,0.506311846077103,0.49368815392289683
0,1,False,0.521903264259364,0.47809673574063594
0,1,False,0.5670995936398248,0.4329004063601752
0,1,False,0.52703953774076,0.47296046225923993
0,1,False,0.5293426270778753,0.4706573729221247
1,1,True,0.5075920881679464,0.5075920881679464
0,1,False,0.5264834802343961,0.47351651976560394
1,1,True,0.6006817521681765,0.6006817521681765
1,1,True,0.5920491790811789,0.5920491790811789
1,1,True,0.5139665294962996,0.5139665294962996
1,1,True,0.6016303911209862,0.6016303911209862
1,0,False,0.5691173676235396,0.5691173676235396
1,1,True,0.5787684116370051,0.5787684116370051
1,1,True,0.5487250342447445,0.5487250342447445
1,1,True,0.5523587887145227,0.5523587887145227
1,1,True,0.5064162708235183,0.5064162708235183
1,1,True,0.5612986206570696,0.5612986206570696
0,1,False,0.5391895591442593,0.4608104408557408
1,0,False,0.5619503049446041,0.5619503049446041
1,0,False,0.6546287260334621,0.6546287260334621
1,0,False,0.512527867386086,0.512527867386086
0,0,True,0.5022053320383757,0.4977946679616242
0,0,True,0.5034113614760475,0.4965886385239524
0,0,True,0.536736158433825,0.46326384156617484
1,0,False,0.5043600851841804,0.5043600851841804
1,0,False,0.5749323665112986,0.5749323665112986
1,0,False,0.5565272865626513,0.5565272865626513
1,0,False,0.5647506897534885,0.5647506897534885
0,0,True,0.5034561804149459,0.496543819585054
1,0,False,0.5311048683652732,0.5311048683652732
0,0,True,0.5025018734647728,0.4974981265352272
1,0,False,0.5345836182592982,0.5345836182592982
0,0,True,0.5037628296435983,0.4962371703564016
1,0,False,0.5086109244086101,0.5086109244086101
0,0,True,0.5061130326674297,0.4938869673325702
0,0,True,0.5517670807444606,0.44823291925553943
0,0,True,0.5705348565183763,0.4294651434816238
1,0,False,0.5144760667016821,0.5144760667016821
1,0,False,0.5717403557953062,0.5717403557953062
1,0,False,0.5077060126167581,0.5077060126167581
0,0,True,0.5001876758592942,0.49981232414070587
1,0,False,0.5520709370706124,0.5520709370706124
1,0,False,0.55184889945698,0.55184889945698
1,0,False,0.6427851257064863,0.6427851257064863
1,0,False,0.5309457917872633,0.5309457917872633
1,1,True,0.5995421872549638,0.5995421872549638
1,1,True,0.5510589012567322,0.5510589012567322
1,1,True,0.5629328075729629,0.5629328075729629
1,1,True,0.5510253584332803,0.5510253584332803
1,1,True,0.5137218168524331,0.5137218168524331
0,1,False,0.5207981623187045,0.4792018376812955
0,1,False,0.5075875111211895,0.49241248887881045
1,1,True,0.5383258865871842,0.5383258865871842
1,1,True,0.6140922324217657,0.6140922324217657
1,1,True,0.6247041572805977,0.6247041572805977
1,1,True,0.5793990702157248,0.5793990702157248
1,1,True,0.5787574492216254,0.5787574492216254
1,1,True,0.5416457447557332,0.5416457447557332
1,0,False,0.5941417526386991,0.5941417526386991
1,0,False,0.5708466295850577,0.5708466295850577
1,0,False,0.6029699799147072,0.6029699799147072
1,0,False,0.6251529979056589,0.6251529979056589
1,0,False,0.5808047959798409,0.5808047959798409
1,0,False,0.5016877723240989,0.5016877723240989
1,0,False,0.6090262563281366,0.6090262563281366
0,0,True,0.5704845883517908,0.42951541164820917
1,0,False,0.5319526690604196,0.5319526690604196
0,1,False,0.5613852261661505,0.4386147738338496
0,1,False,0.5349740748566413,0.4650259251433586
0,0,True,0.5403072797932345,0.4596927202067655
0,0,True,0.503940410090767,0.49605958990923293
0,0,True,0.5122865651038775,0.4877134348961224
0,0,True,0.5184080188564173,0.48159198114358265
0,0,True,0.5329833395989545,0.4670166604010454
0,0,True,0.5194829930823385,0.4805170069176615
1,0,False,0.5091306779989128,0.5091306779989128
1,0,False,0.520782244908357,0.520782244908357
1,0,False,0.6635420590992589,0.6635420590992589
1,1,True,0.6915849968863299,0.6915849968863299
1,0,False,0.6843581101707614,0.6843581101707614
1,0,False,0.7004633917078626,0.7004633917078626
1,0,False,0.6298225605212312,0.6298225605212312
1,1,True,0.5058198508259271,0.5058198508259271
1,0,False,0.5443071856617137,0.5443071856617137
1,0,False,0.5773079633219271,0.5773079633219271
1,1,True,0.5857728696356495,0.5857728696356495
1,1,True,0.6059702101220714,0.6059702101220714
1,1,True,0.5863199143453144,0.5863199143453144
1,1,True,0.654309577585306,0.654309577585306
1,1,True,0.6731609373789142,0.6731609373789142
1,1,True,0.5970626934403357,0.5970626934403357
1,1,True,0.5733097570440533,0.5733097570440533
1,1,True,0.5763872434424502,0.5763872434424502
0,1,False,0.5102355341040441,0.48976446589595596
1,1,True,0.5739177552043706,0.5739177552043706
1,1,True,0.5948167312092678,0.5948167312092678
1,1,True,0.5860528884456884,0.5860528884456884
1,0,False,0.5471752103746743,0.5471752103746743
1,0,False,0.5994502042518083,0.5994502042518083
1,0,False,0.5712574336541814,0.5712574336541814
1,1,True,0.5776418380412269,0.5776418380412269
1,0,False,0.585683525056619,0.585683525056619
1,1,True,0.5880632257714937,0.5880632257714937
1,1,True,0.5948009288169865,0.5948009288169865
1,1,True,0.5773424089526735,0.5773424089526735
1,0,False,0.5581289928372379,0.5581289928372379
0,1,False,0.5876713743038681,0.412328625696132
0,0,True,0.5934573566978866,0.40654264330211337
0,1,False,0.5324374223363706,0.4675625776636295
1,1,True,0.5628030029933232,0.5628030029933232
0,1,False,0.5874512596015324,0.4125487403984677
0,1,False,0.5562855537100908,0.44371444628990925
0,1,False,0.5601494185530507,0.4398505814469495
0,1,False,0.5322826717831859,0.4677173282168141
1,1,True,0.5792743465655662,0.5792743465655662
0,1,False,0.5409919910790637,0.4590080089209363
1,1,True,0.5443365502307622,0.5443365502307622
1,1,True,0.5541855716556583,0.5541855716556583
1,0,False,0.5286291219926282,0.5286291219926282
1,1,True,0.5863521796705872,0.5863521796705872
1,0,False,0.5739185213175979,0.5739185213175979
1,0,False,0.565330190284372,0.565330190284372
1,1,True,0.5440208895246034,0.5440208895246034
1,1,True,0.543633447190921,0.543633447190921
1,0,False,0.545354032901481,0.545354032901481
1,1,True,0.5514668506392404,0.5514668506392404
1,0,False,0.54274584432005,0.54274584432005
1,0,False,0.5522627977532653,0.5522627977532653
0,0,True,0.5255122228997505,0.4744877771002496
0,0,True,0.5076227605035986,0.49237723949640144
0,1,False,0.5521780416560853,0.4478219583439148
0,1,False,0.5211672484910355,0.47883275150896454
0,1,False,0.5814524702377915,0.41854752976220877
0,1,False,0.5789688989176314,0.42103110108236885
0,1,False,0.5589438076623732,0.44105619233762716
1,0,False,0.5257637671033496,0.5257637671033496
1,0,False,0.5551403880165493,0.5551403880165493
1,0,False,0.5461158694873203,0.5461158694873203
1,1,True,0.520788160026154,0.520788160026154
1,1,True,0.5228828540227877,0.5228828540227877
1,1,True,0.5192641188239174,0.5192641188239174
0,1,False,0.5119500173884084,0.48804998261159166
0,0,True,0.5413927265903724,0.4586072734096277
1,0,False,0.5223666063083064,0.5223666063083064
1,0,False,0.5429524297034367,0.5429524297034367
1,0,False,0.5872059145279902,0.5872059145279902
1,0,False,0.5000874033579905,0.5000874033579905
1,0,False,0.51717634941765,0.51717634941765
0,0,True,0.5204783335286047,0.4795216664713952
1,0,False,0.5186487318649774,0.5186487318649774
1,0,False,0.5075280595890921,0.5075280595890921
1,0,False,0.5519681010312752,0.5519681010312752
1,0,False,0.5410422668568797,0.5410422668568797
0,1,False,0.5349648663385436,0.46503513366145643
0,1,False,0.550755957356488,0.449244042643512
1,1,True,0.5838622649621437,0.5838622649621437
1,0,False,0.548991498840309,0.548991498840309
1,0,False,0.5276857338812293,0.5276857338812293
0,0,True,0.5013069916838667,0.4986930083161333
0,1,False,0.5263821832845037,0.4736178167154965
1,1,True,0.57205684401757,0.57205684401757
1,1,True,0.5723462240323279,0.5723462240323279
1,1,True,0.6139850411922727,0.6139850411922727
1,1,True,0.6531092839513646,0.6531092839513646
1,1,True,0.584202777871023,0.584202777871023
1,1,True,0.5923748249766775,0.5923748249766775
1,0,False,0.5115757708373154,0.5115757708373154
1,0,False,0.5306961592736888,0.5306961592736888
1,0,False,0.5192285578061887,0.5192285578061887
0,0,True,0.505840745008892,0.4941592549911081
0,0,True,0.5069489597141431,0.49305104028585683
1,0,False,0.5575947318615126,0.5575947318615126
1,0,False,0.5616376694825974,0.5616376694825974
1,0,False,0.5766688497610626,0.5766688497610626
0,0,True,0.5006060798195512,0.49939392018044887
0,1,False,0.5193899786623934,0.48061002133760655
0,1,False,0.519157701541034,0.4808422984589661
0,1,False,0.5200315514855616,0.47996844851443854
1,1,True,0.5197878843397599,0.5197878843397599
0,0,True,0.5787888912401629,0.4212111087598372
1,0,False,0.5176872301084159,0.5176872301084159
1,0,False,0.5569223881534964,0.5569223881534964
0,0,True,0.5819355701118758,0.4180644298881243
1,0,False,0.5165780128460387,0.5165780128460387
1,0,False,0.573010882972322,0.573010882972322
1,0,False,0.64646829085535,0.64646829085535
1,0,False,0.5736724557302633,0.5736724557302633
1,1,True,0.5742592178864084,0.5742592178864084
1,1,True,0.6369094723100632,0.6369094723100632
1,1,True,0.6301260465330702,0.6301260465330702
1,1,True,0.571539527429835,0.571539527429835
1,1,True,0.5963282177185287,0.5963282177185287
1,1,True,0.5068781059279991,0.5068781059279991
1,0,False,0.5166734587839524,0.5166734587839524
1,1,True,0.5808591834284443,0.5808591834284443
1,0,False,0.601845710669836,0.601845710669836
1,0,False,0.6062366058632578,0.6062366058632578
1,0,False,0.5052620066542268,0.5052620066542268
1,0,False,0.5121242319770803,0.5121242319770803
1,0,False,0.5103749160468382,0.5103749160468382
1,1,True,0.5147189044883564,0.5147189044883564
1,1,True,0.5529840477585862,0.5529840477585862
1,1,True,0.5094548858044252,0.5094548858044252
1,0,False,0.5604249956635848,0.5604249956635848
1,0,False,0.6002730637029974,0.6002730637029974
1,0,False,0.5350603450459016,0.5350603450459016
1,0,False,0.5481938431634488,0.5481938431634488
1,1,True,0.5917073217328886,0.5917073217328886
0,1,False,0.5232736025876638,0.47672639741233624
1,1,True,0.5936378008469942,0.5936378008469942
1,1,True,0.568470789224994,0.568470789224994
1,1,True,0.6338298613001834,0.6338298613001834
1,1,True,0.5628291300146577,0.5628291300146577
1,1,True,0.5668138697324289,0.5668138697324289
1,1,True,0.5421655744286026,0.5421655744286026
1,1,True,0.5377886886039919,0.5377886886039919
1,0,False,0.606794336593284,0.606794336593284
1,0,False,0.6051952312382582,0.6051952312382582
1,0,False,0.5028997660834408,0.5028997660834408
1,0,False,0.5983553804530831,0.5983553804530831
1,0,False,0.5931421293196347,0.5931421293196347
1,0,False,0.538514892395876,0.538514892395876
1,0,False,0.6613956334350175,0.6613956334350175
1,0,False,0.5698664720632137,0.5698664720632137
1,0,False,0.6537273120328283,0.6537273120328283
1,0,False,0.6667950493779882,0.6667950493779882
1,0,False,0.5573385727978972,0.5573385727978972
1,0,False,0.6256438549435057,0.6256438549435057
1,1,True,0.6199270092858318,0.6199270092858318
1,0,False,0.6310362969344149,0.6310362969344149
1,1,True,0.5539251249781807,0.5539251249781807
1,1,True,0.5327787910104673,0.5327787910104673
1,1,True,0.5895765406259809,0.5895765406259809
1,1,True,0.519168668503241,0.519168668503241
1,1,True,0.5776203455921223,0.5776203455921223
1,1,True,0.5907406992882333,0.5907406992882333
1,1,True,0.5836042175924582,0.5836042175924582
1,1,True,0.5465862995959447,0.5465862995959447
1,1,True,0.6003142578848725,0.6003142578848725
1,0,False,0.5312709362899146,0.5312709362899146
1,1,True,0.5827151778051324,0.5827151778051324
0,1,False,0.5761400091852501,0.42385999081475
0,1,False,0.5316719213389283,0.46832807866107173
0,1,False,0.5084399277404035,0.4915600722595966
0,1,False,0.5694142186178158,0.43058578138218406
0,1,False,0.5566960398650584,0.44330396013494155
0,0,True,0.578060141874946,0.42193985812505397
0,1,False,0.5395512305959911,0.46044876940400886
0,1,False,0.6168778078651617,0.38312219213483834
0,1,False,0.5823280386736805,0.4176719613263194
0,1,False,0.5539309410723872,0.44606905892761284
0,1,False,0.6124874175781274,0.3875125824218725
0,1,False,0.6041341239007685,0.39586587609923135
0,1,False,0.6254929579060148,0.37450704209398517
0,1,False,0.5987966235658193,0.4012033764341806
0,1,False,0.543311801381913,0.4566881986180869
0,0,True,0.6163512800102209,0.38364871998977906
0,0,True,0.5608148719254875,0.4391851280745124
0,0,True,0.5296779486722916,0.4703220513277084
0,0,True,0.5515579614526269,0.448442038547373
0,0,True,0.5925189451541595,0.4074810548458404
0,0,True,0.5111301122940612,0.48886988770593875
1,0,False,0.5291508351043306,0.5291508351043306
1,1,True,0.6221682597875052,0.6221682597875052
1,0,False,0.5836914851778907,0.5836914851778907
0,0,True,0.5106970650050613,0.4893029349949386
0,0,True,0.5052017822386639,0.49479821776133615
0,0,True,0.5926208214015373,0.40737917859846273
0,0,True,0.5652835146550741,0.4347164853449258
0,1,False,0.5138995955302972,0.48610040446970276
0,1,False,0.5533227816929982,0.4466772183070017
0,1,False,0.5738604370201588,0.42613956297984124
0,1,False,0.5492076021064415,0.4507923978935587
0,1,False,0.546370673217993,0.453629326782007
0,1,False,0.5770906106194686,0.42290938938053146
0,0,True,0.5568964254498581,0.4431035745501421
1,1,True,0.5039300697972047,0.5039300697972047
0,0,True,0.5246493889980769,0.4753506110019231
1,0,False,0.5826811713436634,0.5826811713436634
1,0,False,0.5759748625120784,0.5759748625120784
0,0,True,0.5470326164956993,0.45296738350430077
0,0,True,0.5559123009714058,0.44408769902859435
0,0,True,0.5719016116683465,0.42809838833165365
0,1,False,0.5572676542955308,0.4427323457044692
1,1,True,0.5849049768198038,0.5849049768198038
1,0,False,0.5793661425462294,0.5793661425462294
1,0,False,0.6301176335263743,0.6301176335263743
1,0,False,0.5909418856202899,0.5909418856202899
0,0,True,0.592136814862998,0.40786318513700204
0,0,True,0.5624747597911739,0.43752524020882627
1,1,True,0.5250597212592059,0.5250597212592059
1,1,True,0.5438647169881287,0.5438647169881287
1,1,True,0.5366185993974696,0.5366185993974696
1,1,True,0.5629813406856692,0.5629813406856692
1,1,True,0.5400318808940325,0.5400318808940325
0,1,False,0.5881967745214921,0.411803225478508
0,1,False,0.5639664658016129,0.4360335341983871
0,1,False,0.5476885558940938,0.4523114441059062
0,0,True,0.536539263776084,0.46346073622391604
0,0,True,0.557607858444269,0.44239214155573103
0,0,True,0.5635403323089575,0.4364596676910425
1,0,False,0.574119369147778,0.574119369147778
1,0,False,0.584756772021428,0.584756772021428
1,0,False,0.5741357625126381,0.5741357625126381
0,0,True,0.541113310561392,0.4588866894386081
1,0,False,0.6083573667529766,0.6083573667529766
1,1,True,0.603811548910346,0.603811548910346
0,1,False,0.5749365647546401,0.42506343524535994
1,1,True,0.5986700996588507,0.5986700996588507
1,1,True,0.5892916327912605,0.5892916327912605
0,0,True,0.6104295977254817,0.3895704022745183
0,1,False,0.5977032594254973,0.4022967405745027
0,1,False,0.5893034352821803,0.41069656471781957
1,0,False,0.5242413145055429,0.5242413145055429
1,0,False,0.6717978289662399,0.6717978289662399
1,0,False,0.5996022229665375,0.5996022229665375
1,1,True,0.5950927457421455,0.5950927457421455
1,1,True,0.5818465939992538,0.5818465939992538
1,1,True,0.5881536493672599,0.5881536493672599
1,1,True,0.5248188349879743,0.5248188349879743
1,1,True,0.5260145024979229,0.5260145024979229
1,1,True,0.5297618190922337,0.5297618190922337
0,1,False,0.5435886549630685,0.4564113450369314
1,0,False,0.5838659262610084,0.5838659262610084
0,0,True,0.544363591202223,0.45563640879777706
0,0,True,0.5114927565862628,0.48850724341373697
0,0,True,0.5454273257736708,0.45457267422632913
0,0,True,0.5366374367711491,0.4633625632288509
0,0,True,0.5422622764942678,0.4577377235057322
0,0,True,0.5387352716547514,0.46126472834524856
0,0,True,0.5372721726501251,0.4627278273498749
1,0,False,0.5852101546181391,0.5852101546181391
1,1,True,0.5738778527473162,0.5738778527473162
1,0,False,0.5626612581198969,0.5626612581198969
1,0,False,0.5644413730350515,0.5644413730350515
1,0,False,0.5647049969312995,0.5647049969312995
1,0,False,0.561170133606878,0.561170133606878
0,0,True,0.6059872203627256,0.3940127796372744
1,0,False,0.5635610485313813,0.5635610485313813
0,0,True,0.606724448182022,0.393275551817978
0,0,True,0.6007295967486157,0.3992704032513843
0,1,False,0.5862405072137514,0.4137594927862485
0,1,False,0.5485817420024842,0.4514182579975157
1,1,True,0.6308655557160675,0.6308655557160675
1,1,True,0.6259928491434497,0.6259928491434497
0,1,False,0.5250636742343483,0.4749363257656516
0,0,True,0.5219547992612263,0.47804520073877355
0,1,False,0.5416516899580215,0.4583483100419785
0,1,False,0.5379707328868832,0.46202926711311665
0,1,False,0.5350245520768656,0.46497544792313433
1,1,True,0.6517962283400545,0.6517962283400545
1,1,True,0.5126486694919691,0.5126486694919691
1,1,True,0.5886122078502591,0.5886122078502591
0,1,False,0.5100459835768589,0.48995401642314107
1,0,False,0.5404061600633046,0.5404061600633046
0,0,True,0.5565721218607227,0.44342787813927736
0,0,True,0.551129794139108,0.448870205860892
0,0,True,0.5612368425187587,0.43876315748124134
0,0,True,0.5550752870544627,0.44492471294553726
0,0,True,0.550902470393889,0.44909752960611116
1,0,False,0.5925470742128888,0.5925470742128888
1,0,False,0.5825099326878849,0.5825099326878849
1,1,True,0.6768845257923877,0.6768845257923877
1,1,True,0.6761936453215527,0.6761936453215527
1,1,True,0.5354867188103378,0.5354867188103378
1,1,True,0.5474310031218572,0.5474310031218572
0,1,False,0.5880604138360774,0.4119395861639225
0,1,False,0.5573206134028671,0.4426793865971329
1,0,False,0.6684699161050386,0.6684699161050386
1,0,False,0.6511426062571087,0.6511426062571087
1,1,True,0.6545347148374567,0.6545347148374567
1,0,False,0.6447240663441111,0.6447240663441111
0,0,True,0.5351246457693517,0.4648753542306482
0,1,False,0.5732113358991965,0.4267886641008035
1,1,True,0.5510679393940566,0.5510679393940566
1,0,False,0.5110858711369531,0.5110858711369531
1,1,True,0.5168695450937959,0.5168695450937959
1,0,False,0.6219894638629994,0.6219894638629994
1,0,False,0.5236761126217031,0.5236761126217031
1,1,True,0.5219856434772134,0.5219856434772134
1,1,True,0.5263310771486872,0.5263310771486872
1,1,True,0.5129344076331881,0.5129344076331881
1,1,True,0.5227200384365852,0.5227200384365852
1,1,True,0.6162616312159936,0.6162616312159936
1,1,True,0.6127485446251799,0.6127485446251799
1,1,True,0.6135514058243823,0.6135514058243823
1,1,True,0.6147165187500001,0.6147165187500001
1,1,True,0.5999779948193645,0.5999779948193645
1,1,True,0.6404398918811975,0.6404398918811975
1,1,True,0.6370339453312313,0.6370339453312313
1,1,True,0.6574457810269725,0.6574457810269725
1,1,True,0.6007248438381257,0.6007248438381257
0,1,False,0.5248684457813257,0.4751315542186742
1,1,True,0.5015936047242594,0.5015936047242594
1,1,True,0.5905641221862056,0.5905641221862056
1,0,False,0.5624462198591658,0.5624462198591658
1,0,False,0.6358893049267176,0.6358893049267176
1,0,False,0.6440710843425193,0.6440710843425193
1,0,False,0.5018087460672309,0.5018087460672309
1,1,True,0.5556908973480654,0.5556908973480654
0,0,True,0.5334024632876301,0.46659753671236986
0,1,False,0.5228330473910225,0.47716695260897724
1,0,False,0.6646009645995757,0.6646009645995757
1,0,False,0.6709976536366846,0.6709976536366846
1,0,False,0.6582683195618049,0.6582683195618049
1,0,False,0.6390320790800152,0.6390320790800152
1,0,False,0.6279245295962645,0.6279245295962645
1,0,False,0.6576434541510576,0.6576434541510576
1,0,False,0.6041093240987082,0.6041093240987082
1,0,False,0.5124098726580094,0.5124098726580094
1,0,False,0.5088437562771162,0.5088437562771162
0,1,False,0.5280412673812585,0.47195873261874155
0,1,False,0.605970265061765,0.39402973493823495
0,1,False,0.5938968142800042,0.40610318571999576
0,1,False,0.5678166179005846,0.4321833820994152
1,1,True,0.512781408264009,0.512781408264009
1,1,True,0.5007020457234046,0.5007020457234046
0,1,False,0.5063732051557659,0.4936267948442341
0,1,False,0.5175218213246239,0.482478178675376
1,1,True,0.5536919606934831,0.5536919606934831
1,1,True,0.6278592068860049,0.6278592068860049
1,1,True,0.6142566148744694,0.6142566148744694
1,1,True,0.6303430244792272,0.6303430244792272
1,1,True,0.612971481978241,0.612971481978241
1,1,True,0.6583451984367485,0.6583451984367485
1,0,False,0.6299433656551432,0.6299433656551432
0,0,True,0.5251837461922662,0.47481625380773396
0,1,False,0.5280366933241998,0.4719633066758002
0,0,True,0.5350983760656451,0.46490162393435486
0,0,True,0.5070658392657541,0.4929341607342459
0,1,False,0.5081625192178515,0.4918374807821484
1,1,True,0.6186255329409824,0.6186255329409824
1,0,False,0.602835923966685,0.602835923966685
1,0,False,0.6380137212421716,0.6380137212421716
1,1,True,0.5734612090965261,0.5734612090965261
1,0,False,0.5195182425121688,0.5195182425121688
1,0,False,0.5369327089816219,0.5369327089816219
1,1,True,0.5327885461705387,0.5327885461705387
1,1,True,0.5173727268885842,0.5173727268885842
1,1,True,0.5235500270619672,0.5235500270619672
0,1,False,0.5380279434026717,0.4619720565973282
1,1,True,0.6456824557633204,0.6456824557633204
0,0,True,0.5056151376483328,0.4943848623516672
0,1,False,0.5270683283136768,0.47293167168632316
1,0,False,0.5657442006811034,0.5657442006811034
1,1,True,0.582431176198938,0.582431176198938
1,1,True,0.5841121491059915,0.5841121491059915
1,1,True,0.5849757893444381,0.5849757893444381
1,1,True,0.5954151955301503,0.5954151955301503
1,1,True,0.6553550229901214,0.6553550229901214
1,1,True,0.599037924961475,0.599037924961475
1,1,True,0.653264551255405,0.653264551255405
1,1,True,0.6463176298538602,0.6463176298538602
1,1,True,0.5704849340556828,0.5704849340556828
1,0,False,0.5714789099425583,0.5714789099425583
0,1,False,0.5283766135001273,0.47162338649987273
0,0,True,0.5156305346851779,0.48436946531482195
1,1,True,0.59720695114604,0.59720695114604
1,1,True,0.565990619775014,0.565990619775014
1,1,True,0.5689011582207428,0.5689011582207428
1,1,True,0.5705461917917113,0.5705461917917113
1,0,False,0.5623414494031753,0.5623414494031753
1,0,False,0.5728277817998296,0.5728277817998296
1,0,False,0.6637267325994756,0.6637267325994756
1,0,False,0.6556735195113161,0.6556735195113161
1,0,False,0.6651392086204464,0.6651392086204464
1,0,False,0.6128156729143621,0.6128156729143621
1,1,True,0.6732538342481169,0.6732538342481169
1,1,True,0.6556463981636245,0.6556463981636245
1,1,True,0.6475290863213711,0.6475290863213711
1,1,True,0.6438187999994962,0.6438187999994962
1,1,True,0.646323275693772,0.646323275693772
1,0,False,0.6455846870557587,0.6455846870557587
1,0,False,0.630661330446728,0.630661330446728
1,0,False,0.5705347769949659,0.5705347769949659
1,0,False,0.5703029059951996,0.5703029059951996
1,0,False,0.6364151278846386,0.6364151278846386
1,0,False,0.5524347864163219,0.5524347864163219
1,1,True,0.5709646278113625,0.5709646278113625
1,0,False,0.5841052792835374,0.5841052792835374
1,1,True,0.5828506421742471,0.5828506421742471
1,1,True,0.5722595039453715,0.5722595039453715
1,1,True,0.5184853629938051,0.5184853629938051
0,1,False,0.5225398557925407,0.4774601442074592
0,1,False,0.5210807387515993,0.4789192612484007
0,0,True,0.5079370630630993,0.4920629369369007
1,0,False,0.6126473598452136,0.6126473598452136
0,0,True,0.5169375641652506,0.4830624358347493
1,0,False,0.5695782022599664,0.5695782022599664
0,0,True,0.5278114498361497,0.4721885501638502
1,0,False,0.5037726134920125,0.5037726134920125
0,0,True,0.5583213619077366,0.4416786380922633
0,0,True,0.5135603880744601,0.4864396119255397
0,0,True,0.5262660322929998,0.47373396770700005
1,0,False,0.5770889355702811,0.5770889355702811
1,0,False,0.5927069948607739,0.5927069948607739
1,0,False,0.5891759801927452,0.5891759801927452
0,0,True,0.5560011094824007,0.4439988905175992
0,0,True,0.5462498600789786,0.4537501399210214
0,0,True,0.5219402800801134,0.4780597199198865
0,0,True,0.5350796962509214,0.46492030374907845
0,0,True,0.5437972814370883,0.4562027185629117
1,0,False,0.5327542144585284,0.5327542144585284
1,1,True,0.5099733836706641,0.5099733836706641
1,1,True,0.5552607449638769,0.5552607449638769
1,0,False,0.5156333420251835,0.5156333420251835
1,0,False,0.57230326390143,0.57230326390143
1,0,False,0.5720280277931603,0.5720280277931603
1,0,False,0.5788163437627396,0.5788163437627396
1,0,False,0.5228486417945646,0.5228486417945646
0,0,True,0.5423363038664673,0.4576636961335326
1,1,True,0.5331198165064549,0.5331198165064549
0,1,False,0.515406677590845,0.4845933224091549
1,0,False,0.5080591847470739,0.5080591847470739
0,0,True,0.517988154290011,0.4820118457099889
0,0,True,0.5671974805747743,0.4328025194252257
0,0,True,0.5761664139947067,0.42383358600529325
0,0,True,0.5595608269006089,0.44043917309939107
0,0,True,0.560471500654342,0.4395284993456579
0,1,False,0.5665593842904555,0.43344061570954445
0,1,False,0.5412571740624132,0.45874282593758675
0,1,False,0.5032512706251968,0.4967487293748031
0,1,False,0.5115544983361231,0.4884455016638768
0,1,False,0.5635842632842524,0.43641573671574757
1,1,True,0.5826039630769232,0.5826039630769232
1,1,True,0.6073281553986477,0.6073281553986477
1,0,False,0.6146354595747521,0.6146354595747521
1,0,False,0.6258122472480577,0.6258122472480577
1,0,False,0.6617406906548017,0.6617406906548017
1,0,False,0.6572459889033675,0.6572459889033675
1,1,True,0.6365098609233475,0.6365098609233475
1,1,True,0.589691584578139,0.589691584578139
1,1,True,0.6119256579860672,0.6119256579860672
1,1,True,0.6078288764946917,0.6078288764946917
1,1,True,0.5868135125074301,0.5868135125074301
1,1,True,0.605886889774159,0.605886889774159
1,1,True,0.5033430103257037,0.5033430103257037
1,0,False,0.5527650956450756,0.5527650956450756
1,0,False,0.5100262912909325,0.5100262912909325
1,1,True,0.5619171648223741,0.5619171648223741
1,1,True,0.5199970435394161,0.5199970435394161
1,1,True,0.5253873735334111,0.5253873735334111
1,1,True,0.5159882682760059,0.5159882682760059
0,1,False,0.5121828006606869,0.4878171993393131
0,1,False,0.5069569010275536,0.49304309897244636
0,1,False,0.5017606844478607,0.4982393155521393
1,1,True,0.6079553948527291,0.6079553948527291
0,1,False,0.5088810128146108,0.4911189871853892
1,0,False,0.5431544446457625,0.5431544446457625
1,1,True,0.6676404850608908,0.6676404850608908
1,1,True,0.6304893151172039,0.6304893151172039
1,1,True,0.6220369963831283,0.6220369963831283
1,1,True,0.6195402549632552,0.6195402549632552
1,1,True,0.5597984959569301,0.5597984959569301
1,1,True,0.5642551249125143,0.5642551249125143
0,1,False,0.5357641614159474,0.4642358385840527
0,1,False,0.5382097255351996,0.4617902744648005
1,1,True,0.5186467269839046,0.5186467269839046
1,1,True,0.5019660121922739,0.5019660121922739
0,1,False,0.5019671693934005,0.49803283060659953
1,1,True,0.5291631769911331,0.5291631769911331
0,0,True,0.5160163120269516,0.48398368797304836
1,0,False,0.6036942126338753,0.6036942126338753
1,0,False,0.5465971805199665,0.5465971805199665
1,0,False,0.5958591183252652,0.5958591183252652
1,0,False,0.6100650925937287,0.6100650925937287
1,0,False,0.5949557858758896,0.5949557858758896
1,0,False,0.5722931873160952,0.5722931873160952
1,0,False,0.6467461771446339,0.6467461771446339
1,0,False,0.675126678239811,0.675126678239811
1,0,False,0.613925128044525,0.613925128044525
1,0,False,0.5931340892465129,0.5931340892465129
0,1,False,0.5788742019816977,0.42112579801830224
0,1,False,0.5867671764654548,0.4132328235345451
0,1,False,0.5504793940650887,0.4495206059349113
0,0,True,0.5720938992172644,0.42790610078273555
0,1,False,0.5231965155413287,0.47680348445867116
0,1,False,0.5440807626533093,0.45591923734669054
0,0,True,0.5457415185838798,0.45425848141612013
0,0,True,0.5148950573590981,0.48510494264090187
0,0,True,0.5257431245229321,0.47425687547706774
0,0,True,0.5055525089653149,0.4944474910346851
1,0,False,0.5737469460625089,0.5737469460625089
1,0,False,0.5621869557831234,0.5621869557831234
1,0,False,0.6023675082004045,0.6023675082004045
1,0,False,0.6105541744611022,0.6105541744611022
1,0,False,0.5690987827625339,0.5690987827625339
1,1,True,0.5654100254967962,0.5654100254967962
1,0,False,0.5180195942031591,0.5180195942031591
1,0,False,0.5096674402946015,0.5096674402946015
0,1,False,0.5045044218038821,0.49549557819611795
0,1,False,0.5110551896116883,0.48894481038831167
0,1,False,0.5312832712308939,0.468716728769106
0,1,False,0.5703671120470434,0.4296328879529565
0,1,False,0.5320041800041881,0.46799581999581163
0,1,False,0.548788097496192,0.4512119025038081
1,1,True,0.5005545568692272,0.5005545568692272
1,1,True,0.5132197211157855,0.5132197211157855
1,1,True,0.5776069688531367,0.5776069688531367
1,1,True,0.5668242017387145,0.5668242017387145
1,1,True,0.5129065179622557,0.5129065179622557
1,1,True,0.5093823236097316,0.5093823236097316
1,1,True,0.5247737325432287,0.5247737325432287
1,1,True,0.5189919495264987,0.5189919495264987
1,1,True,0.5087336590780317,0.5087336590780317
1,1,True,0.5416631997256772,0.5416631997256772
1,0,False,0.5186464747875855,0.5186464747875855
1,0,False,0.6340696645630943,0.6340696645630943
1,0,False,0.5860138574696233,0.5860138574696233
1,0,False,0.5973152038561651,0.5973152038561651
1,0,False,0.5667457547453261,0.5667457547453261
1,0,False,0.6786217648642379,0.6786217648642379
1,1,True,0.6743767515087165,0.6743767515087165
1,1,True,0.6849465585775366,0.6849465585775366
1,1,True,0.6454801625608424,0.6454801625608424
1,1,True,0.62194525426117,0.62194525426117
1,1,True,0.6400101699295881,0.6400101699295881
1,1,True,0.6104789713093399,0.6104789713093399
1,1,True,0.6435159319230292,0.6435159319230292
1,1,True,0.6907583992503425,0.6907583992503425
1,0,False,0.7020455668854764,0.7020455668854764
1,0,False,0.654083008484186,0.654083008484186
1,0,False,0.536377439878426,0.536377439878426
1,0,False,0.54206115454658,0.54206115454658
1,1,True,0.6277904731239581,0.6277904731239581
0,1,False,0.5034284407128183,0.4965715592871817
1,1,True,0.5689395669510671,0.5689395669510671
1,1,True,0.6172814502087015,0.6172814502087015
1,1,True,0.6190005681091288,0.6190005681091288
1,1,True,0.6066342997912157,0.6066342997912157
1,1,True,0.5527708861047568,0.5527708861047568
1,1,True,0.5492401214454882,0.5492401214454882
1,0,False,0.551479133136503,0.551479133136503
1,1,True,0.5799114747762855,0.5799114747762855
1,1,True,0.573166671012657,0.573166671012657
1,0,False,0.5462842352022571,0.5462842352022571
1,0,False,0.5412464509375009,0.5412464509375009
1,0,False,0.5464859887380066,0.5464859887380066
1,0,False,0.6809119428905102,0.6809119428905102
1,0,False,0.694221241245962,0.694221241245962
1,1,True,0.6302539496498094,0.6302539496498094
1,1,True,0.6393016736750329,0.6393016736750329
1,0,False,0.6364971537211559,0.6364971537211559
1,0,False,0.6362863542673235,0.6362863542673235
1,0,False,0.6260657585374567,0.6260657585374567
1,1,True,0.6163538521923915,0.6163538521923915
1,0,False,0.6471020340438758,0.6471020340438758
1,1,True,0.6787164976036909,0.6787164976036909
0,1,False,0.5315872725766356,0.4684127274233645
1,1,True,0.523962098152327,0.523962098152327
1,1,True,0.6191681033221612,0.6191681033221612
1,1,True,0.6133428014058739,0.6133428014058739
1,1,True,0.6136076353164541,0.6136076353164541
1,0,False,0.5950034979975503,0.5950034979975503
1,0,False,0.6335691607966862,0.6335691607966862
1,0,False,0.6284163997028488,0.6284163997028488
1,0,False,0.6216141570261423,0.6216141570261423
1,0,False,0.6897559048612869,0.6897559048612869
1,0,False,0.6146979936950141,0.6146979936950141
1,0,False,0.6059014349487986,0.6059014349487986
1,0,False,0.5706792684336889,0.5706792684336889
1,0,False,0.5472227780073243,0.5472227780073243
1,0,False,0.5532286742920106,0.5532286742920106
1,1,True,0.5747014022157836,0.5747014022157836
1,1,True,0.5372392292718233,0.5372392292718233
1,1,True,0.5218310281037621,0.5218310281037621
1,1,True,0.5129691153319312,0.5129691153319312
0,1,False,0.5485259634614209,0.45147403653857915
0,1,False,0.5497072733864685,0.4502927266135316
1,1,True,0.5317163180774576,0.5317163180774576
1,1,True,0.5283922481867263,0.5283922481867263
1,1,True,0.5459562296215799,0.5459562296215799
1,1,True,0.5353594403750557,0.5353594403750557
1,1,True,0.5268369831024563,0.5268369831024563
0,1,False,0.5156987240506276,0.48430127594937256
0,1,False,0.514608817389238,0.485391182610762
0,1,False,0.518836326761393,0.4811636732386071
1,1,True,0.6078061634299066,0.6078061634299066
1,1,True,0.6370992482693094,0.6370992482693094
0,1,False,0.5185990707473261,0.48140092925267386
1,1,True,0.6298576882311697,0.6298576882311697
1,0,False,0.6302343279040704,0.6302343279040704
1,0,False,0.623277857809398,0.623277857809398
1,0,False,0.6622715145898408,0.6622715145898408
1,0,False,0.6682201519117512,0.6682201519117512
1,0,False,0.6337606759595236,0.6337606759595236
1,0,False,0.6308364502767827,0.6308364502767827
1,0,False,0.6671304600920847,0.6671304600920847
1,1,True,0.6608456423418594,0.6608456423418594
1,0,False,0.5242214147624017,0.5242214147624017
1,1,True,0.5539031962673275,0.5539031962673275
0,0,True,0.5097521286608722,0.49024787133912784
1,0,False,0.5826588830742061,0.5826588830742061
0,0,True,0.5849200309643378,0.4150799690356623
0,0,True,0.5050858945378638,0.4949141054621362
0,0,True,0.511329363269643,0.48867063673035693
1,0,False,0.5523565262381827,0.5523565262381827
1,1,True,0.5331142224705852,0.5331142224705852
1,1,True,0.597606721017662,0.597606721017662
0,1,False,0.5097916698458564,0.49020833015414345
1,1,True,0.6092845281987748,0.6092845281987748
1,0,False,0.6279164196592038,0.6279164196592038
1,0,False,0.5115834558190531,0.5115834558190531
0,0,True,0.5065816536842374,0.49341834631576253
1,0,False,0.5208832530146275,0.5208832530146275
1,0,False,0.5186594129096871,0.5186594129096871
1,0,False,0.5996728972202978,0.5996728972202978
1,0,False,0.6332719936958198,0.6332719936958198
1,0,False,0.6892598068081407,0.6892598068081407
1,0,False,0.6789151638693748,0.6789151638693748
1,0,False,0.6577578242772272,0.6577578242772272
1,0,False,0.6179601767475704,0.6179601767475704
1,0,False,0.5972797806995475,0.5972797806995475
1,0,False,0.5843982032302438,0.5843982032302438
1,0,False,0.5650607929320464,0.5650607929320464
0,0,True,0.5679051227236616,0.43209487727633844
0,0,True,0.5196593516030077,0.48034064839699225
0,0,True,0.5254286612525181,0.47457133874748175
0,1,False,0.5660870098472203,0.43391299015277973
0,1,False,0.5928616033802174,0.4071383966197825
1,1,True,0.5477998226343763,0.5477998226343763
1,1,True,0.5087169951808157,0.5087169951808157
1,0,False,0.5063320583869392,0.5063320583869392
1,0,False,0.5071575427107343,0.5071575427107343
1,0,False,0.6099371007089006,0.6099371007089006
1,0,False,0.6170930299573372,0.6170930299573372
1,1,True,0.6290773080368643,0.6290773080368643
1,1,True,0.5361314151270745,0.5361314151270745
1,1,True,0.5516317363496287,0.5516317363496287
1,1,True,0.5533973268969568,0.5533973268969568
1,1,True,0.5242631966446317,0.5242631966446317
0,0,True,0.5040707612210447,0.49592923877895534
1,0,False,0.6106288879363118,0.6106288879363118
1,0,False,0.5309159914054442,0.5309159914054442
1,0,False,0.5253078056967219,0.5253078056967219
1,0,False,0.5157452322516037,0.5157452322516037
0,0,True,0.5333612607487597,0.46663873925124033
1,1,True,0.5038056936475156,0.5038056936475156
1,1,True,0.6284793940248825,0.6284793940248825
1,1,True,0.6306304806434595,0.6306304806434595
1,1,True,0.6169555326526783,0.6169555326526783
0,1,False,0.5232069438638519,0.4767930561361481
1,1,True,0.6036429853318038,0.6036429853318038
1,1,True,0.5280421373646104,0.5280421373646104
1,1,True,0.6136302956418034,0.6136302956418034
1,1,True,0.5752145783777731,0.5752145783777731
1,1,True,0.5869501873715259,0.5869501873715259
1,1,True,0.5246565706761782,0.5246565706761782
1,1,True,0.5525786048275103,0.5525786048275103
1,1,True,0.5480511040952291,0.5480511040952291
1,1,True,0.5632466012648015,0.5632466012648015
1,1,True,0.5134964534431183,0.5134964534431183
