prediction,actual,correct,confidence,prob_up
1,0,False,0.5261528410298442,0.5261528410298442
1,0,False,0.5112010258089583,0.5112010258089583
0,0,True,0.5193189692399041,0.480681030760096
0,0,True,0.6735476419829147,0.3264523580170856
1,0,False,0.8230320668254593,0.8230320668254593
1,1,True,0.6907755438576495,0.6907755438576495
1,1,True,0.7792588891423795,0.7792588891423795
1,0,False,0.7982829384046575,0.7982829384046575
1,0,False,0.7164766827798597,0.7164766827798597
1,0,False,0.6948944411785684,0.6948944411785684
1,0,False,0.5641357456066948,0.5641357456066948
1,1,True,0.5057144206062455,0.5057144206062455
1,1,True,0.6027685186478539,0.6027685186478539
1,1,True,0.6924031180181097,0.6924031180181097
1,1,True,0.6935105123105735,0.6935105123105735
1,1,True,0.7903631911626396,0.7903631911626396
1,1,True,0.7977750337534242,0.7977750337534242
1,0,False,0.7199697490788765,0.7199697490788765
1,1,True,0.8909757644816994,0.8909757644816994
1,1,True,0.9067607127587881,0.9067607127587881
1,1,True,0.7101786446493221,0.7101786446493221
1,0,False,0.818262578485484,0.818262578485484
1,1,True,0.7226960051691209,0.7226960051691209
1,0,False,0.8052161263224511,0.8052161263224511
1,0,False,0.732875802071481,0.732875802071481
0,0,True,0.5616170715193416,0.4383829284806585
1,0,False,0.5641564696984565,0.5641564696984565
0,0,True,0.622378722802677,0.3776212771973231
0,0,True,0.5591513492652046,0.44084865073479534
1,1,True,0.6489495348810282,0.6489495348810282
1,1,True,0.7611536039011719,0.7611536039011719
1,0,False,0.6675490581794616,0.6675490581794616
1,0,False,0.5566485626840578,0.5566485626840578
0,1,False,0.6533500551756719,0.3466499448243281
0,1,False,0.5337986486181625,0.46620135138183766
0,0,True,0.6448563971392902,0.3551436028607098
0,1,False,0.5913642876589483,0.40863571234105167
1,0,False,0.6304714988725371,0.6304714988725371
1,0,False,0.549953928718617,0.549953928718617
0,0,True,0.5970805047350418,0.40291949526495824
0,1,False,0.5446409583721497,0.4553590416278503
1,1,True,0.5523746440117477,0.5523746440117477
1,1,True,0.5509140159422583,0.5509140159422583
1,0,False,0.8618307393954472,0.8618307393954472
1,0,False,0.7075471083069109,0.7075471083069109
1,0,False,0.7512349016565028,0.7512349016565028
1,0,False,0.5262400927702884,0.5262400927702884
0,0,True,0.5597739177490841,0.44022608225091575
1,0,False,0.5944699211538451,0.5944699211538451
1,0,False,0.6316850259078208,0.6316850259078208
1,1,True,0.8313688930369125,0.8313688930369125
1,1,True,0.8003729366267848,0.8003729366267848
1,1,True,0.796204674372166,0.796204674372166
1,1,True,0.6151216602582492,0.6151216602582492
1,1,True,0.733866265567477,0.733866265567477
1,1,True,0.6835564258506194,0.6835564258506194
0,0,True,0.5402189997549423,0.45978100024505775
0,0,True,0.714257288340297,0.28574271165970294
0,0,True,0.5380438519198865,0.4619561480801136
1,0,False,0.5353689978945033,0.5353689978945033
1,0,False,0.5422783846056731,0.5422783846056731
0,0,True,0.5818075187308932,0.4181924812691067
0,0,True,0.545758408430391,0.45424159156960897
1,0,False,0.585490766373788,0.585490766373788
1,0,False,0.7359914007937793,0.7359914007937793
1,0,False,0.6762853574589252,0.6762853574589252
1,0,False,0.7073656267101849,0.7073656267101849
1,1,True,0.6262029860091215,0.6262029860091215
1,1,True,0.5374027891203523,0.5374027891203523
1,0,False,0.5619524980057439,0.5619524980057439
0,0,True,0.619591907384567,0.380408092615433
1,1,True,0.542652148272791,0.542652148272791
0,0,True,0.5012476542388627,0.49875234576113736
0,1,False,0.5635450795532344,0.4364549204467657
0,1,False,0.516696252838047,0.4833037471619531
1,0,False,0.695691311295868,0.695691311295868
1,0,False,0.6788810246656525,0.6788810246656525
1,0,False,0.6604523060130038,0.6604523060130038
1,0,False,0.6616618138297576,0.6616618138297576
0,1,False,0.5068825448695067,0.49311745513049343
1,1,True,0.6486275850477115,0.6486275850477115
1,1,True,0.8760683902923869,0.8760683902923869
1,1,True,0.8012673390773483,0.8012673390773483
1,1,True,0.8177068013866686,0.8177068013866686
1,0,False,0.5357538105097542,0.5357538105097542
0,0,True,0.6426186354763626,0.3573813645236374
0,0,True,0.5942019466651508,0.4057980533348492
0,0,True,0.6680631405000563,0.3319368594999436
0,0,True,0.6534188114384365,0.3465811885615635
0,1,False,0.6788839871210661,0.32111601287893404
1,1,True,0.6902394616204509,0.6902394616204509
1,1,True,0.6605048231655045,0.6605048231655045
1,1,True,0.7400434169084547,0.7400434169084547
1,0,False,0.5611818889721467,0.5611818889721467
0,1,False,0.784920230048128,0.21507976995187209
0,0,True,0.6517398490784078,0.3482601509215925
0,0,True,0.7739654266368485,0.22603457336315147
0,0,True,0.7483812413572336,0.2516187586427665
0,0,True,0.7711856875911425,0.2288143124088576
0,1,False,0.7684883892703146,0.23151161072968562
0,1,False,0.5987255129233384,0.40127448707666147
0,1,False,0.6174523341975998,0.3825476658024002
1,1,True,0.6518478608275002,0.6518478608275002
0,1,False,0.7086622063219223,0.29133779367807766
1,1,True,0.671676279362722,0.671676279362722
0,1,False,0.7985474764580218,0.20145252354197818
0,0,True,0.8042033622365501,0.1957966377634502
0,0,True,0.8144794727518145,0.1855205272481854
0,0,True,0.7455380014170879,0.25446199858291196
0,0,True,0.7275179279456598,0.27248207205434016
0,0,True,0.6781241473418186,0.3218758526581815
0,0,True,0.5688157310439814,0.4311842689560187
0,0,True,0.7237465274010481,0.27625347259895194
0,0,True,0.5021621849910965,0.49783781500890345
0,0,True,0.6443828623233484,0.3556171376766516
1,0,False,0.5610294502453759,0.5610294502453759
0,0,True,0.5529866793868969,0.4470133206131031
0,0,True,0.6272682685755999,0.3727317314244
1,0,False,0.5114100805101207,0.5114100805101207
1,0,False,0.5778012065521392,0.5778012065521392
0,0,True,0.5458541756550914,0.4541458243449086
0,0,True,0.5376486833362926,0.46235131666370743
1,1,True,0.6428683107601105,0.6428683107601105
1,1,True,0.5843560537363389,0.5843560537363389
1,1,True,0.7528932379156271,0.7528932379156271
1,1,True,0.7537978583504273,0.7537978583504273
1,1,True,0.5934947192385215,0.5934947192385215
1,1,True,0.8502951087853782,0.8502951087853782
1,1,True,0.7969441906985673,0.7969441906985673
1,0,False,0.6544754385312638,0.6544754385312638
1,0,False,0.6430007595499911,0.6430007595499911
0,1,False,0.5589499971194405,0.44105000288055973
0,1,False,0.6376502144490016,0.36234978555099834
0,1,False,0.5470674296522219,0.4529325703477782
1,1,True,0.5237125886817121,0.5237125886817121
0,1,False,0.6789912345997291,0.3210087654002709
0,1,False,0.6992463517184423,0.3007536482815577
0,1,False,0.6776087375261854,0.32239126247381444
0,1,False,0.7408013923662391,0.2591986076337609
0,1,False,0.6072494392700264,0.3927505607299736
0,1,False,0.6427735789318346,0.35722642106816527
0,1,False,0.6249540139211835,0.3750459860788165
0,1,False,0.5462474367385552,0.4537525632614446
0,1,False,0.5055637629223567,0.4944362370776431
0,0,True,0.5966442549181386,0.40335574508186134
1,0,False,0.5223603297619512,0.5223603297619512
1,0,False,0.6528153913801584,0.6528153913801584
1,0,False,0.6111157931535562,0.6111157931535562
1,1,True,0.5740993245303132,0.5740993245303132
0,1,False,0.573705031108061,0.4262949688919389
1,0,False,0.6061566052687617,0.6061566052687617
0,0,True,0.5610881203504706,0.4389118796495293
1,0,False,0.7052568211619711,0.7052568211619711
1,0,False,0.7073904822311696,0.7073904822311696
0,0,True,0.6750169688845978,0.3249830311154022
0,1,False,0.6118022478530161,0.38819775214698393
1,1,True,0.6074371049324392,0.6074371049324392
0,1,False,0.5577021270151001,0.44229787298489986
1,1,True,0.7663874456375139,0.7663874456375139
1,1,True,0.5882698871807733,0.5882698871807733
0,1,False,0.64872214516883,0.35127785483117013
0,1,False,0.8078979294064084,0.192102070593592
0,1,False,0.6845780533055267,0.31542194669447327
0,1,False,0.7345692133780208,0.2654307866219791
0,1,False,0.7745266466211744,0.22547335337882565
0,1,False,0.5413871701620276,0.45861282983797236
0,1,False,0.5245856070319841,0.4754143929680159
1,1,True,0.5779192357138122,0.5779192357138122
1,1,True,0.6912921987723503,0.6912921987723503
1,1,True,0.6375994859240182,0.6375994859240182
0,1,False,0.7036577213075916,0.29634227869240837
0,1,False,0.6054894005662401,0.3945105994337599
0,1,False,0.6607407736675641,0.33925922633243594
0,1,False,0.6352312384892044,0.3647687615107956
0,1,False,0.5598147300824303,0.4401852699175697
0,1,False,0.6193142484748898,0.38068575152511025
0,1,False,0.7893990635680594,0.21060093643194044
0,1,False,0.6635623900041916,0.3364376099958085
0,0,True,0.5555469421338761,0.44445305786612405
0,0,True,0.6209377461901728,0.3790622538098273
1,0,False,0.5417066107510677,0.5417066107510677
0,1,False,0.7185655219019504,0.2814344780980494
0,1,False,0.7310169255120572,0.2689830744879426
0,1,False,0.6962733415659057,0.30372665843409424
0,1,False,0.5363769133695285,0.46362308663047136
1,1,True,0.7770514458789821,0.7770514458789821
1,1,True,0.5849476460549607,0.5849476460549607
0,1,False,0.7585976616924329,0.24140233830756713
0,1,False,0.8437492715786657,0.15625072842133414
0,0,True,0.8553896152364003,0.14461038476359978
0,0,True,0.6547407642341763,0.3452592357658239
0,1,False,0.7334840993447675,0.26651590065523245
0,0,True,0.7964947278928604,0.20350527210713953
0,0,True,0.7332491113832489,0.2667508886167511
0,0,True,0.7448800940774156,0.2551199059225844
0,1,False,0.6146368536742493,0.3853631463257509
0,1,False,0.607981690047998,0.39201830995200204
0,1,False,0.635843823564636,0.3641561764353641
1,1,True,0.681881747311539,0.681881747311539
0,1,False,0.7136770581739726,0.28632294182602736
0,1,False,0.7759350889482666,0.22406491105173337
0,1,False,0.7534771859124463,0.2465228140875537
0,1,False,0.7701300936350074,0.22986990636499252
0,1,False,0.7216835580167987,0.27831644198320127
0,0,True,0.6642279973777546,0.3357720026222453
0,1,False,0.5704852195498031,0.42951478045019686
0,0,True,0.7828652082133236,0.21713479178667638
0,0,True,0.6384245553756627,0.3615754446243373
0,0,True,0.6588498754136289,0.3411501245863711
0,1,False,0.7438829413888204,0.2561170586111795
0,0,True,0.7474352988429582,0.2525647011570417
0,0,True,0.7131180192197499,0.28688198078025007
0,0,True,0.71075098798676,0.28924901201324016
0,1,False,0.7408190950815305,0.2591809049184694
0,0,True,0.5825465454410019,0.4174534545589982
0,0,True,0.731701399794812,0.26829860020518803
0,1,False,0.7235654586780154,0.2764345413219847
0,0,True,0.6685541923832948,0.33144580761670506
0,1,False,0.8410461408169185,0.15895385918308133
0,1,False,0.7679505315193897,0.23204946848061012
0,1,False,0.7826547644614844,0.21734523553851556
0,1,False,0.7454206568501499,0.25457934314985
0,1,False,0.6406086950308776,0.35939130496912225
1,0,False,0.6327798980374874,0.6327798980374874
0,0,True,0.5470277727633213,0.4529722272366787
0,0,True,0.6294697215227827,0.3705302784772172
0,1,False,0.5109729499884615,0.48902705001153846
1,1,True,0.5534193328204822,0.5534193328204822
1,0,False,0.5870538042033302,0.5870538042033302
1,0,False,0.56988516664215,0.56988516664215
0,0,True,0.5073553390944268,0.49264466090557324
1,0,False,0.5840674090257845,0.5840674090257845
0,0,True,0.6434885503554653,0.35651144964453474
0,0,True,0.7953650170470488,0.20463498295295118
0,0,True,0.5352964372047446,0.4647035627952555
0,0,True,0.5470438389444148,0.4529561610555852
0,0,True,0.6120602703938762,0.3879397296061238
1,0,False,0.6975044670111092,0.6975044670111092
0,0,True,0.5357977136527923,0.4642022863472077
0,0,True,0.7068501206256903,0.2931498793743098
1,1,True,0.65175807615341,0.65175807615341
0,0,True,0.5164242935076577,0.48357570649234227
0,1,False,0.6802641234427365,0.3197358765572635
1,1,True,0.583423873315434,0.583423873315434
0,1,False,0.5841409322073189,0.4158590677926812
0,1,False,0.5225401122325356,0.4774598877674645
0,1,False,0.5253069489329631,0.47469305106703696
1,1,True,0.5195983812760532,0.5195983812760532
0,1,False,0.5843540207308758,0.41564597926912433
0,1,False,0.5482657465415597,0.4517342534584404
1,1,True,0.53329041576431,0.53329041576431
0,1,False,0.6604004650530484,0.33959953494695155
1,0,False,0.5463616683225487,0.5463616683225487
1,0,False,0.7351602490707553,0.7351602490707553
1,0,False,0.579032519754311,0.579032519754311
0,0,True,0.5085275129171923,0.4914724870828077
0,0,True,0.5127092913473885,0.4872907086526117
0,0,True,0.6799068345498563,0.32009316545014355
1,1,True,0.56655618436142,0.56655618436142
1,0,False,0.6607586978493172,0.6607586978493172
1,0,False,0.6289741789494807,0.6289741789494807
0,0,True,0.6370650499468734,0.36293495005312637
0,0,True,0.5436362849930447,0.4563637150069553
0,0,True,0.5848135205357602,0.4151864794642399
0,1,False,0.7811963810296736,0.2188036189703264
1,1,True,0.7157421764564117,0.7157421764564117
1,1,True,0.522497481860355,0.522497481860355
1,1,True,0.8036928185157131,0.8036928185157131
1,1,True,0.7174984139600856,0.7174984139600856
1,0,False,0.6303079176594475,0.6303079176594475
0,1,False,0.7244917611192909,0.2755082388807093
1,0,False,0.6397530065212017,0.6397530065212017
0,0,True,0.5163266199729125,0.4836733800270875
0,0,True,0.7168827641820128,0.28311723581798715
1,0,False,0.6181869071928502,0.6181869071928502
1,0,False,0.6989438003085936,0.6989438003085936
1,0,False,0.543135536721041,0.543135536721041
1,0,False,0.7083622302012851,0.7083622302012851
1,0,False,0.812297889849846,0.812297889849846
1,0,False,0.7294619421595001,0.7294619421595001
1,0,False,0.5905983539636954,0.5905983539636954
1,0,False,0.6994665608256049,0.6994665608256049
1,0,False,0.6369659636471802,0.6369659636471802
1,0,False,0.5073406246277139,0.5073406246277139
0,0,True,0.5336837326788108,0.46631626732118925
1,0,False,0.5284170128728647,0.5284170128728647
1,1,True,0.5292988576426971,0.5292988576426971
1,0,False,0.6058887579890639,0.6058887579890639
1,0,False,0.6845522315909713,0.6845522315909713
1,1,True,0.6377834835876988,0.6377834835876988
1,1,True,0.8090857278767842,0.8090857278767842
1,0,False,0.9254031678177245,0.9254031678177245
1,0,False,0.9120121349358901,0.9120121349358901
1,0,False,0.9320481791923537,0.9320481791923537
1,0,False,0.8843422665791612,0.8843422665791612
1,1,True,0.8883340523020684,0.8883340523020684
1,1,True,0.8710029958907239,0.8710029958907239
1,1,True,0.8637484049139286,0.8637484049139286
1,1,True,0.8596347806355844,0.8596347806355844
1,1,True,0.8672241085035511,0.8672241085035511
1,0,False,0.8544316404574115,0.8544316404574115
0,1,False,0.6313889413933266,0.3686110586066734
1,0,False,0.5493448329743511,0.5493448329743511
0,0,True,0.6592442921300654,0.3407557078699346
0,0,True,0.6609831557695658,0.3390168442304343
1,1,True,0.5415857793688291,0.5415857793688291
1,0,False,0.5752899166847472,0.5752899166847472
1,0,False,0.5033545903741012,0.5033545903741012
1,0,False,0.6380523284236824,0.6380523284236824
1,0,False,0.6173491554229305,0.6173491554229305
0,0,True,0.5821033979921739,0.4178966020078261
1,0,False,0.6421104645618555,0.6421104645618555
1,1,True,0.6935484028093082,0.6935484028093082
1,0,False,0.6194191723633401,0.6194191723633401
1,0,False,0.5481863217258269,0.5481863217258269
1,0,False,0.6422225343044738,0.6422225343044738
1,0,False,0.6407460307204149,0.6407460307204149
1,0,False,0.7149135465802317,0.7149135465802317
1,0,False,0.8410866567348341,0.8410866567348341
1,0,False,0.6729708378405441,0.6729708378405441
1,0,False,0.8354474783382722,0.8354474783382722
1,0,False,0.8395831559582909,0.8395831559582909
1,0,False,0.8826796948417741,0.8826796948417741
1,1,True,0.8282287659130272,0.8282287659130272
1,1,True,0.8716214491252305,0.8716214491252305
1,1,True,0.8652604788281117,0.8652604788281117
1,1,True,0.8763932933381224,0.8763932933381224
1,1,True,0.7651327523243332,0.7651327523243332
1,1,True,0.7941736418710497,0.7941736418710497
0,0,True,0.6897233995523915,0.31027660044760846
0,0,True,0.7940385102128188,0.20596148978718135
0,0,True,0.6884054920758309,0.3115945079241691
0,0,True,0.6893127260873411,0.310687273912659
0,1,False,0.7964770937596781,0.20352290624032177
0,1,False,0.7142326235310561,0.28576737646894373
0,1,False,0.5547484225936756,0.4452515774063243
0,1,False,0.6206463778370849,0.37935362216291524
0,1,False,0.551422788475527,0.44857721152447294
1,1,True,0.5127901272883957,0.5127901272883957
0,1,False,0.7604844469458181,0.2395155530541818
0,1,False,0.7510996028730342,0.24890039712696568
0,1,False,0.7504385631725969,0.24956143682740317
0,1,False,0.677167885396948,0.3228321146030518
0,1,False,0.6993198922465124,0.30068010775348764
0,1,False,0.652984312580086,0.347015687419914
0,1,False,0.6290489468856224,0.3709510531143776
0,1,False,0.5454203743607622,0.4545796256392379
0,0,True,0.5715484164363244,0.42845158356367563
0,0,True,0.6295212540831479,0.37047874591685215
0,0,True,0.6386098526134132,0.36139014738658676
0,0,True,0.5443010987398702,0.45569890126013013
0,0,True,0.6327944720147443,0.36720552798525585
0,0,True,0.6305818624311651,0.36941813756883496
0,0,True,0.5281956880682799,0.4718043119317202
0,0,True,0.5372808461866252,0.46271915381337475
1,0,False,0.5676891272205009,0.5676891272205009
1,0,False,0.6181131769947994,0.6181131769947994
1,0,False,0.6028495806418621,0.6028495806418621
0,0,True,0.567144588911276,0.43285541108872394
0,0,True,0.6123951193062322,0.3876048806937679
1,0,False,0.557143150255358,0.557143150255358
0,1,False,0.5689744567571129,0.43102554324288705
1,1,True,0.6089086766717395,0.6089086766717395
0,1,False,0.5141884229214375,0.48581157707856276
0,1,False,0.5860649116807766,0.4139350883192234
1,1,True,0.5935939899789163,0.5935939899789163
0,1,False,0.5228290958864785,0.47717090411352164
1,1,True,0.618988983025726,0.618988983025726
0,1,False,0.5000773730665502,0.4999226269334499
1,0,False,0.6999342177283572,0.6999342177283572
1,0,False,0.6265202852934674,0.6265202852934674
1,0,False,0.6794245728189743,0.6794245728189743
0,1,False,0.508811731508205,0.4911882684917948
1,1,True,0.6174769180775931,0.6174769180775931
1,1,True,0.6308785611433328,0.6308785611433328
1,1,True,0.6216990550408109,0.6216990550408109
1,1,True,0.6760039698250858,0.6760039698250858
1,1,True,0.6362427291279469,0.6362427291279469
1,1,True,0.6536958310784864,0.6536958310784864
1,1,True,0.5546879985145401,0.5546879985145401
1,1,True,0.530048512558065,0.530048512558065
1,0,False,0.7262154395240965,0.7262154395240965
1,0,False,0.7908755816001755,0.7908755816001755
1,0,False,0.729432243919641,0.729432243919641
1,0,False,0.6244018649643591,0.6244018649643591
1,0,False,0.6224895657004104,0.6224895657004104
1,1,True,0.5666009552074189,0.5666009552074189
1,0,False,0.7177577563027547,0.7177577563027547
1,0,False,0.7200581317185546,0.7200581317185546
1,0,False,0.6531687689581986,0.6531687689581986
1,0,False,0.6343784766482239,0.6343784766482239
0,0,True,0.520536697735247,0.479463302264753
0,0,True,0.5769639114307406,0.42303608856925945
0,0,True,0.559741880314531,0.44025811968546896
1,0,False,0.5439842154926364,0.5439842154926364
1,0,False,0.7218344434543289,0.7218344434543289
1,0,False,0.7335904197775485,0.7335904197775485
1,0,False,0.5059504276475049,0.5059504276475049
1,0,False,0.5884269632896363,0.5884269632896363
0,0,True,0.5146601886672235,0.4853398113327765
1,0,False,0.5090711599764273,0.5090711599764273
1,0,False,0.5799021514836512,0.5799021514836512
1,0,False,0.6552259883104944,0.6552259883104944
1,0,False,0.8169140147252961,0.8169140147252961
1,0,False,0.8487215096953714,0.8487215096953714
1,1,True,0.9103203999195777,0.9103203999195777
1,0,False,0.8777403418048169,0.8777403418048169
1,0,False,0.9325317263598979,0.9325317263598979
1,1,True,0.9390247673150621,0.9390247673150621
1,0,False,0.9043807162202614,0.9043807162202614
1,0,False,0.8656253139489289,0.8656253139489289
1,1,True,0.8519133201126202,0.8519133201126202
1,1,True,0.8597623053019685,0.8597623053019685
1,1,True,0.8608813816186087,0.8608813816186087
1,1,True,0.8610604715073022,0.8610604715073022
1,1,True,0.8516534587123348,0.8516534587123348
1,1,True,0.8272321505889273,0.8272321505889273
1,1,True,0.829256774493305,0.829256774493305
1,1,True,0.7139101931889138,0.7139101931889138
1,1,True,0.6031510585928177,0.6031510585928177
0,1,False,0.553989956845903,0.446010043154097
0,1,False,0.5300562580899576,0.4699437419100424
1,0,False,0.5743290263283201,0.5743290263283201
1,0,False,0.6608712564058533,0.6608712564058533
1,0,False,0.7857832962007162,0.7857832962007162
1,0,False,0.858024974545146,0.858024974545146
1,0,False,0.8542369782453554,0.8542369782453554
1,0,False,0.8468272242556071,0.8468272242556071
1,0,False,0.6317488444125539,0.6317488444125539
1,0,False,0.8308095157142231,0.8308095157142231
1,0,False,0.7188519859247577,0.7188519859247577
1,1,True,0.7487543859203676,0.7487543859203676
1,0,False,0.7337556430835621,0.7337556430835621
1,1,True,0.7080891148273774,0.7080891148273774
1,1,True,0.674103346242041,0.674103346242041
1,1,True,0.6864745151967837,0.6864745151967837
1,1,True,0.5643399143641592,0.5643399143641592
1,1,True,0.7700302631060116,0.7700302631060116
1,1,True,0.7421622880534291,0.7421622880534291
1,1,True,0.6000630529596489,0.6000630529596489
1,0,False,0.7436069971164173,0.7436069971164173
1,0,False,0.7718935345601692,0.7718935345601692
1,0,False,0.7707504313569228,0.7707504313569228
1,0,False,0.838524499884175,0.838524499884175
1,0,False,0.8381344300442664,0.8381344300442664
1,0,False,0.7811721944428068,0.7811721944428068
1,0,False,0.834707051223249,0.834707051223249
1,1,True,0.8534071052167433,0.8534071052167433
1,1,True,0.7760302792761409,0.7760302792761409
1,0,False,0.8333059298963519,0.8333059298963519
0,1,False,0.540336642282273,0.45966335771772704
1,1,True,0.6060417296192585,0.6060417296192585
1,0,False,0.6751685419311,0.6751685419311
0,1,False,0.7525935466876216,0.2474064533123785
0,1,False,0.5305360031287388,0.4694639968712612
0,1,False,0.5636659781126168,0.43633402188738324
0,0,True,0.7053194963842366,0.29468050361576353
0,1,False,0.6958089225642856,0.3041910774357144
0,0,True,0.5183479890598441,0.481652010940156
0,0,True,0.7674342718055716,0.23256572819442833
0,0,True,0.722154558891208,0.27784544110879184
0,0,True,0.585686160085049,0.4143138399149512
0,0,True,0.6735717075336656,0.32642829246633437
0,0,True,0.6308774671040374,0.36912253289596264
1,0,False,0.642457354633414,0.642457354633414
1,0,False,0.7319430682825445,0.7319430682825445
0,1,False,0.5682707358288464,0.43172926417115354
1,1,True,0.7065475139639503,0.7065475139639503
1,1,True,0.6045618360284509,0.6045618360284509
0,0,True,0.5509520397734942,0.4490479602265058
0,1,False,0.6104593831234295,0.3895406168765704
0,0,True,0.7386079950067137,0.2613920049932864
0,0,True,0.7872721911425631,0.21272780885743697
1,1,True,0.5141563130109453,0.5141563130109453
1,1,True,0.6042314758512323,0.6042314758512323
1,0,False,0.5483412752968523,0.5483412752968523
1,1,True,0.712506516831303,0.712506516831303
1,1,True,0.5758621221144955,0.5758621221144955
1,1,True,0.5741669033734674,0.5741669033734674
0,1,False,0.630918864734658,0.369081135265342
0,1,False,0.5916635145549609,0.4083364854450391
0,1,False,0.784904101903857,0.21509589809614282
0,1,False,0.707502332640251,0.2924976673597491
0,0,True,0.7895507170097051,0.2104492829902948
0,0,True,0.5954170191780528,0.4045829808219472
0,0,True,0.7818285904278726,0.21817140957212755
0,0,True,0.6205018505241737,0.3794981494758263
0,0,True,0.5252326527218029,0.47476734727819725
0,1,False,0.6213660398609411,0.3786339601390588
0,1,False,0.6153013624205113,0.38469863757948897
0,1,False,0.6932554562345858,0.30674454376541416
1,1,True,0.5488156336002012,0.5488156336002012
0,1,False,0.593812276387889,0.406187723612111
1,0,False,0.5082471659481881,0.5082471659481881
0,0,True,0.728958836279157,0.2710411637208431
0,0,True,0.7192872231574142,0.2807127768425856
0,0,True,0.6425340626662581,0.3574659373337419
0,0,True,0.7530018821163245,0.24699811788367537
0,1,False,0.8284795634663541,0.17152043653364601
1,1,True,0.541862947209636,0.541862947209636
1,1,True,0.577631121104968,0.577631121104968
1,1,True,0.5387098077269198,0.5387098077269198
1,1,True,0.6179824498076142,0.6179824498076142
1,0,False,0.6312892031971654,0.6312892031971654
0,0,True,0.6222419447562589,0.377758055243741
0,0,True,0.6153494396783418,0.3846505603216581
0,1,False,0.6080060363162765,0.3919939636837235
0,1,False,0.5845295770960859,0.4154704229039141
1,1,True,0.5286151643984234,0.5286151643984234
1,1,True,0.5347756534526499,0.5347756534526499
0,1,False,0.5917685214776873,0.4082314785223128
1,1,True,0.562475775616061,0.562475775616061
1,1,True,0.5370164613541972,0.5370164613541972
0,1,False,0.523923997845674,0.47607600215432594
0,1,False,0.5255263834313117,0.47447361656868836
1,1,True,0.5892376263699186,0.5892376263699186
1,1,True,0.5876524115343823,0.5876524115343823
0,1,False,0.5073400577474237,0.4926599422525762
1,0,False,0.6552270856559674,0.6552270856559674
1,0,False,0.6031593984878773,0.6031593984878773
0,0,True,0.5215775953023338,0.47842240469766617
1,1,True,0.6839749687679935,0.6839749687679935
0,1,False,0.529840033825996,0.470159966174004
0,0,True,0.6409269379272878,0.3590730620727123
0,1,False,0.6679768919108044,0.3320231080891957
0,0,True,0.6511850135116909,0.34881498648830933
0,0,True,0.5763205223583534,0.4236794776416466
0,0,True,0.51456971164006,0.48543028835993995
0,0,True,0.6713403896917358,0.3286596103082641
0,0,True,0.6402771005545494,0.3597228994454504
0,0,True,0.646129040361018,0.3538709596389822
0,0,True,0.5601149717373958,0.43988502826260445
1,0,False,0.5784024922689694,0.5784024922689694
1,0,False,0.5057365484093763,0.5057365484093763
1,0,False,0.6351535272988559,0.6351535272988559
1,0,False,0.556588340045579,0.556588340045579
1,0,False,0.5299944101243232,0.5299944101243232
1,0,False,0.5304385038589596,0.5304385038589596
0,0,True,0.5153538406729561,0.4846461593270438
0,0,True,0.557253178625277,0.44274682137472293
1,0,False,0.5485134129201902,0.5485134129201902
1,0,False,0.5088051934521383,0.5088051934521383
1,0,False,0.5477803438882762,0.5477803438882762
1,0,False,0.5091533553070396,0.5091533553070396
0,0,True,0.5374900337159396,0.4625099662840605
1,0,False,0.6369811081675271,0.6369811081675271
1,0,False,0.5790277683568896,0.5790277683568896
1,0,False,0.6668526124726876,0.6668526124726876
0,1,False,0.6575638943604272,0.3424361056395727
0,1,False,0.5791545769380934,0.42084542306190664
0,1,False,0.565688376018568,0.43431162398143197
1,1,True,0.5743310177087793,0.5743310177087793
1,1,True,0.5850979267009093,0.5850979267009093
1,0,False,0.64424053869128,0.64424053869128
0,0,True,0.6058736898517945,0.3941263101482054
0,1,False,0.5735381513992586,0.42646184860074143
0,1,False,0.6406533635049967,0.35934663649500337
1,1,True,0.578145290074765,0.578145290074765
1,1,True,0.5951470002219208,0.5951470002219208
0,1,False,0.5661187872690091,0.433881212730991
0,1,False,0.5515186317414646,0.44848136825853535
1,1,True,0.5269753433844305,0.5269753433844305
1,1,True,0.588391025096138,0.588391025096138
1,1,True,0.5128153586576715,0.5128153586576715
1,1,True,0.517149839607496,0.517149839607496
1,0,False,0.5478963721266339,0.5478963721266339
1,0,False,0.58740175511325,0.58740175511325
1,0,False,0.5770265506738116,0.5770265506738116
1,0,False,0.581017328728385,0.581017328728385
1,0,False,0.5214350051254842,0.5214350051254842
1,0,False,0.5108443728863205,0.5108443728863205
1,0,False,0.5144234767049256,0.5144234767049256
0,0,True,0.5494579178300738,0.4505420821699261
0,0,True,0.5641849812191289,0.4358150187808712
0,0,True,0.5450743066842769,0.4549256933157231
0,0,True,0.5190572684111789,0.48094273158882106
0,1,False,0.6423293305736838,0.357670669426316
0,1,False,0.6314445812316904,0.36855541876830944
0,0,True,0.5747789576080429,0.4252210423919571
0,0,True,0.5594365627560508,0.4405634372439491
0,0,True,0.6062418065529406,0.3937581934470594
0,0,True,0.509241268413984,0.49075873158601596
1,0,False,0.5369064634946528,0.5369064634946528
0,0,True,0.5039614068503256,0.4960385931496743
0,0,True,0.5736302321003394,0.4263697678996607
1,0,False,0.571040579062585,0.571040579062585
1,0,False,0.5241209994441922,0.5241209994441922
0,0,True,0.6166680694730758,0.38333193052692427
1,0,False,0.5932471647584203,0.5932471647584203
1,0,False,0.5927096021560078,0.5927096021560078
1,0,False,0.6003914006151427,0.6003914006151427
1,1,True,0.5427871299728616,0.5427871299728616
0,1,False,0.523464059427954,0.47653594057204596
1,1,True,0.5937549728142707,0.5937549728142707
1,1,True,0.6725186088389845,0.6725186088389845
1,1,True,0.6622932262149872,0.6622932262149872
1,0,False,0.6976633601977913,0.6976633601977913
0,1,False,0.6163468604546057,0.3836531395453942
0,0,True,0.5377650407777286,0.4622349592222715
0,0,True,0.5934639304357953,0.40653606956420457
0,0,True,0.5414137617680175,0.4585862382319824
0,0,True,0.5333270675151078,0.46667293248489206
1,0,False,0.5639577425631039,0.5639577425631039
0,1,False,0.5169141418644189,0.4830858581355813
0,1,False,0.5280804609247944,0.4719195390752058
0,1,False,0.5470187260964421,0.45298127390355786
0,1,False,0.5978080891325814,0.40219191086741846
0,1,False,0.5080496045686814,0.4919503954313187
0,1,False,0.5471521316821073,0.45284786831789253
0,1,False,0.6139962467106335,0.3860037532893664
0,1,False,0.578478235513288,0.4215217644867118
0,1,False,0.5552070472943657,0.44479295270563424
0,0,True,0.545658889654546,0.454341110345454
0,1,False,0.5775022558142704,0.4224977441857295
0,1,False,0.5183455406420734,0.4816544593579266
0,1,False,0.5382983195242479,0.461701680475752
0,1,False,0.5097763282798677,0.49022367172013226
0,1,False,0.5510578634405083,0.44894213655949156
0,1,False,0.5866019375265041,0.41339806247349603
0,1,False,0.6003860751021073,0.39961392489789266
0,1,False,0.5973658593315918,0.4026341406684081
1,1,True,0.5079650439230153,0.5079650439230153
0,1,False,0.5048288986663176,0.49517110133368214
0,0,True,0.5274120190408625,0.47258798095913745
0,0,True,0.5002454933757066,0.4997545066242933
0,0,True,0.5468053145027363,0.45319468549726355
0,0,True,0.5341720492195285,0.46582795078047146
0,0,True,0.5421430817331038,0.45785691826689634
0,0,True,0.6154026501649031,0.38459734983509675
0,0,True,0.6296205013221099,0.3703794986778903
0,1,False,0.5747969766047571,0.42520302339524285
0,1,False,0.5502275040918349,0.44977249590816515
0,1,False,0.5397670274075035,0.46023297259249657
1,1,True,0.5354354137244517,0.5354354137244517
1,0,False,0.5342520162262363,0.5342520162262363
0,0,True,0.5159479204523367,0.48405207954766327
1,0,False,0.5476088702853288,0.5476088702853288
0,0,True,0.577602475032178,0.4223975249678221
1,0,False,0.5390715594011809,0.5390715594011809
1,0,False,0.5337893436083208,0.5337893436083208
1,0,False,0.5603627645111302,0.5603627645111302
0,1,False,0.5319655021550453,0.4680344978449549
0,1,False,0.6071022965199249,0.39289770348007536
1,1,True,0.5276241547994325,0.5276241547994325
0,1,False,0.6100928637854897,0.38990713621451034
0,1,False,0.6080101899203422,0.3919898100796578
0,1,False,0.5007327771403483,0.4992672228596517
1,1,True,0.5253844163342791,0.5253844163342791
0,1,False,0.5073174522867834,0.49268254771321657
1,1,True,0.5376217733665922,0.5376217733665922
1,1,True,0.5297097707354675,0.5297097707354675
1,0,False,0.5849117883076453,0.5849117883076453
1,0,False,0.5549121661574595,0.5549121661574595
0,0,True,0.5730737887762754,0.42692621122372476
0,0,True,0.5035886242889931,0.49641137571100696
0,0,True,0.5299540713765276,0.47004592862347244
0,0,True,0.5541009520995035,0.4458990479004965
0,0,True,0.5083518099940846,0.4916481900059153
0,1,False,0.5539515735631607,0.4460484264368392
1,1,True,0.5391924098069211,0.5391924098069211
0,0,True,0.5138460170924586,0.4861539829075415
0,1,False,0.5452087903832937,0.45479120961670616
0,1,False,0.5720787686477814,0.4279212313522187
0,0,True,0.6080715963188469,0.3919284036811531
0,0,True,0.636509558108487,0.36349044189151286
0,0,True,0.6484056481490474,0.3515943518509525
0,0,True,0.5588220276955329,0.441177972304467
0,0,True,0.5752091879107407,0.4247908120892594
1,0,False,0.5036182082622467,0.5036182082622467
0,0,True,0.5617013145237556,0.4382986854762445
1,0,False,0.5398082031958518,0.5398082031958518
0,0,True,0.6619308269039671,0.338069173096033
0,0,True,0.5226503426138109,0.47734965738618895
0,0,True,0.5512422509539469,0.44875774904605303
1,0,False,0.5106760641657471,0.5106760641657471
1,0,False,0.507447743445747,0.507447743445747
1,0,False,0.7237149370656715,0.7237149370656715
1,0,False,0.728158477065801,0.728158477065801
1,0,False,0.7815481055989109,0.7815481055989109
1,1,True,0.5012576787339228,0.5012576787339228
1,0,False,0.8232530991430825,0.8232530991430825
1,0,False,0.7895518508578727,0.7895518508578727
1,1,True,0.7411875915891122,0.7411875915891122
1,0,False,0.7346472959167883,0.7346472959167883
1,0,False,0.6132398970556799,0.6132398970556799
0,0,True,0.5834645951767169,0.41653540482328294
1,0,False,0.5889889759300827,0.5889889759300827
1,0,False,0.6549951916416166,0.6549951916416166
0,0,True,0.5405598165028862,0.4594401834971138
1,0,False,0.6429198649404967,0.6429198649404967
1,0,False,0.547623965114868,0.547623965114868
1,0,False,0.5286573133676342,0.5286573133676342
1,0,False,0.6967217328738057,0.6967217328738057
1,1,True,0.7782827059766296,0.7782827059766296
1,1,True,0.7109163396483762,0.7109163396483762
1,1,True,0.7159867428154175,0.7159867428154175
1,1,True,0.6662335329943949,0.6662335329943949
1,1,True,0.5907130536115104,0.5907130536115104
1,1,True,0.646514309957383,0.646514309957383
1,1,True,0.5178193875331859,0.5178193875331859
1,0,False,0.528989679610838,0.528989679610838
1,0,False,0.5336938121331289,0.5336938121331289
0,0,True,0.5019795104964253,0.49802048950357475
0,0,True,0.5289394282548322,0.47106057174516786
1,0,False,0.5065917693454383,0.5065917693454383
1,1,True,0.5173684601361628,0.5173684601361628
1,1,True,0.5241919201307893,0.5241919201307893
0,1,False,0.5037645049333737,0.4962354950666264
1,1,True,0.526593064636794,0.526593064636794
0,1,False,0.5062879748615392,0.49371202513846085
0,1,False,0.5403976135583548,0.4596023864416451
1,1,True,0.5516950396783042,0.5516950396783042
1,1,True,0.5687305061694249,0.5687305061694249
1,0,False,0.5215837951850926,0.5215837951850926
1,0,False,0.5997075056833745,0.5997075056833745
1,0,False,0.6772582696424938,0.6772582696424938
1,1,True,0.5468193658030167,0.5468193658030167
1,1,True,0.6419530055589175,0.6419530055589175
1,1,True,0.6481192020387573,0.6481192020387573
1,1,True,0.5243073678823225,0.5243073678823225
0,1,False,0.5052518668529793,0.4947481331470207
1,1,True,0.5473039169319475,0.5473039169319475
0,0,True,0.5691203673421502,0.4308796326578498
1,0,False,0.5191597384239348,0.5191597384239348
1,0,False,0.6437474697258982,0.6437474697258982
1,1,True,0.5847842735470814,0.5847842735470814
0,1,False,0.5654960516115833,0.43450394838841655
1,1,True,0.5755137938968741,0.5755137938968741
1,1,True,0.6387706329616738,0.6387706329616738
1,0,False,0.5537990881279664,0.5537990881279664
0,0,True,0.5188240387108795,0.48117596128912077
0,0,True,0.5595975869884853,0.4404024130115146
1,0,False,0.5550754597316058,0.5550754597316058
1,0,False,0.526047768601237,0.526047768601237
1,0,False,0.6023308296237108,0.6023308296237108
1,0,False,0.5260914205890013,0.5260914205890013
1,0,False,0.6355284463360245,0.6355284463360245
1,0,False,0.656910287869221,0.656910287869221
1,0,False,0.6614237437590704,0.6614237437590704
1,0,False,0.63913558971472,0.63913558971472
1,0,False,0.6065075486693221,0.6065075486693221
1,0,False,0.5743625269757666,0.5743625269757666
1,0,False,0.6288394313844066,0.6288394313844066
1,0,False,0.6327306606691013,0.6327306606691013
1,0,False,0.6227956291566688,0.6227956291566688
1,0,False,0.6185348810382203,0.6185348810382203
1,0,False,0.6325390458298861,0.6325390458298861
1,0,False,0.6771179995691672,0.6771179995691672
1,0,False,0.6976756381880538,0.6976756381880538
1,1,True,0.6924806924759577,0.6924806924759577
1,0,False,0.7022695403955479,0.7022695403955479
1,0,False,0.677750100827271,0.677750100827271
1,0,False,0.7002593087332138,0.7002593087332138
1,0,False,0.70055644720914,0.70055644720914
1,0,False,0.6679254096447679,0.6679254096447679
1,1,True,0.6030245007167302,0.6030245007167302
1,1,True,0.5379162404750565,0.5379162404750565
1,1,True,0.5636983789941871,0.5636983789941871
1,1,True,0.6320392850319516,0.6320392850319516
1,1,True,0.5514838115586085,0.5514838115586085
0,1,False,0.5010562726704773,0.4989437273295225
1,0,False,0.5246029090364202,0.5246029090364202
1,0,False,0.5635595906577106,0.5635595906577106
1,0,False,0.6098580637995785,0.6098580637995785
1,0,False,0.6277887713030099,0.6277887713030099
0,1,False,0.5121705969206719,0.4878294030793281
1,1,True,0.5991015539069086,0.5991015539069086
1,1,True,0.6348654290169053,0.6348654290169053
1,1,True,0.5963013684581955,0.5963013684581955
1,1,True,0.5686390079891774,0.5686390079891774
1,0,False,0.5087722870782714,0.5087722870782714
0,0,True,0.5991059492360415,0.40089405076395834
1,0,False,0.5843610441838196,0.5843610441838196
1,0,False,0.621089906340718,0.621089906340718
1,0,False,0.5031814794640099,0.5031814794640099
0,1,False,0.5057975039277027,0.4942024960722974
1,0,False,0.5238288120246537,0.5238288120246537
1,0,False,0.663639320729614,0.663639320729614
1,0,False,0.5753814480036283,0.5753814480036283
1,0,False,0.5418562617612831,0.5418562617612831
1,0,False,0.5400187065604994,0.5400187065604994
1,0,False,0.591204983264565,0.591204983264565
0,1,False,0.5236090748035847,0.4763909251964153
0,1,False,0.5075453262209915,0.49245467377900864
0,0,True,0.5431316641105814,0.4568683358894188
1,0,False,0.5308284320817496,0.5308284320817496
1,1,True,0.5170621897912726,0.5170621897912726
0,1,False,0.5348347310965114,0.4651652689034885
1,0,False,0.5614779779901167,0.5614779779901167
0,1,False,0.5345218662430029,0.465478133756997
1,1,True,0.513275353677882,0.513275353677882
0,0,True,0.5060939782399956,0.4939060217600043
0,0,True,0.5642059436289151,0.435794056371085
1,1,True,0.5479009221404065,0.5479009221404065
1,1,True,0.5659650282796731,0.5659650282796731
1,1,True,0.5181017084297134,0.5181017084297134
1,1,True,0.5130541760542451,0.5130541760542451
0,1,False,0.6112474596414155,0.3887525403585844
0,1,False,0.5485921813763489,0.4514078186236511
1,0,False,0.5383811172747568,0.5383811172747568
1,0,False,0.5396817362857727,0.5396817362857727
1,0,False,0.5789253773423898,0.5789253773423898
1,1,True,0.6166072013780874,0.6166072013780874
0,1,False,0.5365305162948324,0.46346948370516766
1,1,True,0.508825192165737,0.508825192165737
1,1,True,0.5810257483029077,0.5810257483029077
1,0,False,0.554470633437065,0.554470633437065
1,0,False,0.5016946387405938,0.5016946387405938
0,0,True,0.5290189545980987,0.47098104540190144
1,0,False,0.5548200423004932,0.5548200423004932
1,1,True,0.5113288654859047,0.5113288654859047
0,0,True,0.62512983265071,0.3748701673492899
0,0,True,0.5539062899578129,0.4460937100421871
0,1,False,0.5133478856494306,0.4866521143505693
0,1,False,0.5313917287114673,0.46860827128853266
1,0,False,0.5536291570330562,0.5536291570330562
0,1,False,0.5175711077723922,0.4824288922276079
1,1,True,0.5143737544378502,0.5143737544378502
1,1,True,0.563906158018739,0.563906158018739
0,1,False,0.5359771951205277,0.4640228048794723
0,1,False,0.5218016134232606,0.47819838657673946
1,1,True,0.5337015198611199,0.5337015198611199
1,1,True,0.5842815854998373,0.5842815854998373
0,1,False,0.5584248411325993,0.44157515886740084
1,1,True,0.5368816736967085,0.5368816736967085
1,1,True,0.6146496950708338,0.6146496950708338
1,1,True,0.6875427221573447,0.6875427221573447
1,0,False,0.6014391922312873,0.6014391922312873
1,0,False,0.6229605862986929,0.6229605862986929
1,0,False,0.6410228752242713,0.6410228752242713
1,0,False,0.5272480949468483,0.5272480949468483
1,1,True,0.6059176706728204,0.6059176706728204
1,1,True,0.5495067815575575,0.5495067815575575
0,1,False,0.5591379433666279,0.4408620566333721
1,1,True,0.5416459959791401,0.5416459959791401
0,1,False,0.5737637315703381,0.4262362684296619
0,1,False,0.5645962014491774,0.43540379855082245
1,0,False,0.5042726323815311,0.5042726323815311
0,0,True,0.5193495402740983,0.4806504597259016
1,1,True,0.6550182106221203,0.6550182106221203
1,1,True,0.5110660636084454,0.5110660636084454
1,1,True,0.5394881621512988,0.5394881621512988
1,1,True,0.5700687239481874,0.5700687239481874
0,1,False,0.5156446524631512,0.48435534753684895
0,0,True,0.6168840294200775,0.38311597057992247
1,0,False,0.5513853029258909,0.5513853029258909
0,0,True,0.6321397032267035,0.36786029677329646
1,0,False,0.5491990375815681,0.5491990375815681
1,0,False,0.5111831559260522,0.5111831559260522
1,0,False,0.541618008778364,0.541618008778364
0,0,True,0.6051363262761267,0.3948636737238732
1,0,False,0.6173273398087007,0.6173273398087007
1,0,False,0.5085423907106652,0.5085423907106652
1,0,False,0.646043763847479,0.646043763847479
1,0,False,0.5438970204042441,0.5438970204042441
1,0,False,0.5635020388484073,0.5635020388484073
1,1,True,0.5494841867225667,0.5494841867225667
0,1,False,0.5090561863947094,0.49094381360529055
1,1,True,0.534624438291867,0.534624438291867
1,1,True,0.6314844920854329,0.6314844920854329
1,1,True,0.6623913238850148,0.6623913238850148
1,1,True,0.5289323371008706,0.5289323371008706
1,1,True,0.5479580251339159,0.5479580251339159
1,1,True,0.5803065528450486,0.5803065528450486
1,1,True,0.5457923604493462,0.5457923604493462
1,1,True,0.5126670279495558,0.5126670279495558
1,1,True,0.6288309605512135,0.6288309605512135
1,1,True,0.6625643060953255,0.6625643060953255
1,1,True,0.6446274276529442,0.6446274276529442
1,1,True,0.6330280119328151,0.6330280119328151
1,1,True,0.636510619719338,0.636510619719338
1,1,True,0.5627552153230416,0.5627552153230416
0,1,False,0.5395545469034303,0.46044545309656987
0,1,False,0.520392681306859,0.479607318693141
1,1,True,0.557569499754852,0.557569499754852
1,0,False,0.6297005362442961,0.6297005362442961
1,0,False,0.6401331036887141,0.6401331036887141
1,0,False,0.556511830805251,0.556511830805251
1,0,False,0.5908699428666595,0.5908699428666595
1,0,False,0.5361127283399494,0.5361127283399494
1,1,True,0.5692815471649961,0.5692815471649961
1,1,True,0.6726898237924245,0.6726898237924245
1,0,False,0.6638490079353339,0.6638490079353339
1,0,False,0.6379988295111194,0.6379988295111194
1,0,False,0.5964112706771535,0.5964112706771535
1,0,False,0.5728747324832986,0.5728747324832986
0,0,True,0.5191485051031105,0.4808514948968894
1,1,True,0.5111351809034097,0.5111351809034097
1,1,True,0.5427142913458385,0.5427142913458385
1,1,True,0.6151129142353904,0.6151129142353904
1,1,True,0.5662463319205092,0.5662463319205092
1,1,True,0.6233485235430578,0.6233485235430578
0,1,False,0.503035470036548,0.49696452996345175
1,1,True,0.5465604650380036,0.5465604650380036
1,1,True,0.6057145408147931,0.6057145408147931
1,1,True,0.5824500160309477,0.5824500160309477
1,1,True,0.5212217695400988,0.5212217695400988
1,1,True,0.605562744705353,0.605562744705353
1,1,True,0.6464913954752176,0.6464913954752176
1,0,False,0.6409759760529801,0.6409759760529801
1,0,False,0.6936000050774815,0.6936000050774815
1,0,False,0.6686842904892784,0.6686842904892784
0,0,True,0.5003473037486581,0.4996526962513418
0,0,True,0.5058645623604768,0.49413543763952306
1,0,False,0.561840453722244,0.561840453722244
1,1,True,0.5613623584445011,0.5613623584445011
1,1,True,0.6533542258658949,0.6533542258658949
1,1,True,0.6874675757336284,0.6874675757336284
1,1,True,0.6234508637177439,0.6234508637177439
1,1,True,0.6276448538430942,0.6276448538430942
1,0,False,0.576864112214048,0.576864112214048
1,0,False,0.5337094121181089,0.5337094121181089
1,0,False,0.5403736836750532,0.5403736836750532
0,0,True,0.5883742959696895,0.4116257040303105
1,1,True,0.5788339041874826,0.5788339041874826
1,0,False,0.6155190166537047,0.6155190166537047
1,0,False,0.5744067343032215,0.5744067343032215
1,0,False,0.598898825607374,0.598898825607374
1,0,False,0.6520030212864958,0.6520030212864958
0,0,True,0.6011713911149386,0.39882860888506133
1,0,False,0.5090458406845544,0.5090458406845544
1,0,False,0.524642116511865,0.524642116511865
0,1,False,0.5955342563233139,0.404465743676686
0,0,True,0.5877560649444825,0.4122439350555175
1,0,False,0.5549501559690057,0.5549501559690057
1,0,False,0.5718281982096854,0.5718281982096854
1,0,False,0.5412786252742867,0.5412786252742867
1,0,False,0.53463512102869,0.53463512102869
1,0,False,0.5150798655932465,0.5150798655932465
0,0,True,0.5511407146431387,0.44885928535686126
0,0,True,0.6075401261189338,0.39245987388106607
0,0,True,0.5850982216857128,0.4149017783142871
1,1,True,0.5197363826561071,0.5197363826561071
1,1,True,0.6963607997819168,0.6963607997819168
1,1,True,0.7620618385215701,0.7620618385215701
1,0,False,0.7722913420286911,0.7722913420286911
1,0,False,0.6486647552538153,0.6486647552538153
0,0,True,0.5815892798079427,0.4184107201920576
0,0,True,0.5167494608238541,0.48325053917614613
1,0,False,0.5106187234117178,0.5106187234117178
0,1,False,0.5300802167271991,0.46991978327280115
1,1,True,0.7249758785763861,0.7249758785763861
1,0,False,0.6324289474668277,0.6324289474668277
0,1,False,0.543814193388998,0.45618580661100216
1,0,False,0.6425788264984544,0.6425788264984544
1,1,True,0.6315695052515882,0.6315695052515882
0,1,False,0.5095867458391687,0.49041325416083115
0,1,False,0.5247165727187681,0.47528342728123185
0,1,False,0.5496601543702719,0.4503398456297281
0,1,False,0.5892186238133356,0.4107813761866643
1,1,True,0.5355849623079126,0.5355849623079126
0,1,False,0.5623486100908315,0.43765138990916835
1,1,True,0.5645791602343584,0.5645791602343584
1,1,True,0.5984461766117573,0.5984461766117573
1,1,True,0.664643010516636,0.664643010516636
1,1,True,0.6214775327963055,0.6214775327963055
1,0,False,0.6694967807491123,0.6694967807491123
1,0,False,0.6608505786917387,0.6608505786917387
1,0,False,0.6539963531516334,0.6539963531516334
1,0,False,0.5402567702101733,0.5402567702101733
1,0,False,0.6180548666078702,0.6180548666078702
1,0,False,0.6078221366063544,0.6078221366063544
1,0,False,0.578679657457371,0.578679657457371
1,1,True,0.5893744424298115,0.5893744424298115
1,0,False,0.6047095353597555,0.6047095353597555
0,1,False,0.5207674892779914,0.4792325107220087
1,0,False,0.5230980919217709,0.5230980919217709
1,1,True,0.5036473428932543,0.5036473428932543
0,0,True,0.5686718784943212,0.4313281215056788
0,0,True,0.5686954983560703,0.4313045016439298
1,0,False,0.5156371049007116,0.5156371049007116
0,0,True,0.5702853553766474,0.4297146446233525
0,0,True,0.6023031717229965,0.39769682827700337
1,0,False,0.5832727323977772,0.5832727323977772
0,1,False,0.5923949874325818,0.40760501256741805
1,1,True,0.5750936113565283,0.5750936113565283
1,1,True,0.563729328009022,0.563729328009022
1,1,True,0.5203483437206454,0.5203483437206454
1,1,True,0.6710955746232087,0.6710955746232087
0,1,False,0.5846712742128023,0.41532872578719765
1,1,True,0.5135495133556389,0.5135495133556389
1,1,True,0.5721308950660163,0.5721308950660163
1,1,True,0.5710829005323221,0.5710829005323221
1,1,True,0.6083597338008125,0.6083597338008125
1,1,True,0.6494601033234085,0.6494601033234085
1,1,True,0.6242557455900866,0.6242557455900866
1,1,True,0.6628726253125816,0.6628726253125816
1,1,True,0.6332386033544917,0.6332386033544917
1,1,True,0.5813767906101943,0.5813767906101943
1,1,True,0.6304267792613919,0.6304267792613919
1,1,True,0.5382556508399119,0.5382556508399119
0,1,False,0.5025058334504796,0.4974941665495205
1,1,True,0.564796145764033,0.564796145764033
1,1,True,0.6433213531293344,0.6433213531293344
1,0,False,0.6379933258755692,0.6379933258755692
1,0,False,0.6262310144155632,0.6262310144155632
1,1,True,0.5885330110613074,0.5885330110613074
1,1,True,0.530794847435935,0.530794847435935
1,1,True,0.5217503078259936,0.5217503078259936
1,1,True,0.5738450929151873,0.5738450929151873
0,1,False,0.5263005577643278,0.47369944223567206
0,1,False,0.5911994552410393,0.40880054475896066
0,1,False,0.6140234972317999,0.38597650276820017
0,1,False,0.6099061232647254,0.39009387673527446
1,0,False,0.5641643503191826,0.5641643503191826
0,0,True,0.5033911912040177,0.4966088087959824
0,0,True,0.5387724299509378,0.4612275700490621
0,0,True,0.5507812750192871,0.4492187249807128
0,0,True,0.5856772946901936,0.4143227053098063
0,0,True,0.5576187898565352,0.4423812101434647
0,0,True,0.5643546511641938,0.4356453488358062
0,0,True,0.5683915272324735,0.43160847276752645
0,0,True,0.6281818847056818,0.37181811529431796
0,0,True,0.6635389858197629,0.336461014180237
0,0,True,0.6039670645337855,0.39603293546621443
0,0,True,0.672161609618508,0.32783839038149176
0,0,True,0.5135280734024951,0.48647192659750504
1,0,False,0.5161045720138784,0.5161045720138784
1,0,False,0.5356832718193978,0.5356832718193978
1,0,False,0.5697065027123244,0.5697065027123244
0,0,True,0.583083333862925,0.41691666613707495
1,0,False,0.5263809770903011,0.5263809770903011
0,1,False,0.5472317636200972,0.45276823637990277
0,1,False,0.5333979960342267,0.4666020039657731
1,1,True,0.5199959567352362,0.5199959567352362
1,1,True,0.5440710690626998,0.5440710690626998
1,0,False,0.5011144885415297,0.5011144885415297
1,0,False,0.5199659776034468,0.5199659776034468
1,0,False,0.5532678418571471,0.5532678418571471
1,0,False,0.593754556888294,0.593754556888294
1,0,False,0.625663996548358,0.625663996548358
1,0,False,0.6118566168905784,0.6118566168905784
1,0,False,0.6080513088310603,0.6080513088310603
1,0,False,0.6117907898254676,0.6117907898254676
1,0,False,0.5869764216761713,0.5869764216761713
0,0,True,0.5281141734506603,0.47188582654933986
0,1,False,0.5235985173636615,0.4764014826363384
1,0,False,0.5426504970915319,0.5426504970915319
1,0,False,0.5281886838346785,0.5281886838346785
1,0,False,0.5518588155240876,0.5518588155240876
1,0,False,0.5533530837213262,0.5533530837213262
1,0,False,0.5490141845822878,0.5490141845822878
1,0,False,0.5920908405705414,0.5920908405705414
1,1,True,0.5832824938303446,0.5832824938303446
1,1,True,0.5740260048216226,0.5740260048216226
1,1,True,0.5675139256089339,0.5675139256089339
1,1,True,0.6169708506650253,0.6169708506650253
1,1,True,0.6216380336602657,0.6216380336602657
1,1,True,0.5770718134788464,0.5770718134788464
1,1,True,0.5876095971955071,0.5876095971955071
1,1,True,0.6507901432026093,0.6507901432026093
1,0,False,0.6127225533721825,0.6127225533721825
1,0,False,0.5043857450952466,0.5043857450952466
1,0,False,0.5374134527594266,0.5374134527594266
1,0,False,0.5603616190695696,0.5603616190695696
0,1,False,0.5116373721900693,0.48836262780993067
1,1,True,0.5245051140964068,0.5245051140964068
1,1,True,0.6447022579085901,0.6447022579085901
1,1,True,0.6513837485853619,0.6513837485853619
1,1,True,0.5564959326018056,0.5564959326018056
1,1,True,0.5456040577672492,0.5456040577672492
1,0,False,0.5137490400117505,0.5137490400117505
0,0,True,0.5630959143783772,0.43690408562162286
0,0,True,0.5390847361941798,0.4609152638058201
0,0,True,0.5016752077237805,0.49832479227621945
1,0,False,0.5114270613633884,0.5114270613633884
1,0,False,0.5241531636519489,0.5241531636519489
1,0,False,0.5041147582568004,0.5041147582568004
1,1,True,0.5231600057746971,0.5231600057746971
1,0,False,0.5747111337680915,0.5747111337680915
1,0,False,0.5777086166164366,0.5777086166164366
1,0,False,0.6057408549553616,0.6057408549553616
1,1,True,0.5270011852514764,0.5270011852514764
1,1,True,0.5270999542999004,0.5270999542999004
0,1,False,0.503612554143903,0.4963874458560969
1,1,True,0.5103622295084648,0.5103622295084648
1,0,False,0.5074083035601707,0.5074083035601707
0,0,True,0.5502133187319308,0.44978668126806914
0,0,True,0.5285906091605417,0.4714093908394583
1,0,False,0.5411428964386862,0.5411428964386862
1,1,True,0.5154267417911771,0.5154267417911771
0,0,True,0.5185104011372991,0.481489598862701
0,1,False,0.5072855151086788,0.4927144848913212
1,1,True,0.5082395672211268,0.5082395672211268
1,0,False,0.5729848219544714,0.5729848219544714
1,0,False,0.5395142612452116,0.5395142612452116
1,0,False,0.5437778476513799,0.5437778476513799
1,0,False,0.5211615995103042,0.5211615995103042
0,0,True,0.5580774159222636,0.44192258407773655
0,0,True,0.6012600515379669,0.3987399484620331
0,0,True,0.5458707590611395,0.45412924093886053
0,0,True,0.5219571333206866,0.4780428666793133
1,1,True,0.5564181183577779,0.5564181183577779
1,1,True,0.657320620091491,0.657320620091491
1,1,True,0.5268971495773999,0.5268971495773999
0,1,False,0.5793235331665795,0.4206764668334204
0,1,False,0.5762363000956375,0.42376369990436236
1,0,False,0.5123223439242139,0.5123223439242139
0,0,True,0.5706920023217437,0.42930799767825645
1,0,False,0.5433053955205981,0.5433053955205981
1,0,False,0.5265532220633287,0.5265532220633287
1,1,True,0.5522862140874305,0.5522862140874305
1,1,True,0.6240292886327244,0.6240292886327244
1,1,True,0.5302537939793349,0.5302537939793349
1,1,True,0.5164585742680307,0.5164585742680307
1,1,True,0.5536364282279724,0.5536364282279724
1,1,True,0.5189493576469534,0.5189493576469534
0,1,False,0.5223272407178113,0.4776727592821886
1,1,True,0.5588155275131204,0.5588155275131204
0,1,False,0.5022303074746287,0.4977696925253713
1,1,True,0.5034604172145574,0.5034604172145574
1,1,True,0.5431594516545617,0.5431594516545617
1,1,True,0.5545539069544201,0.5545539069544201
1,1,True,0.5655006978569859,0.5655006978569859
1,1,True,0.5889861443424591,0.5889861443424591
1,1,True,0.5940248682253056,0.5940248682253056
1,1,True,0.6479372565712562,0.6479372565712562
1,0,False,0.6248765401775527,0.6248765401775527
1,0,False,0.6118038282975418,0.6118038282975418
1,1,True,0.6508981200481732,0.6508981200481732
1,1,True,0.6281755543173577,0.6281755543173577
0,0,True,0.5429796956799038,0.4570203043200962
0,0,True,0.5415398169551786,0.45846018304482133
0,0,True,0.5768045900731849,0.42319540992681526
0,0,True,0.6391104614415983,0.36088953855840145
0,0,True,0.5288454165989724,0.4711545834010274
0,0,True,0.5993221796872577,0.40067782031274224
0,0,True,0.5367933158963206,0.4632066841036792
0,1,False,0.5452956948021094,0.4547043051978907
1,0,False,0.5715347289049634,0.5715347289049634
1,0,False,0.6038567604018651,0.6038567604018651
0,0,True,0.532993937005217,0.46700606299478276
1,1,True,0.5477812946673967,0.5477812946673967
1,1,True,0.5198210929338917,0.5198210929338917
0,1,False,0.5270249878838077,0.47297501211619253
1,1,True,0.5510555282331709,0.5510555282331709
1,1,True,0.6197570843011608,0.6197570843011608
1,0,False,0.5372336991338074,0.5372336991338074
1,1,True,0.6256584801855439,0.6256584801855439
1,1,True,0.5412303316075232,0.5412303316075232
1,1,True,0.5997184631420063,0.5997184631420063
1,0,False,0.6046737434422618,0.6046737434422618
1,1,True,0.6175250137787602,0.6175250137787602
1,0,False,0.6018272113813941,0.6018272113813941
1,0,False,0.6565730445911959,0.6565730445911959
1,0,False,0.6603542357055413,0.6603542357055413
1,0,False,0.5916532989112067,0.5916532989112067
1,0,False,0.5486928532060039,0.5486928532060039
1,1,True,0.5060976028970146,0.5060976028970146
0,1,False,0.511961146508008,0.48803885349199205
1,1,True,0.533061243737302,0.533061243737302
0,1,False,0.5648587451871574,0.43514125481284244
1,1,True,0.511734183872475,0.511734183872475
1,1,True,0.5290105605884136,0.5290105605884136
0,1,False,0.5673378401618874,0.4326621598381124
0,1,False,0.5228201066318959,0.47717989336810396
0,0,True,0.5322205577918184,0.46777944220818135
1,1,True,0.6110936048345834,0.6110936048345834
1,1,True,0.5660245497659286,0.5660245497659286
1,1,True,0.5567787310209558,0.5567787310209558
1,0,False,0.5451404308049956,0.5451404308049956
1,0,False,0.5972718182176027,0.5972718182176027
1,1,True,0.5055152309120713,0.5055152309120713
1,1,True,0.6016449326405956,0.6016449326405956
1,0,False,0.5949524261771694,0.5949524261771694
1,1,True,0.5532474428828956,0.5532474428828956
1,0,False,0.517047751862389,0.517047751862389
1,0,False,0.5494091847516407,0.5494091847516407
0,0,True,0.5006121043538254,0.4993878956461746
1,0,False,0.5434641124384012,0.5434641124384012
0,0,True,0.5583147834445815,0.4416852165554185
0,1,False,0.5521204783295673,0.44787952167043255
1,1,True,0.5879267969212911,0.5879267969212911
1,1,True,0.522506734921907,0.522506734921907
1,1,True,0.5009992020072643,0.5009992020072643
1,1,True,0.5477582445685405,0.5477582445685405
1,0,False,0.6149274441054497,0.6149274441054497
1,0,False,0.5372236855582371,0.5372236855582371
1,0,False,0.5517342100078446,0.5517342100078446
1,1,True,0.524125092112389,0.524125092112389
0,1,False,0.5199322690518219,0.48006773094817823
0,1,False,0.583313147559869,0.41668685244013093
1,1,True,0.5958758291835261,0.5958758291835261
0,0,True,0.5041874578178236,0.4958125421821765
1,1,True,0.534488401871063,0.534488401871063
1,0,False,0.5359459950228641,0.5359459950228641
1,0,False,0.5922916854890636,0.5922916854890636
1,0,False,0.5864489412448088,0.5864489412448088
1,1,True,0.5805550630244142,0.5805550630244142
0,1,False,0.5103211728463621,0.48967882715363775
1,1,True,0.5705622140390362,0.5705622140390362
1,1,True,0.5906108089088528,0.5906108089088528
1,1,True,0.5310167498253728,0.5310167498253728
0,1,False,0.5838534240947035,0.41614657590529647
1,1,True,0.5740492786777011,0.5740492786777011
0,1,False,0.552016309499517,0.4479836905004829
1,1,True,0.5166788858581441,0.5166788858581441
1,0,False,0.5474296120537243,0.5474296120537243
1,0,False,0.5684671073151492,0.5684671073151492
1,0,False,0.5568425134179897,0.5568425134179897
1,0,False,0.5141888214795152,0.5141888214795152
1,1,True,0.5948841855531458,0.5948841855531458
1,1,True,0.5916105380569732,0.5916105380569732
1,1,True,0.6139624447209104,0.6139624447209104
1,1,True,0.521276465366816,0.521276465366816
1,1,True,0.6262769556243855,0.6262769556243855
0,1,False,0.6115085738257231,0.3884914261742767
0,1,False,0.5914081532519514,0.4085918467480484
0,0,True,0.522405045938839,0.47759495406116104
0,0,True,0.6021547712973436,0.3978452287026564
0,0,True,0.5681824285577718,0.43181757144222804
0,0,True,0.5570587643625867,0.44294123563741306
0,1,False,0.5600979871293196,0.4399020128706803
0,1,False,0.6065352846156886,0.39346471538431127
0,1,False,0.5572449053287337,0.44275509467126617
0,1,False,0.6727240189466742,0.3272759810533258
0,1,False,0.5219409408948483,0.4780590591051518
0,1,False,0.5039040315196314,0.4960959684803685
1,1,True,0.5009750267370982,0.5009750267370982
1,0,False,0.5042207738538425,0.5042207738538425
1,0,False,0.5665790620245864,0.5665790620245864
0,0,True,0.589456200233346,0.4105437997666538
0,1,False,0.6028868648999055,0.3971131351000944
0,1,False,0.5437192190069561,0.456280780993044
1,1,True,0.5828304777785125,0.5828304777785125
0,1,False,0.5804585018854421,0.41954149811455776
0,1,False,0.5323774310001361,0.46762256899986393
0,1,False,0.6301067710500493,0.3698932289499504
0,1,False,0.6371886397641892,0.36281136023581084
0,1,False,0.6365533297722007,0.36344667022779936
0,0,True,0.5674841265731861,0.43251587342681375
1,0,False,0.628953305848087,0.628953305848087
1,0,False,0.544227906915189,0.544227906915189
1,0,False,0.6662681310514511,0.6662681310514511
1,0,False,0.5691842430884242,0.5691842430884242
1,0,False,0.6541106814928024,0.6541106814928024
1,1,True,0.5203446432881753,0.5203446432881753
0,0,True,0.5049751050270441,0.49502489497295593
1,1,True,0.5553742327350418,0.5553742327350418
0,1,False,0.5903882937535803,0.4096117062464197
0,1,False,0.5662964228550945,0.4337035771449055
0,1,False,0.6339779060869748,0.36602209391302515
0,1,False,0.5994331328255369,0.400566867174463
0,1,False,0.6330250536553944,0.3669749463446057
0,1,False,0.6339612161414534,0.36603878385854655
0,0,True,0.6528309587363944,0.3471690412636054
1,1,True,0.5402264176232792,0.5402264176232792
0,1,False,0.5100397440988349,0.489960255901165
0,0,True,0.5062229749852909,0.49377702501470916
0,0,True,0.5438393158086735,0.4561606841913264
1,0,False,0.5077855554508435,0.5077855554508435
1,0,False,0.6212642599139728,0.6212642599139728
1,0,False,0.5624181339534118,0.5624181339534118
1,0,False,0.5446193407165545,0.5446193407165545
1,0,False,0.5398296167634565,0.5398296167634565
1,0,False,0.5366596896558539,0.5366596896558539
0,0,True,0.5521143000360211,0.4478856999639791
0,0,True,0.50232713927384,0.49767286072616007
0,0,True,0.5199500201394957,0.48004997986050446
1,0,False,0.5590836960845634,0.5590836960845634
1,0,False,0.5273023313693951,0.5273023313693951
1,0,False,0.5436363171307319,0.5436363171307319
1,0,False,0.5371328722665522,0.5371328722665522
1,0,False,0.5069766589603277,0.5069766589603277
1,0,False,0.5649871660790832,0.5649871660790832
1,0,False,0.5051682982921929,0.5051682982921929
1,0,False,0.5348204548545679,0.5348204548545679
1,0,False,0.5918251982440018,0.5918251982440018
1,0,False,0.612279431614735,0.612279431614735
0,1,False,0.5273901163553882,0.4726098836446119
0,0,True,0.5695123475964154,0.43048765240358455
1,0,False,0.5651884033121439,0.5651884033121439
1,0,False,0.5835066858251379,0.5835066858251379
1,0,False,0.5859838750815638,0.5859838750815638
1,0,False,0.586033976048639,0.586033976048639
1,1,True,0.5669379268941365,0.5669379268941365
1,1,True,0.5632138021531279,0.5632138021531279
1,1,True,0.5323593583710182,0.5323593583710182
1,1,True,0.5886697747201256,0.5886697747201256
1,0,False,0.5691659758735893,0.5691659758735893
1,0,False,0.552495849298234,0.552495849298234
1,1,True,0.5741797460218981,0.5741797460218981
1,1,True,0.5942256790852479,0.5942256790852479
1,1,True,0.5386348274718378,0.5386348274718378
1,1,True,0.5074089781850718,0.5074089781850718
1,1,True,0.6540846725743984,0.6540846725743984
0,1,False,0.5797406080803045,0.4202593919196957
1,0,False,0.5369576944697946,0.5369576944697946
0,0,True,0.5151838536648242,0.48481614633517583
0,0,True,0.6498524036277755,0.3501475963722245
0,0,True,0.6105405653230981,0.38945943467690186
0,0,True,0.5468417840883755,0.4531582159116247
0,1,False,0.6252805851135391,0.3747194148864611
0,1,False,0.5100749686577751,0.48992503134222465
1,1,True,0.6012586973962889,0.6012586973962889
1,1,True,0.6185915067404658,0.6185915067404658
0,1,False,0.5540305667848786,0.44596943321512117
0,1,False,0.5168810437005876,0.4831189562994123
0,1,False,0.5053154005642183,0.4946845994357819
1,1,True,0.5383874297954263,0.5383874297954263
1,0,False,0.5280651391118236,0.5280651391118236
0,0,True,0.53031657118047,0.4696834288195302
0,0,True,0.5148442333088342,0.48515576669116606
1,0,False,0.5427360005991316,0.5427360005991316
1,1,True,0.5739058992877789,0.5739058992877789
1,1,True,0.6505132461530022,0.6505132461530022
1,1,True,0.5989008619854919,0.5989008619854919
1,1,True,0.5074726089938341,0.5074726089938341
1,0,False,0.6012410420383602,0.6012410420383602
1,0,False,0.5764187900051021,0.5764187900051021
0,0,True,0.5487764550115297,0.45122354498847017
0,0,True,0.5080535493148651,0.4919464506851347
0,0,True,0.5030666418267336,0.4969333581732663
0,0,True,0.6523072938026413,0.3476927061973585
0,0,True,0.5797434333929455,0.42025656660705435
0,0,True,0.5968725724061111,0.403127427593889
1,0,False,0.5873674691171051,0.5873674691171051
1,0,False,0.5843807677956387,0.5843807677956387
0,1,False,0.5308998887076127,0.46910011129238727
1,1,True,0.599361010235886,0.599361010235886
0,1,False,0.5500105143257024,0.44998948567429775
1,1,True,0.5130311898831843,0.5130311898831843
1,1,True,0.5086140846862881,0.5086140846862881
1,0,False,0.5494313627924208,0.5494313627924208
1,0,False,0.6225974013428974,0.6225974013428974
1,0,False,0.586829896743544,0.586829896743544
1,0,False,0.5366025115656221,0.5366025115656221
1,0,False,0.6114232023434457,0.6114232023434457
1,1,True,0.5069800172741469,0.5069800172741469
1,1,True,0.5842164704519183,0.5842164704519183
1,0,False,0.5854277003356638,0.5854277003356638
1,0,False,0.5902207471232717,0.5902207471232717
1,1,True,0.5525459709372507,0.5525459709372507
1,0,False,0.5254040079244798,0.5254040079244798
0,0,True,0.5380093204453041,0.4619906795546958
1,0,False,0.5416851736089043,0.5416851736089043
0,0,True,0.6124069041969926,0.38759309580300727
0,0,True,0.5274045762995665,0.4725954237004334
1,0,False,0.5293328448936628,0.5293328448936628
0,0,True,0.5056314254990568,0.4943685745009432
0,1,False,0.5028214545352626,0.4971785454647373
1,1,True,0.5724449693466123,0.5724449693466123
1,1,True,0.5660490408188856,0.5660490408188856
0,1,False,0.5079850864120266,0.49201491358797345
0,1,False,0.5509044967518054,0.4490955032481946
0,1,False,0.5797733615683797,0.42022663843162045
0,0,True,0.5215818250078557,0.4784181749921444
0,0,True,0.5280226664415758,0.47197733355842436
1,0,False,0.5136113999186052,0.5136113999186052
1,1,True,0.5064725936328542,0.5064725936328542
0,1,False,0.5391912926773311,0.460808707322669
0,0,True,0.5515602985352626,0.44843970146473744
0,1,False,0.5593673401356962,0.44063265986430383
0,0,True,0.5285592171037797,0.4714407828962204
0,0,True,0.5668440940574736,0.4331559059425263
0,0,True,0.6315167489555831,0.36848325104441704
0,1,False,0.5992585247184237,0.4007414752815764
1,1,True,0.5130779373285386,0.5130779373285386
0,1,False,0.5963717172516763,0.40362828274832385
1,1,True,0.576992400424537,0.576992400424537
1,1,True,0.5001794780938812,0.5001794780938812
0,1,False,0.5115540748772086,0.48844592512279117
0,1,False,0.5749634449967442,0.42503655500325566
0,1,False,0.5228613361918052,0.4771386638081948
0,1,False,0.5375382061816675,0.46246179381833263
1,1,True,0.5009992763804519,0.5009992763804519
0,1,False,0.5375715719387394,0.4624284280612605
0,0,True,0.5362586183983912,0.4637413816016088
0,0,True,0.5122003225562509,0.48779967744374897
0,0,True,0.507258866327164,0.4927411336728361
1,0,False,0.5248045193679751,0.5248045193679751
0,0,True,0.5966023349882101,0.4033976650117899
0,0,True,0.6259626216765197,0.3740373783234801
0,1,False,0.6579287282478805,0.3420712717521195
0,0,True,0.6326635300019191,0.3673364699980809
0,1,False,0.6732085239006397,0.3267914760993604
0,1,False,0.653685356373443,0.34631464362655695
0,1,False,0.6962563366093428,0.3037436633906572
0,0,True,0.7026649239449116,0.29733507605508813
0,0,True,0.6919473259912685,0.30805267400873154
0,0,True,0.5865819769454516,0.41341802305454833
0,0,True,0.5829126641222828,0.4170873358777172
0,0,True,0.6195045353981045,0.3804954646018954
0,0,True,0.5975857788005149,0.402414221199485
0,0,True,0.5278041251084383,0.4721958748915617
0,0,True,0.5130187474885842,0.48698125251141566
0,0,True,0.5300251954444082,0.4699748045555918
1,0,False,0.5264707993346166,0.5264707993346166
0,0,True,0.5767756998911417,0.42322430010885836
0,0,True,0.5111771159488842,0.4888228840511159
0,0,True,0.5984055797922161,0.40159442020778396
0,0,True,0.5316411983458913,0.4683588016541088
0,0,True,0.5888755256304694,0.41112447436953053
1,0,False,0.5789609056648319,0.5789609056648319
1,0,False,0.5048935594142406,0.5048935594142406
0,0,True,0.5072499269750189,0.49275007302498125
1,0,False,0.5135431502948005,0.5135431502948005
1,0,False,0.5493020744079745,0.5493020744079745
1,0,False,0.5023340867508375,0.5023340867508375
0,0,True,0.5506260613679035,0.4493739386320965
0,1,False,0.6153186999145757,0.38468130008542434
0,0,True,0.6611387718870055,0.3388612281129944
0,0,True,0.645568292192793,0.354431707807207
1,1,True,0.5544718504860819,0.5544718504860819
1,1,True,0.5873561110798805,0.5873561110798805
1,1,True,0.6131548225834703,0.6131548225834703
1,1,True,0.547638910522273,0.547638910522273
1,1,True,0.6475124682055013,0.6475124682055013
1,1,True,0.5468905573890963,0.5468905573890963
1,1,True,0.5731307704582161,0.5731307704582161
0,1,False,0.5164186607529307,0.4835813392470693
1,1,True,0.5558019847261766,0.5558019847261766
0,0,True,0.5163659345387309,0.48363406546126897
0,0,True,0.555360424196243,0.44463957580375724
1,1,True,0.5032549195291717,0.5032549195291717
0,1,False,0.5656212160734042,0.4343787839265958
0,1,False,0.5232063863438855,0.4767936136561147
1,1,True,0.5160480644044605,0.5160480644044605
0,1,False,0.5537430692302016,0.4462569307697984
0,1,False,0.5071370311154931,0.492862968884507
0,1,False,0.574762866477723,0.4252371335222769
1,1,True,0.5236329152262882,0.5236329152262882
0,0,True,0.5500411782545855,0.4499588217454145
0,1,False,0.5569958617697824,0.44300413823021745
0,0,True,0.5769797937899849,0.42302020621001507
1,0,False,0.5373914266106219,0.5373914266106219
1,0,False,0.5462738380406956,0.5462738380406956
1,0,False,0.5159340902330201,0.5159340902330201
0,0,True,0.5121403792209005,0.4878596207790996
1,0,False,0.5114374353814046,0.5114374353814046
1,1,True,0.504399770880074,0.504399770880074
0,0,True,0.5563585686662681,0.4436414313337321
0,0,True,0.5037622058093867,0.4962377941906135
0,1,False,0.577563088049282,0.422436911950718
0,0,True,0.6103304044281832,0.3896695955718168
0,0,True,0.6011199297077437,0.39888007029225625
0,0,True,0.5460766911639109,0.453923308836089
1,1,True,0.5158250362810702,0.5158250362810702
0,0,True,0.6186247153809428,0.38137528461905723
0,1,False,0.5594785987601981,0.440521401239802
1,1,True,0.5771807424860793,0.5771807424860793
1,0,False,0.5141161045371104,0.5141161045371104
1,0,False,0.5517206951008268,0.5517206951008268
1,1,True,0.5773569525564656,0.5773569525564656
1,1,True,0.601097276314295,0.601097276314295
1,1,True,0.6487307491169599,0.6487307491169599
1,1,True,0.5937040716327602,0.5937040716327602
1,1,True,0.5569112288920702,0.5569112288920702
0,1,False,0.5241062538734014,0.47589374612659885
0,1,False,0.5282945366227871,0.471705463377213
0,1,False,0.5069605318303847,0.4930394681696154
1,1,True,0.5255145796044494,0.5255145796044494
1,1,True,0.5097857014752432,0.5097857014752432
1,1,True,0.5300989270930295,0.5300989270930295
1,0,False,0.5002419027530913,0.5002419027530913
0,0,True,0.5110221071649579,0.4889778928350421
1,0,False,0.5411661423775171,0.5411661423775171
0,1,False,0.5674718170857647,0.4325281829142353
1,1,True,0.5323197515602305,0.5323197515602305
1,1,True,0.6070650688875124,0.6070650688875124
1,1,True,0.5016145810611176,0.5016145810611176
0,1,False,0.5134831879279127,0.48651681207208725
0,1,False,0.5009883030619693,0.4990116969380308
0,1,False,0.593509788395092,0.406490211604908
0,0,True,0.5174365337754112,0.48256346622458873
0,0,True,0.5121629800781323,0.4878370199218677
0,0,True,0.5464178162373576,0.45358218376264237
0,0,True,0.5688201056596283,0.43117989434037174
0,0,True,0.5331007581689485,0.4668992418310515
1,0,False,0.5964799293343257,0.5964799293343257
1,0,False,0.5959618368944719,0.5959618368944719
0,1,False,0.5358311776616437,0.46416882233835643
1,1,True,0.5376943601381423,0.5376943601381423
1,1,True,0.5441830826533786,0.5441830826533786
1,1,True,0.5730443815659609,0.5730443815659609
1,1,True,0.6198245358663992,0.6198245358663992
1,0,False,0.5400392576536818,0.5400392576536818
1,0,False,0.5544834552336354,0.5544834552336354
0,0,True,0.5902860746055882,0.40971392539441187
1,0,False,0.5758259857775194,0.5758259857775194
0,0,True,0.517956373873865,0.48204362612613505
0,0,True,0.5207589401605899,0.4792410598394102
1,0,False,0.5801644901377946,0.5801644901377946
1,0,False,0.592657056642297,0.592657056642297
1,0,False,0.627640663310209,0.627640663310209
1,0,False,0.6025986549441575,0.6025986549441575
1,0,False,0.5714634404397078,0.5714634404397078
1,0,False,0.5705534190045807,0.5705534190045807
1,0,False,0.5223083423015659,0.5223083423015659
1,1,True,0.5716603979923478,0.5716603979923478
1,1,True,0.5303923836243215,0.5303923836243215
0,0,True,0.5311719562938524,0.4688280437061476
1,1,True,0.5201119861933683,0.5201119861933683
0,0,True,0.5837412629460433,0.41625873705395655
1,0,False,0.5772072474771374,0.5772072474771374
1,0,False,0.5604774621119978,0.5604774621119978
0,0,True,0.519289181347323,0.48071081865267695
1,0,False,0.5830278204438075,0.5830278204438075
1,0,False,0.5561733304458555,0.5561733304458555
1,0,False,0.5348787017603754,0.5348787017603754
1,0,False,0.5663903404963859,0.5663903404963859
1,0,False,0.5725768748541443,0.5725768748541443
1,0,False,0.5120018165001651,0.5120018165001651
1,0,False,0.5295192708323129,0.5295192708323129
0,0,True,0.5424529833255508,0.4575470166744492
0,0,True,0.5376342732110838,0.46236572678891613
0,0,True,0.5526668619833959,0.4473331380166041
0,0,True,0.5111797668407057,0.48882023315929446
0,1,False,0.5071474603846284,0.4928525396153715
1,1,True,0.5526472512497268,0.5526472512497268
1,1,True,0.5403294087033406,0.5403294087033406
1,0,False,0.6467492929166467,0.6467492929166467
1,0,False,0.5856209802286737,0.5856209802286737
1,0,False,0.5649803051763497,0.5649803051763497
1,0,False,0.5725690687518519,0.5725690687518519
1,1,True,0.591629301410641,0.591629301410641
1,1,True,0.5854860800031455,0.5854860800031455
1,1,True,0.652405907962047,0.652405907962047
1,1,True,0.6150372872604503,0.6150372872604503
1,1,True,0.6322690623550069,0.6322690623550069
1,1,True,0.5601108571145904,0.5601108571145904
1,1,True,0.5608805617537088,0.5608805617537088
1,0,False,0.5598850565777487,0.5598850565777487
1,0,False,0.5413268014579012,0.5413268014579012
1,0,False,0.5921099126247076,0.5921099126247076
1,0,False,0.5369050588870263,0.5369050588870263
1,0,False,0.5606690158284562,0.5606690158284562
1,0,False,0.6267793145602971,0.6267793145602971
1,1,True,0.6257652894711845,0.6257652894711845
1,1,True,0.6481927961973586,0.6481927961973586
0,1,False,0.521072443906609,0.4789275560933909
1,0,False,0.5373583962445834,0.5373583962445834
0,1,False,0.5882681867781661,0.4117318132218338
1,0,False,0.6172760296875985,0.6172760296875985
1,0,False,0.5076655493222508,0.5076655493222508
0,0,True,0.6709684939332714,0.3290315060667285
1,0,False,0.5454531330473094,0.5454531330473094
0,0,True,0.5905134707880129,0.40948652921198725
1,0,False,0.6092399253749612,0.6092399253749612
1,0,False,0.6641515190603494,0.6641515190603494
1,0,False,0.6540198272605475,0.6540198272605475
0,1,False,0.5066329724543436,0.4933670275456563
0,1,False,0.524412758614553,0.475587241385447
0,0,True,0.5016769020273388,0.49832309797266117
0,0,True,0.5844970152754138,0.41550298472458624
1,0,False,0.5147992978114497,0.5147992978114497
0,0,True,0.575941446349693,0.42405855365030704
0,0,True,0.5990036479022447,0.4009963520977554
0,0,True,0.5475068153711333,0.4524931846288666
1,0,False,0.5904750548607234,0.5904750548607234
0,0,True,0.5774025584360308,0.42259744156396906
1,1,True,0.5857674024413074,0.5857674024413074
1,1,True,0.5879309763333307,0.5879309763333307
0,1,False,0.5666836502362417,0.43331634976375827
1,0,False,0.5664056243491976,0.5664056243491976
0,1,False,0.5747371795704885,0.42526282042951136
0,0,True,0.5320659314760956,0.4679340685239044
1,0,False,0.5454985990231619,0.5454985990231619
0,0,True,0.5229939725135696,0.4770060274864305
1,1,True,0.5410800799625082,0.5410800799625082
0,1,False,0.5154234824113019,0.484576517588698
1,1,True,0.5550999796830983,0.5550999796830983
1,1,True,0.5389048465280926,0.5389048465280926
1,1,True,0.5626584691329002,0.5626584691329002
1,1,True,0.6100607086744311,0.6100607086744311
0,1,False,0.5930109861646291,0.4069890138353709
1,1,True,0.5047352094788199,0.5047352094788199
1,0,False,0.5639071345094022,0.5639071345094022
1,1,True,0.5083167978319391,0.5083167978319391
1,0,False,0.5842819752100212,0.5842819752100212
0,0,True,0.5300192133860239,0.4699807866139761
1,0,False,0.5668003212289386,0.5668003212289386
1,0,False,0.5869010191516233,0.5869010191516233
1,1,True,0.6099144544782358,0.6099144544782358
1,0,False,0.6445526040057792,0.6445526040057792
1,0,False,0.6185000872538242,0.6185000872538242
1,1,True,0.5065903728239448,0.5065903728239448
0,0,True,0.6665826004485707,0.3334173995514295
1,0,False,0.5311383121834108,0.5311383121834108
0,0,True,0.5681807215317722,0.4318192784682277
0,0,True,0.5818959275757523,0.4181040724242476
0,0,True,0.5432941539323075,0.4567058460676925
0,1,False,0.63970513216265,0.36029486783735
1,1,True,0.5059254769958562,0.5059254769958562
0,1,False,0.5696920758774372,0.4303079241225629
0,1,False,0.5204300953397175,0.4795699046602824
1,1,True,0.5681171384215857,0.5681171384215857
0,1,False,0.5325075873676669,0.467492412632333
0,0,True,0.5649393223254279,0.4350606776745721
0,0,True,0.5858442044496406,0.4141557955503594
0,0,True,0.5011268123879042,0.49887318761209576
0,0,True,0.5107013934963696,0.48929860650363044
1,0,False,0.5175078933361612,0.5175078933361612
1,0,False,0.6678337666719053,0.6678337666719053
1,1,True,0.5629741467447698,0.5629741467447698
1,1,True,0.5631366296454765,0.5631366296454765
1,0,False,0.5484191752030689,0.5484191752030689
0,0,True,0.5381784745668605,0.46182152543313953
1,0,False,0.5245142208221512,0.5245142208221512
0,0,True,0.5298105702027869,0.4701894297972131
0,0,True,0.6293983453103821,0.37060165468961775
0,1,False,0.5485435014057688,0.4514564985942312
0,1,False,0.6154917916280739,0.38450820837192623
1,1,True,0.5085405497628018,0.5085405497628018
1,0,False,0.5360809319919784,0.5360809319919784
1,1,True,0.5298450932701899,0.5298450932701899
1,1,True,0.5010665572490349,0.5010665572490349
1,1,True,0.5105572005028524,0.5105572005028524
1,1,True,0.547971426606907,0.547971426606907
0,1,False,0.5556394621858449,0.44436053781415497
1,1,True,0.6061184683333951,0.6061184683333951
1,1,True,0.5467423925472156,0.5467423925472156
1,0,False,0.6478645602721589,0.6478645602721589
1,0,False,0.5742799076573488,0.5742799076573488
1,0,False,0.5457410098581809,0.5457410098581809
1,0,False,0.51282223174827,0.51282223174827
1,0,False,0.5276235590939604,0.5276235590939604
1,0,False,0.5220551794316931,0.5220551794316931
1,1,True,0.5587296053743556,0.5587296053743556
1,1,True,0.6542617220438322,0.6542617220438322
0,1,False,0.5205535360019165,0.4794464639980835
0,1,False,0.5862868037166196,0.41371319628338044
0,1,False,0.5610226069979172,0.43897739300208294
0,1,False,0.6579221238612223,0.34207787613877777
0,1,False,0.6725724735541408,0.3274275264458594
0,1,False,0.7020396638202739,0.29796033617972606
0,0,True,0.7004318285990678,0.29956817140093217
0,0,True,0.6678170104429189,0.33218298955708114
1,0,False,0.5354703119121177,0.5354703119121177
1,0,False,0.5381807413888413,0.5381807413888413
1,0,False,0.5728277180928928,0.5728277180928928
1,1,True,0.509459332957296,0.509459332957296
1,1,True,0.5333637564511102,0.5333637564511102
0,1,False,0.5044843532519345,0.4955156467480655
0,1,False,0.5130901945350996,0.4869098054649005
0,1,False,0.5859548822828875,0.4140451177171124
0,1,False,0.6439483605615638,0.3560516394384363
0,1,False,0.6643594016082016,0.3356405983917984
0,1,False,0.5922117793351328,0.4077882206648671
0,1,False,0.6457546846001619,0.35424531539983795
0,1,False,0.5816386212141265,0.4183613787858735
1,1,True,0.545034790685126,0.545034790685126
0,1,False,0.5297448970848692,0.47025510291513084
0,1,False,0.5395314868617831,0.4604685131382169
1,1,True,0.514442502412641,0.514442502412641
0,1,False,0.5013558087728763,0.4986441912271237
1,1,True,0.6028312281802608,0.6028312281802608
1,1,True,0.6072199079312812,0.6072199079312812
0,0,True,0.5280951910512125,0.4719048089487876
0,0,True,0.5478613763136179,0.45213862368638225
0,0,True,0.5609329037685932,0.4390670962314067
0,0,True,0.5006122714939081,0.4993877285060921
0,0,True,0.5392588273691737,0.46074117263082637
1,0,False,0.5826071695589377,0.5826071695589377
1,0,False,0.573916985804669,0.573916985804669
0,0,True,0.6222412210285647,0.37775877897143517
1,0,False,0.5813787476348172,0.5813787476348172
0,0,True,0.5022653369545709,0.4977346630454291
1,0,False,0.5885343913932597,0.5885343913932597
0,1,False,0.544816957311977,0.4551830426880231
1,0,False,0.5024473019464601,0.5024473019464601
0,1,False,0.6185810503912941,0.3814189496087058
0,0,True,0.5077586285122304,0.4922413714877695
1,0,False,0.5245698493541721,0.5245698493541721
0,0,True,0.6052824280541451,0.3947175719458548
1,0,False,0.511163287153606,0.511163287153606
0,0,True,0.5089550996554343,0.4910449003445657
0,1,False,0.5043239956822074,0.4956760043177924
1,1,True,0.5896685016075183,0.5896685016075183
1,1,True,0.5485845672295973,0.5485845672295973
1,0,False,0.5360768710352395,0.5360768710352395
0,1,False,0.517743933512647,0.48225606648735286
1,0,False,0.5117368520446226,0.5117368520446226
0,1,False,0.5256852133475629,0.47431478665243704
0,0,True,0.5205036258802385,0.4794963741197616
0,0,True,0.5338887241860704,0.4661112758139297
0,0,True,0.5840851850170501,0.41591481498294985
0,0,True,0.5633842460146399,0.43661575398536007
0,0,True,0.503514173829603,0.496485826170397
0,0,True,0.5391499705280283,0.46085002947197173
0,0,True,0.5625466157358998,0.4374533842641002
0,0,True,0.5450024691073245,0.4549975308926755
0,0,True,0.612047169067304,0.387952830932696
0,0,True,0.5233159340112454,0.4766840659887548
0,1,False,0.5942718175520756,0.4057281824479246
0,1,False,0.5386158041697763,0.4613841958302236
0,1,False,0.602250264475614,0.39774973552438586
0,1,False,0.6465769236215897,0.35342307637841036
1,1,True,0.5181617942193328,0.5181617942193328
0,1,False,0.5824066957173559,0.4175933042826442
1,0,False,0.538887352684493,0.538887352684493
1,0,False,0.5273462931242421,0.5273462931242421
1,0,False,0.5290223819747246,0.5290223819747246
0,1,False,0.5096078435169739,0.49039215648302625
1,1,True,0.5265095890194741,0.5265095890194741
1,1,True,0.5876335042655769,0.5876335042655769
1,1,True,0.570366932124367,0.570366932124367
1,1,True,0.6094685088806067,0.6094685088806067
0,1,False,0.54951701945977,0.45048298054023006
0,0,True,0.5132737130322987,0.48672628696770115
0,1,False,0.5323127357677255,0.4676872642322746
0,1,False,0.537474315974552,0.462525684025448
0,1,False,0.5193719925669089,0.4806280074330911
1,1,True,0.521599860861808,0.521599860861808
1,1,True,0.5622374202563645,0.5622374202563645
1,0,False,0.6803642840842212,0.6803642840842212
1,0,False,0.6367250652309738,0.6367250652309738
1,0,False,0.5986798637338117,0.5986798637338117
1,0,False,0.6523989390857968,0.6523989390857968
0,0,True,0.5089017002011661,0.4910982997988339
1,0,False,0.549733282495137,0.549733282495137
1,0,False,0.5528421061692458,0.5528421061692458
1,0,False,0.5401032622100308,0.5401032622100308
1,0,False,0.6103492404027487,0.6103492404027487
1,0,False,0.5674324716554658,0.5674324716554658
1,0,False,0.5113466127299777,0.5113466127299777
0,0,True,0.5050935499545787,0.4949064500454212
0,0,True,0.5849747890143122,0.4150252109856878
0,0,True,0.6559771149578062,0.344022885042194
0,1,False,0.5679677267829648,0.4320322732170351
0,1,False,0.6524245347814452,0.34757546521855487
0,1,False,0.6087821330487021,0.3912178669512979
0,1,False,0.6075036745386027,0.3924963254613975
0,1,False,0.5107832558809624,0.4892167441190376
0,1,False,0.5173846437720091,0.482615356227991
0,1,False,0.5253220053755228,0.4746779946244771
1,0,False,0.5253919840283066,0.5253919840283066
0,0,True,0.5730112662095779,0.426988733790422
0,0,True,0.5591876629262076,0.4408123370737925
1,0,False,0.5986153312490476,0.5986153312490476
1,0,False,0.5898404236839244,0.5898404236839244
1,0,False,0.6219419389832969,0.6219419389832969
1,0,False,0.6816719908666431,0.6816719908666431
1,1,True,0.6378434681112112,0.6378434681112112
0,1,False,0.5019389073116838,0.4980610926883162
1,1,True,0.5432063740171433,0.5432063740171433
0,1,False,0.5576785102382981,0.4423214897617018
0,0,True,0.663915137381168,0.3360848626188322
1,0,False,0.511462809317913,0.511462809317913
0,0,True,0.5398609871898169,0.460139012810183
0,0,True,0.5625258175264142,0.43747418247358577
0,0,True,0.6143156513001389,0.385684348699861
1,0,False,0.5016977253015525,0.5016977253015525
1,1,True,0.572111639014235,0.572111639014235
1,1,True,0.5543188663622095,0.5543188663622095
1,0,False,0.6263210672759372,0.6263210672759372
1,0,False,0.6318182667344967,0.6318182667344967
1,0,False,0.6080283811898329,0.6080283811898329
0,0,True,0.6445696259191166,0.3554303740808835
0,0,True,0.5507766167781927,0.4492233832218072
0,1,False,0.526100410387577,0.47389958961242296
1,0,False,0.5660469256268014,0.5660469256268014
1,0,False,0.5564704150152855,0.5564704150152855
1,0,False,0.593156566393513,0.593156566393513
1,0,False,0.6338502273877294,0.6338502273877294
1,0,False,0.6196426281999505,0.6196426281999505
1,0,False,0.5946898148820708,0.5946898148820708
1,1,True,0.5899465918718219,0.5899465918718219
0,1,False,0.518178438781051,0.4818215612189489
0,1,False,0.5449029228210069,0.4550970771789931
1,1,True,0.5937971834884894,0.5937971834884894
0,1,False,0.5362837057785321,0.4637162942214677
0,1,False,0.5805613730591084,0.4194386269408916
0,1,False,0.5002155730903566,0.4997844269096434
1,1,True,0.5192969628880033,0.5192969628880033
0,1,False,0.539368083916252,0.46063191608374787
1,1,True,0.503069880307347,0.503069880307347
1,1,True,0.5766291061079161,0.5766291061079161
1,1,True,0.5359010983711125,0.5359010983711125
1,0,False,0.5513174511349214,0.5513174511349214
1,0,False,0.619859575479281,0.619859575479281
0,1,False,0.5300112233272116,0.4699887766727885
1,0,False,0.560344524125336,0.560344524125336
1,1,True,0.624196378188999,0.624196378188999
1,1,True,0.5303227743070079,0.5303227743070079
1,1,True,0.5125436178478434,0.5125436178478434
0,0,True,0.5168671644630168,0.4831328355369832
1,1,True,0.5383353219148328,0.5383353219148328
0,0,True,0.6257394968261516,0.3742605031738483
0,0,True,0.5636617399685483,0.4363382600314516
0,0,True,0.6194896955281065,0.3805103044718935
0,0,True,0.6519651990408772,0.3480348009591229
0,0,True,0.5814771052422751,0.41852289475772503
0,0,True,0.5679439397795699,0.43205606022042997
1,0,False,0.5478730373182168,0.5478730373182168
1,1,True,0.5306310593607595,0.5306310593607595
1,1,True,0.5660663654143027,0.5660663654143027
0,0,True,0.576767577821102,0.423232422178898
0,0,True,0.5227915850627063,0.47720841493729366
0,0,True,0.5306957573520567,0.46930424264794324
0,0,True,0.5586950220080382,0.4413049779919618
0,0,True,0.5074110366545634,0.4925889633454367
0,1,False,0.5411535290092162,0.458846470990784
0,1,False,0.5137085130773157,0.48629148692268415
1,0,False,0.5552364224326471,0.5552364224326471
1,0,False,0.519168130439212,0.519168130439212
1,0,False,0.619092152091369,0.619092152091369
1,0,False,0.5746693252996986,0.5746693252996986
1,1,True,0.563239042625987,0.563239042625987
0,1,False,0.5182882763489247,0.4817117236510753
0,0,True,0.5253508467754877,0.4746491532245122
1,0,False,0.5600601870446891,0.5600601870446891
1,0,False,0.593594645438518,0.593594645438518
1,0,False,0.5424302951889362,0.5424302951889362
1,0,False,0.5059155610689443,0.5059155610689443
1,0,False,0.512275399150981,0.512275399150981
1,0,False,0.5081512439456173,0.5081512439456173
0,0,True,0.5201387278676322,0.4798612721323676
1,0,False,0.5039485818211303,0.5039485818211303
1,1,True,0.5559626235120096,0.5559626235120096
1,0,False,0.6100991235811001,0.6100991235811001
1,1,True,0.5120083161901942,0.5120083161901942
0,1,False,0.5877338761586359,0.4122661238413641
0,0,True,0.54141541526598,0.45858458473401986
0,0,True,0.58312249097574,0.41687750902425974
0,0,True,0.5747627544935252,0.42523724550647485
1,0,False,0.5027800223999546,0.5027800223999546
0,0,True,0.5442023987090157,0.45579760129098434
1,0,False,0.6557334038623877,0.6557334038623877
1,0,False,0.6629364480640412,0.6629364480640412
1,1,True,0.6698591034131938,0.6698591034131938
1,0,False,0.6334081925725148,0.6334081925725148
1,0,False,0.5948575341239069,0.5948575341239069
1,0,False,0.5982451030586194,0.5982451030586194
0,1,False,0.5075223221646673,0.4924776778353326
1,1,True,0.6176247285069889,0.6176247285069889
1,1,True,0.5549597448187069,0.5549597448187069
1,1,True,0.5062840511639113,0.5062840511639113
1,1,True,0.5410909348990056,0.5410909348990056
1,1,True,0.5548554558827802,0.5548554558827802
1,1,True,0.5503071162915831,0.5503071162915831
0,1,False,0.5301055012915172,0.46989449870848293
1,1,True,0.5593513001243673,0.5593513001243673
0,1,False,0.5150374661522626,0.48496253384773735
0,1,False,0.5073015244943293,0.49269847550567075
1,1,True,0.5794706106304666,0.5794706106304666
0,1,False,0.5316663457375341,0.46833365426246587
1,1,True,0.5667255049455397,0.5667255049455397
1,0,False,0.5743678814938067,0.5743678814938067
0,1,False,0.5235545034189009,0.47644549658109914
0,1,False,0.5239515735649356,0.4760484264350645
1,1,True,0.5090707393799755,0.5090707393799755
0,1,False,0.5716783425193599,0.42832165748063994
0,1,False,0.5459593923607357,0.45404060763926435
1,1,True,0.529648737984793,0.529648737984793
0,1,False,0.5290681208663486,0.47093187913365153
0,1,False,0.5248190428331727,0.47518095716682734
0,1,False,0.5286708713912256,0.47132912860877424
0,1,False,0.6701358040311515,0.32986419596884853
0,0,True,0.525382028691475,0.4746179713085249
0,0,True,0.5782126223057604,0.42178737769423963
0,0,True,0.5462875328653811,0.4537124671346188
0,0,True,0.5606021113448724,0.43939788865512774
1,0,False,0.5076873236536812,0.5076873236536812
0,0,True,0.608182740494596,0.391817259505404
0,0,True,0.6342411131813065,0.3657588868186935
0,1,False,0.6551469061633893,0.34485309383661067
0,1,False,0.5135261556679018,0.48647384433209834
0,1,False,0.5455685754407331,0.4544314245592668
0,1,False,0.5765861478980676,0.4234138521019323
0,1,False,0.6252793010249089,0.3747206989750911
0,0,True,0.6431836617315907,0.3568163382684092
0,0,True,0.6179514169754247,0.38204858302457534
1,0,False,0.6641387066735811,0.6641387066735811
1,0,False,0.518859412371718,0.518859412371718
1,0,False,0.6980295660295218,0.6980295660295218
1,0,False,0.5320582484058176,0.5320582484058176
1,0,False,0.5693829240092845,0.5693829240092845
1,0,False,0.5832224628070393,0.5832224628070393
1,0,False,0.567924097107331,0.567924097107331
0,0,True,0.5299452790399246,0.47005472096007545
1,0,False,0.5100678627143633,0.5100678627143633
1,1,True,0.584281470554803,0.584281470554803
0,1,False,0.537526257364957,0.46247374263504326
0,1,False,0.6758648585604425,0.3241351414395577
0,1,False,0.6608281463055068,0.3391718536944931
0,0,True,0.6890284995972283,0.3109715004027715
0,1,False,0.7215639234735806,0.27843607652641933
0,1,False,0.5928444584314049,0.4071555415685951
0,1,False,0.6101037075407624,0.3898962924592375
0,0,True,0.5487834727153056,0.4512165272846943
0,1,False,0.5323692193020995,0.46763078069790065
1,0,False,0.6275253891872408,0.6275253891872408
1,0,False,0.5701130491441128,0.5701130491441128
1,0,False,0.5819038456245684,0.5819038456245684
1,1,True,0.5657662922236945,0.5657662922236945
1,1,True,0.5399154028705764,0.5399154028705764
1,1,True,0.553332307129029,0.553332307129029
1,1,True,0.583160445059307,0.583160445059307
1,1,True,0.5843303822895621,0.5843303822895621
1,1,True,0.5808017760047951,0.5808017760047951
1,1,True,0.5911578319185226,0.5911578319185226
1,1,True,0.5200507509603274,0.5200507509603274
1,1,True,0.5667254224038493,0.5667254224038493
1,1,True,0.5108738131523886,0.5108738131523886
0,1,False,0.6686967540532374,0.33130324594676286
0,1,False,0.5929917725634981,0.40700822743650217
0,1,False,0.5268130489771852,0.47318695102281494
0,1,False,0.6122457370150518,0.3877542629849482
0,1,False,0.544046144147803,0.45595385585219694
0,1,False,0.5632303126887155,0.43676968731128446
0,1,False,0.6629836401654974,0.33701635983450245
0,0,True,0.560996380982749,0.4390036190172509
0,0,True,0.6895092315696882,0.3104907684303116
0,0,True,0.7325012036200633,0.2674987963799367
0,0,True,0.6967970391045537,0.30320296089544635
0,0,True,0.6612730312182775,0.3387269687817225
0,0,True,0.7444703518497764,0.2555296481502235
0,0,True,0.6090045549415128,0.3909954450584871
0,0,True,0.5416682620310933,0.45833173796890675
0,0,True,0.6321614798007866,0.36783852019921326
0,1,False,0.576748846815117,0.4232511531848831
0,1,False,0.6438223677861659,0.35617763221383425
0,1,False,0.6403285867723194,0.3596714132276808
0,1,False,0.5987821213392446,0.40121787866075537
0,1,False,0.6907394834465878,0.3092605165534122
0,1,False,0.637499675198515,0.36250032480148486
0,1,False,0.6753705460963526,0.3246294539036473
0,1,False,0.5023573855500132,0.4976426144499869
0,0,True,0.5894907835361838,0.4105092164638163
1,0,False,0.534302498173351,0.534302498173351
0,0,True,0.512270532221712,0.48772946777828796
0,0,True,0.5739158481406674,0.4260841518593327
1,0,False,0.502890470299477,0.502890470299477
0,1,False,0.5222856642435943,0.47771433575640576
1,0,False,0.6408314969547751,0.6408314969547751
1,1,True,0.6759874350603622,0.6759874350603622
1,0,False,0.5900886534558292,0.5900886534558292
1,0,False,0.6190054987878354,0.6190054987878354
0,0,True,0.6274610774461309,0.3725389225538691
0,1,False,0.5314350581352846,0.46856494186471553
0,1,False,0.6009325759339896,0.3990674240660105
0,1,False,0.5961891291576249,0.4038108708423752
1,0,False,0.5428299441430438,0.5428299441430438
1,0,False,0.5148282867532972,0.5148282867532972
1,0,False,0.5316412646540948,0.5316412646540948
1,1,True,0.5819809531400901,0.5819809531400901
0,1,False,0.5108583174594558,0.48914168254054413
1,1,True,0.5113590590378173,0.5113590590378173
0,1,False,0.564324290097103,0.43567570990289695
1,1,True,0.5391365270129419,0.5391365270129419
1,0,False,0.5490685866686604,0.5490685866686604
1,0,False,0.7234229382569123,0.7234229382569123
1,0,False,0.640265754631352,0.640265754631352
1,0,False,0.6707445780566156,0.6707445780566156
1,0,False,0.5118123484827237,0.5118123484827237
1,0,False,0.6025050448326905,0.6025050448326905
1,0,False,0.599763536939439,0.599763536939439
1,0,False,0.6028763812381956,0.6028763812381956
1,0,False,0.6506715433146624,0.6506715433146624
1,0,False,0.525949302173766,0.525949302173766
0,0,True,0.5857788318779145,0.41422116812208554
0,0,True,0.6396636152569757,0.3603363847430242
1,0,False,0.5251359877894961,0.5251359877894961
0,1,False,0.6332318090441799,0.3667681909558201
0,1,False,0.5315883856357293,0.4684116143642706
0,1,False,0.6405189457343432,0.3594810542656567
0,1,False,0.582911961134209,0.41708803886579104
0,1,False,0.6009080111083585,0.3990919888916415
0,1,False,0.5399191066117707,0.4600808933882294
0,1,False,0.5000234543683023,0.4999765456316978
1,0,False,0.5244823825514386,0.5244823825514386
1,0,False,0.5729753703159055,0.5729753703159055
1,1,True,0.5355528960026503,0.5355528960026503
1,1,True,0.5093941787256546,0.5093941787256546
1,0,False,0.5498710998167778,0.5498710998167778
1,0,False,0.6061271572646083,0.6061271572646083
1,0,False,0.6011649091757594,0.6011649091757594
1,0,False,0.6522726502380697,0.6522726502380697
1,0,False,0.5555514698225763,0.5555514698225763
1,0,False,0.5475344100304428,0.5475344100304428
1,1,True,0.5046501744995235,0.5046501744995235
0,1,False,0.5328815039012154,0.46711849609878453
0,1,False,0.5235378583942463,0.4764621416057537
0,1,False,0.5195669198955776,0.48043308010442226
0,1,False,0.5455150008522388,0.4544849991477611
1,1,True,0.5106828259388341,0.5106828259388341
1,1,True,0.5181310529897589,0.5181310529897589
0,1,False,0.5006172475959678,0.4993827524040323
0,1,False,0.537237312717241,0.46276268728275904
1,1,True,0.5656866905617025,0.5656866905617025
1,1,True,0.5247815229155903,0.5247815229155903
1,1,True,0.6128586562591731,0.6128586562591731
1,0,False,0.5037290843911743,0.5037290843911743
0,0,True,0.5303370899748452,0.4696629100251547
1,0,False,0.5264313305691326,0.5264313305691326
0,0,True,0.5396708779047258,0.4603291220952743
1,0,False,0.5883953372029568,0.5883953372029568
1,0,False,0.6299425835217498,0.6299425835217498
1,0,False,0.5989228664259871,0.5989228664259871
1,0,False,0.580946836247353,0.580946836247353
1,0,False,0.5332520402433805,0.5332520402433805
0,0,True,0.5493306937763782,0.45066930622362167
0,0,True,0.6005299959046676,0.39947000409533245
0,0,True,0.5006775512308714,0.49932244876912857
0,0,True,0.5699995547158387,0.4300004452841612
0,0,True,0.5155917972724644,0.4844082027275355
0,0,True,0.5953678142040407,0.40463218579595917
0,0,True,0.5758990028721545,0.42410099712784544
1,0,False,0.5743788580058928,0.5743788580058928
1,0,False,0.6510804921107415,0.6510804921107415
1,0,False,0.6221042872732173,0.6221042872732173
1,0,False,0.5866686036393042,0.5866686036393042
1,0,False,0.5832535954551958,0.5832535954551958
1,0,False,0.6102760300961432,0.6102760300961432
1,0,False,0.5955269186736054,0.5955269186736054
0,1,False,0.6791628925987621,0.3208371074012378
1,1,True,0.6115036376548724,0.6115036376548724
0,1,False,0.5448984546770045,0.4551015453229957
1,1,True,0.5929360332252249,0.5929360332252249
1,1,True,0.5789916399957089,0.5789916399957089
1,1,True,0.58595900643062,0.58595900643062
0,1,False,0.5773254875392583,0.4226745124607417
0,1,False,0.6511151660384027,0.3488848339615973
0,1,False,0.6145392175479675,0.38546078245203247
0,1,False,0.7370393396656261,0.26296066033437404
0,1,False,0.5732983634705942,0.4267016365294057
1,1,True,0.5188154330759219,0.5188154330759219
1,1,True,0.5188778033290938,0.5188778033290938
1,1,True,0.5883676129766597,0.5883676129766597
0,1,False,0.5463443892544821,0.4536556107455178
1,1,True,0.5313641529943054,0.5313641529943054
0,1,False,0.5007330138165682,0.49926698618343185
1,0,False,0.5249930860419089,0.5249930860419089
0,1,False,0.5627140106066406,0.4372859893933594
0,1,False,0.5920489506310587,0.40795104936894133
1,1,True,0.5938845401222745,0.5938845401222745
1,1,True,0.5376907039568777,0.5376907039568777
1,1,True,0.6207712313253475,0.6207712313253475
1,1,True,0.5907686629015825,0.5907686629015825
1,1,True,0.5414810829972756,0.5414810829972756
1,1,True,0.5833749437508723,0.5833749437508723
1,0,False,0.5042472158280058,0.5042472158280058
0,1,False,0.5527989751306872,0.4472010248693128
0,0,True,0.5402459090970562,0.45975409090294383
0,0,True,0.590749483430037,0.40925051656996325
0,0,True,0.5695156529275744,0.43048434707242555
0,1,False,0.5958647004932484,0.40413529950675164
1,0,False,0.6803437635959748,0.6803437635959748
1,0,False,0.5759743635806528,0.5759743635806528
1,0,False,0.6193064080060987,0.6193064080060987
1,1,True,0.6628971036265452,0.6628971036265452
1,0,False,0.5162541882497621,0.5162541882497621
1,1,True,0.5406513016454685,0.5406513016454685
1,1,True,0.6209320858580988,0.6209320858580988
1,1,True,0.5358780983893104,0.5358780983893104
1,1,True,0.6093221327087712,0.6093221327087712
0,1,False,0.5270801909980006,0.47291980900199937
1,1,True,0.5194341444008134,0.5194341444008134
0,1,False,0.5419810398798433,0.4580189601201565
1,1,True,0.6226719530855285,0.6226719530855285
1,1,True,0.5598253029524666,0.5598253029524666
1,1,True,0.6543408761684185,0.6543408761684185
1,1,True,0.6183493545427245,0.6183493545427245
1,0,False,0.6087144931644007,0.6087144931644007
1,0,False,0.5709332771190176,0.5709332771190176
0,0,True,0.5106046995111905,0.48939530048880947
0,0,True,0.5013113698395002,0.49868863016049975
0,1,False,0.5855904800253968,0.41440951997460324
0,1,False,0.5050327873891272,0.4949672126108727
1,1,True,0.6718381815308323,0.6718381815308323
1,1,True,0.5719343695807839,0.5719343695807839
0,1,False,0.5256462225972184,0.4743537774027815
0,1,False,0.6385760991723457,0.3614239008276543
0,1,False,0.6296321435463059,0.3703678564536941
0,1,False,0.5954559278520668,0.4045440721479333
0,1,False,0.5700190368853894,0.42998096311461065
0,1,False,0.6153799535466757,0.38462004645332426
0,0,True,0.5103082732994022,0.48969172670059785
0,0,True,0.5617047836240657,0.43829521637593427
0,1,False,0.6195394561228744,0.3804605438771256
0,1,False,0.5933610910173579,0.406638908982642
0,1,False,0.5868063520624404,0.4131936479375598
1,0,False,0.5407018680885105,0.5407018680885105
0,0,True,0.5258069976319174,0.4741930023680826
0,0,True,0.5550596142454701,0.44494038575452977
0,0,True,0.5300768156497073,0.46992318435029273
1,0,False,0.5572349344570902,0.5572349344570902
0,0,True,0.5212539239889726,0.4787460760110275
0,0,True,0.500156325498817,0.49984367450118306
1,0,False,0.5944934125860949,0.5944934125860949
1,0,False,0.5002812082032176,0.5002812082032176
1,0,False,0.515162367807002,0.515162367807002
0,0,True,0.5196305480314496,0.4803694519685504
0,1,False,0.6252337872427893,0.3747662127572108
1,1,True,0.5194365981969289,0.5194365981969289
0,0,True,0.5119882059683966,0.4880117940316035
0,0,True,0.5685650047475748,0.43143499525242507
0,0,True,0.5970018163788842,0.4029981836211158
1,0,False,0.5328913743797895,0.5328913743797895
0,0,True,0.7145798828808851,0.28542011711911464
1,1,True,0.6282082618429122,0.6282082618429122
1,0,False,0.5994880306523044,0.5994880306523044
1,0,False,0.5374069332711519,0.5374069332711519
1,0,False,0.5446072419335457,0.5446072419335457
0,0,True,0.5279749868916228,0.4720250131083771
1,0,False,0.5018851084714092,0.5018851084714092
0,0,True,0.5119114853897869,0.4880885146102131
1,0,False,0.5530543504834652,0.5530543504834652
0,0,True,0.5677052832386422,0.43229471676135767
0,0,True,0.5321363585347431,0.4678636414652569
0,1,False,0.553346311508655,0.4466536884913448
0,1,False,0.6045975491308905,0.39540245086910963
0,1,False,0.5300358829147793,0.4699641170852206
0,1,False,0.7249914083354216,0.2750085916645783
0,1,False,0.5415186809442701,0.45848131905572975
0,1,False,0.6025750608088463,0.39742493919115357
0,1,False,0.580825708005424,0.41917429199457595
0,1,False,0.6290267557626074,0.3709732442373924
0,1,False,0.5488935017516207,0.4511064982483793
0,1,False,0.5387461604720772,0.4612538395279227
0,1,False,0.562105692581403,0.4378943074185969
0,1,False,0.5418143736304074,0.45818562636959226
0,0,True,0.5946641848536927,0.40533581514630723
0,1,False,0.6623784074305925,0.3376215925694075
0,1,False,0.6287626259394496,0.3712373740605503
0,1,False,0.6013929145966632,0.3986070854033367
0,1,False,0.5517565037292401,0.44824349627075977
0,1,False,0.5107458422825455,0.48925415771745456
1,1,True,0.5082817436958453,0.5082817436958453
0,0,True,0.6354386739456126,0.3645613260543872
0,0,True,0.6229482388468941,0.3770517611531059
0,0,True,0.5133447712181166,0.4866552287818834
0,0,True,0.5959296313391547,0.4040703686608452
0,1,False,0.6193652932527696,0.3806347067472303
0,0,True,0.6456981970970124,0.3543018029029875
1,1,True,0.5500290041107414,0.5500290041107414
1,1,True,0.6663088126896255,0.6663088126896255
1,1,True,0.5531896541762678,0.5531896541762678
1,0,False,0.5155673077916533,0.5155673077916533
0,0,True,0.5684327122928694,0.4315672877071306
0,0,True,0.5785601301653891,0.42143986983461057
0,0,True,0.704271581897056,0.29572841810294404
0,0,True,0.6372125198070799,0.36278748019292
0,0,True,0.5712666768532675,0.4287333231467325
0,1,False,0.6093600859261017,0.3906399140738982
1,0,False,0.5488765309758645,0.5488765309758645
1,1,True,0.5906971317592509,0.5906971317592509
0,0,True,0.5048385698375267,0.4951614301624734
1,0,False,0.5491179799415663,0.5491179799415663
0,0,True,0.5893718652782803,0.41062813472171955
1,0,False,0.5544899649833861,0.5544899649833861
0,0,True,0.5636015736576883,0.43639842634231174
1,1,True,0.5318980583017768,0.5318980583017768
1,0,False,0.5054688414446495,0.5054688414446495
0,1,False,0.5922723695045694,0.40772763049543054
0,1,False,0.5366792151833057,0.4633207848166943
0,1,False,0.6068134426664236,0.3931865573335764
0,1,False,0.6592082021049172,0.34079179789508285
0,1,False,0.5636383809045141,0.436361619095486
0,1,False,0.5824764786724015,0.4175235213275985
0,1,False,0.555372524335836,0.444627475664164
0,1,False,0.5681746401621378,0.4318253598378622
0,1,False,0.687229298299485,0.31277070170051496
0,1,False,0.5066385097011624,0.4933614902988376
0,1,False,0.5658920003133948,0.4341079996866053
0,1,False,0.5477689346453105,0.4522310653546894
0,1,False,0.6301470207239251,0.36985297927607474
0,1,False,0.6116892733947763,0.3883107266052236
1,1,True,0.5614703249916408,0.5614703249916408
0,0,True,0.6337418017918884,0.3662581982081115
0,1,False,0.6725827279918144,0.3274172720081856
0,0,True,0.6714280449725604,0.32857195502743947
1,0,False,0.5371567850146258,0.5371567850146258
0,0,True,0.5165637209878908,0.48343627901210906
0,1,False,0.5995305022071159,0.400469497792884
0,1,False,0.6772735509328001,0.3227264490671998
0,1,False,0.5467728400384547,0.4532271599615451
0,1,False,0.7041974153747173,0.29580258462528275
0,1,False,0.7231490538720278,0.2768509461279723
0,1,False,0.7512823317637783,0.24871766823622155
0,0,True,0.7955533978109781,0.20444660218902178
0,0,True,0.6961053323010349,0.3038946676989649
0,1,False,0.6606316663775438,0.3393683336224563
0,0,True,0.5253355427572084,0.4746644572427916
0,0,True,0.6652355751346661,0.33476442486533403
0,1,False,0.5296750803802018,0.47032491961979794
1,0,False,0.6075274835781598,0.6075274835781598
1,0,False,0.5361748320431527,0.5361748320431527
0,0,True,0.5208620125736385,0.4791379874263614
1,1,True,0.6047631055050056,0.6047631055050056
1,0,False,0.5793417503209785,0.5793417503209785
0,0,True,0.6176436309753749,0.3823563690246251
1,0,False,0.5808952822574664,0.5808952822574664
0,0,True,0.6176092506871776,0.3823907493128222
0,0,True,0.602382276536849,0.39761772346315105
1,0,False,0.5101108017598216,0.5101108017598216
1,0,False,0.5391363182209544,0.5391363182209544
1,1,True,0.5165317124772444,0.5165317124772444
1,1,True,0.6046326857621416,0.6046326857621416
0,0,True,0.5018255430505938,0.4981744569494062
0,1,False,0.5896112449254451,0.41038875507455497
1,1,True,0.5618576895528473,0.5618576895528473
0,1,False,0.5893172041233664,0.41068279587663364
0,1,False,0.5935789391696762,0.4064210608303238
1,1,True,0.6788506191006849,0.6788506191006849
1,1,True,0.5151822713900347,0.5151822713900347
1,1,True,0.5553360326688984,0.5553360326688984
1,1,True,0.5691490721214509,0.5691490721214509
1,0,False,0.5580066180310106,0.5580066180310106
0,0,True,0.5575920245497948,0.44240797545020516
1,0,False,0.5218999411650723,0.5218999411650723
0,1,False,0.5978423299052812,0.4021576700947187
1,0,False,0.5862992662800631,0.5862992662800631
1,0,False,0.5672498422213174,0.5672498422213174
1,0,False,0.6238627678415105,0.6238627678415105
0,0,True,0.5369259252336369,0.4630740747663631
0,0,True,0.5564224895334297,0.44357751046657035
0,1,False,0.5727641628634265,0.42723583713657365
0,1,False,0.573001397329611,0.4269986026703889
0,1,False,0.6109022721122761,0.38909772788772384
0,1,False,0.5162464825352973,0.4837535174647026
1,1,True,0.5760199697722599,0.5760199697722599
0,1,False,0.7437390981965387,0.25626090180346134
0,1,False,0.5342152639549345,0.46578473604506576
1,1,True,0.5053841666918487,0.5053841666918487
0,1,False,0.5741694741031929,0.42583052589680703
1,1,True,0.6008474491870421,0.6008474491870421
0,0,True,0.5356009351760258,0.4643990648239741
0,0,True,0.5850912981619636,0.4149087018380363
0,0,True,0.6297133016686611,0.37028669833133887
0,0,True,0.6769768594144382,0.32302314058556186
0,0,True,0.6376968189277656,0.36230318107223436
0,0,True,0.522572175038681,0.4774278249613191
1,0,False,0.700190264510701,0.700190264510701
1,0,False,0.65277680850013,0.65277680850013
0,0,True,0.500083355419123,0.4999166445808771
1,0,False,0.5817542114056322,0.5817542114056322
1,0,False,0.5526518279664354,0.5526518279664354
0,0,True,0.633805485669154,0.3661945143308459
0,0,True,0.6507571944537305,0.34924280554626935
0,1,False,0.7245188090359662,0.27548119096403373
0,1,False,0.6972067615502671,0.302793238449733
1,1,True,0.5633517498679546,0.5633517498679546
1,1,True,0.6682516061813292,0.6682516061813292
1,1,True,0.6355052461502049,0.6355052461502049
1,1,True,0.6375008439547767,0.6375008439547767
1,1,True,0.6488710571714913,0.6488710571714913
1,1,True,0.6705922674697773,0.6705922674697773
1,1,True,0.6809533185363192,0.6809533185363192
1,1,True,0.6810836623788101,0.6810836623788101
1,1,True,0.6566950398873189,0.6566950398873189
1,1,True,0.6671449229119195,0.6671449229119195
1,1,True,0.5453906188327253,0.5453906188327253
1,1,True,0.5473263931821654,0.5473263931821654
1,1,True,0.5060050891804737,0.5060050891804737
1,1,True,0.5268640135823399,0.5268640135823399
1,1,True,0.551838846839823,0.551838846839823
1,0,False,0.5718937719526385,0.5718937719526385
1,0,False,0.5510498816308779,0.5510498816308779
1,0,False,0.6108620962211776,0.6108620962211776
1,0,False,0.5874192085770802,0.5874192085770802
1,0,False,0.5426955538694866,0.5426955538694866
1,0,False,0.6579025465697994,0.6579025465697994
1,0,False,0.6047174616594779,0.6047174616594779
0,1,False,0.5500152687773745,0.4499847312226256
0,1,False,0.6109624941171549,0.38903750588284514
0,1,False,0.5199169788336923,0.48008302116630774
0,1,False,0.6101501216252071,0.38984987837479307
0,1,False,0.6203014609017602,0.3796985390982399
1,0,False,0.5197860026341825,0.5197860026341825
0,1,False,0.5202119956335765,0.47978800436642355
0,0,True,0.5920693046129376,0.4079306953870624
1,0,False,0.5310179415046418,0.5310179415046418
0,1,False,0.5819236036018822,0.4180763963981179
0,1,False,0.6012331673528031,0.39876683264719687
0,1,False,0.5561988493157155,0.4438011506842842
1,1,True,0.5508416959107484,0.5508416959107484
1,1,True,0.6049166101467611,0.6049166101467611
0,0,True,0.5338259530057188,0.46617404699428117
0,0,True,0.5591406967946323,0.4408593032053676
1,0,False,0.5499460402771688,0.5499460402771688
0,0,True,0.5016024060432902,0.49839759395670963
1,0,False,0.5954968774660102,0.5954968774660102
0,0,True,0.6117706677148461,0.38822933228515394
0,0,True,0.58346783876906,0.41653216123094006
1,0,False,0.5552737895459229,0.5552737895459229
1,0,False,0.5587912589356502,0.5587912589356502
1,0,False,0.5124321627365336,0.5124321627365336
1,0,False,0.5968860349588496,0.5968860349588496
1,1,True,0.6280835502154551,0.6280835502154551
1,0,False,0.5760210802250902,0.5760210802250902
1,0,False,0.532110871509176,0.532110871509176
1,0,False,0.5937684192967994,0.5937684192967994
1,0,False,0.5348764730513784,0.5348764730513784
0,0,True,0.5262538159535608,0.4737461840464392
0,0,True,0.5236187596046022,0.4763812403953977
1,0,False,0.5596233260512135,0.5596233260512135
0,0,True,0.5097270930128657,0.4902729069871343
0,0,True,0.566914470642846,0.43308552935715405
1,0,False,0.5391801683829796,0.5391801683829796
1,0,False,0.5680193273397298,0.5680193273397298
1,1,True,0.5179677088856758,0.5179677088856758
1,1,True,0.6587544029983309,0.6587544029983309
0,1,False,0.5569955066406418,0.44300449335935793
0,1,False,0.5094989849557435,0.4905010150442564
1,1,True,0.5206739752638003,0.5206739752638003
0,1,False,0.6214873838054262,0.37851261619457377
0,1,False,0.7012490086136529,0.29875099138634675
0,1,False,0.662916226452057,0.3370837735479429
0,1,False,0.7153465876309142,0.2846534123690858
0,1,False,0.7024160234626311,0.29758397653736895
0,0,True,0.5898192592679041,0.41018074073209576
0,1,False,0.694826570638815,0.3051734293611849
0,1,False,0.6429725666846242,0.3570274333153758
0,0,True,0.6038349040213775,0.39616509597862265
1,0,False,0.5328219791151855,0.5328219791151855
1,1,True,0.5066452817795722,0.5066452817795722
0,0,True,0.5866769767188325,0.41332302328116743
0,0,True,0.5110827624496884,0.4889172375503116
0,0,True,0.6768445531901004,0.32315544680989966
0,0,True,0.6089164176176927,0.39108358238230745
0,0,True,0.6815250452355597,0.3184749547644403
0,0,True,0.6374891869627511,0.36251081303724886
0,1,False,0.6708265173070209,0.329173482692979
0,0,True,0.6232061126658,0.37679388733419994
0,0,True,0.5572589442630245,0.44274105573697553
1,0,False,0.6047509348182153,0.6047509348182153
0,1,False,0.6291620126908399,0.37083798730916007
1,0,False,0.5503384523626514,0.5503384523626514
1,1,True,0.5158653713888729,0.5158653713888729
1,1,True,0.512047239420271,0.512047239420271
1,1,True,0.5751354960322383,0.5751354960322383
1,0,False,0.6773133504709449,0.6773133504709449
1,0,False,0.6013218654831833,0.6013218654831833
1,0,False,0.5560892768389054,0.5560892768389054
1,0,False,0.5405908817559215,0.5405908817559215
0,1,False,0.5214141746768276,0.47858582532317234
1,1,True,0.5992212333214878,0.5992212333214878
1,1,True,0.6601918366870412,0.6601918366870412
1,1,True,0.6488606672264021,0.6488606672264021
1,1,True,0.6339520202866962,0.6339520202866962
1,1,True,0.5976728100818018,0.5976728100818018
1,1,True,0.5539862884920179,0.5539862884920179
1,1,True,0.5509471467185086,0.5509471467185086
1,1,True,0.6340177832285039,0.6340177832285039
1,1,True,0.5844139236272294,0.5844139236272294
1,1,True,0.5522710885603448,0.5522710885603448
0,1,False,0.5807713752325211,0.41922862476747874
1,0,False,0.5021813477149,0.5021813477149
1,0,False,0.5849108145723408,0.5849108145723408
0,1,False,0.5609522538751839,0.43904774612481606
1,1,True,0.5678869199547465,0.5678869199547465
0,1,False,0.6656233989267455,0.3343766010732544
1,1,True,0.5942760909515182,0.5942760909515182
1,1,True,0.6001347121903797,0.6001347121903797
0,0,True,0.5790440179968054,0.4209559820031945
1,1,True,0.5430446267867076,0.5430446267867076
0,1,False,0.5744409300956632,0.4255590699043368
0,0,True,0.5103106602325542,0.489689339767446
0,0,True,0.579402327130573,0.420597672869427
1,1,True,0.594167702680729,0.594167702680729
1,0,False,0.5295550145443069,0.5295550145443069
1,0,False,0.5544269567185317,0.5544269567185317
1,0,False,0.5715730985117919,0.5715730985117919
1,0,False,0.6231554668720539,0.6231554668720539
0,0,True,0.5307752606768885,0.4692247393231114
1,0,False,0.5416501487552076,0.5416501487552076
0,0,True,0.5452746000165383,0.45472539998346173
0,0,True,0.643051188192197,0.35694881180780313
1,0,False,0.6181340375641973,0.6181340375641973
1,0,False,0.5611152072580288,0.5611152072580288
0,0,True,0.6054722098567399,0.3945277901432602
0,1,False,0.5661243573108827,0.4338756426891174
1,1,True,0.5470117676398705,0.5470117676398705
0,1,False,0.5228915068966768,0.47710849310332315
0,1,False,0.5539592806043007,0.44604071939569956
0,1,False,0.5114658071848879,0.48853419281511223
1,1,True,0.533798351415049,0.533798351415049
1,1,True,0.5404952894259396,0.5404952894259396
1,1,True,0.6370346804545683,0.6370346804545683
1,1,True,0.5200370524666501,0.5200370524666501
1,0,False,0.6061680595584953,0.6061680595584953
1,0,False,0.5309586964611844,0.5309586964611844
0,1,False,0.6240504684006591,0.3759495315993411
0,1,False,0.5456660283637099,0.45433397163629013
0,1,False,0.5204112039232797,0.47958879607672045
1,1,True,0.5071428984513431,0.5071428984513431
1,1,True,0.5677441730351981,0.5677441730351981
1,1,True,0.5461242114637657,0.5461242114637657
1,1,True,0.5804279606904209,0.5804279606904209
1,1,True,0.5118917951851147,0.5118917951851147
0,1,False,0.5310136643804855,0.4689863356195145
0,0,True,0.6069623862831401,0.39303761371685986
0,0,True,0.520856331463392,0.4791436685366079
0,0,True,0.5671415144505195,0.4328584855494806
0,0,True,0.5123055126851502,0.4876944873148497
1,1,True,0.5329337676730372,0.5329337676730372
0,1,False,0.6232226843842151,0.3767773156157846
0,1,False,0.7122545578080658,0.28774544219193415
0,1,False,0.5535720066420944,0.4464279933579056
0,1,False,0.6117335168036467,0.3882664831963532
0,1,False,0.6625157145287476,0.3374842854712525
0,1,False,0.6567599203997354,0.3432400796002649
0,1,False,0.7474850216846651,0.25251497831533504
0,1,False,0.6675847322591022,0.33241526774089797
0,1,False,0.6895260965513482,0.3104739034486518
0,1,False,0.761713633901844,0.23828636609815598
0,1,False,0.7752852100073208,0.22471478999267913
0,1,False,0.6084341227404879,0.3915658772595121
0,1,False,0.6092190229434165,0.39078097705658343
0,1,False,0.5837541491821004,0.4162458508178994
0,1,False,0.5054079455251437,0.4945920544748563
1,1,True,0.6121771485035177,0.6121771485035177
0,1,False,0.5800709536297698,0.4199290463702304
1,1,True,0.6150288369305151,0.6150288369305151
0,1,False,0.6338293621003547,0.3661706378996452
0,1,False,0.6162612120144066,0.38373878798559324
0,0,True,0.7232783863360626,0.27672161366393755
0,0,True,0.6772815288999997,0.3227184711000002
0,1,False,0.6453601476573415,0.35463985234265855
0,0,True,0.6639560520499528,0.33604394795004733
0,0,True,0.615609903332776,0.38439009666722385
0,1,False,0.5767619444459134,0.4232380555540865
0,1,False,0.7376445602887105,0.26235543971128955
0,1,False,0.755449915830715,0.24455008416928492
0,1,False,0.6845140330628419,0.3154859669371582
0,1,False,0.7330289936184182,0.2669710063815817
0,1,False,0.7365209830588504,0.26347901694114967
0,1,False,0.7299654985560853,0.2700345014439148
0,0,True,0.7931546831675858,0.2068453168324145
0,0,True,0.7982807861997064,0.20171921380029362
0,0,True,0.7500714375431501,0.24992856245685
0,0,True,0.7542933369389326,0.24570666306106745
0,1,False,0.7544404846951858,0.24555951530481426
0,1,False,0.7973454357637435,0.20265456423625655
0,1,False,0.5702823335221245,0.42971766647787557
0,0,True,0.612396944123719,0.38760305587628086
0,0,True,0.6706446472040917,0.32935535279590833
0,1,False,0.5335576106826982,0.46644238931730175
0,1,False,0.6299766530211537,0.3700233469788462
0,1,False,0.6424219578635143,0.3575780421364857
0,1,False,0.6319175260120173,0.3680824739879826
0,0,True,0.5084619855132346,0.4915380144867655
0,0,True,0.652244473500304,0.347755526499696
1,0,False,0.573666216734383,0.573666216734383
0,0,True,0.5481199653003629,0.4518800346996371
1,0,False,0.5820158296806415,0.5820158296806415
1,1,True,0.5708724971704254,0.5708724971704254
0,1,False,0.5680794225970415,0.4319205774029585
0,1,False,0.5468736156759376,0.4531263843240624
0,1,False,0.6002138688982286,0.3997861311017714
0,1,False,0.5398462873148855,0.46015371268511457
1,0,False,0.5107883405356032,0.5107883405356032
0,0,True,0.5329275545140213,0.46707244548597876
1,1,True,0.5065060757409519,0.5065060757409519
0,0,True,0.5735745687411802,0.4264254312588197
1,0,False,0.5530129142187019,0.5530129142187019
0,1,False,0.5292979821787497,0.4707020178212502
1,1,True,0.5656861032792367,0.5656861032792367
1,1,True,0.5792352844038767,0.5792352844038767
1,1,True,0.5792566080077729,0.5792566080077729
1,1,True,0.5594253168511677,0.5594253168511677
1,1,True,0.5046257391535052,0.5046257391535052
1,1,True,0.5025890473277821,0.5025890473277821
0,1,False,0.5668144227350418,0.4331855772649583
0,0,True,0.5625925564191567,0.43740744358084327
0,0,True,0.5083930277152181,0.4916069722847818
1,0,False,0.5744792764257615,0.5744792764257615
0,0,True,0.563425610945403,0.4365743890545969
0,0,True,0.5458903995580413,0.4541096004419589
1,0,False,0.5444635870830226,0.5444635870830226
1,0,False,0.526391757402627,0.526391757402627
0,1,False,0.5391764062953921,0.4608235937046079
1,1,True,0.6205640973672472,0.6205640973672472
1,1,True,0.576946535807006,0.576946535807006
1,1,True,0.5025697737107135,0.5025697737107135
0,1,False,0.5622826559894698,0.43771734401052986
0,1,False,0.6787522201468021,0.3212477798531977
0,1,False,0.6384501871944668,0.3615498128055331
0,1,False,0.5637485916322373,0.43625140836776277
0,0,True,0.5264528236615336,0.4735471763384663
1,0,False,0.5549576779463096,0.5549576779463096
1,0,False,0.6408926330765166,0.6408926330765166
1,0,False,0.5901101293478274,0.5901101293478274
0,0,True,0.553437344070775,0.4465626559292249
1,1,True,0.5970213810061021,0.5970213810061021
1,0,False,0.5448414265779957,0.5448414265779957
0,0,True,0.5186589560594047,0.4813410439405954
0,0,True,0.5126292665551052,0.48737073344489484
1,0,False,0.592037066928979,0.592037066928979
0,0,True,0.5101610094598287,0.4898389905401712
0,0,True,0.5243774834871484,0.4756225165128516
1,1,True,0.6020495641940589,0.6020495641940589
1,0,False,0.5039914935285312,0.5039914935285312
0,0,True,0.5719316835580286,0.4280683164419715
1,0,False,0.611597319976865,0.611597319976865
0,0,True,0.5928255632219357,0.4071744367780642
0,0,True,0.5364098122729175,0.4635901877270823
1,0,False,0.6340621123404468,0.6340621123404468
0,1,False,0.5051733164202608,0.49482668357973925
0,1,False,0.5014752437646025,0.4985247562353976
1,1,True,0.6616914129779987,0.6616914129779987
1,1,True,0.649882003226837,0.649882003226837
0,1,False,0.5722257740781571,0.4277742259218429
1,0,False,0.5423529909186596,0.5423529909186596
0,1,False,0.5264380213562234,0.4735619786437766
0,1,False,0.5411456346626042,0.4588543653373957
0,1,False,0.5044298071733543,0.4955701928266457
0,1,False,0.5525091806674525,0.4474908193325477
0,1,False,0.5251759052307109,0.47482409476928916
0,0,True,0.5120712472906772,0.4879287527093227
0,0,True,0.5853684204612655,0.4146315795387344
0,0,True,0.6269966157803447,0.3730033842196553
1,0,False,0.5128212951751527,0.5128212951751527
0,0,True,0.5118137577702202,0.4881862422297799
1,0,False,0.5244658909641258,0.5244658909641258
1,1,True,0.5491451453206749,0.5491451453206749
1,1,True,0.5864326815913478,0.5864326815913478
0,1,False,0.5161491410624863,0.4838508589375137
1,1,True,0.5115294002584021,0.5115294002584021
0,1,False,0.6225862444430552,0.3774137555569448
1,0,False,0.5214431770981506,0.5214431770981506
0,0,True,0.5337548339210785,0.46624516607892147
0,0,True,0.5642294766423558,0.4357705233576442
0,0,True,0.6141384738287288,0.385861526171271
0,0,True,0.5092507559077553,0.49074924409224474
1,0,False,0.5607575078985524,0.5607575078985524
1,0,False,0.5384563184451855,0.5384563184451855
0,0,True,0.5416170059803662,0.4583829940196338
0,0,True,0.5997735383001895,0.4002264616998104
0,0,True,0.5269933371341942,0.4730066628658059
0,1,False,0.5678006830749824,0.43219931692501745
1,1,True,0.5397685133730715,0.5397685133730715
1,1,True,0.5160186739608856,0.5160186739608856
1,1,True,0.5031548737533786,0.5031548737533786
1,1,True,0.5016242346604239,0.5016242346604239
0,1,False,0.5144552921849288,0.4855447078150712
1,1,True,0.5934886045331591,0.5934886045331591
1,0,False,0.6240087033500098,0.6240087033500098
1,0,False,0.5659621415993188,0.5659621415993188
0,0,True,0.5155722291936092,0.48442777080639066
1,0,False,0.5324005163294686,0.5324005163294686
1,0,False,0.5249923320279826,0.5249923320279826
1,0,False,0.5325283337472553,0.5325283337472553
1,0,False,0.6791024065640837,0.6791024065640837
1,0,False,0.7022953375843175,0.7022953375843175
1,0,False,0.5235473636311049,0.5235473636311049
1,0,False,0.5742399555287654,0.5742399555287654
0,0,True,0.5193213339981794,0.48067866600182074
1,1,True,0.5297369274895602,0.5297369274895602
1,0,False,0.6016027825706671,0.6016027825706671
1,1,True,0.5103555269918847,0.5103555269918847
1,0,False,0.5375549455662281,0.5375549455662281
1,0,False,0.5633868451495722,0.5633868451495722
1,0,False,0.5791082138184653,0.5791082138184653
1,0,False,0.6498370801349165,0.6498370801349165
1,0,False,0.7030188964159562,0.7030188964159562
1,1,True,0.7015037829538506,0.7015037829538506
1,1,True,0.6340812314240605,0.6340812314240605
1,1,True,0.6225047785594559,0.6225047785594559
1,0,False,0.6424992261812884,0.6424992261812884
1,0,False,0.6338044204507383,0.6338044204507383
1,0,False,0.6933375529775623,0.6933375529775623
1,0,False,0.7100881102669391,0.7100881102669391
1,0,False,0.6830863002365144,0.6830863002365144
1,0,False,0.6347514348132044,0.6347514348132044
1,1,True,0.6268431519475326,0.6268431519475326
1,0,False,0.5732959003907048,0.5732959003907048
1,0,False,0.6517871311458308,0.6517871311458308
1,0,False,0.6439039545315206,0.6439039545315206
1,0,False,0.5869588857605781,0.5869588857605781
1,0,False,0.5813846203334496,0.5813846203334496
1,0,False,0.5930773616655733,0.5930773616655733
1,0,False,0.6091911933255768,0.6091911933255768
1,0,False,0.6506263221306187,0.6506263221306187
1,0,False,0.5779084271211851,0.5779084271211851
1,0,False,0.5843612226860306,0.5843612226860306
1,0,False,0.6369489147946751,0.6369489147946751
1,0,False,0.6376149226353671,0.6376149226353671
1,0,False,0.5648010731181001,0.5648010731181001
1,0,False,0.6141524484736828,0.6141524484736828
1,0,False,0.5741043778201821,0.5741043778201821
1,0,False,0.5822908336413188,0.5822908336413188
1,0,False,0.6421130530770293,0.6421130530770293
1,0,False,0.6123919013441461,0.6123919013441461
1,0,False,0.5824686146094691,0.5824686146094691
1,0,False,0.5422759635839094,0.5422759635839094
1,0,False,0.5129714209363996,0.5129714209363996
1,0,False,0.5829849297962271,0.5829849297962271
1,0,False,0.5871655072804672,0.5871655072804672
1,1,True,0.5956368228502371,0.5956368228502371
1,1,True,0.5249344177080463,0.5249344177080463
1,1,True,0.5483578604096198,0.5483578604096198
1,1,True,0.5798807546414346,0.5798807546414346
1,1,True,0.6156042889103701,0.6156042889103701
1,1,True,0.6270587611539986,0.6270587611539986
1,1,True,0.6717176690051263,0.6717176690051263
1,0,False,0.6714759362778546,0.6714759362778546
1,0,False,0.5639023908546055,0.5639023908546055
1,0,False,0.5078020409136182,0.5078020409136182
1,0,False,0.5494505493582144,0.5494505493582144
1,1,True,0.5722585610936176,0.5722585610936176
1,1,True,0.5782588258356491,0.5782588258356491
1,1,True,0.6177925507620441,0.6177925507620441
1,1,True,0.538024867854848,0.538024867854848
1,1,True,0.5310618347285581,0.5310618347285581
0,1,False,0.5112796850643452,0.4887203149356547
0,0,True,0.5281480012710373,0.47185199872896266
1,1,True,0.5151121658665143,0.5151121658665143
0,1,False,0.5175851185828483,0.4824148814171517
0,1,False,0.5468625606231046,0.45313743937689566
1,0,False,0.583160800006216,0.583160800006216
1,1,True,0.545793868417221,0.545793868417221
1,0,False,0.5746026812270155,0.5746026812270155
1,0,False,0.5603467660128323,0.5603467660128323
0,0,True,0.502003448089461,0.49799655191053904
1,1,True,0.543203884091969,0.543203884091969
1,0,False,0.5107608306679244,0.5107608306679244
1,1,True,0.5776515407613702,0.5776515407613702
0,0,True,0.5642183631990246,0.4357816368009755
0,1,False,0.5230290572779877,0.47697094272201246
0,0,True,0.5665496521585439,0.43345034784145603
0,0,True,0.5627280351202185,0.4372719648797814
0,0,True,0.5641460053826222,0.43585399461737784
0,0,True,0.5136698514283798,0.48633014857162016
0,0,True,0.5921408070806289,0.4078591929193711
1,0,False,0.5716863586869789,0.5716863586869789
1,0,False,0.5189885380700264,0.5189885380700264
1,0,False,0.5072351533455232,0.5072351533455232
1,1,True,0.5226998829376928,0.5226998829376928
0,1,False,0.5347585992275528,0.4652414007724473
0,1,False,0.5283489095083179,0.47165109049168213
0,1,False,0.5142214003862651,0.48577859961373515
1,1,True,0.5054140406992527,0.5054140406992527
1,1,True,0.6381965315954801,0.6381965315954801
0,1,False,0.5475730354605166,0.4524269645394834
0,1,False,0.5410938890024981,0.458906110997502
1,1,True,0.5744863535231375,0.5744863535231375
1,0,False,0.5861775215792882,0.5861775215792882
1,0,False,0.6550250964651222,0.6550250964651222
1,0,False,0.6425100952303919,0.6425100952303919
1,0,False,0.632058661254128,0.632058661254128
0,0,True,0.5098932119496047,0.4901067880503952
1,0,False,0.5268911288624012,0.5268911288624012
1,1,True,0.5414139026618383,0.5414139026618383
0,1,False,0.5215100663417396,0.47848993365826054
0,1,False,0.6497809434706608,0.35021905652933905
0,1,False,0.6663810306464881,0.3336189693535119
0,0,True,0.5653494094338285,0.4346505905661713
0,0,True,0.5685580845169366,0.4314419154830633
0,0,True,0.5482039448112254,0.45179605518877447
0,0,True,0.5291741399226952,0.4708258600773048
1,0,False,0.5385789622119667,0.5385789622119667
1,1,True,0.6076652091355474,0.6076652091355474
1,0,False,0.6270528305617042,0.6270528305617042
1,0,False,0.6778627144123154,0.6778627144123154
1,0,False,0.6578607170197487,0.6578607170197487
1,0,False,0.6631173632097396,0.6631173632097396
1,0,False,0.5615549514572449,0.5615549514572449
1,0,False,0.6323138149987798,0.6323138149987798
0,0,True,0.5009099537022892,0.4990900462977108
1,0,False,0.5334269655985182,0.5334269655985182
1,0,False,0.5440475485332859,0.5440475485332859
0,0,True,0.5267451193928079,0.4732548806071921
0,1,False,0.5126853338101582,0.4873146661898419
1,1,True,0.5361339503817246,0.5361339503817246
0,1,False,0.5143340952291923,0.4856659047708078
1,1,True,0.5528559372882184,0.5528559372882184
1,1,True,0.5397907074457302,0.5397907074457302
1,1,True,0.6704265923683881,0.6704265923683881
1,1,True,0.6808737410957388,0.6808737410957388
1,0,False,0.671465135707538,0.671465135707538
1,0,False,0.5471678802047977,0.5471678802047977
1,0,False,0.5332177645177287,0.5332177645177287
1,0,False,0.6862092332264683,0.6862092332264683
1,0,False,0.6387810235260933,0.6387810235260933
1,0,False,0.6261135907064018,0.6261135907064018
1,1,True,0.577067349443813,0.577067349443813
1,0,False,0.6075240088552056,0.6075240088552056
1,0,False,0.6663246507976779,0.6663246507976779
1,0,False,0.5738525832383412,0.5738525832383412
1,0,False,0.5238935907759262,0.5238935907759262
1,0,False,0.5322064607980891,0.5322064607980891
1,0,False,0.5974094427997424,0.5974094427997424
0,0,True,0.5431919839993139,0.45680801600068605
0,0,True,0.5678288840993259,0.4321711159006741
0,0,True,0.5655849321041171,0.434415067895883
1,0,False,0.5577450726236995,0.5577450726236995
0,0,True,0.5271561906468889,0.4728438093531112
0,0,True,0.5570697180416152,0.44293028195838474
0,1,False,0.5030011877700026,0.4969988122299976
1,1,True,0.5830926623765953,0.5830926623765953
1,1,True,0.514590905361089,0.514590905361089
1,1,True,0.5503296083308571,0.5503296083308571
1,1,True,0.5561156595247599,0.5561156595247599
1,1,True,0.6607918522825492,0.6607918522825492
1,1,True,0.7053820172388857,0.7053820172388857
1,0,False,0.6553394081694347,0.6553394081694347
1,0,False,0.6593473317678005,0.6593473317678005
1,0,False,0.7206573141466407,0.7206573141466407
1,0,False,0.6837324478263074,0.6837324478263074
1,0,False,0.68457577760351,0.68457577760351
1,0,False,0.6781956895576139,0.6781956895576139
1,0,False,0.7431223936494895,0.7431223936494895
1,0,False,0.6890720373018434,0.6890720373018434
1,1,True,0.5843162553370141,0.5843162553370141
1,1,True,0.6482173847905676,0.6482173847905676
1,0,False,0.5696045779425266,0.5696045779425266
1,0,False,0.5141540917410485,0.5141540917410485
0,0,True,0.5172653931088459,0.48273460689115427
1,0,False,0.5325367095044702,0.5325367095044702
1,0,False,0.5393036805800551,0.5393036805800551
1,0,False,0.6206146428425874,0.6206146428425874
1,0,False,0.5935983695779998,0.5935983695779998
1,1,True,0.6415519709357997,0.6415519709357997
1,1,True,0.6907919639615736,0.6907919639615736
1,1,True,0.6926297726244744,0.6926297726244744
1,1,True,0.588530056167412,0.588530056167412
1,1,True,0.679339933242042,0.679339933242042
1,1,True,0.6680347576941359,0.6680347576941359
1,0,False,0.5819752799594964,0.5819752799594964
1,0,False,0.5654085933735914,0.5654085933735914
1,0,False,0.537110023994566,0.537110023994566
1,1,True,0.5543259533354036,0.5543259533354036
0,1,False,0.5097493898784982,0.49025061012150184
1,1,True,0.6097452737856961,0.6097452737856961
1,1,True,0.6454530595855328,0.6454530595855328
1,1,True,0.6119651005735285,0.6119651005735285
1,1,True,0.5771327803640807,0.5771327803640807
1,1,True,0.5963215446680544,0.5963215446680544
1,1,True,0.5702446796220768,0.5702446796220768
0,1,False,0.5222907231475307,0.4777092768524695
0,1,False,0.5219400034231911,0.4780599965768091
1,1,True,0.5263000667626478,0.5263000667626478
0,1,False,0.6114231300110857,0.38857686998891416
0,0,True,0.5259331382273061,0.47406686177269375
0,0,True,0.5304557061138041,0.469544293886196
0,0,True,0.5442734357691766,0.45572656423082336
0,0,True,0.5694460806928421,0.4305539193071581
0,1,False,0.5966401795455935,0.4033598204544066
0,1,False,0.5100648504040279,0.4899351495959722
0,1,False,0.5821440472553858,0.41785595274461423
1,1,True,0.5106587131583163,0.5106587131583163
0,0,True,0.605916455625419,0.394083544374581
0,0,True,0.6449528885458908,0.3550471114541091
0,0,True,0.6341726322700589,0.36582736772994084
0,0,True,0.6338241043828652,0.3661758956171347
0,0,True,0.6220448175184687,0.377955182481531
0,0,True,0.5221082104230115,0.47789178957698825
1,0,False,0.5072288410733886,0.5072288410733886
0,0,True,0.5594605636931942,0.4405394363068058
1,0,False,0.5313284913100346,0.5313284913100346
0,1,False,0.5896648963425444,0.4103351036574555
0,1,False,0.586796523383198,0.413203476616802
0,1,False,0.6365970057018763,0.3634029942981236
0,1,False,0.5159972294521867,0.4840027705478133
0,1,False,0.6120859046834638,0.3879140953165361
0,1,False,0.501524474754845,0.498475525245155
1,1,True,0.5181132845657754,0.5181132845657754
1,1,True,0.5095087412108972,0.5095087412108972
0,1,False,0.5524711878022247,0.4475288121977754
0,0,True,0.5664530936161402,0.43354690638385995
0,0,True,0.613100609623338,0.3868993903766619
1,0,False,0.5353754838426247,0.5353754838426247
0,0,True,0.5010357629714013,0.49896423702859866
1,0,False,0.5760707164356996,0.5760707164356996
1,0,False,0.5024055155726017,0.5024055155726017
1,0,False,0.5759652348330583,0.5759652348330583
1,0,False,0.6261530350831818,0.6261530350831818
1,1,True,0.5423525787114547,0.5423525787114547
0,0,True,0.507920425244141,0.49207957475585906
0,1,False,0.5023805902867001,0.49761940971329993
0,1,False,0.5014741345328739,0.4985258654671262
1,1,True,0.5246229588382891,0.5246229588382891
0,0,True,0.5360582752756969,0.46394172472430306
0,0,True,0.6812902026711772,0.3187097973288227
0,0,True,0.579902754815255,0.420097245184745
0,0,True,0.559510402679049,0.44048959732095083
0,0,True,0.5525073103248044,0.44749268967519573
1,0,False,0.6275850905795172,0.6275850905795172
1,0,False,0.5807314999523365,0.5807314999523365
1,0,False,0.51061763798381,0.51061763798381
1,0,False,0.5492807167352632,0.5492807167352632
1,0,False,0.6070177505052162,0.6070177505052162
1,0,False,0.5348088077088218,0.5348088077088218
1,0,False,0.5451589409055775,0.5451589409055775
1,1,True,0.5320754380873879,0.5320754380873879
1,1,True,0.564105631858101,0.564105631858101
1,1,True,0.5450044200893509,0.5450044200893509
1,1,True,0.565080140135818,0.565080140135818
1,1,True,0.5912845226160043,0.5912845226160043
1,0,False,0.5818636465587286,0.5818636465587286
1,0,False,0.7043554602149773,0.7043554602149773
1,0,False,0.6750266046721436,0.6750266046721436
1,0,False,0.620995251701184,0.620995251701184
1,0,False,0.6294802380449112,0.6294802380449112
1,0,False,0.6005505614623401,0.6005505614623401
1,0,False,0.6955466551867495,0.6955466551867495
1,0,False,0.7015548823140223,0.7015548823140223
1,0,False,0.7077515396142751,0.7077515396142751
1,0,False,0.6957709858262601,0.6957709858262601
1,1,True,0.6454059204082123,0.6454059204082123
1,1,True,0.553636998378584,0.553636998378584
1,1,True,0.5174175034377109,0.5174175034377109
0,1,False,0.5181913286233784,0.4818086713766218
0,1,False,0.5123337460094729,0.4876662539905273
1,1,True,0.5382548594857055,0.5382548594857055
1,1,True,0.5885442758258128,0.5885442758258128
1,1,True,0.5807413871170133,0.5807413871170133
1,1,True,0.5860429150399324,0.5860429150399324
0,1,False,0.5130291769212645,0.4869708230787354
1,1,True,0.5495851880447812,0.5495851880447812
1,1,True,0.5278287916709745,0.5278287916709745
1,1,True,0.5554882775177352,0.5554882775177352
1,1,True,0.5671799492584171,0.5671799492584171
1,1,True,0.6311313573477783,0.6311313573477783
1,1,True,0.5982034622872177,0.5982034622872177
1,1,True,0.6426130607486378,0.6426130607486378
1,0,False,0.5675132250931532,0.5675132250931532
0,0,True,0.5285426790524517,0.47145732094754833
0,0,True,0.5063474461850436,0.49365255381495643
0,0,True,0.5081864371145091,0.49181356288549083
0,1,False,0.6376967509852113,0.3623032490147886
0,1,False,0.6142793426386234,0.3857206573613766
1,1,True,0.5437721627850624,0.5437721627850624
0,1,False,0.6262238686599506,0.37377613134004933
0,0,True,0.55785821902101,0.4421417809789901
0,0,True,0.5935010659502233,0.40649893404977655
0,0,True,0.6113316070013223,0.3886683929986776
0,0,True,0.6225900860978265,0.37740991390217327
0,1,False,0.5570774613049213,0.4429225386950787
0,1,False,0.5307851174976833,0.4692148825023168
1,1,True,0.5079530199194279,0.5079530199194279
1,1,True,0.5971272913838099,0.5971272913838099
1,1,True,0.5754786128033632,0.5754786128033632
0,0,True,0.5370858959123221,0.4629141040876778
0,1,False,0.5075836489765062,0.4924163510234939
0,0,True,0.5269941295017889,0.4730058704982112
0,1,False,0.5353016024755216,0.4646983975244783
1,1,True,0.5046875493089243,0.5046875493089243
0,1,False,0.5091047351176368,0.4908952648823632
0,0,True,0.5202214015000068,0.47977859849999327
0,0,True,0.5341137965212978,0.46588620347870213
0,0,True,0.6150976101262438,0.38490238987375647
0,0,True,0.6119667434702607,0.3880332565297392
0,0,True,0.5477656305400209,0.4522343694599791
0,1,False,0.6391221390795772,0.3608778609204228
0,1,False,0.5716763306614235,0.42832366933857635
0,1,False,0.5351295511156661,0.46487044888433393
0,0,True,0.533136852967814,0.46686314703218607
0,0,True,0.5807327602088259,0.4192672397911742
0,0,True,0.5217312724015626,0.4782687275984373
0,0,True,0.5298959408413951,0.47010405915860487
1,0,False,0.5021688789179262,0.5021688789179262
1,1,True,0.5151926958877677,0.5151926958877677
0,1,False,0.5146993588911004,0.4853006411088996
1,1,True,0.6400903443763675,0.6400903443763675
1,0,False,0.5221014757472062,0.5221014757472062
1,1,True,0.5274000368169882,0.5274000368169882
1,0,False,0.5574148801809216,0.5574148801809216
1,0,False,0.5183211079806155,0.5183211079806155
0,0,True,0.5158284201371689,0.484171579862831
1,0,False,0.6201140008122843,0.6201140008122843
1,0,False,0.563585676456107,0.563585676456107
1,0,False,0.5245343825499827,0.5245343825499827
1,1,True,0.5830592882817567,0.5830592882817567
0,1,False,0.5705489248811102,0.4294510751188899
1,1,True,0.5792903430766096,0.5792903430766096
1,1,True,0.5209423066362779,0.5209423066362779
0,1,False,0.572781693104356,0.42721830689564405
1,1,True,0.6123154523422897,0.6123154523422897
0,1,False,0.5041267063731075,0.4958732936268926
1,0,False,0.564319637361131,0.564319637361131
1,0,False,0.5672710315764271,0.5672710315764271
1,0,False,0.6300276067005596,0.6300276067005596
1,1,True,0.6602806307982398,0.6602806307982398
1,1,True,0.6745097831333116,0.6745097831333116
1,1,True,0.6518916278620743,0.6518916278620743
1,1,True,0.5933548249308376,0.5933548249308376
1,1,True,0.6144297793224369,0.6144297793224369
0,1,False,0.5092345201365837,0.49076547986341634
1,0,False,0.5489297135333576,0.5489297135333576
0,0,True,0.5486840061729958,0.45131599382700405
0,0,True,0.5264393365839114,0.47356066341608866
0,0,True,0.5867623822573778,0.413237617742622
0,1,False,0.6062962209000577,0.3937037790999423
0,1,False,0.5723966746653081,0.42760332533469186
1,1,True,0.6222100587990118,0.6222100587990118
1,1,True,0.6636385006254264,0.6636385006254264
1,0,False,0.6920529027148438,0.6920529027148438
0,0,True,0.5273165565119169,0.4726834434880832
0,0,True,0.5486280353477249,0.45137196465227514
0,0,True,0.63200052594426,0.36799947405574
0,0,True,0.6216536845764494,0.37834631542355057
0,1,False,0.5557511839819859,0.44424881601801425
0,1,False,0.5812825399308118,0.41871746006918825
1,1,True,0.5155770789877071,0.5155770789877071
1,1,True,0.5147507471337828,0.5147507471337828
1,1,True,0.5159052288302517,0.5159052288302517
0,1,False,0.5820695743457021,0.41793042565429794
1,1,True,0.6011925454475509,0.6011925454475509
0,1,False,0.5886062471737179,0.411393752826282
0,1,False,0.5259139198257151,0.4740860801742848
0,1,False,0.5688961042446822,0.4311038957553178
1,1,True,0.5665341074737593,0.5665341074737593
1,1,True,0.5403555813370524,0.5403555813370524
1,1,True,0.5002443439683493,0.5002443439683493
1,1,True,0.581302372382758,0.581302372382758
1,1,True,0.5728830937604961,0.5728830937604961
1,1,True,0.5280427963737535,0.5280427963737535
0,1,False,0.607141028877173,0.392858971122827
0,1,False,0.5133512796594722,0.48664872034052786
1,1,True,0.60344274024181,0.60344274024181
1,1,True,0.5004705594608548,0.5004705594608548
1,0,False,0.5057307446965371,0.5057307446965371
1,0,False,0.6162732993784699,0.6162732993784699
1,0,False,0.5317998293617481,0.5317998293617481
1,0,False,0.629054212929503,0.629054212929503
1,0,False,0.6078620966847398,0.6078620966847398
1,1,True,0.6366039292721148,0.6366039292721148
1,1,True,0.6263917508592237,0.6263917508592237
1,1,True,0.5565065605110642,0.5565065605110642
1,1,True,0.5580829748801366,0.5580829748801366
1,1,True,0.6125351722817056,0.6125351722817056
1,1,True,0.6006609451735176,0.6006609451735176
1,1,True,0.5267394684931883,0.5267394684931883
1,0,False,0.5353186931253476,0.5353186931253476
1,1,True,0.6018239151184919,0.6018239151184919
1,0,False,0.53847988243931,0.53847988243931
1,1,True,0.5732801576098386,0.5732801576098386
0,1,False,0.5074934621391864,0.49250653786081366
1,1,True,0.5439667991820292,0.5439667991820292
1,1,True,0.5327545455611815,0.5327545455611815
1,1,True,0.5028516609480407,0.5028516609480407
1,1,True,0.5417225606830344,0.5417225606830344
1,0,False,0.5574470953802031,0.5574470953802031
1,0,False,0.5121689893239852,0.5121689893239852
1,0,False,0.5198031870505293,0.5198031870505293
1,0,False,0.5441080781134272,0.5441080781134272
1,0,False,0.5787957392827328,0.5787957392827328
1,0,False,0.5683166529172996,0.5683166529172996
1,1,True,0.5690585567278144,0.5690585567278144
1,1,True,0.506994719388987,0.506994719388987
1,1,True,0.5417703248080964,0.5417703248080964
0,1,False,0.5178470428225839,0.4821529571774163
0,1,False,0.5672474236158089,0.4327525763841912
0,0,True,0.5042054151659127,0.49579458483408734
0,0,True,0.5709675756180265,0.4290324243819735
1,0,False,0.5001940824762585,0.5001940824762585
0,0,True,0.530251289278955,0.4697487107210448
0,0,True,0.5074982367528341,0.4925017632471658
1,0,False,0.5403837505789189,0.5403837505789189
1,0,False,0.6036819983871252,0.6036819983871252
1,1,True,0.6066744796732076,0.6066744796732076
1,1,True,0.5953049762547381,0.5953049762547381
1,1,True,0.5218152880136463,0.5218152880136463
0,1,False,0.5183225038803504,0.4816774961196496
0,1,False,0.5141027666306034,0.4858972333693965
1,0,False,0.5333550652041157,0.5333550652041157
0,0,True,0.5723191985871937,0.4276808014128063
0,1,False,0.5762538042855926,0.42374619571440736
0,1,False,0.5432800676129539,0.45671993238704617
0,1,False,0.531532862780634,0.4684671372193659
0,1,False,0.5291399499970406,0.4708600500029594
1,1,True,0.586537571618599,0.586537571618599
1,0,False,0.5655386797201404,0.5655386797201404
1,1,True,0.5733419300860833,0.5733419300860833
1,1,True,0.5106168902815207,0.5106168902815207
0,0,True,0.5663603079419051,0.43363969205809494
0,0,True,0.5390738233357553,0.46092617666424485
0,1,False,0.5205837028454147,0.4794162971545852
0,1,False,0.5883531270577316,0.41164687294226837
0,0,True,0.574200221337733,0.42579977866226715
0,1,False,0.6084760992791391,0.3915239007208611
0,1,False,0.6222503209345231,0.3777496790654768
0,1,False,0.6303351640853334,0.36966483591466653
0,0,True,0.5377400732418787,0.4622599267581211
0,1,False,0.5155500346222865,0.48444996537771345
0,1,False,0.5017685300536346,0.49823146994636536
0,0,True,0.5094644106416047,0.49053558935839514
1,0,False,0.548633264027897,0.548633264027897
0,1,False,0.5185220571721074,0.4814779428278925
0,1,False,0.5168351495752058,0.4831648504247942
1,1,True,0.5245084359026451,0.5245084359026451
1,1,True,0.5145799050724077,0.5145799050724077
1,1,True,0.6066935708260379,0.6066935708260379
0,1,False,0.5394706431811346,0.46052935681886537
1,1,True,0.5139388243119736,0.5139388243119736
0,1,False,0.5049386615556088,0.4950613384443912
0,1,False,0.5458344338065977,0.4541655661934024
0,0,True,0.5609383684724367,0.43906163152756306
0,1,False,0.5215523400405722,0.47844765995942784
0,0,True,0.5335267121687222,0.46647328783127795
0,0,True,0.5469521155074974,0.4530478844925025
0,0,True,0.5754790157234191,0.424520984276581
1,0,False,0.5557823925669471,0.5557823925669471
0,0,True,0.5671815652054583,0.43281843479454163
0,1,False,0.5949226170371312,0.40507738296286877
1,1,True,0.5166374967372565,0.5166374967372565
0,0,True,0.5298958383411573,0.4701041616588426
0,0,True,0.5128679228089869,0.48713207719101315
0,0,True,0.569796597038766,0.4302034029612339
0,0,True,0.6002112555348547,0.399788744465145
1,0,False,0.5728042172959211,0.5728042172959211
0,0,True,0.5511121796360041,0.4488878203639959
0,0,True,0.5351896677571994,0.4648103322428005
0,1,False,0.5797562258955692,0.4202437741044309
0,1,False,0.502648993613684,0.497351006386316
1,1,True,0.5082118950835902,0.5082118950835902
0,1,False,0.5011936515957284,0.4988063484042714
1,1,True,0.5157258237178809,0.5157258237178809
1,1,True,0.5535921246453992,0.5535921246453992
1,1,True,0.697889560717676,0.697889560717676
1,0,False,0.7352514153139222,0.7352514153139222
1,0,False,0.6572616850123572,0.6572616850123572
1,0,False,0.5081503317083714,0.5081503317083714
0,0,True,0.5845511293316502,0.4154488706683498
0,0,True,0.6871664430271529,0.3128335569728472
1,0,False,0.6166306445438552,0.6166306445438552
1,0,False,0.5402938347565421,0.5402938347565421
0,1,False,0.519248458584284,0.48075154141571597
0,1,False,0.6911768569814795,0.30882314301852065
0,1,False,0.6259823186973164,0.37401768130268354
0,1,False,0.6091430293048194,0.39085697069518055
0,1,False,0.6072045651621202,0.3927954348378797
1,1,True,0.6383134722063495,0.6383134722063495
0,1,False,0.5396745383666006,0.4603254616333994
0,1,False,0.5228959791956904,0.47710402080430964
1,1,True,0.5817107568134898,0.5817107568134898
1,0,False,0.548466019508577,0.548466019508577
1,0,False,0.6109989656425403,0.6109989656425403
1,0,False,0.6155750470275664,0.6155750470275664
0,0,True,0.5183686252445991,0.4816313747554006
0,0,True,0.5312016195291784,0.46879838047082145
1,1,True,0.5789115942054094,0.5789115942054094
1,1,True,0.6552074889362254,0.6552074889362254
1,1,True,0.5751893356742279,0.5751893356742279
1,1,True,0.5226677355422807,0.5226677355422807
1,1,True,0.6765701944169513,0.6765701944169513
0,1,False,0.563479276134383,0.4365207238656169
0,1,False,0.7565983235424656,0.24340167645753438
0,0,True,0.608137436300568,0.39186256369943184
0,1,False,0.697205959810309,0.3027940401896909
0,1,False,0.6166789457818205,0.38332105421817947
0,1,False,0.6099226582259132,0.3900773417740869
0,1,False,0.5787581292698809,0.42124187073011904
1,1,True,0.6926813839645255,0.6926813839645255
1,0,False,0.6807521713792568,0.6807521713792568
1,0,False,0.6430563164772398,0.6430563164772398
1,0,False,0.6107421442525387,0.6107421442525387
1,0,False,0.6393494549691979,0.6393494549691979
1,0,False,0.6312621280248993,0.6312621280248993
1,0,False,0.5926791241580233,0.5926791241580233
0,0,True,0.5117419760793189,0.4882580239206811
0,0,True,0.5009109507244154,0.49908904927558473
1,0,False,0.6040420423284854,0.6040420423284854
1,0,False,0.615823504473964,0.615823504473964
0,0,True,0.7105291209712322,0.2894708790287678
0,1,False,0.6321655627083731,0.36783443729162707
0,1,False,0.7197252988883371,0.2802747011116628
0,1,False,0.6369116273577453,0.3630883726422548
1,1,True,0.5691359430657809,0.5691359430657809
1,0,False,0.518715139432611,0.518715139432611
1,0,False,0.7169920839958375,0.7169920839958375
1,0,False,0.6021609241071391,0.6021609241071391
0,0,True,0.6895548850182429,0.3104451149817574
0,1,False,0.5406126678230665,0.45938733217693356
1,1,True,0.6005445729810301,0.6005445729810301
0,1,False,0.579358231145352,0.42064176885464793
0,1,False,0.5040208200353246,0.49597917996467533
0,1,False,0.569639113181875,0.4303608868181249
0,1,False,0.5456311155680118,0.45436888443198825
1,1,True,0.5885669349567162,0.5885669349567162
1,1,True,0.5705684634254196,0.5705684634254196
1,1,True,0.525708988720561,0.525708988720561
1,1,True,0.6513212151207055,0.6513212151207055
0,1,False,0.576346011167809,0.42365398883219096
0,0,True,0.6717287609965599,0.3282712390034401
0,0,True,0.8106908827314896,0.1893091172685103
0,0,True,0.6999221726344647,0.30007782736553523
0,0,True,0.666252798394404,0.333747201605596
1,0,False,0.5373040579957883,0.5373040579957883
1,0,False,0.6388235890083964,0.6388235890083964
1,1,True,0.5676006075929187,0.5676006075929187
1,0,False,0.5300825246871396,0.5300825246871396
1,1,True,0.6599378917523497,0.6599378917523497
1,1,True,0.5452765365573278,0.5452765365573278
0,1,False,0.6639106453370902,0.33608935466290984
0,0,True,0.6999539899309177,0.3000460100690821
0,0,True,0.6429135406176238,0.35708645938237626
0,0,True,0.7100072319240944,0.2899927680759055
0,0,True,0.7690350916555497,0.2309649083444501
0,0,True,0.6140241572922185,0.38597584270778135
0,0,True,0.6254404169169296,0.3745595830830702
0,1,False,0.759666814806748,0.24033318519325186
0,1,False,0.5689842880217508,0.43101571197824895
0,1,False,0.6136780526367422,0.3863219473632577
0,1,False,0.5825763752890656,0.4174236247109344
1,1,True,0.6622804496243981,0.6622804496243981
1,1,True,0.5547053368227046,0.5547053368227046
1,1,True,0.6290421174328096,0.6290421174328096
1,0,False,0.6868694680489944,0.6868694680489944
0,0,True,0.6321081779128628,0.3678918220871372
0,0,True,0.5827307321986223,0.41726926780137763
0,1,False,0.6493107543740873,0.35068924562591275
0,1,False,0.5489609307227175,0.4510390692772825
0,1,False,0.5084503042083904,0.49154969579160973
0,1,False,0.5112260849233279,0.4887739150766722
1,1,True,0.5374396022519242,0.5374396022519242
0,1,False,0.5165125620566446,0.48348743794335547
1,1,True,0.5855030269096403,0.5855030269096403
0,1,False,0.5088888270476373,0.4911111729523626
0,1,False,0.5151116164377397,0.48488838356226033
0,1,False,0.6150042787238839,0.38499572127611603
0,0,True,0.6656641725758012,0.33433582742419865
0,1,False,0.6102777339097464,0.3897222660902535
0,0,True,0.5278851105918168,0.47211488940818325
0,0,True,0.514773052396343,0.4852269476036569
1,0,False,0.6611521019676434,0.6611521019676434
1,1,True,0.5742530549680923,0.5742530549680923
1,1,True,0.6376489867929965,0.6376489867929965
1,1,True,0.6683389575046603,0.6683389575046603
1,0,False,0.6485914943332989,0.6485914943332989
1,0,False,0.6146403811533652,0.6146403811533652
0,0,True,0.5273308587700924,0.4726691412299075
0,0,True,0.503428174856683,0.4965718251433169
0,0,True,0.5657521663122227,0.43424783368777725
0,0,True,0.5685702961413771,0.4314297038586229
0,1,False,0.5831175605984525,0.4168824394015474
1,1,True,0.5067769356454801,0.5067769356454801
0,0,True,0.6710141576102349,0.3289858423897649
0,0,True,0.5509511958243489,0.449048804175651
0,1,False,0.5381186013174843,0.4618813986825157
1,1,True,0.6597617015460706,0.6597617015460706
0,1,False,0.5706994638287703,0.4293005361712295
1,1,True,0.5891310009653337,0.5891310009653337
0,1,False,0.537617798060104,0.46238220193989615
1,0,False,0.654770020420778,0.654770020420778
1,0,False,0.615244705874314,0.615244705874314
0,0,True,0.5127680937306472,0.48723190626935275
0,0,True,0.6477895446027053,0.35221045539729484
0,0,True,0.6213507696415548,0.37864923035844533
1,0,False,0.5322635528496551,0.5322635528496551
1,0,False,0.5960950957195279,0.5960950957195279
1,0,False,0.5678446773493095,0.5678446773493095
1,0,False,0.5398323731074479,0.5398323731074479
1,0,False,0.6179351928610317,0.6179351928610317
1,0,False,0.5712171690184489,0.5712171690184489
0,1,False,0.5202963367025232,0.4797036632974768
0,1,False,0.5466697930926608,0.45333020690733905
0,1,False,0.6560542200362132,0.3439457799637865
0,1,False,0.5359630704351739,0.464036929564826
0,1,False,0.557485033161875,0.44251496683812497
1,0,False,0.5268095890907204,0.5268095890907204
1,0,False,0.5870530134782602,0.5870530134782602
1,0,False,0.5529756183710266,0.5529756183710266
0,0,True,0.6496442207916804,0.3503557792083196
1,0,False,0.69552603856495,0.69552603856495
1,0,False,0.6553160182037475,0.6553160182037475
0,0,True,0.5413590291599648,0.4586409708400353
0,0,True,0.6308378763040778,0.36916212369592194
0,0,True,0.6346742632689972,0.3653257367310026
0,0,True,0.6228967117306597,0.37710328826934014
0,0,True,0.5983666605143763,0.4016333394856237
0,1,False,0.5911885132335379,0.408811486766462
1,1,True,0.5497726467016504,0.5497726467016504
0,1,False,0.5270354237760254,0.4729645762239747
1,1,True,0.5787869204936698,0.5787869204936698
0,1,False,0.6719138534912195,0.32808614650878043
1,1,True,0.6351697864775083,0.6351697864775083
1,0,False,0.623863687498887,0.623863687498887
1,1,True,0.557240337060406,0.557240337060406
0,1,False,0.5925838135550614,0.4074161864449385
1,0,False,0.593079981760089,0.593079981760089
1,0,False,0.5621821331289727,0.5621821331289727
1,1,True,0.589793458816262,0.589793458816262
1,0,False,0.5563214275157832,0.5563214275157832
1,0,False,0.5463916954155776,0.5463916954155776
0,0,True,0.6104217832668524,0.38957821673314774
1,0,False,0.5075317904380353,0.5075317904380353
0,0,True,0.6746457787261362,0.3253542212738639
0,0,True,0.6101658597592737,0.38983414024072605
0,0,True,0.6536277608684231,0.34637223913157666
0,1,False,0.6551839791904741,0.34481602080952595
0,1,False,0.6396829173845568,0.36031708261544315
0,1,False,0.6089262504288376,0.3910737495711624
1,1,True,0.5022200868562128,0.5022200868562128
0,1,False,0.5666730740936434,0.4333269259063567
0,0,True,0.524683968964673,0.47531603103532705
0,0,True,0.5393996495176494,0.46060035048235043
1,0,False,0.766886904504759,0.766886904504759
1,1,True,0.6501148288907144,0.6501148288907144
1,0,False,0.7127037777750876,0.7127037777750876
1,0,False,0.6298111775035513,0.6298111775035513
0,1,False,0.5633516008336992,0.4366483991663007
0,1,False,0.5381055400580637,0.4618944599419363
0,0,True,0.5531362081572498,0.44686379184275027
1,1,True,0.5713488284795173,0.5713488284795173
0,1,False,0.5385764794078091,0.46142352059219094
1,1,True,0.6822302481548388,0.6822302481548388
1,0,False,0.6122212470292641,0.6122212470292641
1,1,True,0.6415218299853236,0.6415218299853236
1,0,False,0.6080268538482573,0.6080268538482573
1,0,False,0.5635454536206714,0.5635454536206714
0,0,True,0.5457049753145407,0.45429502468545924
1,0,False,0.6043230042397292,0.6043230042397292
0,0,True,0.5501497235155917,0.44985027648440834
1,0,False,0.5769603916211173,0.5769603916211173
0,1,False,0.6322771594020848,0.3677228405979152
0,1,False,0.5161327227536064,0.48386727724639356
0,1,False,0.7329437435982733,0.26705625640172664
0,1,False,0.6685110352092449,0.3314889647907553
0,1,False,0.6328669581797466,0.36713304182025336
0,1,False,0.5691188839049746,0.43088111609502555
0,1,False,0.512841261157043,0.48715873884295696
1,1,True,0.5429963376721674,0.5429963376721674
0,1,False,0.5432062940228763,0.4567937059771237
0,1,False,0.5755983447065738,0.42440165529342616
0,0,True,0.6501254354592184,0.3498745645407814
0,0,True,0.631162443033865,0.36883755696613496
0,0,True,0.6138200752979697,0.3861799247020302
0,0,True,0.5486167869794312,0.4513832130205689
0,0,True,0.5414885513093849,0.4585114486906152
0,0,True,0.5171176993843106,0.4828823006156894
1,0,False,0.6009859494715188,0.6009859494715188
1,1,True,0.5662173786920098,0.5662173786920098
0,1,False,0.5274198358459632,0.4725801641540368
0,1,False,0.6007540505801076,0.39924594941989244
0,1,False,0.603744958148319,0.39625504185168103
0,1,False,0.6774632368156441,0.3225367631843559
0,1,False,0.6480564616333172,0.3519435383666828
0,1,False,0.6083125913307978,0.3916874086692022
0,0,True,0.7020313223079141,0.29796867769208585
0,1,False,0.7284807739802908,0.2715192260197091
0,0,True,0.5853222430613475,0.4146777569386525
0,0,True,0.5959111379465567,0.4040888620534431
0,0,True,0.5385122204559931,0.4614877795440066
1,0,False,0.5396230886517563,0.5396230886517563
0,0,True,0.6388679228454522,0.3611320771545478
0,1,False,0.5264694910179193,0.47353050898208066
0,0,True,0.5830067467966545,0.41699325320334546
1,1,True,0.6605449452368587,0.6605449452368587
1,0,False,0.5382530834456992,0.5382530834456992
1,1,True,0.6584852140201909,0.6584852140201909
0,1,False,0.5570810253599248,0.4429189746400751
1,1,True,0.5184878427083309,0.5184878427083309
0,0,True,0.6586526112366411,0.3413473887633589
1,0,False,0.6459571180395953,0.6459571180395953
1,0,False,0.5959930362158098,0.5959930362158098
1,0,False,0.7226947472207677,0.7226947472207677
0,0,True,0.5643604447358408,0.43563955526415926
1,0,False,0.7226285321203377,0.7226285321203377
1,0,False,0.5197280655766515,0.5197280655766515
1,1,True,0.6448331406541044,0.6448331406541044
0,1,False,0.5680042439722588,0.4319957560277413
1,0,False,0.5641323706499961,0.5641323706499961
1,0,False,0.5505198701242113,0.5505198701242113
1,0,False,0.6770731546775082,0.6770731546775082
0,0,True,0.6304082583275994,0.3695917416724006
0,0,True,0.511138988829755,0.488861011170245
1,0,False,0.5305097527041039,0.5305097527041039
0,0,True,0.5036536183364132,0.49634638166358674
1,0,False,0.5895694299810857,0.5895694299810857
1,0,False,0.5789885963569936,0.5789885963569936
1,0,False,0.5223002629495853,0.5223002629495853
1,0,False,0.5526908990904447,0.5526908990904447
1,0,False,0.7391221707367893,0.7391221707367893
1,0,False,0.6973074936069029,0.6973074936069029
1,0,False,0.5736992717177508,0.5736992717177508
1,0,False,0.6260328813272943,0.6260328813272943
1,0,False,0.6795658086207268,0.6795658086207268
1,0,False,0.725351605580172,0.725351605580172
1,0,False,0.6416057619819646,0.6416057619819646
0,1,False,0.5665146413772355,0.4334853586227646
1,1,True,0.5253835342154196,0.5253835342154196
1,1,True,0.5565091738063963,0.5565091738063963
1,0,False,0.5240894847391533,0.5240894847391533
1,0,False,0.7064745859888228,0.7064745859888228
1,0,False,0.7424564594719806,0.7424564594719806
1,0,False,0.7377648143037152,0.7377648143037152
1,0,False,0.6761090909446217,0.6761090909446217
1,1,True,0.7728493765292184,0.7728493765292184
1,1,True,0.7419914273343395,0.7419914273343395
1,1,True,0.6420007282575272,0.6420007282575272
1,1,True,0.6658830921814459,0.6658830921814459
1,1,True,0.6790611343497448,0.6790611343497448
1,1,True,0.6354017013817651,0.6354017013817651
1,0,False,0.6447123314750458,0.6447123314750458
0,0,True,0.5819111887771937,0.41808881122280633
0,0,True,0.5611253154865931,0.4388746845134069
0,0,True,0.5902777249728547,0.4097222750271453
0,0,True,0.621908101863836,0.37809189813616395
0,0,True,0.5502209417517159,0.4497790582482841
0,1,False,0.6562266225392084,0.34377337746079184
0,1,False,0.5904629129434393,0.40953708705656067
0,1,False,0.5241616513811578,0.47583834861884233
0,1,False,0.7112425526429671,0.2887574473570329
0,1,False,0.6920726560906787,0.3079273439093212
0,0,True,0.5669962096351504,0.4330037903648496
0,0,True,0.6758374836691714,0.32416251633082843
0,0,True,0.705494125902874,0.2945058740971257
0,0,True,0.7648657025378617,0.23513429746213826
0,0,True,0.7791290408891974,0.22087095911080268
0,0,True,0.5934815370147879,0.4065184629852122
0,0,True,0.5572734712779916,0.44272652872200824
0,0,True,0.5968479140568074,0.4031520859431925
0,0,True,0.5648794730250226,0.4351205269749774
1,1,True,0.505592359067249,0.505592359067249
1,1,True,0.554233225098118,0.554233225098118
0,1,False,0.5680297670128676,0.4319702329871324
0,1,False,0.5536271820100913,0.44637281798990863
0,0,True,0.6140409502519981,0.3859590497480018
1,0,False,0.5564338695169918,0.5564338695169918
0,1,False,0.7354469646839576,0.26455303531604213
0,0,True,0.6243684923873485,0.3756315076126514
1,0,False,0.5195031576136129,0.5195031576136129
1,1,True,0.504273382286026,0.504273382286026
0,1,False,0.5735675589274613,0.42643244107253886
1,1,True,0.6347626261139264,0.6347626261139264
1,1,True,0.6158135960693218,0.6158135960693218
0,1,False,0.5259433697537612,0.4740566302462389
1,1,True,0.7850336920167105,0.7850336920167105
1,1,True,0.6431915262507399,0.6431915262507399
1,0,False,0.5767885755950675,0.5767885755950675
1,0,False,0.5462927241845339,0.5462927241845339
1,0,False,0.5451101140814396,0.5451101140814396
0,0,True,0.6325209739420995,0.3674790260579005
0,0,True,0.6059749973763128,0.3940250026236872
0,1,False,0.6777110643282498,0.3222889356717501
0,1,False,0.5841784466449537,0.41582155335504634
1,1,True,0.5232960282690876,0.5232960282690876
1,1,True,0.649681938999308,0.649681938999308
1,1,True,0.5759866480885947,0.5759866480885947
1,1,True,0.5523699361360991,0.5523699361360991
1,0,False,0.564890277316844,0.564890277316844
0,1,False,0.6479308658491495,0.35206913415085045
0,1,False,0.6281309019900897,0.3718690980099101
0,1,False,0.5882188159658687,0.41178118403413144
1,1,True,0.6103306225609195,0.6103306225609195
1,1,True,0.6285531125885273,0.6285531125885273
0,1,False,0.5943611394547299,0.40563886054527
0,0,True,0.6960808520814659,0.30391914791853414
0,1,False,0.7302554541584341,0.26974454584156593
0,0,True,0.5052991017759584,0.4947008982240417
0,1,False,0.691755381130711,0.30824461886928906
1,0,False,0.6110991686932454,0.6110991686932454
1,0,False,0.5995202111997959,0.5995202111997959
1,0,False,0.547095035628323,0.547095035628323
1,0,False,0.5996208350129284,0.5996208350129284
0,0,True,0.6939916626867373,0.30600833731326266
1,0,False,0.5451793205007186,0.5451793205007186
0,0,True,0.644772371104178,0.355227628895822
0,1,False,0.5014509833458322,0.49854901665416784
1,1,True,0.5338747661486605,0.5338747661486605
0,1,False,0.5240692973889973,0.47593070261100257
0,1,False,0.6528474859746568,0.3471525140253433
1,1,True,0.6942389394565598,0.6942389394565598
0,1,False,0.568670132632968,0.43132986736703216
1,0,False,0.78667973209254,0.78667973209254
1,0,False,0.6861815575333647,0.6861815575333647
1,0,False,0.7126361119294194,0.7126361119294194
0,1,False,0.6283076309543718,0.3716923690456282
1,0,False,0.5107713596427962,0.5107713596427962
0,1,False,0.502723869100227,0.49727613089977296
0,1,False,0.6682778882649556,0.3317221117350444
0,1,False,0.5179892355309257,0.4820107644690743
1,0,False,0.5877556796585187,0.5877556796585187
0,1,False,0.508364786533077,0.49163521346692285
1,1,True,0.5922600425490678,0.5922600425490678
1,1,True,0.6510689583752918,0.6510689583752918
0,1,False,0.5126700680284533,0.4873299319715466
0,1,False,0.527504264181523,0.4724957358184769
0,1,False,0.5975252684439889,0.40247473155601093
1,1,True,0.6194595437411855,0.6194595437411855
1,1,True,0.6401965877496401,0.6401965877496401
1,1,True,0.5665112604849466,0.5665112604849466
0,1,False,0.6343444808939037,0.3656555191060962
1,0,False,0.6071383615500967,0.6071383615500967
0,0,True,0.5864767814113354,0.4135232185886648
0,0,True,0.5544195432793766,0.44558045672062335
0,1,False,0.6101435857463077,0.38985641425369244
0,1,False,0.5891886704834073,0.41081132951659277
1,1,True,0.6165831941597083,0.6165831941597083
1,1,True,0.7119309484843415,0.7119309484843415
1,1,True,0.6617298722075691,0.6617298722075691
0,0,True,0.538977883029219,0.461022116970781
1,0,False,0.5375450599396193,0.5375450599396193
0,0,True,0.5739290050902539,0.42607099490974604
1,0,False,0.5240622133820104,0.5240622133820104
1,0,False,0.6978413169147318,0.6978413169147318
1,1,True,0.7379478970972522,0.7379478970972522
1,1,True,0.5930154547010613,0.5930154547010613
1,1,True,0.6359431788947787,0.6359431788947787
1,1,True,0.5280726290951634,0.5280726290951634
1,1,True,0.5668347519523864,0.5668347519523864
0,1,False,0.6514915898497028,0.3485084101502973
1,1,True,0.6597287218644091,0.6597287218644091
1,1,True,0.6691279847681307,0.6691279847681307
1,1,True,0.5804014675430951,0.5804014675430951
0,1,False,0.6735358871517171,0.3264641128482829
1,1,True,0.5753672015646987,0.5753672015646987
0,1,False,0.6192626011650204,0.3807373988349797
0,1,False,0.6184735856721181,0.3815264143278819
0,1,False,0.6155442686803073,0.38445573131969274
0,1,False,0.6314091214956623,0.3685908785043377
1,0,False,0.5519219704603748,0.5519219704603748
1,0,False,0.5500067820598306,0.5500067820598306
0,0,True,0.5184805776785479,0.48151942232145206
1,0,False,0.612275252491455,0.612275252491455
1,0,False,0.5604244237117767,0.5604244237117767
1,0,False,0.613786358091141,0.613786358091141
1,1,True,0.5683018078110316,0.5683018078110316
0,1,False,0.5162167472351966,0.48378325276480344
0,1,False,0.5589891943634531,0.4410108056365469
0,1,False,0.6269482782038169,0.3730517217961832
0,1,False,0.5145113996185866,0.4854886003814135
0,1,False,0.5117973429096566,0.48820265709034333
1,0,False,0.7191313519917406,0.7191313519917406
0,1,False,0.6327714757642688,0.36722852423573116
0,1,False,0.5676706912059535,0.4323293087940464
1,0,False,0.511411066637806,0.511411066637806
1,1,True,0.6528743122124162,0.6528743122124162
1,1,True,0.5252506517627432,0.5252506517627432
0,1,False,0.6282080751380029,0.3717919248619971
1,1,True,0.6542126401703746,0.6542126401703746
1,1,True,0.5505875329651224,0.5505875329651224
1,0,False,0.548687227189771,0.548687227189771
0,0,True,0.5282596093859262,0.4717403906140735
0,0,True,0.5304242554687054,0.4695757445312946
0,0,True,0.5941839376010283,0.4058160623989718
0,0,True,0.525182769320356,0.47481723067964404
1,1,True,0.6809343727857543,0.6809343727857543
1,0,False,0.5832670374067017,0.5832670374067017
0,0,True,0.5570942917189032,0.44290570828109677
1,0,False,0.6392885204735217,0.6392885204735217
1,0,False,0.629022083912322,0.629022083912322
0,0,True,0.5190949639019804,0.4809050360980195
0,1,False,0.6092446241381786,0.39075537586182146
0,1,False,0.5051148216148373,0.49488517838516255
0,1,False,0.6165487382289956,0.3834512617710043
1,1,True,0.526934559176153,0.526934559176153
1,1,True,0.564781213953764,0.564781213953764
1,0,False,0.664015040059803,0.664015040059803
1,1,True,0.6938731479413512,0.6938731479413512
0,1,False,0.5720964149629694,0.4279035850370307
1,1,True,0.5879450748482615,0.5879450748482615
1,1,True,0.7864416672846155,0.7864416672846155
1,1,True,0.536498812401667,0.536498812401667
1,1,True,0.6764098498725362,0.6764098498725362
1,0,False,0.6755311876594968,0.6755311876594968
1,0,False,0.5635437252975258,0.5635437252975258
1,0,False,0.6239564341692299,0.6239564341692299
0,0,True,0.6258821732009427,0.37411782679905736
0,0,True,0.5233497538908645,0.4766502461091355
1,0,False,0.5916173216289591,0.5916173216289591
1,0,False,0.575547026829535,0.575547026829535
0,0,True,0.5517819885592665,0.4482180114407336
0,0,True,0.6069355291624972,0.39306447083750284
0,0,True,0.6282141965304385,0.37178580346956147
0,0,True,0.7312120888273261,0.2687879111726738
0,0,True,0.7193385774218164,0.28066142257818355
0,0,True,0.6282698724098709,0.371730127590129
1,0,False,0.5409201689564704,0.5409201689564704
0,0,True,0.576454400485582,0.423545599514418
0,0,True,0.5523535488255761,0.4476464511744239
0,0,True,0.5600813660628168,0.4399186339371831
0,1,False,0.6694611582804838,0.330538841719516
0,1,False,0.6857514429375239,0.3142485570624761
0,1,False,0.553181052021667,0.4468189479783331
1,0,False,0.5905118510101959,0.5905118510101959
1,1,True,0.6839487825831954,0.6839487825831954
1,1,True,0.7164407311900838,0.7164407311900838
1,0,False,0.7732243507733525,0.7732243507733525
1,0,False,0.7750258795169405,0.7750258795169405
1,0,False,0.7494228683815558,0.7494228683815558
1,0,False,0.7004240747712698,0.7004240747712698
0,0,True,0.6308170342271798,0.3691829657728204
0,0,True,0.649091533671666,0.35090846632833406
1,1,True,0.6607620458418627,0.6607620458418627
1,1,True,0.5723642614352329,0.5723642614352329
1,1,True,0.6357875293318954,0.6357875293318954
1,1,True,0.6014267814689509,0.6014267814689509
1,1,True,0.6913895118244873,0.6913895118244873
1,0,False,0.6825824845893023,0.6825824845893023
1,1,True,0.5190702569337404,0.5190702569337404
0,1,False,0.6365739471526843,0.3634260528473158
0,1,False,0.6728742148432001,0.3271257851568
0,1,False,0.6673040729499179,0.3326959270500823
0,1,False,0.6293864284553846,0.3706135715446154
0,1,False,0.5407849318090946,0.45921506819090535
0,1,False,0.663345006221981,0.3366549937780191
0,0,True,0.5185978725929445,0.48140212740705557
0,1,False,0.6163675481865349,0.3836324518134651
0,1,False,0.7487061979780457,0.2512938020219543
0,0,True,0.7270163672884649,0.272983632711535
0,1,False,0.6112384555491907,0.38876154445080935
0,1,False,0.5557870090337287,0.4442129909662712
1,1,True,0.5770477550685402,0.5770477550685402
0,1,False,0.5200437259874529,0.47995627401254715
0,1,False,0.5610315987681596,0.4389684012318405
0,1,False,0.5652417569301647,0.43475824306983535
0,0,True,0.6365409453356905,0.36345905466430933
0,0,True,0.6453855854119374,0.35461441458806253
0,0,True,0.6460712260956825,0.35392877390431765
0,0,True,0.6843037674392041,0.3156962325607958
0,1,False,0.5790534362041164,0.4209465637958833
1,1,True,0.6949775551615097,0.6949775551615097
1,1,True,0.5127487871495809,0.5127487871495809
1,1,True,0.6176142191189486,0.6176142191189486
1,1,True,0.5079123288640737,0.5079123288640737
0,1,False,0.6120239251461682,0.3879760748538317
0,1,False,0.601266759156023,0.3987332408439769
0,0,True,0.634760932744917,0.365239067255083
0,0,True,0.7016779235455557,0.2983220764544441
0,0,True,0.6864747236563659,0.31352527634363386
0,0,True,0.6913660088601378,0.308633991139862
0,0,True,0.613991823991805,0.3860081760081948
1,0,False,0.5519484771974237,0.5519484771974237
1,0,False,0.6128598102829867,0.6128598102829867
1,0,False,0.6747904363279987,0.6747904363279987
1,0,False,0.656816357549062,0.656816357549062
1,0,False,0.6147840001533604,0.6147840001533604
1,0,False,0.6340210480174193,0.6340210480174193
1,1,True,0.6869087424664645,0.6869087424664645
1,1,True,0.7164705206080882,0.7164705206080882
1,1,True,0.7347065902299001,0.7347065902299001
1,1,True,0.7152823030727165,0.7152823030727165
1,1,True,0.6517261690801561,0.6517261690801561
0,1,False,0.6117393289394095,0.3882606710605906
0,1,False,0.6251104523791847,0.3748895476208154
0,1,False,0.6505054749046248,0.3494945250953754
0,1,False,0.6926039604802485,0.3073960395197516
0,1,False,0.6538829721756584,0.34611702782434167
0,1,False,0.6850127960992596,0.31498720390074064
0,0,True,0.7720561731868276,0.22794382681317232
0,1,False,0.6527791506279335,0.34722084937206654
0,0,True,0.6189561009277551,0.38104389907224495
0,1,False,0.5597895297728213,0.44021047022717874
0,1,False,0.524988294713374,0.4750117052866262
1,0,False,0.5686196003664901,0.5686196003664901
1,0,False,0.5157341050500566,0.5157341050500566
1,0,False,0.5110971481886364,0.5110971481886364
1,0,False,0.5045314168683137,0.5045314168683137
0,0,True,0.5038876593496624,0.49611234065033777
0,0,True,0.502907545094157,0.49709245490584286
1,1,True,0.6784947321347976,0.6784947321347976
1,1,True,0.6462158945292436,0.6462158945292436
1,1,True,0.7611424669865542,0.7611424669865542
1,1,True,0.6866320550718813,0.6866320550718813
1,1,True,0.5201964859147852,0.5201964859147852
1,0,False,0.7876794378199563,0.7876794378199563
0,0,True,0.5139272109114453,0.48607278908855467
1,1,True,0.5136694934213093,0.5136694934213093
0,1,False,0.5408817390342014,0.45911826096579844
0,1,False,0.5707968387824984,0.42920316121750146
1,1,True,0.6477089213791419,0.6477089213791419
1,1,True,0.5184521560592572,0.5184521560592572
0,1,False,0.616758810567359,0.38324118943264096
1,1,True,0.5248901042072941,0.5248901042072941
0,1,False,0.5928558756955126,0.40714412430448743
1,1,True,0.5428451331213273,0.5428451331213273
1,1,True,0.5075389199450472,0.5075389199450472
0,1,False,0.6257912397466048,0.3742087602533952
0,1,False,0.5443729610777039,0.45562703892229617
0,1,False,0.6189417795845562,0.3810582204154437
0,1,False,0.6265904728342805,0.3734095271657195
1,1,True,0.5031127703867442,0.5031127703867442
0,0,True,0.6008099786632954,0.39919002133670456
0,0,True,0.6361155725065213,0.36388442749347844
0,0,True,0.6908874179772633,0.3091125820227366
0,0,True,0.6729507466536643,0.3270492533463357
0,0,True,0.5497840870804802,0.4502159129195198
1,1,True,0.6245839279233241,0.6245839279233241
1,0,False,0.5625073945302805,0.5625073945302805
1,0,False,0.6769337634069279,0.6769337634069279
1,0,False,0.5396774445946353,0.5396774445946353
1,0,False,0.5838695169083029,0.5838695169083029
0,1,False,0.5944716123110247,0.4055283876889752
0,1,False,0.5305040951150157,0.46949590488498416
1,1,True,0.5591410057283486,0.5591410057283486
0,1,False,0.5062108508764869,0.493789149123513
1,1,True,0.5081404865045114,0.5081404865045114
1,1,True,0.570711526338787,0.570711526338787
0,0,True,0.6122304465392313,0.3877695534607687
0,1,False,0.5209936409637761,0.4790063590362239
0,1,False,0.5867820107269425,0.41321798927305753
1,0,False,0.588999036671873,0.588999036671873
1,1,True,0.5863605396550352,0.5863605396550352
0,1,False,0.603943836400579,0.396056163599421
0,1,False,0.587286098748663,0.412713901251337
1,1,True,0.5043845554962065,0.5043845554962065
0,0,True,0.5817603681376728,0.41823963186232704
1,0,False,0.5093082188941418,0.5093082188941418
0,0,True,0.5942804781889888,0.4057195218110112
0,0,True,0.549024377372239,0.450975622627761
1,1,True,0.5200762611399502,0.5200762611399502
0,1,False,0.5784895632831216,0.42151043671687827
0,1,False,0.5047588356293145,0.49524116437068544
1,1,True,0.5633276105051241,0.5633276105051241
0,0,True,0.5721849152933363,0.4278150847066637
0,0,True,0.5147759553911453,0.4852240446088548
0,0,True,0.5829547397933497,0.41704526020665034
0,0,True,0.6020366697774481,0.39796333022255204
0,0,True,0.5381714861415551,0.461828513858445
0,0,True,0.5368924965713298,0.46310750342867024
1,1,True,0.5461559927172954,0.5461559927172954
1,0,False,0.5607524848514708,0.5607524848514708
1,1,True,0.5023638731745736,0.5023638731745736
1,1,True,0.6862234716319744,0.6862234716319744
1,1,True,0.5261741486623535,0.5261741486623535
1,0,False,0.5331849547446204,0.5331849547446204
1,1,True,0.6264288207977942,0.6264288207977942
0,1,False,0.5048542764887688,0.4951457235112311
1,1,True,0.5320677801826674,0.5320677801826674
1,1,True,0.5452819264882296,0.5452819264882296
1,1,True,0.5869737359133411,0.5869737359133411
1,0,False,0.5106854893990531,0.5106854893990531
0,0,True,0.5872374650728848,0.41276253492711523
0,0,True,0.5973080640524786,0.4026919359475215
0,0,True,0.5346721889296041,0.465327811070396
0,0,True,0.5958814465842769,0.40411855341572317
0,1,False,0.5950216575960721,0.40497834240392794
1,1,True,0.5486842310493139,0.5486842310493139
1,1,True,0.5702965902862108,0.5702965902862108
1,1,True,0.6787935820077933,0.6787935820077933
1,1,True,0.626712495345509,0.626712495345509
1,0,False,0.5721687482540796,0.5721687482540796
0,1,False,0.6263143560190003,0.3736856439809997
0,1,False,0.5559318715568965,0.44406812844310367
1,1,True,0.5310405466275223,0.5310405466275223
0,1,False,0.6707824648753753,0.32921753512462465
0,1,False,0.5915484044950212,0.4084515955049788
1,1,True,0.6283347589554208,0.6283347589554208
0,1,False,0.6698585807898788,0.3301414192101212
0,1,False,0.6355153586382692,0.3644846413617307
0,1,False,0.6117445041393079,0.3882554958606921
0,1,False,0.6053339472694829,0.3946660527305171
0,1,False,0.5378705215308517,0.4621294784691482
0,1,False,0.6271349031839324,0.3728650968160675
0,1,False,0.5933531362733447,0.40664686372665504
0,1,False,0.6077715589999663,0.3922284410000336
0,1,False,0.6579559388271522,0.3420440611728478
0,1,False,0.7194036691178669,0.2805963308821332
0,1,False,0.5088701757257347,0.49112982427426544
0,1,False,0.5007925811818819,0.4992074188181182
0,1,False,0.5353312798629135,0.46466872013708654
0,1,False,0.7153179641764055,0.2846820358235946
0,1,False,0.6580295706354428,0.34197042936455735
0,1,False,0.6681549023631613,0.33184509763683884
0,1,False,0.5214669728205337,0.47853302717946644
0,1,False,0.6065022470093588,0.3934977529906414
0,0,True,0.5914065009158518,0.4085934990841483
0,1,False,0.5817355410340914,0.4182644589659086
0,1,False,0.6785910791768948,0.3214089208231053
0,1,False,0.5711164207967778,0.4288835792032223
0,1,False,0.5991968960035716,0.40080310399642854
0,1,False,0.5091558418748652,0.49084415812513493
0,1,False,0.6816584630672206,0.31834153693277956
0,0,True,0.6648078741108583,0.3351921258891417
0,1,False,0.6896482085151909,0.3103517914848092
0,0,True,0.670398132199703,0.329601867800297
0,1,False,0.6362286523426871,0.363771347657313
0,1,False,0.5804088650420653,0.41959113495793465
0,1,False,0.6151856513194278,0.3848143486805723
1,1,True,0.6044927962924912,0.6044927962924912
0,1,False,0.505173110177796,0.494826889822204
0,0,True,0.5202044481756094,0.4797955518243903
0,0,True,0.6402233303408814,0.3597766696591183
0,1,False,0.7068835951502244,0.2931164048497756
0,1,False,0.582335688817273,0.41766431118272673
0,1,False,0.5773404074541667,0.42265959254583346
1,0,False,0.5327620474219923,0.5327620474219923
1,1,True,0.5078401374893092,0.5078401374893092
1,0,False,0.5057000025429366,0.5057000025429366
0,0,True,0.6495109074991301,0.35048909250087
0,1,False,0.6280877112535187,0.3719122887464812
0,1,False,0.6116686140362977,0.3883313859637024
0,0,True,0.563491829413652,0.43650817058634783
1,1,True,0.5086780637385523,0.5086780637385523
1,1,True,0.6248271442657097,0.6248271442657097
1,0,False,0.5110730706494375,0.5110730706494375
0,1,False,0.6243395380007766,0.37566046199922326
0,1,False,0.6410913015922157,0.35890869840778417
0,1,False,0.6813572707726663,0.3186427292273335
0,0,True,0.5762250707258453,0.4237749292741547
1,0,False,0.5345433103822581,0.5345433103822581
0,0,True,0.5033314243365103,0.4966685756634897
0,0,True,0.6456444110356712,0.35435558896432884
0,0,True,0.5884739827499696,0.41152601725003024
0,0,True,0.665879662951292,0.33412033704870775
0,0,True,0.5713135764581336,0.42868642354186637
1,1,True,0.5130303701888397,0.5130303701888397
1,1,True,0.6288262453215411,0.6288262453215411
1,1,True,0.524089643022032,0.524089643022032
0,0,True,0.5781706188571363,0.4218293811428637
0,1,False,0.5945948264458703,0.40540517355412975
0,0,True,0.5969321357576944,0.40306786424230556
0,0,True,0.537026736685237,0.46297326331476296
0,0,True,0.5977084816433887,0.40229151835661137
1,0,False,0.5000417454916148,0.5000417454916148
0,0,True,0.5516168172158132,0.4483831827841869
0,0,True,0.5058564778050705,0.49414352219492963
1,1,True,0.5199871946726591,0.5199871946726591
1,1,True,0.5296123126865436,0.5296123126865436
1,1,True,0.5303600047914927,0.5303600047914927
1,1,True,0.5197297535707269,0.5197297535707269
1,1,True,0.5925819599368264,0.5925819599368264
0,1,False,0.5480550456610285,0.4519449543389715
0,1,False,0.562930844118491,0.437069155881509
0,1,False,0.5301763343366818,0.4698236656633181
1,1,True,0.5049107774732852,0.5049107774732852
0,1,False,0.5882227894955101,0.41177721050448995
0,1,False,0.6143083954549111,0.385691604545089
0,0,True,0.5748567596428502,0.4251432403571498
0,1,False,0.6088634866738422,0.3911365133261578
0,1,False,0.6240502672754225,0.37594973272457743
0,1,False,0.598702573488245,0.40129742651175493
0,1,False,0.529731103106605,0.47026889689339496
0,1,False,0.5627734162571885,0.43722658374281154
0,0,True,0.5200121389289405,0.4799878610710595
0,0,True,0.5401826285189097,0.4598173714810903
0,1,False,0.6431469731936287,0.3568530268063713
0,1,False,0.7129501273650725,0.28704987263492754
0,1,False,0.715694764311205,0.28430523568879473
0,1,False,0.5043455895406109,0.49565441045938907
1,1,True,0.5807621069281192,0.5807621069281192
1,0,False,0.6277566925192396,0.6277566925192396
0,0,True,0.5825714436040423,0.41742855639595755
0,0,True,0.744978543415086,0.25502145658491393
0,1,False,0.7241347177168754,0.2758652822831245
0,1,False,0.7297737281199419,0.27022627188005804
0,1,False,0.7054410639970405,0.29455893600295946
1,1,True,0.5333593496244631,0.5333593496244631
1,1,True,0.562869972032252,0.562869972032252
0,0,True,0.5192753975365457,0.4807246024634543
0,0,True,0.5762684680220368,0.423731531977963
0,0,True,0.6637635659210129,0.3362364340789872
0,1,False,0.5746768282537459,0.4253231717462543
0,1,False,0.5526686604793676,0.4473313395206324
0,1,False,0.5351191414012255,0.4648808585987745
0,1,False,0.5498709896582592,0.4501290103417407
0,1,False,0.5656514352519006,0.4343485647480993
0,1,False,0.5515225223667287,0.4484774776332713
0,1,False,0.5223718584982845,0.4776281415017156
0,1,False,0.6081362663180752,0.39186373368192473
0,0,True,0.6346555921265263,0.36534440787347355
0,0,True,0.6447074502922343,0.35529254970776536
0,0,True,0.6249337516665897,0.37506624833341023
0,0,True,0.5875831140225936,0.41241688597740633
0,0,True,0.5478264948056899,0.45217350519431
1,0,False,0.5453896865212545,0.5453896865212545
1,1,True,0.5382419653878846,0.5382419653878846
1,1,True,0.5679551424017879,0.5679551424017879
1,1,True,0.507040609079831,0.507040609079831
1,1,True,0.5945893509266031,0.5945893509266031
1,1,True,0.6194758162191152,0.6194758162191152
1,1,True,0.5808241793576918,0.5808241793576918
0,0,True,0.5821774803978783,0.41782251960212163
0,1,False,0.5255973518421606,0.47440264815783945
0,0,True,0.6335937917166508,0.36640620828334924
0,0,True,0.603342814596618,0.39665718540338213
0,0,True,0.5505014716509844,0.44949852834901566
0,0,True,0.6507921124472935,0.34920788755270643
1,0,False,0.5117459022647798,0.5117459022647798
1,1,True,0.5103485450828062,0.5103485450828062
1,1,True,0.529787265979954,0.529787265979954
0,1,False,0.582688564162589,0.4173114358374111
1,1,True,0.5310684541668123,0.5310684541668123
1,1,True,0.5687382844948969,0.5687382844948969
1,1,True,0.5820237625033432,0.5820237625033432
0,0,True,0.6111294706829893,0.38887052931701094
0,0,True,0.5796339723226368,0.4203660276773632
0,1,False,0.6497843684367055,0.3502156315632944
0,1,False,0.5932353207157257,0.4067646792842742
0,1,False,0.5209390900780262,0.47906090992197387
1,1,True,0.6457912542753751,0.6457912542753751
1,1,True,0.5565933136744411,0.5565933136744411
1,0,False,0.5505286702611165,0.5505286702611165
0,0,True,0.5816747391502117,0.4183252608497883
0,1,False,0.6775095348837091,0.32249046511629054
0,0,True,0.7494574082292791,0.25054259177072075
0,1,False,0.6979829070151913,0.30201709298480867
0,0,True,0.56947402066141,0.4305259793385902
1,0,False,0.5052903385587867,0.5052903385587867
1,0,False,0.5520863133683187,0.5520863133683187
1,0,False,0.5090966537340254,0.5090966537340254
0,0,True,0.6658992540779619,0.3341007459220381
0,0,True,0.7018911528118618,0.29810884718813846
1,1,True,0.6068078145903073,0.6068078145903073
1,1,True,0.7792223014207407,0.7792223014207407
1,0,False,0.7623570051661619,0.7623570051661619
1,0,False,0.5337387704917198,0.5337387704917198
0,0,True,0.67696893189479,0.32303106810521004
0,0,True,0.6140657292132358,0.3859342707867641
0,0,True,0.644346434843439,0.35565356515656105
0,0,True,0.5363589643269677,0.4636410356730323
0,0,True,0.5249017145247494,0.4750982854752508
0,0,True,0.531983571390222,0.4680164286097782
0,0,True,0.5844115100771923,0.4155884899228076
0,0,True,0.5917954982442857,0.4082045017557143
0,0,True,0.6569742438407264,0.3430257561592738
0,1,False,0.587070754151341,0.412929245848659
1,1,True,0.5815811954799603,0.5815811954799603
1,1,True,0.673955635425691,0.673955635425691
1,1,True,0.6581159835895157,0.6581159835895157
0,1,False,0.5291095861127356,0.47089041388726444
0,1,False,0.6265136687894994,0.3734863312105004
0,1,False,0.6765218656602412,0.3234781343397588
0,1,False,0.6824488029528688,0.3175511970471311
0,1,False,0.6362248407997302,0.3637751592002698
0,1,False,0.6831803755013865,0.31681962449861334
0,1,False,0.5518306299568778,0.4481693700431221
0,1,False,0.5763785138569701,0.42362148614303013
0,1,False,0.5284721262806051,0.47152787371939475
0,1,False,0.5154190896858748,0.4845809103141251
0,1,False,0.5569084700255507,0.44309152997444934
0,1,False,0.5931962856311892,0.40680371436881085
0,1,False,0.5846413585886279,0.415358641411372
0,1,False,0.5446626940309773,0.45533730596902267
0,1,False,0.6354142677193678,0.36458573228063207
0,0,True,0.5907209810942241,0.4092790189057759
0,0,True,0.6423157202421832,0.35768427975781675
0,1,False,0.6554970678177292,0.3445029321822708
0,1,False,0.5742880502322634,0.4257119497677366
0,0,True,0.5435937212982653,0.45640627870173445
0,0,True,0.5952954285697015,0.4047045714302985
0,0,True,0.5307276347243179,0.4692723652756819
0,0,True,0.5536694927350101,0.44633050726498985
0,0,True,0.5570423151238615,0.4429576848761385
0,0,True,0.562160720548876,0.43783927945112394
1,0,False,0.5864196200191665,0.5864196200191665
1,0,False,0.6209954739734802,0.6209954739734802
1,0,False,0.5824690044959151,0.5824690044959151
1,0,False,0.532641750891098,0.532641750891098
0,1,False,0.533490900250007,0.46650909974999294
1,1,True,0.7458153243805257,0.7458153243805257
1,1,True,0.8181420122360291,0.8181420122360291
1,1,True,0.7383485822123497,0.7383485822123497
1,1,True,0.7511439464132832,0.7511439464132832
0,0,True,0.568086362741133,0.43191363725886706
0,0,True,0.6051940171011292,0.394805982898871
0,0,True,0.5049848958941922,0.49501510410580785
0,0,True,0.5694455146759901,0.4305544853240099
1,0,False,0.6614962265892662,0.6614962265892662
0,0,True,0.5342605889094303,0.4657394110905697
0,0,True,0.5416589049032302,0.4583410950967698
1,1,True,0.5522518015045832,0.5522518015045832
0,1,False,0.505780432926829,0.49421956707317105
1,0,False,0.5773754944171192,0.5773754944171192
1,0,False,0.6235221238021217,0.6235221238021217
1,0,False,0.6423114150191628,0.6423114150191628
1,0,False,0.594516824169166,0.594516824169166
0,0,True,0.5814875138489748,0.41851248615102515
1,0,False,0.5302347741841049,0.5302347741841049
1,0,False,0.5562387001784517,0.5562387001784517
1,0,False,0.595308539646694,0.595308539646694
1,0,False,0.6236623169527528,0.6236623169527528
1,0,False,0.6675387588022142,0.6675387588022142
1,0,False,0.5871621988938489,0.5871621988938489
1,1,True,0.6292198287119933,0.6292198287119933
1,0,False,0.7508681719058873,0.7508681719058873
1,0,False,0.6755098285437678,0.6755098285437678
1,0,False,0.6814054745023141,0.6814054745023141
1,0,False,0.5795860677334441,0.5795860677334441
0,1,False,0.5124607450815286,0.4875392549184713
1,1,True,0.5481430194025074,0.5481430194025074
1,1,True,0.5804657897870333,0.5804657897870333
1,1,True,0.6238651019867152,0.6238651019867152
1,1,True,0.575743980008721,0.575743980008721
0,1,False,0.5862772203157465,0.41372277968425347
0,1,False,0.5994862197712222,0.4005137802287778
0,1,False,0.6429017251675121,0.3570982748324877
0,1,False,0.6344552999875543,0.36554470001244543
0,1,False,0.5083950119134546,0.4916049880865452
1,0,False,0.5472605910720268,0.5472605910720268
1,1,True,0.569917461191228,0.569917461191228
1,0,False,0.612181317214345,0.612181317214345
1,0,False,0.6086163659510453,0.6086163659510453
1,1,True,0.602693124686672,0.602693124686672
1,1,True,0.6974219462663309,0.6974219462663309
1,1,True,0.6846630206319719,0.6846630206319719
1,1,True,0.6582140164596144,0.6582140164596144
1,1,True,0.6474604135583193,0.6474604135583193
1,1,True,0.5937813138975082,0.5937813138975082
0,1,False,0.5464416210065028,0.45355837899349705
1,1,True,0.5251381997729697,0.5251381997729697
0,1,False,0.5251974679489119,0.47480253205108836
1,1,True,0.5140155763206999,0.5140155763206999
1,1,True,0.5457021939937214,0.5457021939937214
1,0,False,0.5939103695728033,0.5939103695728033
1,1,True,0.5928978878406568,0.5928978878406568
1,0,False,0.6659346982423804,0.6659346982423804
1,0,False,0.5422635647159557,0.5422635647159557
1,0,False,0.5100473539152715,0.5100473539152715
1,0,False,0.5507227751813157,0.5507227751813157
1,0,False,0.5804247038808086,0.5804247038808086
1,0,False,0.6177560090793136,0.6177560090793136
1,1,True,0.6850761066069316,0.6850761066069316
1,1,True,0.5722037125978835,0.5722037125978835
0,1,False,0.6341059664809946,0.3658940335190052
1,1,True,0.6433470697223374,0.6433470697223374
1,1,True,0.5794034370053079,0.5794034370053079
1,1,True,0.6253290418334028,0.6253290418334028
0,1,False,0.6110132026539813,0.3889867973460188
0,0,True,0.6138365751801191,0.386163424819881
0,0,True,0.5847194416527983,0.4152805583472017
0,1,False,0.6466495703514085,0.3533504296485914
0,1,False,0.5946745950621783,0.40532540493782154
0,0,True,0.5778066283810074,0.4221933716189926
0,1,False,0.5141211132330816,0.4858788867669185
1,0,False,0.5288159953384695,0.5288159953384695
0,0,True,0.526788017505428,0.4732119824945719
0,0,True,0.5148697292832778,0.4851302707167222
0,0,True,0.6125733177304988,0.387426682269501
0,0,True,0.5791295359431027,0.4208704640568973
1,0,False,0.5498665993788132,0.5498665993788132
0,0,True,0.5560302660307723,0.44396973396922795
1,0,False,0.5509463738774956,0.5509463738774956
0,0,True,0.5072142746139197,0.49278572538608034
1,1,True,0.5218913587891433,0.5218913587891433
1,1,True,0.6845987999180388,0.6845987999180388
1,1,True,0.733628025773345,0.733628025773345
1,1,True,0.6795018608107477,0.6795018608107477
1,1,True,0.6503370127170889,0.6503370127170889
0,0,True,0.5306653186162898,0.46933468138371026
0,1,False,0.6005246011285621,0.3994753988714379
0,1,False,0.6420733909872682,0.3579266090127319
0,1,False,0.5636796889453475,0.4363203110546526
0,1,False,0.582212000274242,0.417787999725758
0,1,False,0.5881729259504535,0.4118270740495465
0,1,False,0.622648882832864,0.37735111716713615
0,1,False,0.5172744501492169,0.4827255498507832
0,1,False,0.5567031997457315,0.44329680025426854
1,1,True,0.5029245844021524,0.5029245844021524
1,1,True,0.5453054320553049,0.5453054320553049
1,1,True,0.5341368552590531,0.5341368552590531
1,1,True,0.5685548480062173,0.5685548480062173
0,1,False,0.5027732769723761,0.49722672302762383
0,1,False,0.5527091677044411,0.4472908322955591
1,0,False,0.5161467496674536,0.5161467496674536
1,0,False,0.6028862509502397,0.6028862509502397
0,0,True,0.5574346273251147,0.4425653726748854
1,0,False,0.6458434936601868,0.6458434936601868
1,0,False,0.6774749453763899,0.6774749453763899
1,0,False,0.5844608414460367,0.5844608414460367
1,0,False,0.6458473635646645,0.6458473635646645
1,0,False,0.5436907486091594,0.5436907486091594
1,0,False,0.6149810190889575,0.6149810190889575
1,0,False,0.6752353684631672,0.6752353684631672
1,0,False,0.7457730198163461,0.7457730198163461
1,0,False,0.7064047814166531,0.7064047814166531
1,0,False,0.5864416658921119,0.5864416658921119
1,0,False,0.7979824272650248,0.7979824272650248
1,0,False,0.7367179103764366,0.7367179103764366
1,0,False,0.8113977344145527,0.8113977344145527
1,0,False,0.7785334591672963,0.7785334591672963
1,0,False,0.6862999962306533,0.6862999962306533
1,0,False,0.6792102743773003,0.6792102743773003
1,0,False,0.6387052346631298,0.6387052346631298
1,0,False,0.5936007750811221,0.5936007750811221
1,1,True,0.5826113992923888,0.5826113992923888
1,1,True,0.7462365053619081,0.7462365053619081
1,0,False,0.7067056737035097,0.7067056737035097
1,0,False,0.6775859987951622,0.6775859987951622
1,0,False,0.5905290440702227,0.5905290440702227
0,0,True,0.5615783260092723,0.4384216739907276
0,0,True,0.6361840491715435,0.3638159508284565
0,0,True,0.6236300360348083,0.37636996396519157
1,0,False,0.5843693516716382,0.5843693516716382
1,0,False,0.5704838818886461,0.5704838818886461
0,0,True,0.5708852583583134,0.42911474164168667
0,0,True,0.5207624669471558,0.47923753305284444
0,0,True,0.6401969949707114,0.35980300502928864
0,1,False,0.6125933368343601,0.3874066631656397
1,1,True,0.6306082833957981,0.6306082833957981
1,1,True,0.6633415803019868,0.6633415803019868
1,1,True,0.6227359126749862,0.6227359126749862
1,1,True,0.5584527116538847,0.5584527116538847
1,1,True,0.5401415469413012,0.5401415469413012
1,1,True,0.5279550293522162,0.5279550293522162
0,1,False,0.5835447715211564,0.41645522847884353
1,1,True,0.5270000472797152,0.5270000472797152
1,1,True,0.6199563626473146,0.6199563626473146
1,1,True,0.6323816847823516,0.6323816847823516
1,0,False,0.5430432102430259,0.5430432102430259
1,0,False,0.5388278070455884,0.5388278070455884
1,0,False,0.5125141758044842,0.5125141758044842
1,0,False,0.5460132597916849,0.5460132597916849
1,0,False,0.6052135486216039,0.6052135486216039
1,1,True,0.607753811094691,0.607753811094691
1,1,True,0.6486803664589904,0.6486803664589904
1,1,True,0.7158395511959623,0.7158395511959623
1,1,True,0.6694382460391479,0.6694382460391479
1,1,True,0.6883320489596229,0.6883320489596229
1,1,True,0.5927052918398424,0.5927052918398424
1,0,False,0.5079792485939713,0.5079792485939713
1,1,True,0.5329080622701794,0.5329080622701794
1,0,False,0.5809714864478825,0.5809714864478825
1,0,False,0.5024109412163936,0.5024109412163936
1,0,False,0.5611394155624125,0.5611394155624125
1,0,False,0.5546240380896139,0.5546240380896139
1,0,False,0.5594449605995704,0.5594449605995704
1,0,False,0.5782197928176269,0.5782197928176269
1,1,True,0.6518572387412337,0.6518572387412337
1,1,True,0.6298162520889266,0.6298162520889266
1,1,True,0.601543962764933,0.601543962764933
1,1,True,0.6086158110421742,0.6086158110421742
1,1,True,0.6077807945478464,0.6077807945478464
1,1,True,0.5198541561551332,0.5198541561551332
1,1,True,0.5061857629980522,0.5061857629980522
1,1,True,0.5926312843576022,0.5926312843576022
1,1,True,0.5919507455949338,0.5919507455949338
0,1,False,0.5037042417980553,0.4962957582019447
0,1,False,0.5672258272637288,0.43277417273627133
1,1,True,0.5170159364156007,0.5170159364156007
0,1,False,0.5085205512850038,0.49147944871499605
1,1,True,0.5439882999669784,0.5439882999669784
0,0,True,0.5002523857190473,0.4997476142809529
0,0,True,0.5147922813717145,0.48520771862828543
1,0,False,0.537264120698068,0.537264120698068
1,0,False,0.525301471509521,0.525301471509521
1,0,False,0.5159655949914193,0.5159655949914193
0,0,True,0.5441959686884548,0.4558040313115453
1,1,True,0.5159195959043903,0.5159195959043903
1,1,True,0.6377376554762417,0.6377376554762417
1,1,True,0.571788259877185,0.571788259877185
1,1,True,0.6231293587228437,0.6231293587228437
1,1,True,0.5007016513540858,0.5007016513540858
1,1,True,0.6385437448054454,0.6385437448054454
1,0,False,0.5925179376316445,0.5925179376316445
1,0,False,0.623796083483417,0.623796083483417
0,0,True,0.512643622207859,0.4873563777921409
1,0,False,0.6185711766275738,0.6185711766275738
1,1,True,0.5828162969416777,0.5828162969416777
0,1,False,0.5390643983432188,0.46093560165678116
1,1,True,0.5550594608744679,0.5550594608744679
1,0,False,0.547550646666285,0.547550646666285
0,0,True,0.5036804896559081,0.49631951034409205
0,0,True,0.5093311930127262,0.4906688069872738
1,0,False,0.5757038752566435,0.5757038752566435
1,0,False,0.5356980765276139,0.5356980765276139
1,0,False,0.6512904071790079,0.6512904071790079
1,0,False,0.5932467591084079,0.5932467591084079
1,0,False,0.6193174075384895,0.6193174075384895
1,0,False,0.5756406615314282,0.5756406615314282
1,0,False,0.5763107445041926,0.5763107445041926
1,0,False,0.7013509466068466,0.7013509466068466
1,0,False,0.6251438172096291,0.6251438172096291
1,0,False,0.7542619603206484,0.7542619603206484
1,1,True,0.7834143481891174,0.7834143481891174
1,1,True,0.6750447995935946,0.6750447995935946
1,1,True,0.7022815506609605,0.7022815506609605
0,0,True,0.5272602243406614,0.4727397756593385
0,1,False,0.585294595460628,0.4147054045393721
0,1,False,0.5713941062384537,0.4286058937615462
1,1,True,0.510771476441523,0.510771476441523
0,1,False,0.5491612730385556,0.45083872696144456
0,1,False,0.5829949863744689,0.41700501362553105
0,1,False,0.6930353489528414,0.30696465104715864
0,1,False,0.5626457252810277,0.43735427471897226
0,0,True,0.6866419710090834,0.31335802899091664
0,1,False,0.5900622865420747,0.40993771345792535
0,1,False,0.5357344372718564,0.46426556272814357
0,1,False,0.6466666393039764,0.3533333606960236
0,1,False,0.6066111447020298,0.3933888552979701
1,1,True,0.7451533687046351,0.7451533687046351
0,0,True,0.5094600349896464,0.49053996501035346
0,0,True,0.5403792382641446,0.4596207617358554
1,0,False,0.5649711993154082,0.5649711993154082
1,0,False,0.5419381876671481,0.5419381876671481
1,0,False,0.5332692119495743,0.5332692119495743
1,0,False,0.7263950710726681,0.7263950710726681
1,0,False,0.8073049908710632,0.8073049908710632
1,0,False,0.7802394943793234,0.7802394943793234
1,0,False,0.7632267770015686,0.7632267770015686
1,1,True,0.7400153819480382,0.7400153819480382
1,0,False,0.5928939456456959,0.5928939456456959
1,1,True,0.5824989123692373,0.5824989123692373
1,0,False,0.5813807519671491,0.5813807519671491
1,0,False,0.6383366187095283,0.6383366187095283
1,1,True,0.642055546837251,0.642055546837251
1,1,True,0.5498842879093178,0.5498842879093178
1,1,True,0.5617271682748408,0.5617271682748408
0,1,False,0.5148567457812923,0.48514325421870785
1,1,True,0.601841460921331,0.601841460921331
1,1,True,0.7127747844077554,0.7127747844077554
0,1,False,0.5295877224653802,0.4704122775346199
0,0,True,0.6056365688996481,0.39436343110035177
1,0,False,0.5027732692495218,0.5027732692495218
0,0,True,0.5036965906786516,0.4963034093213483
0,1,False,0.6019051194549363,0.39809488054506387
0,1,False,0.540513226498122,0.45948677350187805
1,1,True,0.5136897511826013,0.5136897511826013
1,0,False,0.5682183917188198,0.5682183917188198
1,0,False,0.5754601333025848,0.5754601333025848
0,0,True,0.5343368074582848,0.4656631925417152
0,0,True,0.5608828695897043,0.4391171304102958
1,0,False,0.5266544230603888,0.5266544230603888
1,0,False,0.5436725532950577,0.5436725532950577
1,0,False,0.621178177680786,0.621178177680786
1,0,False,0.614506276057731,0.614506276057731
1,0,False,0.5260502344240654,0.5260502344240654
0,1,False,0.5841746323916719,0.4158253676083282
0,1,False,0.5266382814695754,0.4733617185304245
1,1,True,0.5492725471786108,0.5492725471786108
1,1,True,0.6853970068803743,0.6853970068803743
0,0,True,0.5233585731547972,0.47664142684520305
1,0,False,0.5799144107271514,0.5799144107271514
1,0,False,0.5150279991353018,0.5150279991353018
1,0,False,0.5984256396145802,0.5984256396145802
0,0,True,0.5217522758133177,0.47824772418668227
0,0,True,0.5745238614436117,0.42547613855638844
1,0,False,0.5204145891221502,0.5204145891221502
1,1,True,0.7280659384660549,0.7280659384660549
1,1,True,0.5962570948964955,0.5962570948964955
1,1,True,0.589658455170888,0.589658455170888
1,0,False,0.6064886769962634,0.6064886769962634
1,0,False,0.6094345573564636,0.6094345573564636
1,0,False,0.6284868342143515,0.6284868342143515
1,0,False,0.6499055343980932,0.6499055343980932
1,0,False,0.6388091830753861,0.6388091830753861
1,0,False,0.6711986951694455,0.6711986951694455
1,0,False,0.5886757983005135,0.5886757983005135
1,0,False,0.6439599310981596,0.6439599310981596
1,0,False,0.571115742701592,0.571115742701592
1,0,False,0.5800956720557272,0.5800956720557272
1,0,False,0.5395328012418995,0.5395328012418995
1,0,False,0.5486025289170915,0.5486025289170915
0,0,True,0.5452267651578344,0.4547732348421655
1,0,False,0.5917477716753634,0.5917477716753634
0,0,True,0.5168403480283097,0.48315965197169025
1,0,False,0.5183198361062287,0.5183198361062287
1,0,False,0.5405515693816434,0.5405515693816434
1,0,False,0.6077441513907023,0.6077441513907023
1,0,False,0.525099634387677,0.525099634387677
0,0,True,0.502924124789949,0.497075875210051
1,0,False,0.5157947373592363,0.5157947373592363
1,0,False,0.5739791766949096,0.5739791766949096
1,0,False,0.6160202922902588,0.6160202922902588
1,1,True,0.6680252027153725,0.6680252027153725
1,1,True,0.5822285774441307,0.5822285774441307
1,1,True,0.5556196675673715,0.5556196675673715
1,1,True,0.5232449183607935,0.5232449183607935
1,0,False,0.5552969953403475,0.5552969953403475
0,0,True,0.5460484883268761,0.45395151167312386
1,0,False,0.5258876048372527,0.5258876048372527
0,0,True,0.5122330296830104,0.4877669703169896
1,1,True,0.6142577697486743,0.6142577697486743
0,1,False,0.5392843424991057,0.4607156575008944
1,1,True,0.5420787883271043,0.5420787883271043
1,1,True,0.7226012970191886,0.7226012970191886
1,1,True,0.7360543125716064,0.7360543125716064
0,1,False,0.5209967696715511,0.4790032303284489
1,1,True,0.5737127421906685,0.5737127421906685
1,1,True,0.5750857603744338,0.5750857603744338
1,1,True,0.5393139462013312,0.5393139462013312
1,1,True,0.536580249164016,0.536580249164016
1,1,True,0.5760205915304555,0.5760205915304555
1,1,True,0.5342235796536898,0.5342235796536898
1,1,True,0.5940923491370192,0.5940923491370192
1,0,False,0.5249488663017761,0.5249488663017761
1,0,False,0.6086605475968048,0.6086605475968048
1,0,False,0.5934658770579636,0.5934658770579636
1,1,True,0.6049240492624466,0.6049240492624466
1,1,True,0.5711574174383256,0.5711574174383256
1,1,True,0.5527941944583346,0.5527941944583346
1,1,True,0.6595082849337551,0.6595082849337551
1,1,True,0.7235844876298615,0.7235844876298615
1,1,True,0.709753711177913,0.709753711177913
1,1,True,0.6322724082544735,0.6322724082544735
1,1,True,0.5562236737688716,0.5562236737688716
0,1,False,0.5550200639397208,0.44497993606027914
0,1,False,0.5706816648997094,0.4293183351002907
0,1,False,0.5216172888958743,0.47838271110412567
1,1,True,0.5436024291643287,0.5436024291643287
1,1,True,0.5473922052663903,0.5473922052663903
0,1,False,0.546063479813139,0.4539365201868609
0,1,False,0.5114985092565478,0.48850149074345234
1,0,False,0.5187071604665869,0.5187071604665869
1,0,False,0.5523235542550655,0.5523235542550655
1,0,False,0.5415850936940584,0.5415850936940584
0,0,True,0.5633793970726833,0.43662060292731686
0,0,True,0.6228440990241342,0.37715590097586577
0,1,False,0.5966778180497898,0.4033221819502103
0,1,False,0.5026369960509891,0.4973630039490109
1,1,True,0.5562981337349596,0.5562981337349596
0,1,False,0.5168565684291334,0.4831434315708665
1,1,True,0.5492012215721269,0.5492012215721269
0,1,False,0.6158230687407691,0.38417693125923097
0,0,True,0.5770602862420204,0.42293971375797934
0,0,True,0.5552642908517368,0.44473570914826316
0,0,True,0.5062880828558174,0.4937119171441825
1,0,False,0.5431471963385442,0.5431471963385442
0,0,True,0.5599921503054736,0.44000784969452655
0,0,True,0.6549464042033646,0.3450535957966354
1,0,False,0.6514013860690803,0.6514013860690803
1,1,True,0.5715547906077185,0.5715547906077185
1,1,True,0.7558054195041904,0.7558054195041904
1,1,True,0.7023490696377359,0.7023490696377359
0,1,False,0.590729601006537,0.40927039899346296
0,1,False,0.5766002548025277,0.42339974519747237
0,0,True,0.5415751267652917,0.4584248732347084
0,0,True,0.5265055582543657,0.47349444174563443
0,0,True,0.6475460241407777,0.35245397585922245
0,0,True,0.6215505218878942,0.37844947811210583
0,0,True,0.5373036449831431,0.4626963550168568
0,0,True,0.5245388471174465,0.47546115288255353
1,0,False,0.5565131780401243,0.5565131780401243
1,0,False,0.6600435472833587,0.6600435472833587
1,0,False,0.6150251430714853,0.6150251430714853
1,0,False,0.6438979026580101,0.6438979026580101
1,0,False,0.6377055541588461,0.6377055541588461
0,0,True,0.5087798031560731,0.49122019684392676
0,0,True,0.5661338851973174,0.43386611480268245
1,0,False,0.6640937464461595,0.6640937464461595
1,0,False,0.6393973293665477,0.6393973293665477
1,0,False,0.6481326861167208,0.6481326861167208
1,0,False,0.716795304974807,0.716795304974807
1,0,False,0.6029804538194515,0.6029804538194515
0,1,False,0.5892540223581247,0.4107459776418752
0,1,False,0.5710011651700697,0.4289988348299302
0,1,False,0.6220570645695865,0.3779429354304135
0,0,True,0.5739126950167663,0.42608730498323377
0,1,False,0.6110634662851894,0.3889365337148108
0,0,True,0.6281675429595363,0.37183245704046375
0,1,False,0.5426480038644376,0.4573519961355624
0,1,False,0.616073462159238,0.38392653784076197
0,1,False,0.5889369438542325,0.4110630561457676
1,1,True,0.5997080648753662,0.5997080648753662
1,1,True,0.5212574716978318,0.5212574716978318
1,1,True,0.6490934955865787,0.6490934955865787
0,1,False,0.5455016804127453,0.4544983195872545
0,1,False,0.5500839778228052,0.44991602217719473
0,1,False,0.5435674300769862,0.45643256992301373
0,0,True,0.519604231907966,0.480395768092034
1,0,False,0.594454100256509,0.594454100256509
1,0,False,0.504135449828644,0.504135449828644
1,0,False,0.5973569729064776,0.5973569729064776
1,0,False,0.5791918339583533,0.5791918339583533
1,0,False,0.5252535302873117,0.5252535302873117
1,1,True,0.7159683999216109,0.7159683999216109
1,1,True,0.7179111696892807,0.7179111696892807
1,1,True,0.6738193408814134,0.6738193408814134
1,1,True,0.6873500080054145,0.6873500080054145
1,1,True,0.547056303086123,0.547056303086123
1,1,True,0.589066706797688,0.589066706797688
1,0,False,0.5256963379015117,0.5256963379015117
1,0,False,0.5023959096320882,0.5023959096320882
1,0,False,0.5108887173532594,0.5108887173532594
0,0,True,0.5428786545551176,0.4571213454448825
0,0,True,0.6350757098733667,0.3649242901266331
0,0,True,0.5556913044206845,0.4443086955793153
1,1,True,0.6689944939363461,0.6689944939363461
1,1,True,0.7317383264767257,0.7317383264767257
1,1,True,0.6697865812219609,0.6697865812219609
1,1,True,0.6247910788137933,0.6247910788137933
1,1,True,0.5105799766654773,0.5105799766654773
0,1,False,0.66688387837797,0.3331161216220299
0,1,False,0.6030940834265742,0.3969059165734259
0,1,False,0.6291872285725508,0.3708127714274492
0,1,False,0.5321362036065962,0.46786379639340386
0,1,False,0.6114511148041126,0.3885488851958875
0,1,False,0.5415081238807257,0.45849187611927433
0,1,False,0.5239327589607603,0.4760672410392397
0,1,False,0.60440651637359,0.39559348362641
1,1,True,0.5334520724090391,0.5334520724090391
0,1,False,0.57981924970065,0.4201807502993499
1,1,True,0.5830415202614745,0.5830415202614745
0,1,False,0.5794332620426644,0.42056673795733546
0,1,False,0.5135909835555482,0.4864090164444518
0,1,False,0.5645062885817054,0.4354937114182947
0,1,False,0.5320000332500547,0.4679999667499454
0,1,False,0.5271506494831982,0.47284935051680177
1,0,False,0.5224303347004682,0.5224303347004682
1,0,False,0.6782995205959479,0.6782995205959479
1,0,False,0.6421955119398455,0.6421955119398455
0,1,False,0.5135954037698268,0.48640459623017296
1,1,True,0.6041062222060347,0.6041062222060347
0,1,False,0.5309059488413459,0.46909405115865416
0,1,False,0.5547236773859645,0.4452763226140355
0,1,False,0.6242328028985674,0.37576719710143264
0,1,False,0.5809406639282767,0.4190593360717234
0,0,True,0.6400277262122118,0.3599722737877882
0,0,True,0.5889807837602747,0.41101921623972515
0,0,True,0.5798739182743252,0.42012608172567467
0,0,True,0.5761586173439552,0.4238413826560447
0,0,True,0.524387523345197,0.4756124766548031
0,0,True,0.5507587547693306,0.44924124523066944
1,0,False,0.5082783390916372,0.5082783390916372
1,0,False,0.5317766911636463,0.5317766911636463
1,1,True,0.5468420469331898,0.5468420469331898
1,0,False,0.6948609232359151,0.6948609232359151
1,0,False,0.5701997609222849,0.5701997609222849
1,0,False,0.5419959218147655,0.5419959218147655
1,1,True,0.5334754181436544,0.5334754181436544
1,1,True,0.5940322496147306,0.5940322496147306
1,1,True,0.5347084520251634,0.5347084520251634
1,1,True,0.5932957249212196,0.5932957249212196
1,1,True,0.5387091681218639,0.5387091681218639
1,1,True,0.56792592316959,0.56792592316959
0,1,False,0.5342095848670286,0.46579041513297137
0,1,False,0.5360815954367084,0.4639184045632916
0,1,False,0.5051444250302968,0.49485557496970334
0,1,False,0.51396239575901,0.48603760424098996
0,0,True,0.6365869342329183,0.3634130657670817
1,0,False,0.5097102823601106,0.5097102823601106
0,0,True,0.5196357008558079,0.4803642991441922
1,0,False,0.5233177253490553,0.5233177253490553
0,1,False,0.527807669360782,0.472192330639218
0,1,False,0.5444628066061895,0.4555371933938106
0,1,False,0.5681779797693093,0.43182202023069083
1,1,True,0.5886170556467668,0.5886170556467668
1,1,True,0.5114677241735737,0.5114677241735737
0,1,False,0.5161166231894705,0.4838833768105296
0,0,True,0.6040469171159741,0.39595308288402564
0,1,False,0.5987807600985077,0.40121923990149216
0,0,True,0.5018006073451036,0.4981993926548965
0,0,True,0.6073266768559616,0.39267332314403836
0,0,True,0.6416361888291366,0.3583638111708632
0,1,False,0.5739984769309099,0.42600152306909017
0,0,True,0.5761000245464363,0.4238999754535637
1,0,False,0.5061275200109758,0.5061275200109758
0,0,True,0.5254975592157168,0.47450244078428316
1,0,False,0.603933820032817,0.603933820032817
0,1,False,0.5458888947326962,0.4541111052673039
0,1,False,0.5196203124790898,0.4803796875209102
1,1,True,0.5070971715307199,0.5070971715307199
1,1,True,0.5390938809124758,0.5390938809124758
1,1,True,0.58687526792332,0.58687526792332
1,1,True,0.5718377771369849,0.5718377771369849
0,1,False,0.5233158879921261,0.47668411200787375
0,1,False,0.5820936250289855,0.41790637497101446
0,1,False,0.5222746662692364,0.47772533373076354
0,1,False,0.5593556641491089,0.4406443358508912
1,1,True,0.6121214233614913,0.6121214233614913
0,0,True,0.5923670062263644,0.4076329937736355
1,1,True,0.6006067392468359,0.6006067392468359
0,0,True,0.5722596725630583,0.42774032743694174
0,0,True,0.536000705491111,0.46399929450888894
1,0,False,0.5611154426631965,0.5611154426631965
0,1,False,0.5831130247783061,0.41688697522169393
1,1,True,0.5723380353769987,0.5723380353769987
0,1,False,0.5176063360953495,0.48239366390465066
1,1,True,0.5964346905031934,0.5964346905031934
1,1,True,0.6277006372148453,0.6277006372148453
0,1,False,0.5423070470463406,0.4576929529536593
0,0,True,0.5045166560627001,0.49548334393729987
0,0,True,0.5736995503375155,0.4263004496624845
0,1,False,0.5429191776514866,0.4570808223485135
0,1,False,0.557051849560395,0.442948150439605
1,1,True,0.5063242011906482,0.5063242011906482
0,1,False,0.5446747085354156,0.4553252914645845
1,1,True,0.5907416544374531,0.5907416544374531
0,1,False,0.5283727950579125,0.4716272049420877
0,0,True,0.5894209364842615,0.4105790635157385
0,0,True,0.636184867800216,0.3638151321997841
1,0,False,0.5485967703710618,0.5485967703710618
1,0,False,0.5605719323404885,0.5605719323404885
1,0,False,0.5400919639469968,0.5400919639469968
1,0,False,0.5187704469165381,0.5187704469165381
1,0,False,0.5533273596581936,0.5533273596581936
1,0,False,0.6090624641781978,0.6090624641781978
1,0,False,0.6632444970871417,0.6632444970871417
1,0,False,0.756480955688579,0.756480955688579
1,0,False,0.7459053695078922,0.7459053695078922
1,0,False,0.6883818794683393,0.6883818794683393
1,1,True,0.6854685794519275,0.6854685794519275
1,1,True,0.5981742093456605,0.5981742093456605
1,1,True,0.6184905310034243,0.6184905310034243
1,1,True,0.5371270591142401,0.5371270591142401
0,0,True,0.5335171853932142,0.4664828146067857
1,0,False,0.5127138294154499,0.5127138294154499
1,0,False,0.5089542545050101,0.5089542545050101
1,0,False,0.5590215869449544,0.5590215869449544
0,1,False,0.6027625211825902,0.3972374788174098
0,1,False,0.6265453453481246,0.3734546546518755
1,1,True,0.6161599802742961,0.6161599802742961
1,1,True,0.5100210765573501,0.5100210765573501
0,1,False,0.5195496584667643,0.48045034153323585
0,1,False,0.5912026899709321,0.40879731002906783
1,1,True,0.5406161291126187,0.5406161291126187
1,1,True,0.5661924964022906,0.5661924964022906
1,1,True,0.5411187119807798,0.5411187119807798
1,1,True,0.5245398392971383,0.5245398392971383
0,1,False,0.507494610049611,0.49250538995038895
0,1,False,0.5460122023474024,0.45398779765259745
0,1,False,0.5335295095463704,0.46647049045362954
0,1,False,0.5192176423957366,0.48078235760426347
0,1,False,0.5338795994537557,0.4661204005462444
0,1,False,0.5103838177366002,0.4896161822633997
0,0,True,0.5276644188343942,0.4723355811656057
0,0,True,0.5166803706505966,0.4833196293494032
1,0,False,0.575595795998799,0.575595795998799
0,0,True,0.5714721535666861,0.42852784643331376
0,0,True,0.5069087494513959,0.49309125054860425
0,1,False,0.5221097077041286,0.4778902922958715
1,1,True,0.7707736502930822,0.7707736502930822
1,1,True,0.7769716151215564,0.7769716151215564
1,1,True,0.7188530359338993,0.7188530359338993
1,1,True,0.652405519906162,0.652405519906162
1,1,True,0.5794180283500938,0.5794180283500938
0,0,True,0.620600264889595,0.3793997351104051
0,0,True,0.5467353960809038,0.4532646039190962
0,0,True,0.5005971094197053,0.4994028905802949
1,0,False,0.5174754629900423,0.5174754629900423
1,0,False,0.5920593068111618,0.5920593068111618
1,0,False,0.5885776809866063,0.5885776809866063
1,0,False,0.573038396692293,0.573038396692293
1,0,False,0.5803282438488722,0.5803282438488722
1,1,True,0.5739284835203511,0.5739284835203511
1,1,True,0.7544267792104988,0.7544267792104988
1,1,True,0.7221325964067935,0.7221325964067935
0,0,True,0.5462190158147502,0.45378098418524987
1,0,False,0.5595420891563689,0.5595420891563689
0,1,False,0.5058356919372236,0.49416430806277645
1,1,True,0.6088603292991324,0.6088603292991324
1,0,False,0.5499672143831014,0.5499672143831014
0,1,False,0.5204801050884974,0.4795198949115027
1,1,True,0.5337514569228943,0.5337514569228943
0,1,False,0.5873746728857965,0.41262532711420347
0,0,True,0.5194002687742669,0.4805997312257331
0,1,False,0.5184149737569862,0.4815850262430137
0,1,False,0.5948724606027882,0.4051275393972118
1,1,True,0.5081430746435606,0.5081430746435606
1,1,True,0.5749080079451985,0.5749080079451985
1,1,True,0.5457382610704359,0.5457382610704359
1,0,False,0.5044697531190263,0.5044697531190263
0,0,True,0.5386485993292458,0.4613514006707542
0,0,True,0.5354764488195615,0.4645235511804386
1,0,False,0.5244415723651978,0.5244415723651978
0,0,True,0.5268519918692742,0.4731480081307258
1,0,False,0.6266662715427473,0.6266662715427473
1,1,True,0.5615645223259809,0.5615645223259809
1,1,True,0.7181561649119077,0.7181561649119077
1,1,True,0.6035048836956032,0.6035048836956032
0,1,False,0.5350812177828213,0.46491878221717875
1,1,True,0.5705022052158715,0.5705022052158715
0,1,False,0.5001512874398071,0.4998487125601929
1,1,True,0.5277021576124885,0.5277021576124885
0,1,False,0.5515093144259164,0.44849068557408334
0,1,False,0.5445430677975249,0.45545693220247496
1,1,True,0.5185659765130741,0.5185659765130741
1,1,True,0.6216199200112468,0.6216199200112468
0,1,False,0.6475525766504792,0.3524474233495209
0,0,True,0.5281679534860104,0.47183204651398936
0,0,True,0.619615213001425,0.3803847869985749
0,0,True,0.5189761312145101,0.48102386878548986
0,0,True,0.5458249797767355,0.4541750202232645
0,0,True,0.5726158796289398,0.42738412037106027
0,0,True,0.5489692518823898,0.4510307481176104
1,0,False,0.5277964333478402,0.5277964333478402
1,0,False,0.515664479377627,0.515664479377627
1,0,False,0.5456333807417646,0.5456333807417646
1,0,False,0.6262281376674725,0.6262281376674725
1,1,True,0.7181223218289872,0.7181223218289872
1,1,True,0.7581559240401008,0.7581559240401008
1,1,True,0.7632183901644837,0.7632183901644837
1,0,False,0.7067297241332514,0.7067297241332514
1,0,False,0.5326659463201286,0.5326659463201286
0,0,True,0.5019795455066743,0.49802045449332544
1,0,False,0.5055985069456147,0.5055985069456147
1,0,False,0.5334275627620289,0.5334275627620289
1,0,False,0.5272858779719398,0.5272858779719398
0,0,True,0.5339294401010901,0.4660705598989098
0,0,True,0.5000359539771029,0.49996404602289723
1,1,True,0.5989388055815257,0.5989388055815257
1,1,True,0.6208022971098894,0.6208022971098894
1,1,True,0.512393371524949,0.512393371524949
1,1,True,0.6153267045100949,0.6153267045100949
0,1,False,0.5422569488287019,0.4577430511712983
1,1,True,0.529148616341491,0.529148616341491
1,1,True,0.5018924921691567,0.5018924921691567
1,1,True,0.526390153569736,0.526390153569736
1,1,True,0.5136087299218474,0.5136087299218474
0,1,False,0.5676387891097455,0.4323612108902546
0,1,False,0.5432332615880219,0.4567667384119781
0,1,False,0.6042318456149831,0.3957681543850169
0,1,False,0.5345544198830118,0.46544558011698833
0,0,True,0.5525045820900587,0.4474954179099414
1,0,False,0.5247165571351652,0.5247165571351652
1,0,False,0.607623202768677,0.607623202768677
1,0,False,0.6209986890129164,0.6209986890129164
0,0,True,0.5680749031298072,0.43192509687019287
0,1,False,0.5627969274323374,0.4372030725676626
1,1,True,0.7012375638249955,0.7012375638249955
1,0,False,0.6243872772648124,0.6243872772648124
1,0,False,0.610174945835625,0.610174945835625
1,0,False,0.5880907567899565,0.5880907567899565
0,0,True,0.5094250408598033,0.4905749591401967
1,0,False,0.5976995354825464,0.5976995354825464
1,1,True,0.597701507452956,0.597701507452956
1,1,True,0.5745411371630628,0.5745411371630628
1,1,True,0.7991168988413517,0.7991168988413517
1,1,True,0.7292021372332338,0.7292021372332338
1,1,True,0.5480161384271887,0.5480161384271887
1,1,True,0.5586549158747594,0.5586549158747594
0,1,False,0.5317695421156315,0.4682304578843685
1,0,False,0.5206359802765792,0.5206359802765792
1,0,False,0.535562275152119,0.535562275152119
0,0,True,0.5345853613681802,0.46541463863181975
1,1,True,0.5082460261019636,0.5082460261019636
0,1,False,0.5526985725993714,0.4473014274006286
0,1,False,0.522777947917261,0.4772220520827392
1,1,True,0.5765045361901732,0.5765045361901732
1,1,True,0.5083233904092548,0.5083233904092548
0,1,False,0.5289201401297839,0.47107985987021606
0,1,False,0.5915749458160748,0.40842505418392516
0,1,False,0.7024145778410206,0.2975854221589795
0,1,False,0.5734317750120557,0.42656822498794433
0,1,False,0.5786381008716126,0.4213618991283874
0,0,True,0.5496546934124096,0.45034530658759053
0,0,True,0.6947448454642968,0.3052551545357033
0,0,True,0.6678619012058225,0.33213809879417755
0,0,True,0.6879335621846963,0.31206643781530374
0,0,True,0.6722634972425435,0.32773650275745636
0,0,True,0.6532206969523986,0.3467793030476014
0,1,False,0.5206328468857645,0.4793671531142355
1,0,False,0.5095884426220705,0.5095884426220705
0,0,True,0.565934683835605,0.4340653161643951
0,0,True,0.61227296203439,0.38772703796561003
0,0,True,0.6551458098181361,0.3448541901818639
0,0,True,0.5893854800206927,0.4106145199793073
0,0,True,0.7029632134810998,0.2970367865189003
1,0,False,0.5474948518619192,0.5474948518619192
1,1,True,0.6914980971388239,0.6914980971388239
1,0,False,0.6578555579043278,0.6578555579043278
0,1,False,0.5307004113497162,0.4692995886502837
0,1,False,0.5085660853222485,0.49143391467775155
0,1,False,0.5176711664366072,0.48232883356339307
0,1,False,0.5605876908314054,0.4394123091685944
1,1,True,0.5111913791318368,0.5111913791318368
0,1,False,0.5098704502232294,0.4901295497767707
1,1,True,0.5606817285390833,0.5606817285390833
1,1,True,0.5329248493294599,0.5329248493294599
0,1,False,0.5397615963665425,0.4602384036334576
1,1,True,0.520514537179786,0.520514537179786
0,1,False,0.5214055161615894,0.4785944838384107
0,1,False,0.5363570539287729,0.463642946071227
0,1,False,0.5120125154267952,0.4879874845732049
0,1,False,0.5805665552098316,0.4194334447901684
0,1,False,0.5637079333193916,0.4362920666806084
0,0,True,0.6337884219891885,0.3662115780108116
0,0,True,0.6584017375372481,0.341598262462752
0,0,True,0.5939980924819849,0.40600190751801524
0,0,True,0.5621109165101059,0.4378890834898941
0,0,True,0.5289041103104524,0.47109588968954746
1,0,False,0.5068215017242994,0.5068215017242994
1,1,True,0.5133097902501971,0.5133097902501971
1,1,True,0.5193294075682937,0.5193294075682937
1,1,True,0.6085253052232924,0.6085253052232924
1,1,True,0.5631865793532854,0.5631865793532854
1,1,True,0.6384979716862267,0.6384979716862267
0,0,True,0.5610332843062035,0.43896671569379636
1,0,False,0.5245471638894801,0.5245471638894801
1,1,True,0.5175773613488371,0.5175773613488371
1,0,False,0.5230082724835801,0.5230082724835801
0,1,False,0.5007280979176261,0.49927190208237404
0,0,True,0.5129331308958613,0.48706686910413877
1,0,False,0.5890939453732325,0.5890939453732325
1,0,False,0.5579206379234019,0.5579206379234019
0,0,True,0.6284073815262227,0.3715926184737774
0,0,True,0.5991952945474304,0.40080470545256963
0,1,False,0.5409580203573454,0.4590419796426547
1,1,True,0.6019336234803543,0.6019336234803543
1,1,True,0.6333337930994707,0.6333337930994707
1,0,False,0.6573495587555107,0.6573495587555107
1,0,False,0.5433568027065699,0.5433568027065699
0,0,True,0.5404189410999058,0.4595810589000943
1,0,False,0.5251685164144123,0.5251685164144123
1,0,False,0.5048447963135758,0.5048447963135758
0,1,False,0.6008224881371883,0.39917751186281175
1,1,True,0.5964922689440868,0.5964922689440868
1,1,True,0.5703827003234727,0.5703827003234727
1,1,True,0.5612609472943271,0.5612609472943271
1,1,True,0.5135937058720932,0.5135937058720932
1,1,True,0.5076159356303845,0.5076159356303845
1,1,True,0.6093023181008388,0.6093023181008388
0,1,False,0.503303204727352,0.4966967952726481
0,1,False,0.515015361543227,0.484984638456773
1,1,True,0.5757795066189271,0.5757795066189271
0,0,True,0.5254586931708943,0.4745413068291058
1,0,False,0.521642228245861,0.521642228245861
1,0,False,0.5551015754853637,0.5551015754853637
1,0,False,0.5863879659371546,0.5863879659371546
1,0,False,0.5983691611106495,0.5983691611106495
0,1,False,0.518413697989657,0.48158630201034314
1,1,True,0.5192934767306031,0.5192934767306031
1,1,True,0.66705634559754,0.66705634559754
1,0,False,0.6031786629580194,0.6031786629580194
0,0,True,0.5749854588560186,0.4250145411439813
0,0,True,0.5705699695510811,0.429430030448919
0,0,True,0.6034353809271028,0.39656461907289736
0,0,True,0.6006708764002735,0.3993291235997265
0,1,False,0.5010252130973525,0.4989747869026475
0,1,False,0.55393039068915,0.44606960931084993
1,1,True,0.6080509524362775,0.6080509524362775
1,1,True,0.5693654539360065,0.5693654539360065
0,1,False,0.5233736344286692,0.47662636557133076
1,1,True,0.5154496835753203,0.5154496835753203
0,0,True,0.5596428600404266,0.44035713995957343
0,0,True,0.5666109507402017,0.4333890492597982
0,0,True,0.5489173132326733,0.45108268676732655
0,0,True,0.5579633032232447,0.4420366967767553
0,0,True,0.5203794400907122,0.4796205599092879
1,0,False,0.5014756886740028,0.5014756886740028
1,0,False,0.5583123874538596,0.5583123874538596
1,0,False,0.645150038168403,0.645150038168403
1,0,False,0.5783465278790845,0.5783465278790845
1,1,True,0.548317388668478,0.548317388668478
1,1,True,0.6020586819443874,0.6020586819443874
0,1,False,0.5021951128964276,0.4978048871035724
1,1,True,0.5613902227595404,0.5613902227595404
1,1,True,0.5825270004277205,0.5825270004277205
0,0,True,0.5200442946215917,0.47995570537840815
0,0,True,0.5366663413518502,0.4633336586481498
0,0,True,0.5642548727028875,0.4357451272971126
0,0,True,0.5492707327081545,0.4507292672918456
0,0,True,0.6072818584238833,0.39271814157611684
0,0,True,0.5197023097826671,0.48029769021733293
1,0,False,0.5298307249355303,0.5298307249355303
1,0,False,0.542964892490453,0.542964892490453
1,0,False,0.5125125676780586,0.5125125676780586
0,0,True,0.5248956961174784,0.47510430388252156
1,1,True,0.5336785212585156,0.5336785212585156
0,1,False,0.5101504077272894,0.4898495922727107
1,0,False,0.5117858510780655,0.5117858510780655
1,0,False,0.5588232965125401,0.5588232965125401
0,0,True,0.5316234474076956,0.46837655259230426
1,0,False,0.5033143078418728,0.5033143078418728
0,0,True,0.5116227062317191,0.488377293768281
0,1,False,0.5417541063996872,0.4582458936003127
1,0,False,0.5001600225346419,0.5001600225346419
0,0,True,0.540459731070926,0.459540268929074
0,0,True,0.5440365648548223,0.45596343514517756
1,0,False,0.5316776244074473,0.5316776244074473
0,0,True,0.5156995103747533,0.48430048962524685
0,0,True,0.5124095868879434,0.48759041311205675
1,0,False,0.5690014292647938,0.5690014292647938
1,0,False,0.6925263987629952,0.6925263987629952
1,1,True,0.6967369991884562,0.6967369991884562
1,1,True,0.5914602506233366,0.5914602506233366
1,1,True,0.6614998187666292,0.6614998187666292
1,1,True,0.6416153010226511,0.6416153010226511
1,1,True,0.5557812633844585,0.5557812633844585
1,1,True,0.6339812046937279,0.6339812046937279
1,1,True,0.5760432573039174,0.5760432573039174
1,1,True,0.7310233980191544,0.7310233980191544
1,1,True,0.5835759376188451,0.5835759376188451
1,0,False,0.6275210278438885,0.6275210278438885
1,0,False,0.5992492008494918,0.5992492008494918
1,0,False,0.5413451635800484,0.5413451635800484
1,0,False,0.512493370988351,0.512493370988351
1,0,False,0.5175757998144839,0.5175757998144839
0,0,True,0.5730020472940808,0.4269979527059192
1,0,False,0.6251036112214179,0.6251036112214179
0,0,True,0.5144577225957974,0.4855422774042025
1,0,False,0.5836173929978656,0.5836173929978656
1,1,True,0.613477424052919,0.613477424052919
1,1,True,0.5246668255092602,0.5246668255092602
1,1,True,0.6023524201898454,0.6023524201898454
1,1,True,0.5827475127048574,0.5827475127048574
1,1,True,0.6859586209061428,0.6859586209061428
1,0,False,0.5164028876761321,0.5164028876761321
0,0,True,0.5718279987894994,0.42817200121050064
1,0,False,0.530689181178349,0.530689181178349
0,1,False,0.5327047708090923,0.4672952291909077
1,1,True,0.5286877999397197,0.5286877999397197
1,1,True,0.6367786468616531,0.6367786468616531
1,1,True,0.5599538395409766,0.5599538395409766
0,1,False,0.5300938227722002,0.4699061772277999
0,1,False,0.5266877222647088,0.4733122777352913
1,1,True,0.5375079568256301,0.5375079568256301
0,1,False,0.5153165134010553,0.48468348659894467
0,1,False,0.5494254474793554,0.4505745525206447
0,0,True,0.5220999539618224,0.4779000460381776
0,0,True,0.5769222472753465,0.42307775272465364
0,0,True,0.5611553517514938,0.43884464824850616
0,0,True,0.5481337422941005,0.4518662577058996
0,1,False,0.6237287527200553,0.3762712472799445
0,1,False,0.6307191304952549,0.36928086950474515
0,1,False,0.5447618195051418,0.45523818049485815
0,1,False,0.5709758533837752,0.4290241466162249
0,1,False,0.5839585793105222,0.4160414206894778
0,0,True,0.5883046996590479,0.41169530034095203
0,0,True,0.5422229724087255,0.45777702759127453
0,0,True,0.573591458786453,0.426408541213547
0,0,True,0.5420420534982348,0.45795794650176513
0,1,False,0.5953952668990627,0.40460473310093736
0,1,False,0.5526365821080248,0.4473634178919751
1,1,True,0.6113135294634239,0.6113135294634239
1,1,True,0.5476248592337962,0.5476248592337962
1,0,False,0.664051401027997,0.664051401027997
1,0,False,0.5163420918770084,0.5163420918770084
0,0,True,0.5280584553226472,0.4719415446773527
1,0,False,0.5646392827577628,0.5646392827577628
1,0,False,0.5073815332262563,0.5073815332262563
1,1,True,0.5723466660522882,0.5723466660522882
1,0,False,0.6101402784672677,0.6101402784672677
1,1,True,0.5228631156801702,0.5228631156801702
1,1,True,0.5880257836951168,0.5880257836951168
1,1,True,0.5048721713053316,0.5048721713053316
1,1,True,0.5124222497858577,0.5124222497858577
1,1,True,0.5510564556565622,0.5510564556565622
0,1,False,0.5259474899864518,0.4740525100135483
0,1,False,0.5276039000137377,0.4723960999862623
0,0,True,0.5192024741701685,0.48079752582983143
0,0,True,0.5237575823991667,0.4762424176008332
1,0,False,0.512276104152244,0.512276104152244
1,0,False,0.6061271668715739,0.6061271668715739
1,0,False,0.5677627767397395,0.5677627767397395
0,0,True,0.509830730235547,0.49016926976445285
1,1,True,0.5690635209118833,0.5690635209118833
1,1,True,0.5978159389879397,0.5978159389879397
0,1,False,0.512789102908943,0.487210897091057
1,1,True,0.5026676770039633,0.5026676770039633
0,1,False,0.5173401092062861,0.48265989079371385
0,0,True,0.5005449921905787,0.49945500780942137
0,0,True,0.58188303760987,0.41811696239012996
0,1,False,0.6032928378763176,0.3967071621236825
0,1,False,0.538751446778067,0.46124855322193303
0,0,True,0.5632658406737061,0.436734159326294
0,0,True,0.5494616281956102,0.45053837180439005
0,1,False,0.6379821874438674,0.36201781255613286
0,1,False,0.5538792163124737,0.4461207836875264
0,0,True,0.6046330530477317,0.39536694695226804
0,1,False,0.6128538485908486,0.3871461514091514
0,1,False,0.5470056242543189,0.45299437574568113
1,0,False,0.5209320630559063,0.5209320630559063
0,0,True,0.620261707391893,0.3797382926081071
0,1,False,0.5124474503265317,0.4875525496734683
0,0,True,0.6199748789374346,0.38002512106256536
0,0,True,0.5711670035043448,0.4288329964956552
0,0,True,0.6657971959909583,0.33420280400904145
0,0,True,0.5512164216266966,0.44878357837330335
0,0,True,0.5605648905742843,0.4394351094257157
0,0,True,0.5134475820877773,0.4865524179122226
1,0,False,0.6733168974833551,0.6733168974833551
0,0,True,0.5055685351196145,0.4944314648803855
0,0,True,0.5356964775696069,0.46430352243039286
1,1,True,0.6335835670885744,0.6335835670885744
1,0,False,0.7658729581566378,0.7658729581566378
1,0,False,0.7006273941828579,0.7006273941828579
1,1,True,0.637005033780385,0.637005033780385
1,1,True,0.6331719688410062,0.6331719688410062
1,1,True,0.6258237463055578,0.6258237463055578
1,1,True,0.5022213936908378,0.5022213936908378
1,1,True,0.5404207301069801,0.5404207301069801
0,0,True,0.5043280715439329,0.495671928456067
1,0,False,0.6164131166726223,0.6164131166726223
1,0,False,0.5578523340589698,0.5578523340589698
1,0,False,0.6039230150680052,0.6039230150680052
1,0,False,0.5985249164625115,0.5985249164625115
1,1,True,0.6123749285350907,0.6123749285350907
1,0,False,0.6449995035595952,0.6449995035595952
1,1,True,0.5871615245316266,0.5871615245316266
1,1,True,0.5497797928595975,0.5497797928595975
1,1,True,0.6303852624162227,0.6303852624162227
1,1,True,0.5840145574729693,0.5840145574729693
0,1,False,0.5504603989497635,0.4495396010502366
1,1,True,0.5734047714102443,0.5734047714102443
1,1,True,0.6024186190173114,0.6024186190173114
1,1,True,0.5074795836157386,0.5074795836157386
0,1,False,0.5279014654883007,0.4720985345116993
0,1,False,0.5042854098762486,0.49571459012375163
1,1,True,0.5436817305232716,0.5436817305232716
0,1,False,0.5403205422074069,0.45967945779259295
0,1,False,0.5144174780922636,0.48558252190773643
0,1,False,0.5028566565710291,0.49714334342897076
0,1,False,0.5239492858638507,0.4760507141361493
0,1,False,0.5675714518967689,0.43242854810323106
0,1,False,0.5763224590113586,0.42367754098864135
0,1,False,0.5140889534960187,0.4859110465039812
0,1,False,0.5013455857802649,0.49865441421973516
0,1,False,0.5653713360261046,0.4346286639738953
0,1,False,0.6131280545803476,0.3868719454196524
0,1,False,0.5851260202824383,0.4148739797175617
0,1,False,0.573942580672952,0.42605741932704805
0,1,False,0.5393628661536541,0.46063713384634597
1,1,True,0.5251364067589147,0.5251364067589147
1,0,False,0.5414837958817988,0.5414837958817988
1,0,False,0.5052911752821729,0.5052911752821729
0,0,True,0.5756295285292718,0.4243704714707281
1,0,False,0.541696343697726,0.541696343697726
1,0,False,0.5875003273048454,0.5875003273048454
0,0,True,0.5450995188618407,0.4549004811381593
1,0,False,0.538993673781201,0.538993673781201
0,1,False,0.5006274984450643,0.49937250155493573
1,1,True,0.5890690816293337,0.5890690816293337
1,1,True,0.6126914941406556,0.6126914941406556
1,1,True,0.6303628698063274,0.6303628698063274
1,1,True,0.5841514299411604,0.5841514299411604
1,1,True,0.5066102853118317,0.5066102853118317
0,0,True,0.5344347232319377,0.46556527676806203
0,0,True,0.5017084936631686,0.4982915063368312
0,0,True,0.5231575924876792,0.4768424075123207
0,0,True,0.5435625247186071,0.456437475281393
0,0,True,0.5636560821502818,0.43634391784971815
0,0,True,0.5218451986078689,0.47815480139213107
1,0,False,0.5266470375559626,0.5266470375559626
1,1,True,0.5955695532807679,0.5955695532807679
1,1,True,0.5564322401292839,0.5564322401292839
1,1,True,0.6262321522620533,0.6262321522620533
1,1,True,0.5277765087562283,0.5277765087562283
1,1,True,0.5968595137999172,0.5968595137999172
1,1,True,0.5568953626018793,0.5568953626018793
1,1,True,0.5009700674377693,0.5009700674377693
0,1,False,0.5316937415989725,0.46830625840102724
1,1,True,0.5750332907018028,0.5750332907018028
1,0,False,0.5490603960702822,0.5490603960702822
0,0,True,0.5375854924439154,0.46241450755608454
0,0,True,0.543717854624572,0.45628214537542794
1,0,False,0.5146470242296624,0.5146470242296624
1,0,False,0.5222083748733872,0.5222083748733872
0,0,True,0.5385576559476598,0.4614423440523402
0,0,True,0.5270111888517575,0.4729888111482425
1,0,False,0.6300854201420437,0.6300854201420437
1,0,False,0.595330365521551,0.595330365521551
1,1,True,0.6401622361231866,0.6401622361231866
1,1,True,0.6907178097087711,0.6907178097087711
1,1,True,0.6860794784230975,0.6860794784230975
1,0,False,0.6218837222107723,0.6218837222107723
0,0,True,0.528376396328264,0.47162360367173584
1,0,False,0.5093597490231406,0.5093597490231406
1,0,False,0.5511561337604339,0.5511561337604339
1,0,False,0.5462515700362919,0.5462515700362919
0,0,True,0.5039310644370736,0.4960689355629264
0,1,False,0.5025948327406738,0.49740516725932604
1,0,False,0.638211256576366,0.638211256576366
1,0,False,0.5208258084361373,0.5208258084361373
1,0,False,0.5209340045437182,0.5209340045437182
0,0,True,0.525568862463667,0.47443113753633304
1,0,False,0.5156423355972694,0.5156423355972694
1,0,False,0.6069131575518192,0.6069131575518192
1,0,False,0.6458552224864839,0.6458552224864839
1,0,False,0.5924922699326854,0.5924922699326854
1,0,False,0.6592310647977837,0.6592310647977837
1,0,False,0.7198346330573611,0.7198346330573611
1,0,False,0.5496210183957336,0.5496210183957336
1,0,False,0.5235334119739714,0.5235334119739714
1,0,False,0.5679619645666012,0.5679619645666012
1,0,False,0.518583828818913,0.518583828818913
1,0,False,0.6743562197886649,0.6743562197886649
1,1,True,0.6341114097739475,0.6341114097739475
1,0,False,0.5926469460425192,0.5926469460425192
1,0,False,0.5883563159424505,0.5883563159424505
1,0,False,0.5958527807622012,0.5958527807622012
1,0,False,0.5091746202349674,0.5091746202349674
0,0,True,0.5537698929701609,0.44623010702983895
0,0,True,0.5287807233555738,0.4712192766444262
1,1,True,0.6508178799471201,0.6508178799471201
1,1,True,0.6115082672024559,0.6115082672024559
0,1,False,0.609360594457335,0.39063940554266496
1,1,True,0.5319737019871207,0.5319737019871207
0,1,False,0.5011494510668506,0.49885054893314945
0,1,False,0.5121163985567747,0.4878836014432253
1,1,True,0.5203637455471217,0.5203637455471217
1,1,True,0.640956359212643,0.640956359212643
1,1,True,0.5776923226173233,0.5776923226173233
1,1,True,0.5354546981258759,0.5354546981258759
1,0,False,0.58399844962322,0.58399844962322
1,1,True,0.5210536769071741,0.5210536769071741
0,0,True,0.506497723620512,0.49350227637948796
1,0,False,0.5074291165902488,0.5074291165902488
1,0,False,0.5121557391553786,0.5121557391553786
1,0,False,0.6434970839268901,0.6434970839268901
1,0,False,0.5764714208229429,0.5764714208229429
0,0,True,0.517456177920232,0.4825438220797681
1,0,False,0.6719447321183405,0.6719447321183405
0,0,True,0.5405025230204508,0.45949747697954935
0,1,False,0.5000141054149387,0.49998589458506126
1,0,False,0.6235934355859634,0.6235934355859634
1,0,False,0.5379815844637318,0.5379815844637318
1,0,False,0.6046437043091364,0.6046437043091364
1,0,False,0.5221124591104446,0.5221124591104446
1,0,False,0.5092275072341906,0.5092275072341906
0,0,True,0.5474757189106216,0.4525242810893783
0,0,True,0.5185901451712427,0.4814098548287573
1,1,True,0.5543688718227155,0.5543688718227155
1,1,True,0.7337432878952418,0.7337432878952418
1,1,True,0.5670042376142725,0.5670042376142725
1,1,True,0.6384916025022632,0.6384916025022632
1,1,True,0.5806023325582652,0.5806023325582652
1,1,True,0.5412624342882751,0.5412624342882751
0,0,True,0.5250147864766053,0.4749852135233948
0,0,True,0.5053715089316737,0.4946284910683263
0,0,True,0.514160103286648,0.48583989671335215
1,0,False,0.5457308662918309,0.5457308662918309
1,1,True,0.5339262653426605,0.5339262653426605
1,1,True,0.5188349069448552,0.5188349069448552
1,1,True,0.5474119565899442,0.5474119565899442
1,1,True,0.6097685402870574,0.6097685402870574
1,0,False,0.6471154894023051,0.6471154894023051
1,0,False,0.5945055628913378,0.5945055628913378
1,0,False,0.5556453385131901,0.5556453385131901
1,0,False,0.5832955108276581,0.5832955108276581
1,0,False,0.5948828789644897,0.5948828789644897
1,0,False,0.6019869072950145,0.6019869072950145
1,1,True,0.7529615937148929,0.7529615937148929
1,0,False,0.6993704003387958,0.6993704003387958
1,0,False,0.5383586775443397,0.5383586775443397
1,0,False,0.5848627386329105,0.5848627386329105
1,0,False,0.5515440641380873,0.5515440641380873
1,0,False,0.6540877665936212,0.6540877665936212
0,0,True,0.5055982992194245,0.49440170078057555
1,1,True,0.6021786284571715,0.6021786284571715
1,1,True,0.6228033054173232,0.6228033054173232
0,1,False,0.5010871815306002,0.4989128184693996
1,1,True,0.5148275832367779,0.5148275832367779
1,1,True,0.6089504531763136,0.6089504531763136
1,1,True,0.5069205576665801,0.5069205576665801
1,1,True,0.5248673157111106,0.5248673157111106
1,1,True,0.605301892586499,0.605301892586499
1,0,False,0.5380160051977962,0.5380160051977962
1,1,True,0.5370765301504092,0.5370765301504092
1,0,False,0.5563968861417462,0.5563968861417462
0,0,True,0.6020023672743735,0.39799763272562655
1,0,False,0.5102967621696162,0.5102967621696162
1,0,False,0.6458020202495169,0.6458020202495169
1,0,False,0.5300726379780552,0.5300726379780552
0,0,True,0.5370070680369465,0.4629929319630537
0,0,True,0.5935166493272208,0.4064833506727792
1,0,False,0.5632385604396122,0.5632385604396122
1,0,False,0.5967095059374292,0.5967095059374292
1,0,False,0.6211817208095012,0.6211817208095012
1,0,False,0.6387593711114747,0.6387593711114747
1,0,False,0.6289281373883291,0.6289281373883291
1,1,True,0.6557623747027986,0.6557623747027986
1,1,True,0.6118283156832648,0.6118283156832648
1,1,True,0.600606171492694,0.600606171492694
1,1,True,0.5715532791013732,0.5715532791013732
1,0,False,0.5548631660877581,0.5548631660877581
1,0,False,0.5590678373036733,0.5590678373036733
1,0,False,0.6007707413778856,0.6007707413778856
1,0,False,0.538446649882786,0.538446649882786
0,0,True,0.5493232415232345,0.45067675847676536
0,0,True,0.6016835970187873,0.3983164029812125
0,1,False,0.5424231772922755,0.45757682270772443
0,1,False,0.6120812609561157,0.3879187390438842
0,1,False,0.5621638079967631,0.43783619200323665
0,1,False,0.5542573070951262,0.4457426929048737
1,1,True,0.5361601421910109,0.5361601421910109
1,1,True,0.6212382307638581,0.6212382307638581
1,0,False,0.5692093615517161,0.5692093615517161
0,0,True,0.5068688940356084,0.49313110596439147
1,0,False,0.5239274134933292,0.5239274134933292
1,0,False,0.5387423801638148,0.5387423801638148
0,0,True,0.5101228984309093,0.4898771015690907
1,0,False,0.5389163853793547,0.5389163853793547
1,0,False,0.5880175975797695,0.5880175975797695
1,0,False,0.6870401178072236,0.6870401178072236
1,0,False,0.5788686109844647,0.5788686109844647
1,0,False,0.5643089285807606,0.5643089285807606
1,0,False,0.5264708395032133,0.5264708395032133
1,0,False,0.544153334683785,0.544153334683785
1,0,False,0.6162482138170835,0.6162482138170835
1,0,False,0.6621112467914193,0.6621112467914193
1,0,False,0.6079141776625621,0.6079141776625621
1,0,False,0.6202994535713844,0.6202994535713844
1,0,False,0.5525221425831088,0.5525221425831088
0,0,True,0.527839218700361,0.472160781299639
1,0,False,0.6187060994680234,0.6187060994680234
0,0,True,0.5190335612569312,0.48096643874306877
0,1,False,0.5034205919996653,0.49657940800033457
1,1,True,0.5578437497839692,0.5578437497839692
0,1,False,0.5452256278611713,0.45477437213882854
1,1,True,0.5006943081153274,0.5006943081153274
1,1,True,0.522772324551168,0.522772324551168
1,1,True,0.5417043286818264,0.5417043286818264
0,1,False,0.5742950319204934,0.42570496807950664
0,1,False,0.5249344133670507,0.4750655866329494
0,1,False,0.6138099979201503,0.38619000207984955
0,1,False,0.564872951376585,0.435127048623415
0,1,False,0.6311155389859868,0.3688844610140134
0,1,False,0.5810279224171463,0.41897207758285365
0,0,True,0.6240840067975537,0.3759159932024463
0,0,True,0.6095334855931647,0.3904665144068356
0,0,True,0.5869986401907358,0.4130013598092643
0,1,False,0.656846173155886,0.34315382684411405
0,1,False,0.6356561288615419,0.364343871138458
1,1,True,0.5123356746894527,0.5123356746894527
1,0,False,0.5455910587137695,0.5455910587137695
1,0,False,0.5022629552863378,0.5022629552863378
0,1,False,0.5872615777672341,0.412738422232766
0,1,False,0.5691934556534989,0.43080654434650134
0,1,False,0.5369874229810812,0.4630125770189189
0,1,False,0.5489955068690587,0.45100449313094126
0,1,False,0.5804016825435886,0.4195983174564112
0,0,True,0.5472246854200319,0.4527753145799679
0,0,True,0.525137567284667,0.47486243271533296
0,0,True,0.5519285326745826,0.44807146732541736
0,0,True,0.5176722251219416,0.48232777487805867
1,0,False,0.5501800558292511,0.5501800558292511
1,1,True,0.536074485886576,0.536074485886576
1,0,False,0.5881203672134352,0.5881203672134352
1,1,True,0.5605655666614462,0.5605655666614462
1,0,False,0.5341004994890862,0.5341004994890862
1,0,False,0.5484367328644961,0.5484367328644961
1,0,False,0.5517012413221976,0.5517012413221976
1,0,False,0.5600496165494695,0.5600496165494695
1,0,False,0.5289558365774001,0.5289558365774001
1,0,False,0.5502672566338547,0.5502672566338547
1,0,False,0.5337278770468938,0.5337278770468938
1,0,False,0.6410007092606738,0.6410007092606738
0,0,True,0.5292594907825241,0.4707405092174759
1,0,False,0.5727721652825996,0.5727721652825996
0,0,True,0.5324498635859475,0.46755013641405263
0,0,True,0.5132537080928962,0.48674629190710395
1,0,False,0.6178921105400416,0.6178921105400416
0,0,True,0.5005304852886319,0.49946951471136813
1,0,False,0.5050856467373214,0.5050856467373214
1,0,False,0.5830630158347732,0.5830630158347732
0,0,True,0.5923251642357823,0.4076748357642177
0,1,False,0.5972345784325771,0.40276542156742295
0,1,False,0.6336617632657475,0.3663382367342527
0,1,False,0.5838977235661696,0.41610227643383046
0,0,True,0.6032279952165098,0.3967720047834903
0,1,False,0.586704779569727,0.413295220430273
0,1,False,0.5483004140650541,0.45169958593494586
1,1,True,0.504613865040709,0.504613865040709
1,1,True,0.5819175503790641,0.5819175503790641
1,1,True,0.5418893043716163,0.5418893043716163
1,0,False,0.5631635151854559,0.5631635151854559
1,0,False,0.6087314319460797,0.6087314319460797
1,0,False,0.6168172519925416,0.6168172519925416
1,0,False,0.6032341295709465,0.6032341295709465
1,0,False,0.5494687700072746,0.5494687700072746
1,0,False,0.5209688757725118,0.5209688757725118
0,0,True,0.5285369813421557,0.47146301865784435
0,0,True,0.5260671573735434,0.47393284262645646
1,0,False,0.5529706725883853,0.5529706725883853
0,0,True,0.567670757778872,0.4323292422211282
0,0,True,0.5268857711938155,0.4731142288061846
0,0,True,0.549678019212088,0.45032198078791214
0,1,False,0.6377116409547363,0.3622883590452636
0,0,True,0.5511379384689965,0.4488620615310035
0,0,True,0.5324195352663617,0.46758046473363835
0,1,False,0.6068512502603013,0.3931487497396987
0,1,False,0.554210542498291,0.4457894575017089
0,1,False,0.6115520657535312,0.38844793424646873
0,1,False,0.6346590979883915,0.3653409020116086
0,1,False,0.6202743791308036,0.3797256208691964
0,1,False,0.5567369353176206,0.4432630646823796
0,1,False,0.6188066217266255,0.3811933782733746
0,1,False,0.6344735034927127,0.3655264965072873
0,0,True,0.5893330478004268,0.4106669521995731
0,1,False,0.5759420915115021,0.42405790848849784
0,1,False,0.5426981480958711,0.45730185190412886
0,1,False,0.5237866364214058,0.47621336357859434
1,1,True,0.5353387989797485,0.5353387989797485
1,1,True,0.5001627568574166,0.5001627568574166
1,1,True,0.5286574655862708,0.5286574655862708
1,1,True,0.5261031693870719,0.5261031693870719
0,1,False,0.5402760014991943,0.4597239985008058
0,1,False,0.5238186352156203,0.47618136478437967
0,0,True,0.5174490546325471,0.48255094536745297
0,0,True,0.5525959662604382,0.4474040337395618
0,0,True,0.5410553696895581,0.45894463031044186
0,0,True,0.5320553177783445,0.4679446822216555
0,0,True,0.5444001654277417,0.4555998345722584
0,0,True,0.5238707230951872,0.4761292769048127
0,0,True,0.5515678417088743,0.4484321582911257
0,0,True,0.5717313330908471,0.42826866690915294
0,1,False,0.5500726504916122,0.44992734950838786
0,0,True,0.5227944554024376,0.47720554459756226
0,0,True,0.5295168705572785,0.4704831294427215
0,0,True,0.6078216133380894,0.3921783866619106
0,0,True,0.5471422258441467,0.45285777415585315
1,0,False,0.512141199559113,0.512141199559113
1,0,False,0.5065796229968609,0.5065796229968609
1,1,True,0.5289463130556267,0.5289463130556267
1,1,True,0.5454059000381054,0.5454059000381054
0,0,True,0.5222546260118618,0.4777453739881382
0,0,True,0.6209197919053233,0.3790802080946767
0,0,True,0.6424743312057524,0.35752566879424763
1,0,False,0.5254820235180614,0.5254820235180614
0,0,True,0.6006605093409743,0.39933949065902574
0,0,True,0.5955304641594312,0.4044695358405689
0,0,True,0.6327470981175338,0.3672529018824662
0,1,False,0.580437208885927,0.4195627911140731
0,1,False,0.533314089332132,0.46668591066786813
0,1,False,0.509156875570703,0.490843124429297
0,1,False,0.5267730084390494,0.47322699156095055
0,1,False,0.5477025692191809,0.45229743078081897
0,1,False,0.543560279747051,0.4564397202529488
1,1,True,0.5633607259459735,0.5633607259459735
1,1,True,0.5387624721871835,0.5387624721871835
1,1,True,0.5834857983570204,0.5834857983570204
1,1,True,0.5650618253624381,0.5650618253624381
1,1,True,0.5923203947529078,0.5923203947529078
1,0,False,0.5019837504588064,0.5019837504588064
1,1,True,0.5601601136555633,0.5601601136555633
1,1,True,0.5815469206185129,0.5815469206185129
1,1,True,0.5596675223047097,0.5596675223047097
1,0,False,0.6168187659444542,0.6168187659444542
1,1,True,0.5647612714098819,0.5647612714098819
1,1,True,0.5732531919659101,0.5732531919659101
1,1,True,0.6420011659823995,0.6420011659823995
1,1,True,0.624394432048997,0.624394432048997
1,0,False,0.5685891551583832,0.5685891551583832
1,0,False,0.6065706099725272,0.6065706099725272
1,0,False,0.5642071577650876,0.5642071577650876
1,0,False,0.5961232802111003,0.5961232802111003
1,0,False,0.6229399725335397,0.6229399725335397
1,0,False,0.5839361979785646,0.5839361979785646
1,0,False,0.6563442118768965,0.6563442118768965
1,0,False,0.6097980615142643,0.6097980615142643
1,0,False,0.5086679218988832,0.5086679218988832
1,1,True,0.5580365954958877,0.5580365954958877
0,1,False,0.5390547770196378,0.4609452229803622
0,1,False,0.5856080920287325,0.41439190797126757
0,1,False,0.545501178577459,0.4544988214225411
0,1,False,0.502046083448429,0.49795391655157095
1,1,True,0.5522170406652293,0.5522170406652293
1,0,False,0.534079531770432,0.534079531770432
1,1,True,0.5321516637450958,0.5321516637450958
1,0,False,0.5443081332521933,0.5443081332521933
1,1,True,0.6433154298154569,0.6433154298154569
1,1,True,0.5839631838341319,0.5839631838341319
1,1,True,0.6194224468358822,0.6194224468358822
1,0,False,0.6320837308059609,0.6320837308059609
1,0,False,0.5700253891791688,0.5700253891791688
1,0,False,0.5835764564120248,0.5835764564120248
1,0,False,0.6054282854750478,0.6054282854750478
1,0,False,0.6360186701329515,0.6360186701329515
1,1,True,0.5776561859221199,0.5776561859221199
1,1,True,0.6210305328675485,0.6210305328675485
1,1,True,0.6602573955757647,0.6602573955757647
1,1,True,0.6637851563100279,0.6637851563100279
1,1,True,0.669032763060905,0.669032763060905
1,1,True,0.5776311432729979,0.5776311432729979
1,1,True,0.6153582994203082,0.6153582994203082
1,1,True,0.5002850134774781,0.5002850134774781
1,1,True,0.5446740974415928,0.5446740974415928
1,1,True,0.5436828389292317,0.5436828389292317
1,1,True,0.5912497954695464,0.5912497954695464
1,1,True,0.5982251124450898,0.5982251124450898
1,1,True,0.586770641801553,0.586770641801553
1,1,True,0.5295942388784722,0.5295942388784722
0,0,True,0.5183216538337787,0.48167834616622157
1,0,False,0.522825326826821,0.522825326826821
1,0,False,0.5408440773680337,0.5408440773680337
1,0,False,0.5157987211214858,0.5157987211214858
1,0,False,0.5151429331845631,0.5151429331845631
1,0,False,0.6016551628734984,0.6016551628734984
1,0,False,0.538899252019793,0.538899252019793
1,1,True,0.6163741146709967,0.6163741146709967
1,0,False,0.5661872732003215,0.5661872732003215
1,0,False,0.5540171043667039,0.5540171043667039
0,1,False,0.5265213479243478,0.47347865207565204
0,1,False,0.5162013963504847,0.48379860364951516
1,0,False,0.5311130532075725,0.5311130532075725
0,0,True,0.5656494892515022,0.4343505107484978
0,1,False,0.5437167859980547,0.4562832140019451
0,0,True,0.6320414620251439,0.3679585379748561
0,1,False,0.5627152918415516,0.43728470815844844
0,1,False,0.587528494215252,0.4124715057847479
0,1,False,0.5272925506914017,0.47270744930859854
0,1,False,0.5166427917165325,0.4833572082834675
0,1,False,0.5162864149392573,0.48371358506074247
1,1,True,0.6220770924524225,0.6220770924524225
1,1,True,0.694276611990311,0.694276611990311
1,1,True,0.6533161196431357,0.6533161196431357
1,1,True,0.546415399505526,0.546415399505526
1,1,True,0.5092681353672065,0.5092681353672065
1,0,False,0.5258545605243722,0.5258545605243722
1,0,False,0.5379784414581987,0.5379784414581987
1,0,False,0.5334867916506436,0.5334867916506436
0,0,True,0.5451445418988093,0.45485545810119066
0,0,True,0.6109424003521264,0.38905759964787356
0,0,True,0.5715477364791286,0.4284522635208713
1,0,False,0.5285570433163594,0.5285570433163594
1,0,False,0.5364032099466158,0.5364032099466158
1,0,False,0.6617850182358281,0.6617850182358281
1,0,False,0.6200556137136111,0.6200556137136111
1,0,False,0.5653706004372259,0.5653706004372259
1,0,False,0.5366121580360117,0.5366121580360117
1,0,False,0.5473192116204268,0.5473192116204268
1,0,False,0.6174721458985101,0.6174721458985101
1,0,False,0.606649410144901,0.606649410144901
1,0,False,0.5524041258786448,0.5524041258786448
0,0,True,0.5115373778121356,0.48846262218786435
0,0,True,0.5060356402330108,0.4939643597669891
0,1,False,0.5546638093532377,0.44533619064676233
0,1,False,0.5421529742446585,0.45784702575534136
0,1,False,0.5388692544147632,0.46113074558523665
1,1,True,0.5327733154948706,0.5327733154948706
1,1,True,0.555101973486968,0.555101973486968
0,1,False,0.5091959445971994,0.49080405540280075
1,1,True,0.6012190483233731,0.6012190483233731
1,1,True,0.6047589848675349,0.6047589848675349
1,1,True,0.6424953869480433,0.6424953869480433
1,1,True,0.6429227959117266,0.6429227959117266
1,1,True,0.6180090058259201,0.6180090058259201
1,1,True,0.6131545057308119,0.6131545057308119
1,1,True,0.6379626989019519,0.6379626989019519
1,1,True,0.5626058016425555,0.5626058016425555
1,0,False,0.6043106939280254,0.6043106939280254
1,0,False,0.6542144732849929,0.6542144732849929
1,0,False,0.5669832482727896,0.5669832482727896
1,0,False,0.6071510022254417,0.6071510022254417
1,0,False,0.5507201029931625,0.5507201029931625
1,0,False,0.5892139380631332,0.5892139380631332
1,0,False,0.6066721384888262,0.6066721384888262
1,0,False,0.5196892606856309,0.5196892606856309
1,0,False,0.5001303507877087,0.5001303507877087
0,0,True,0.5030243501516476,0.4969756498483524
0,0,True,0.5666892351297244,0.43331076487027553
0,1,False,0.5766260079400792,0.42337399205992066
1,1,True,0.5132429052316777,0.5132429052316777
0,0,True,0.5073466017429943,0.4926533982570057
1,0,False,0.5366635629804257,0.5366635629804257
1,0,False,0.5651626745839975,0.5651626745839975
1,0,False,0.571774491116145,0.571774491116145
1,1,True,0.6122941812743059,0.6122941812743059
1,1,True,0.6385746235701522,0.6385746235701522
1,1,True,0.6013978752348346,0.6013978752348346
1,1,True,0.6587479727636649,0.6587479727636649
1,1,True,0.6562816930878812,0.6562816930878812
1,1,True,0.6984463172574975,0.6984463172574975
1,1,True,0.6936287680972173,0.6936287680972173
1,1,True,0.6513563698718272,0.6513563698718272
1,1,True,0.6925351613506479,0.6925351613506479
1,1,True,0.6590250893656537,0.6590250893656537
1,0,False,0.6496234975178449,0.6496234975178449
1,0,False,0.5833024850090104,0.5833024850090104
1,0,False,0.5793743585720076,0.5793743585720076
1,0,False,0.5583196868817827,0.5583196868817827
1,0,False,0.6420548604116927,0.6420548604116927
1,0,False,0.6022417948943152,0.6022417948943152
1,0,False,0.619947315537035,0.619947315537035
1,0,False,0.6191762423087064,0.6191762423087064
1,0,False,0.624641766564038,0.624641766564038
1,0,False,0.5919887898577113,0.5919887898577113
1,0,False,0.5500903280107429,0.5500903280107429
0,0,True,0.5237929507918677,0.4762070492081323
0,0,True,0.5332211771617946,0.4667788228382054
0,1,False,0.5673886323079624,0.4326113676920378
1,1,True,0.5714953257371177,0.5714953257371177
1,1,True,0.6384971141850375,0.6384971141850375
1,1,True,0.6394059028287495,0.6394059028287495
1,1,True,0.5834337075258539,0.5834337075258539
1,1,True,0.6480192154822865,0.6480192154822865
1,1,True,0.64138796171972,0.64138796171972
1,1,True,0.6779537800358103,0.6779537800358103
1,1,True,0.6471430225876711,0.6471430225876711
0,1,False,0.5446408571126924,0.4553591428873077
1,1,True,0.5157906446112395,0.5157906446112395
1,1,True,0.5288735234627704,0.5288735234627704
1,1,True,0.5187003982859077,0.5187003982859077
0,0,True,0.5014205858662893,0.49857941413371065
1,0,False,0.585938997167622,0.585938997167622
1,0,False,0.5394165735948315,0.5394165735948315
1,0,False,0.5984810523908052,0.5984810523908052
1,0,False,0.5941638389593166,0.5941638389593166
1,0,False,0.642077551558451,0.642077551558451
1,0,False,0.6380340586014459,0.6380340586014459
1,0,False,0.6367671372517195,0.6367671372517195
1,1,True,0.5973105437342768,0.5973105437342768
1,1,True,0.5565498411961244,0.5565498411961244
1,1,True,0.529096868463877,0.529096868463877
1,1,True,0.5981603411782015,0.5981603411782015
1,1,True,0.5817396668591476,0.5817396668591476
1,1,True,0.6125214856917862,0.6125214856917862
0,1,False,0.5078274177861143,0.4921725822138856
1,1,True,0.5333272515001093,0.5333272515001093
1,0,False,0.5663623367042749,0.5663623367042749
1,0,False,0.6096795357550914,0.6096795357550914
1,1,True,0.5854183314037776,0.5854183314037776
1,1,True,0.6553201966624562,0.6553201966624562
1,1,True,0.6562927681493044,0.6562927681493044
1,1,True,0.6793629615014369,0.6793629615014369
1,1,True,0.5587934146503908,0.5587934146503908
1,1,True,0.6842265173252084,0.6842265173252084
1,1,True,0.653024393471686,0.653024393471686
1,1,True,0.622343006958779,0.622343006958779
1,1,True,0.5435058776265809,0.5435058776265809
1,1,True,0.5687908458894217,0.5687908458894217
1,1,True,0.6311503465760865,0.6311503465760865
1,1,True,0.6354171075135703,0.6354171075135703
1,1,True,0.5605481555002935,0.5605481555002935
1,1,True,0.5577197244701939,0.5577197244701939
1,1,True,0.6267393067050616,0.6267393067050616
1,1,True,0.6763455504171968,0.6763455504171968
1,0,False,0.5794402842063016,0.5794402842063016
1,0,False,0.6268955167783181,0.6268955167783181
1,0,False,0.5369033536530385,0.5369033536530385
1,0,False,0.5743361256215601,0.5743361256215601
1,0,False,0.6194925139678796,0.6194925139678796
1,0,False,0.6707262431842935,0.6707262431842935
1,1,True,0.5368143955007911,0.5368143955007911
1,1,True,0.6197157918765576,0.6197157918765576
1,0,False,0.5926399759224982,0.5926399759224982
1,0,False,0.6093498348513371,0.6093498348513371
1,0,False,0.5483015654819241,0.5483015654819241
1,0,False,0.5624536359309148,0.5624536359309148
1,0,False,0.6508083287837865,0.6508083287837865
1,0,False,0.6221298027658249,0.6221298027658249
1,0,False,0.5975026357868483,0.5975026357868483
1,0,False,0.6098519929245592,0.6098519929245592
1,0,False,0.6375652515886522,0.6375652515886522
1,0,False,0.5946330366870425,0.5946330366870425
1,0,False,0.5770759592044128,0.5770759592044128
1,0,False,0.5947552175851503,0.5947552175851503
1,0,False,0.5443675391547289,0.5443675391547289
1,0,False,0.5480543988863771,0.5480543988863771
0,0,True,0.5156143378319022,0.48438566216809775
0,0,True,0.552048055050927,0.44795194494907314
0,0,True,0.5990874173691794,0.40091258263082064
0,0,True,0.6599732335991434,0.3400267664008566
0,0,True,0.6514670086989958,0.3485329913010044
0,0,True,0.6395984695582368,0.36040153044176326
0,0,True,0.6534053288040735,0.34659467119592646
0,0,True,0.7226779975520468,0.27732200244795324
0,0,True,0.675150475620536,0.32484952437946385
0,0,True,0.6420103001620409,0.3579896998379591
1,0,False,0.5121375459896932,0.5121375459896932
0,1,False,0.5749735280249829,0.42502647197501703
0,1,False,0.5790282579390922,0.4209717420609079
0,1,False,0.5458008800937624,0.45419911990623757
0,1,False,0.5752035037662748,0.4247964962337252
0,1,False,0.6151740844663042,0.38482591553369583
0,1,False,0.5971336572214423,0.4028663427785577
0,1,False,0.6256372394488402,0.37436276055115986
0,0,True,0.6786635098892013,0.3213364901107984
0,1,False,0.5764567341111863,0.4235432658888138
0,0,True,0.5329738225580457,0.4670261774419542
0,0,True,0.6272943674212915,0.3727056325787084
0,1,False,0.6807493263873877,0.31925067361261217
0,1,False,0.6342451338307835,0.3657548661692165
0,1,False,0.6572079017073842,0.3427920982926156
0,1,False,0.5057856792281112,0.49421432077188876
1,0,False,0.5099433473914908,0.5099433473914908
0,0,True,0.5077667329510074,0.49223326704899273
0,0,True,0.5133981877744352,0.4866018122255647
0,0,True,0.5385553609197545,0.4614446390802456
0,0,True,0.5096401711388523,0.4903598288611478
0,0,True,0.5576290372826274,0.44237096271737275
0,0,True,0.6207309368397159,0.37926906316028397
0,1,False,0.5557825238167119,0.4442174761832882
0,1,False,0.5836398872316652,0.41636011276833496
0,1,False,0.6400448924071105,0.35995510759288957
0,1,False,0.6531174918072808,0.34688250819271904
0,1,False,0.5787746686089078,0.4212253313910922
0,0,True,0.6323699032482786,0.3676300967517213
0,0,True,0.6020535299853413,0.39794647001465866
0,0,True,0.6457578260064021,0.3542421739935979
0,1,False,0.6294886875109643,0.37051131248903574
0,1,False,0.6121660191645187,0.38783398083548126
0,0,True,0.6358102527216364,0.36418974727836356
0,0,True,0.5723916359635451,0.42760836403645497
0,1,False,0.596358655994476,0.40364134400552387
0,1,False,0.537053346949478,0.4629466530505219
0,1,False,0.5490740474442871,0.4509259525557129
0,1,False,0.5519602149544739,0.4480397850455261
0,1,False,0.5666987149807664,0.4333012850192336
1,0,False,0.5150285905553853,0.5150285905553853
1,0,False,0.5004385818748631,0.5004385818748631
0,0,True,0.5595966606539297,0.44040333934607023
0,0,True,0.5521102309688697,0.4478897690311302
0,0,True,0.5639306995092321,0.43606930049076775
0,0,True,0.5206658324610995,0.4793341675389006
1,0,False,0.5911452232580764,0.5911452232580764
0,0,True,0.5063634699776554,0.49363653002234475
1,0,False,0.5850392303078816,0.5850392303078816
1,0,False,0.5579365196855354,0.5579365196855354
0,0,True,0.5154765728450288,0.48452342715497143
1,0,False,0.5972580953727225,0.5972580953727225
1,0,False,0.5879152270168251,0.5879152270168251
0,0,True,0.522876789374283,0.47712321062571705
1,0,False,0.5451973090548572,0.5451973090548572
1,1,True,0.5155057987656364,0.5155057987656364
1,0,False,0.5383968868244025,0.5383968868244025
1,1,True,0.5450202202461368,0.5450202202461368
1,0,False,0.5427430174022216,0.5427430174022216
1,0,False,0.5499128028469331,0.5499128028469331
1,0,False,0.5467618629970399,0.5467618629970399
1,1,True,0.5907140373309083,0.5907140373309083
1,1,True,0.5073504745817363,0.5073504745817363
0,1,False,0.5179952360801665,0.48200476391983355
1,1,True,0.5101087621123161,0.5101087621123161
1,1,True,0.567177425918194,0.567177425918194
1,1,True,0.5732710224388642,0.5732710224388642
0,0,True,0.5112498318690275,0.48875016813097266
1,1,True,0.5737469790185086,0.5737469790185086
1,0,False,0.623831795770725,0.623831795770725
1,1,True,0.5467083337753146,0.5467083337753146
1,1,True,0.6437720863448051,0.6437720863448051
1,1,True,0.6911914087244044,0.6911914087244044
1,1,True,0.5489492070079682,0.5489492070079682
1,1,True,0.5113095879059869,0.5113095879059869
1,0,False,0.5386185665892159,0.5386185665892159
1,0,False,0.5354159313037254,0.5354159313037254
1,0,False,0.5538573770983489,0.5538573770983489
1,0,False,0.5062045889560296,0.5062045889560296
0,0,True,0.5281240233576486,0.4718759766423515
0,1,False,0.5017518179955279,0.4982481820044721
1,1,True,0.573181616780484,0.573181616780484
1,1,True,0.6450601294253941,0.6450601294253941
1,1,True,0.6487026571543127,0.6487026571543127
1,0,False,0.6333843869014473,0.6333843869014473
0,0,True,0.5043331528126686,0.49566684718733145
0,0,True,0.5294442164323419,0.4705557835676581
0,0,True,0.5049628819005616,0.4950371180994383
1,1,True,0.5518117649048466,0.5518117649048466
0,1,False,0.5892925025568455,0.4107074974431543
1,1,True,0.568134562662366,0.568134562662366
1,0,False,0.6159651561412351,0.6159651561412351
0,1,False,0.5871692753092361,0.412830724690764
0,0,True,0.5714667442797984,0.4285332557202016
0,0,True,0.6302767008469408,0.36972329915305924
1,0,False,0.5419824841485317,0.5419824841485317
1,0,False,0.5337165669202151,0.5337165669202151
1,0,False,0.5393173370401294,0.5393173370401294
1,0,False,0.5545441260809397,0.5545441260809397
1,0,False,0.5436990603470064,0.5436990603470064
1,0,False,0.5640935123011123,0.5640935123011123
0,0,True,0.5296051903715429,0.47039480962845703
1,0,False,0.5580508531374162,0.5580508531374162
0,1,False,0.5341852622846542,0.4658147377153459
0,1,False,0.5080544894202386,0.4919455105797613
1,1,True,0.5743766879253853,0.5743766879253853
1,1,True,0.5690611285181133,0.5690611285181133
1,1,True,0.5607227677134596,0.5607227677134596
1,0,False,0.5552502437100267,0.5552502437100267
0,0,True,0.5247499479465959,0.4752500520534042
1,0,False,0.5272999891626082,0.5272999891626082
0,0,True,0.5207080726175148,0.47929192738248516
1,0,False,0.5140219395840131,0.5140219395840131
1,1,True,0.5549815726217238,0.5549815726217238
1,0,False,0.5992982079783227,0.5992982079783227
1,1,True,0.5909225497119484,0.5909225497119484
1,1,True,0.5892214225794352,0.5892214225794352
1,1,True,0.5539008282161062,0.5539008282161062
0,1,False,0.5367078678874994,0.46329213211250064
0,1,False,0.5794335346301784,0.42056646536982156
0,1,False,0.6030588327708717,0.39694116722912826
0,0,True,0.6143761304980064,0.38562386950199357
0,0,True,0.6299249703425385,0.37007502965746153
0,0,True,0.568536631384788,0.43146336861521195
0,0,True,0.6495898508172989,0.35041014918270075
0,0,True,0.6377231418922584,0.36227685810774135
0,1,False,0.6191342533813243,0.38086574661867556
0,0,True,0.5082342793071948,0.49176572069280516
0,1,False,0.572651393763247,0.42734860623675297
0,1,False,0.5413402530571543,0.4586597469428457
1,0,False,0.5317003533106327,0.5317003533106327
0,0,True,0.5500853109248501,0.44991468907515
0,0,True,0.5643509883539983,0.4356490116460019
0,0,True,0.6019787519667845,0.3980212480332154
0,0,True,0.6159017414134433,0.38409825858655655
0,0,True,0.5158259295131253,0.48417407048687466
1,0,False,0.5271552277199854,0.5271552277199854
0,0,True,0.6276442572968096,0.37235574270319044
0,1,False,0.5429864106675663,0.4570135893324338
0,1,False,0.5577432007039071,0.44225679929609285
1,1,True,0.5377566237584465,0.5377566237584465
1,1,True,0.5075447367279097,0.5075447367279097
0,1,False,0.5867752755297089,0.4132247244702911
0,1,False,0.5855416236794561,0.41445837632054405
1,1,True,0.5473526403041011,0.5473526403041011
1,1,True,0.5351788520120687,0.5351788520120687
1,1,True,0.5368883272894273,0.5368883272894273
0,0,True,0.5557386418712318,0.4442613581287682
0,1,False,0.5659858829409751,0.43401411705902504
0,1,False,0.5238711170189395,0.4761288829810605
0,1,False,0.5047332971840768,0.4952667028159233
0,1,False,0.5635865900774958,0.4364134099225041
1,1,True,0.5014319966292676,0.5014319966292676
0,1,False,0.5097671378523871,0.49023286214761297
0,1,False,0.6109203724833552,0.38907962751664477
0,1,False,0.5037408645119912,0.4962591354880089
1,1,True,0.5324314348997109,0.5324314348997109
0,1,False,0.5388487880822147,0.4611512119177853
1,1,True,0.5138642199430994,0.5138642199430994
1,1,True,0.5488201978781162,0.5488201978781162
1,0,False,0.5571090049709526,0.5571090049709526
1,0,False,0.5334112548718144,0.5334112548718144
1,0,False,0.5352744699672449,0.5352744699672449
1,1,True,0.6319002317856026,0.6319002317856026
1,1,True,0.6374397524925984,0.6374397524925984
1,1,True,0.6288920178856654,0.6288920178856654
1,1,True,0.6170235823646587,0.6170235823646587
1,1,True,0.5630985469798604,0.5630985469798604
0,1,False,0.5427368855450849,0.45726311445491513
0,0,True,0.5501497802463208,0.44985021975367934
0,1,False,0.5832956048493776,0.41670439515062235
0,1,False,0.5686232881667771,0.431376711833223
0,1,False,0.5408975481542436,0.4591024518457565
0,1,False,0.605623574113785,0.3943764258862151
0,1,False,0.6263707336560637,0.3736292663439363
0,1,False,0.5928572236542674,0.4071427763457327
0,1,False,0.5934421870160187,0.40655781298398125
0,1,False,0.637586347660047,0.3624136523399528
0,1,False,0.624927381680493,0.37507261831950706
0,0,True,0.6456695528252242,0.3543304471747756
0,0,True,0.5871450130139734,0.4128549869860265
0,0,True,0.5283901492653732,0.4716098507346268
0,0,True,0.6693031121267332,0.33069688787326684
0,0,True,0.6422733600704502,0.3577266399295496
0,0,True,0.6529866925205635,0.34701330747943604
0,0,True,0.5509242791872752,0.4490757208127249
0,0,True,0.628033828349041,0.3719661716509589
0,0,True,0.5438598130824327,0.4561401869175673
0,0,True,0.5223298103894709,0.47767018961052926
0,0,True,0.5536295454231949,0.4463704545768052
0,0,True,0.5690405018734817,0.43095949812651857
0,0,True,0.536668598810284,0.463331401189716
1,0,False,0.5117633649996487,0.5117633649996487
1,1,True,0.5534853570358038,0.5534853570358038
0,1,False,0.532155604362394,0.46784439563760594
0,1,False,0.6098297252328831,0.39017027476711685
0,1,False,0.6401060001767959,0.359893999823204
0,1,False,0.5117828957304871,0.4882171042695129
1,0,False,0.5702966669648422,0.5702966669648422
0,0,True,0.5250661763901862,0.47493382360981373
0,1,False,0.625195481357602,0.37480451864239794
0,0,True,0.6661690077770851,0.3338309922229148
1,0,False,0.554437857230555,0.554437857230555
0,0,True,0.5003807542550206,0.4996192457449793
0,1,False,0.5723549719635089,0.42764502803649096
1,1,True,0.6004390712626216,0.6004390712626216
1,1,True,0.5485206454997813,0.5485206454997813
1,1,True,0.5744634744775665,0.5744634744775665
1,1,True,0.570731233276398,0.570731233276398
1,1,True,0.6042873312438077,0.6042873312438077
0,1,False,0.506453713617981,0.49354628638201903
0,1,False,0.579194358317187,0.42080564168281287
1,1,True,0.5662917819732629,0.5662917819732629
1,1,True,0.5675729041677307,0.5675729041677307
1,1,True,0.5452107722993884,0.5452107722993884
1,1,True,0.5205903628750346,0.5205903628750346
0,1,False,0.5281966852315024,0.47180331476849763
0,1,False,0.5956892104217393,0.4043107895782606
0,1,False,0.671347540110562,0.32865245988943814
0,1,False,0.6780346507113928,0.32196534928860715
0,0,True,0.6209220765014012,0.3790779234985989
0,0,True,0.7072218872417975,0.2927781127582026
0,0,True,0.6471169916433412,0.35288300835665887
0,0,True,0.6183122858745632,0.3816877141254368
0,0,True,0.563951854369226,0.43604814563077376
0,0,True,0.5368596511563566,0.4631403488436434
1,1,True,0.5131517905065885,0.5131517905065885
1,0,False,0.5548295674918471,0.5548295674918471
0,0,True,0.5582130116518906,0.44178698834810926
1,0,False,0.5259806795222889,0.5259806795222889
0,0,True,0.5084037730366601,0.49159622696334
0,0,True,0.5590773026460902,0.44092269735390965
1,0,False,0.560477657546902,0.560477657546902
0,0,True,0.5106826114263797,0.48931738857362017
1,0,False,0.5068531985347311,0.5068531985347311
1,1,True,0.5039245972476922,0.5039245972476922
1,1,True,0.5351239552127929,0.5351239552127929
0,1,False,0.5317609973496885,0.4682390026503115
0,1,False,0.5407385709939974,0.45926142900600253
0,1,False,0.6065847062724485,0.39341529372755135
0,1,False,0.6535091350271398,0.34649086497286014
0,1,False,0.5654233524879351,0.43457664751206493
0,1,False,0.5733468541339827,0.4266531458660172
0,1,False,0.5141849348656998,0.4858150651343003
1,0,False,0.5180997323121816,0.5180997323121816
0,0,True,0.5641317475663867,0.4358682524336133
1,0,False,0.525224048861184,0.525224048861184
0,0,True,0.5493169481784644,0.4506830518215355
0,0,True,0.6351616579902163,0.3648383420097837
0,0,True,0.5692434188461192,0.4307565811538808
1,0,False,0.5071836331084546,0.5071836331084546
0,0,True,0.5053554822952951,0.49464451770470474
1,0,False,0.5357524749821164,0.5357524749821164
1,0,False,0.5882332898065072,0.5882332898065072
0,1,False,0.5354195768580252,0.4645804231419747
1,0,False,0.544556454786329,0.544556454786329
0,0,True,0.5173501225191953,0.48264987748080473
1,1,True,0.5278181756217102,0.5278181756217102
1,1,True,0.5241947831531562,0.5241947831531562
1,1,True,0.5125449206762565,0.5125449206762565
0,1,False,0.5304274075558201,0.46957259244417987
1,1,True,0.5197017152724763,0.5197017152724763
0,1,False,0.5104691838829449,0.48953081611705496
1,1,True,0.5959007105793829,0.5959007105793829
1,1,True,0.5691378499437865,0.5691378499437865
1,0,False,0.5663412336149406,0.5663412336149406
1,0,False,0.5172747875209835,0.5172747875209835
1,0,False,0.5055320960679497,0.5055320960679497
1,0,False,0.5150330712424929,0.5150330712424929
1,0,False,0.5332576076969058,0.5332576076969058
0,0,True,0.5025175081055673,0.4974824918944328
0,0,True,0.511666317531829,0.4883336824681712
0,0,True,0.535985820066361,0.46401417993363897
0,0,True,0.5652916811712174,0.4347083188287827
0,0,True,0.5163736731124836,0.4836263268875164
1,0,False,0.5534681073320549,0.5534681073320549
0,0,True,0.5102504057941503,0.4897495942058496
0,0,True,0.5183829879372823,0.48161701206271756
0,0,True,0.532031368270751,0.46796863172924885
1,0,False,0.5067711470701808,0.5067711470701808
1,1,True,0.5813824542695221,0.5813824542695221
1,0,False,0.5516715438878043,0.5516715438878043
0,0,True,0.5565924126109669,0.44340758738903296
1,0,False,0.5019798308571946,0.5019798308571946
1,0,False,0.5040322216793814,0.5040322216793814
1,0,False,0.5354226123344078,0.5354226123344078
0,0,True,0.5552960941309212,0.44470390586907893
0,1,False,0.5028213739062248,0.497178626093775
1,0,False,0.5209462956561329,0.5209462956561329
1,0,False,0.5253770933141939,0.5253770933141939
1,0,False,0.5240761787245678,0.5240761787245678
1,0,False,0.515807666268266,0.515807666268266
0,0,True,0.5188999686575022,0.48110003134249785
1,1,True,0.5402886726528391,0.5402886726528391
1,1,True,0.553324926734315,0.553324926734315
0,1,False,0.5732185822494368,0.4267814177505632
1,1,True,0.5356065039940289,0.5356065039940289
1,1,True,0.5904282235305415,0.5904282235305415
1,1,True,0.6279434694530842,0.6279434694530842
1,0,False,0.5366283558076044,0.5366283558076044
1,1,True,0.5833160222374041,0.5833160222374041
1,1,True,0.5149483058788086,0.5149483058788086
1,1,True,0.5164551870251797,0.5164551870251797
1,1,True,0.5101265973189469,0.5101265973189469
1,1,True,0.5197503224297992,0.5197503224297992
1,1,True,0.5285250100605979,0.5285250100605979
0,1,False,0.5180353965537114,0.48196460344628866
0,1,False,0.5982110515147191,0.401788948485281
0,1,False,0.5390513787722746,0.46094862122772545
0,0,True,0.5846850123235132,0.415314987676487
0,1,False,0.6380611474147594,0.36193885258524083
0,1,False,0.6745022359858285,0.3254977640141715
0,1,False,0.6868626483982485,0.3131373516017514
0,1,False,0.62518907911127,0.37481092088873014
0,1,False,0.6359572848027116,0.3640427151972884
0,1,False,0.5164276108052532,0.48357238919474677
0,1,False,0.6087066333281206,0.3912933666718793
0,1,False,0.615611275616981,0.38438872438301885
0,1,False,0.5503143269502646,0.44968567304973545
0,0,True,0.5599694906179286,0.44003050938207144
1,0,False,0.5914872710640738,0.5914872710640738
1,0,False,0.6055421338638421,0.6055421338638421
1,0,False,0.5763435840977249,0.5763435840977249
1,0,False,0.5690247869519671,0.5690247869519671
0,0,True,0.5068652123184545,0.4931347876815454
1,1,True,0.5425231041747935,0.5425231041747935
1,0,False,0.5689400953691197,0.5689400953691197
1,0,False,0.5366002869757869,0.5366002869757869
1,1,True,0.5287530072139471,0.5287530072139471
1,0,False,0.557865986929456,0.557865986929456
0,0,True,0.589727357257125,0.4102726427428749
1,0,False,0.5036274544651459,0.5036274544651459
1,0,False,0.5746839979521337,0.5746839979521337
1,0,False,0.5496568980587033,0.5496568980587033
0,0,True,0.5594551797351557,0.4405448202648443
0,0,True,0.5719489645249509,0.42805103547504897
1,0,False,0.5183621093362334,0.5183621093362334
1,0,False,0.5052137527251842,0.5052137527251842
1,0,False,0.5328063516250419,0.5328063516250419
0,0,True,0.5458860177956883,0.45411398220431165
0,1,False,0.5078120571466164,0.4921879428533835
1,1,True,0.506764266140977,0.506764266140977
1,1,True,0.556041642280221,0.556041642280221
0,1,False,0.5878582963702159,0.4121417036297839
0,1,False,0.5045205785334976,0.49547942146650237
0,1,False,0.5558557062160463,0.4441442937839537
1,0,False,0.5275746200602753,0.5275746200602753
1,0,False,0.544239180215428,0.544239180215428
0,0,True,0.5215705019099601,0.47842949809004
1,0,False,0.5075470461690417,0.5075470461690417
0,0,True,0.5252041309731985,0.4747958690268016
1,0,False,0.5551551321432561,0.5551551321432561
1,0,False,0.5912563161353024,0.5912563161353024
0,0,True,0.5113442188483277,0.4886557811516723
1,0,False,0.5113782307574937,0.5113782307574937
1,0,False,0.5452617942791702,0.5452617942791702
0,1,False,0.5706430517217407,0.4293569482782593
1,1,True,0.5268542442697721,0.5268542442697721
1,0,False,0.5139281777201806,0.5139281777201806
1,1,True,0.5714717014923859,0.5714717014923859
1,1,True,0.5438946505498952,0.5438946505498952
1,1,True,0.5267259593742186,0.5267259593742186
1,1,True,0.554051827877587,0.554051827877587
1,1,True,0.551739990435675,0.551739990435675
1,1,True,0.5116249046819985,0.5116249046819985
1,1,True,0.5116301285133681,0.5116301285133681
1,1,True,0.5071818903220493,0.5071818903220493
0,1,False,0.506154974007935,0.493845025992065
1,1,True,0.5043076655842795,0.5043076655842795
1,1,True,0.5084798183660603,0.5084798183660603
1,0,False,0.5042576473570584,0.5042576473570584
0,1,False,0.5021973272499811,0.4978026727500189
0,1,False,0.5133068127367288,0.48669318726327104
0,1,False,0.5656528637864208,0.43434713621357923
1,1,True,0.5219301329038502,0.5219301329038502
0,1,False,0.5299566277874046,0.4700433722125953
0,1,False,0.6050395336129989,0.3949604663870011
0,1,False,0.5919297628143336,0.40807023718566615
0,1,False,0.6396737236120116,0.3603262763879884
0,0,True,0.5303064490394934,0.4696935509605066
1,1,True,0.5431299504352194,0.5431299504352194
0,0,True,0.5036571702165022,0.49634282978349775
0,0,True,0.5970899236466323,0.40291007635336784
1,0,False,0.5086391200161201,0.5086391200161201
0,1,False,0.6541110104298085,0.34588898957019154
0,0,True,0.506287995158691,0.49371200484130895
0,0,True,0.6439904550251858,0.3560095449748142
0,1,False,0.5749177295032918,0.42508227049670827
0,1,False,0.5486881442141922,0.4513118557858077
0,1,False,0.6325325756155826,0.3674674243844174
1,1,True,0.5298562629211662,0.5298562629211662
0,1,False,0.5460166504693968,0.45398334953060304
0,1,False,0.6017727322363814,0.39822726776361894
0,1,False,0.5545293559547188,0.44547064404528147
0,1,False,0.5476929308463918,0.4523070691536083
0,1,False,0.5542135835135381,0.445786416486462
0,1,False,0.5611583817408192,0.4388416182591809
0,1,False,0.5287572081263489,0.47124279187365126
1,1,True,0.5748334799160288,0.5748334799160288
0,1,False,0.5574357483526965,0.4425642516473035
0,1,False,0.6068535434127775,0.3931464565872226
0,1,False,0.5217346479765126,0.47826535202348736
1,1,True,0.5522712831549828,0.5522712831549828
0,1,False,0.5992061919066546,0.4007938080933454
0,1,False,0.5431366682478274,0.4568633317521724
0,1,False,0.6264643406746367,0.373535659325363
0,1,False,0.5858162906362137,0.41418370936378623
0,0,True,0.5694946033271191,0.4305053966728809
0,0,True,0.6673241794786337,0.33267582052136624
0,0,True,0.6486473682330094,0.3513526317669903
0,0,True,0.6091006969136934,0.39089930308630644
0,1,False,0.5798709939338783,0.4201290060661217
0,0,True,0.51694987577047,0.4830501242295298
0,1,False,0.5003993896045632,0.499600610395437
1,1,True,0.5537766562508761,0.5537766562508761
1,1,True,0.5402586276096539,0.5402586276096539
1,0,False,0.5117587432111089,0.5117587432111089
0,0,True,0.5973300433842197,0.4026699566157804
0,0,True,0.5536542085132734,0.44634579148672665
0,1,False,0.5001817400935471,0.499818259906453
1,1,True,0.6183848149213452,0.6183848149213452
1,1,True,0.5175828172747754,0.5175828172747754
1,1,True,0.5754605743860872,0.5754605743860872
1,1,True,0.621464822307481,0.621464822307481
1,1,True,0.5772512709330984,0.5772512709330984
1,0,False,0.576702836304158,0.576702836304158
1,0,False,0.5872945380531585,0.5872945380531585
1,0,False,0.5428835200818258,0.5428835200818258
1,0,False,0.5527967491832053,0.5527967491832053
1,0,False,0.601018849262698,0.601018849262698
0,0,True,0.5228327627024675,0.4771672372975325
1,1,True,0.5264583844856149,0.5264583844856149
0,1,False,0.5123193090508683,0.4876806909491318
1,1,True,0.6043152534640669,0.6043152534640669
1,1,True,0.5107892475259913,0.5107892475259913
1,1,True,0.5342270017266121,0.5342270017266121
0,1,False,0.518224892956323,0.4817751070436769
0,0,True,0.5760131246476862,0.42398687535231394
0,0,True,0.5370019904673787,0.4629980095326214
1,0,False,0.51271805918678,0.51271805918678
1,0,False,0.526021112474198,0.526021112474198
0,0,True,0.6271315336081997,0.3728684663918004
0,0,True,0.5743777617342805,0.42562223826571965
0,0,True,0.5948224491927482,0.4051775508072519
0,0,True,0.5673150124113031,0.4326849875886969
1,0,False,0.5617683932554179,0.5617683932554179
0,0,True,0.5130275662065114,0.4869724337934884
1,0,False,0.5440832080262983,0.5440832080262983
0,1,False,0.5000766380230418,0.49992336197695825
1,1,True,0.5717628916540136,0.5717628916540136
1,1,True,0.5191713648077327,0.5191713648077327
1,1,True,0.5102126227340607,0.5102126227340607
0,1,False,0.5393061149076136,0.4606938850923864
1,1,True,0.5420946455895262,0.5420946455895262
0,1,False,0.5491014175055167,0.45089858249448334
1,1,True,0.5753947661595248,0.5753947661595248
1,0,False,0.6262766663613675,0.6262766663613675
1,1,True,0.5049539395918881,0.5049539395918881
1,1,True,0.5420546879515173,0.5420546879515173
0,0,True,0.5452139421503042,0.45478605784969584
0,1,False,0.5992942053337045,0.40070579466629536
0,0,True,0.5107199659228245,0.4892800340771756
0,0,True,0.5917060290063447,0.4082939709936554
0,0,True,0.5210499935583637,0.4789500064416363
1,0,False,0.5109733671157083,0.5109733671157083
0,0,True,0.5288553149093645,0.47114468509063545
0,1,False,0.5025625530221793,0.4974374469778208
1,1,True,0.6569062547991793,0.6569062547991793
1,1,True,0.626080531321793,0.626080531321793
1,1,True,0.572435782453844,0.572435782453844
1,0,False,0.6518991427718983,0.6518991427718983
0,1,False,0.6186102005163343,0.3813897994836657
1,0,False,0.5693138825452282,0.5693138825452282
0,0,True,0.6493630724517512,0.3506369275482489
1,0,False,0.5578825512730892,0.5578825512730892
1,1,True,0.5967589696117096,0.5967589696117096
1,0,False,0.6648157655406495,0.6648157655406495
0,1,False,0.5913742499833359,0.40862575001666435
1,1,True,0.5431227278202655,0.5431227278202655
1,1,True,0.6377051117861714,0.6377051117861714
1,1,True,0.5353079002818961,0.5353079002818961
1,1,True,0.5664461140400427,0.5664461140400427
0,1,False,0.5480188894881203,0.4519811105118796
1,1,True,0.5699470348875582,0.5699470348875582
0,1,False,0.5172001087101363,0.4827998912898636
0,1,False,0.5056108686363929,0.49438913136360696
1,1,True,0.5097836544414561,0.5097836544414561
0,1,False,0.6076224508205201,0.39237754917948
0,0,True,0.5200991923145484,0.4799008076854515
0,0,True,0.5461215362671988,0.453878463732801
0,0,True,0.5910926399347481,0.40890736006525175
0,0,True,0.5992610206080327,0.40073897939196734
0,0,True,0.5048077226498963,0.4951922773501036
0,0,True,0.6172780847900262,0.3827219152099737
0,0,True,0.5495286099766228,0.4504713900233772
1,0,False,0.5493626634163606,0.5493626634163606
1,0,False,0.5224643441868905,0.5224643441868905
1,1,True,0.665388000208147,0.665388000208147
1,1,True,0.5606054928035535,0.5606054928035535
1,1,True,0.6082119714403076,0.6082119714403076
1,1,True,0.683042457799788,0.683042457799788
1,1,True,0.5907405159632365,0.5907405159632365
1,0,False,0.5824411083166408,0.5824411083166408
0,1,False,0.5736306009003939,0.42636939909960636
0,1,False,0.5766681361136147,0.4233318638863854
1,1,True,0.5357497104879354,0.5357497104879354
1,1,True,0.5460193143418711,0.5460193143418711
0,1,False,0.5563816645536984,0.4436183354463017
1,1,True,0.5880689337513596,0.5880689337513596
1,1,True,0.520506152085681,0.520506152085681
1,1,True,0.5218650020725013,0.5218650020725013
1,1,True,0.6198987294847401,0.6198987294847401
1,1,True,0.590902065439816,0.590902065439816
1,1,True,0.6347653944197965,0.6347653944197965
1,1,True,0.6144585954756486,0.6144585954756486
1,1,True,0.5503157322339988,0.5503157322339988
0,1,False,0.5660933437240915,0.43390665627590863
0,1,False,0.5199909015540064,0.4800090984459936
0,1,False,0.5171807905978925,0.48281920940210765
0,0,True,0.5681396590415765,0.43186034095842374
1,0,False,0.5189427445990458,0.5189427445990458
1,0,False,0.5771218142152634,0.5771218142152634
1,0,False,0.561192449521858,0.561192449521858
0,0,True,0.5393825986934947,0.46061740130650536
1,0,False,0.5922264344221586,0.5922264344221586
0,0,True,0.5630225723006087,0.43697742769939124
0,0,True,0.5077610516977012,0.49223894830229886
1,1,True,0.6897069862075554,0.6897069862075554
1,1,True,0.6322368553570402,0.6322368553570402
1,1,True,0.6025385716266404,0.6025385716266404
1,1,True,0.5975093359780564,0.5975093359780564
1,1,True,0.6264720654205461,0.6264720654205461
1,1,True,0.507164738652786,0.507164738652786
0,1,False,0.5799358082350551,0.4200641917649449
0,1,False,0.5056486736155028,0.4943513263844973
0,0,True,0.5027480114288588,0.49725198857114117
0,0,True,0.5387424971825683,0.46125750281743183
0,1,False,0.5858680854886851,0.4141319145113149
1,1,True,0.5357045862875387,0.5357045862875387
1,0,False,0.5239663430868922,0.5239663430868922
0,1,False,0.5144797535357395,0.4855202464642605
1,1,True,0.5252625758760614,0.5252625758760614
1,1,True,0.5060658927280782,0.5060658927280782
1,1,True,0.5106843127221996,0.5106843127221996
1,0,False,0.602677720332223,0.602677720332223
0,0,True,0.6030087972601564,0.3969912027398435
1,0,False,0.5173982994873023,0.5173982994873023
0,1,False,0.5891994534698045,0.41080054653019554
0,0,True,0.5314859311528114,0.4685140688471887
0,1,False,0.6828219034743196,0.3171780965256805
1,0,False,0.6309608722432917,0.6309608722432917
1,0,False,0.5027927674087846,0.5027927674087846
0,1,False,0.5860814575844862,0.41391854241551385
0,0,True,0.6375071892235717,0.36249281077642825
0,1,False,0.673330156847564,0.32666984315243586
0,0,True,0.5591543740105092,0.4408456259894908
1,0,False,0.5662473294626975,0.5662473294626975
1,0,False,0.5636404814238684,0.5636404814238684
0,1,False,0.61362896278924,0.38637103721076005
0,1,False,0.5252699910969829,0.474730008903017
0,1,False,0.5948112453537027,0.40518875464629733
0,1,False,0.5148768406295458,0.48512315937045425
1,1,True,0.503072950511478,0.503072950511478
1,1,True,0.5617626089383527,0.5617626089383527
0,1,False,0.5198194018373014,0.48018059816269876
0,1,False,0.5352047874245858,0.46479521257541434
1,0,False,0.5065621330405132,0.5065621330405132
0,0,True,0.5752454651249916,0.42475453487500836
0,0,True,0.5526629856686499,0.44733701433135
0,0,True,0.5621058686828379,0.4378941313171623
0,0,True,0.5109453528779497,0.4890546471220502
0,0,True,0.5117842951642947,0.4882157048357053
0,0,True,0.5528841213706245,0.4471158786293755
1,1,True,0.5746499401391278,0.5746499401391278
1,1,True,0.6250116641922224,0.6250116641922224
1,0,False,0.6305246473697843,0.6305246473697843
1,1,True,0.5219718535946446,0.5219718535946446
1,1,True,0.5715864912853603,0.5715864912853603
0,0,True,0.5113873517751408,0.48861264822485917
0,0,True,0.6046700432342424,0.39532995676575755
0,0,True,0.6045383444773597,0.3954616555226406
1,0,False,0.5266094465538216,0.5266094465538216
0,0,True,0.5889367322066981,0.41106326779330205
0,0,True,0.572058333698908,0.4279416663010921
1,0,False,0.5372702593963178,0.5372702593963178
0,0,True,0.5441627124983643,0.45583728750163566
1,1,True,0.5509112613877774,0.5509112613877774
1,1,True,0.6078226301923029,0.6078226301923029
1,1,True,0.5782349235750575,0.5782349235750575
0,0,True,0.5007742968404894,0.4992257031595107
1,1,True,0.6006229430240622,0.6006229430240622
1,1,True,0.6409278265008846,0.6409278265008846
0,1,False,0.5039568587490816,0.49604314125091853
1,1,True,0.5198545046937144,0.5198545046937144
1,1,True,0.5006985652637557,0.5006985652637557
0,1,False,0.5212229339396417,0.47877706606035836
0,1,False,0.5477759465039984,0.4522240534960017
1,0,False,0.5049237217607848,0.5049237217607848
0,0,True,0.5298476819522493,0.4701523180477507
1,0,False,0.5842960928004541,0.5842960928004541
0,0,True,0.5250973710928324,0.4749026289071674
0,0,True,0.5059150187604263,0.4940849812395737
0,0,True,0.5449903028683905,0.45500969713160944
1,1,True,0.6337155218146416,0.6337155218146416
1,1,True,0.5839457206390843,0.5839457206390843
1,1,True,0.6555823193396584,0.6555823193396584
1,1,True,0.5879544572394525,0.5879544572394525
1,1,True,0.5985117002444674,0.5985117002444674
0,1,False,0.5052781278286813,0.4947218721713189
0,1,False,0.5136784738934482,0.4863215261065517
1,1,True,0.5322686442845617,0.5322686442845617
1,0,False,0.5524746053243501,0.5524746053243501
1,1,True,0.5508671965719771,0.5508671965719771
1,0,False,0.5521069977304667,0.5521069977304667
0,0,True,0.5375139739365796,0.4624860260634206
0,1,False,0.5538139712977507,0.4461860287022493
0,1,False,0.510409231546406,0.48959076845359384
1,1,True,0.5777716328680913,0.5777716328680913
1,1,True,0.522239701215364,0.522239701215364
1,1,True,0.5649484650111605,0.5649484650111605
1,0,False,0.5031407289212059,0.5031407289212059
0,0,True,0.5322271023777019,0.4677728976222981
1,0,False,0.5617796089687447,0.5617796089687447
1,0,False,0.5629326717704444,0.5629326717704444
0,0,True,0.5103365622376045,0.4896634377623956
0,0,True,0.5086303351236227,0.49136966487637734
1,0,False,0.5076549279861848,0.5076549279861848
1,0,False,0.5965725679455877,0.5965725679455877
1,0,False,0.5786290064538038,0.5786290064538038
1,0,False,0.609603271392854,0.609603271392854
1,1,True,0.6352748755104336,0.6352748755104336
1,1,True,0.6542574896752481,0.6542574896752481
1,1,True,0.5710665518734602,0.5710665518734602
1,1,True,0.5006952312132418,0.5006952312132418
1,1,True,0.5369492366557547,0.5369492366557547
0,1,False,0.5537652761617503,0.4462347238382497
1,1,True,0.581757892673043,0.581757892673043
1,1,True,0.6408421877688856,0.6408421877688856
1,1,True,0.5685839874848946,0.5685839874848946
1,1,True,0.5272910470190753,0.5272910470190753
0,1,False,0.5110787971576939,0.4889212028423059
0,1,False,0.5286342859250998,0.47136571407490013
0,1,False,0.5273170600714414,0.47268293992855864
0,0,True,0.5182370577685347,0.48176294223146526
1,0,False,0.5559180604771131,0.5559180604771131
1,0,False,0.5905226692526805,0.5905226692526805
1,0,False,0.5338529666337488,0.5338529666337488
0,0,True,0.5476825438653821,0.452317456134618
0,0,True,0.5152893113023174,0.4847106886976825
0,0,True,0.5102663855056078,0.4897336144943922
1,0,False,0.5178723931831586,0.5178723931831586
1,0,False,0.5629128685067042,0.5629128685067042
1,0,False,0.6472753154335545,0.6472753154335545
1,0,False,0.5020138632802654,0.5020138632802654
0,0,True,0.5504670394868851,0.44953296051311475
0,0,True,0.5608933636752123,0.43910663632478775
1,0,False,0.5725829905663039,0.5725829905663039
1,0,False,0.5857411960984761,0.5857411960984761
1,0,False,0.6316856686866407,0.6316856686866407
1,0,False,0.6764920807097485,0.6764920807097485
1,0,False,0.6664944992318802,0.6664944992318802
1,0,False,0.6636652212794127,0.6636652212794127
1,0,False,0.5478205327808369,0.5478205327808369
1,1,True,0.5960354284601324,0.5960354284601324
1,0,False,0.6400275659760561,0.6400275659760561
1,0,False,0.6187958295146422,0.6187958295146422
1,0,False,0.6861811206355588,0.6861811206355588
1,0,False,0.6365434320633933,0.6365434320633933
0,0,True,0.507945760257164,0.4920542397428361
1,1,True,0.5377330265544832,0.5377330265544832
1,1,True,0.517351044470746,0.517351044470746
1,1,True,0.6625827506129334,0.6625827506129334
1,1,True,0.6486964655258455,0.6486964655258455
1,1,True,0.6118076226686491,0.6118076226686491
1,1,True,0.6841891414192596,0.6841891414192596
1,1,True,0.5511671296785559,0.5511671296785559
1,1,True,0.586438065114091,0.586438065114091
1,1,True,0.6335330893830544,0.6335330893830544
1,1,True,0.6215795642051231,0.6215795642051231
1,1,True,0.5191374172332307,0.5191374172332307
0,1,False,0.5499298199642866,0.45007018003571353
0,1,False,0.5186691947787232,0.481330805221277
0,1,False,0.6347165596642959,0.3652834403357041
0,1,False,0.5418632545283479,0.4581367454716522
0,1,False,0.5067030629204339,0.493296937079566
0,1,False,0.5673767051678426,0.43262329483215756
1,1,True,0.5256411777213421,0.5256411777213421
0,0,True,0.5206899571127245,0.4793100428872757
1,1,True,0.5234509555744744,0.5234509555744744
0,0,True,0.5751083874449986,0.4248916125550014
1,0,False,0.5334828119150388,0.5334828119150388
1,0,False,0.5678027836952115,0.5678027836952115
1,0,False,0.5194724122378915,0.5194724122378915
1,0,False,0.5612089245630292,0.5612089245630292
0,0,True,0.5044659829849552,0.49553401701504485
1,0,False,0.6391026649257756,0.6391026649257756
1,0,False,0.7349590089834604,0.7349590089834604
1,1,True,0.5637990850891189,0.5637990850891189
1,1,True,0.8374271169152077,0.8374271169152077
1,1,True,0.7835487246369659,0.7835487246369659
1,1,True,0.7488703696503185,0.7488703696503185
1,1,True,0.7479752741684871,0.7479752741684871
1,1,True,0.5919872944306017,0.5919872944306017
1,0,False,0.52384505120374,0.52384505120374
1,1,True,0.6082516295135643,0.6082516295135643
1,1,True,0.5482013386122253,0.5482013386122253
1,0,False,0.5490252554855162,0.5490252554855162
0,0,True,0.5052087339046054,0.4947912660953946
0,0,True,0.5452730700610472,0.4547269299389529
1,0,False,0.5328514010032088,0.5328514010032088
1,0,False,0.5435195490360134,0.5435195490360134
1,1,True,0.5473815536702407,0.5473815536702407
1,1,True,0.5117696526520311,0.5117696526520311
1,1,True,0.6089263013148547,0.6089263013148547
1,1,True,0.6452040934451784,0.6452040934451784
1,1,True,0.5417367952485106,0.5417367952485106
1,0,False,0.5217748761710341,0.5217748761710341
1,1,True,0.5416783793750969,0.5416783793750969
0,1,False,0.5289378407380397,0.47106215926196016
1,1,True,0.6046374367408791,0.6046374367408791
0,1,False,0.5203323381801509,0.4796676618198491
1,1,True,0.5412999084147785,0.5412999084147785
1,0,False,0.6456623475526475,0.6456623475526475
1,0,False,0.5554416618517353,0.5554416618517353
1,1,True,0.541617434446863,0.541617434446863
0,0,True,0.5599891399511521,0.440010860048848
1,0,False,0.5184895006472652,0.5184895006472652
0,0,True,0.5792105332957185,0.4207894667042815
1,0,False,0.5207919055691926,0.5207919055691926
0,0,True,0.6488558284087285,0.35114417159127176
0,0,True,0.5286370494021363,0.4713629505978638
0,0,True,0.5064484078897584,0.4935515921102416
1,0,False,0.5916478269607333,0.5916478269607333
1,1,True,0.6298981910341597,0.6298981910341597
1,1,True,0.6244588565463747,0.6244588565463747
1,1,True,0.6699695836817802,0.6699695836817802
1,1,True,0.5240845162085623,0.5240845162085623
1,1,True,0.6229281116462246,0.6229281116462246
1,1,True,0.5397913422456537,0.5397913422456537
1,1,True,0.5649183494682006,0.5649183494682006
1,1,True,0.58264090856801,0.58264090856801
1,1,True,0.5422349094945269,0.5422349094945269
1,1,True,0.5472016804419515,0.5472016804419515
1,1,True,0.538872666592813,0.538872666592813
0,1,False,0.5231181598273785,0.47688184017262136
1,1,True,0.5003180517678179,0.5003180517678179
0,0,True,0.6310611727120554,0.36893882728794475
0,0,True,0.5123559088336656,0.4876440911663344
0,1,False,0.5354213308317346,0.4645786691682653
0,0,True,0.6638329563313038,0.3361670436686962
0,0,True,0.7648101841615148,0.23518981583848497
0,1,False,0.6373371676272787,0.3626628323727214
1,1,True,0.5222374998493378,0.5222374998493378
0,1,False,0.6021187796418457,0.3978812203581542
0,1,False,0.5260922415850751,0.4739077584149251
0,1,False,0.6231303454529462,0.376869654547054
0,0,True,0.5315769309850785,0.4684230690149214
0,0,True,0.6729756153258211,0.3270243846741788
0,0,True,0.685800499058862,0.314199500941138
0,0,True,0.6060173819928496,0.3939826180071504
0,1,False,0.6401688355769469,0.3598311644230531
0,1,False,0.6867161863886035,0.31328381361139646
0,1,False,0.5789501542189246,0.4210498457810754
0,1,False,0.5146850402872309,0.48531495971276895
1,1,True,0.5047703148697408,0.5047703148697408
0,1,False,0.5470736124631204,0.4529263875368796
0,1,False,0.500904129296653,0.49909587070334716
0,0,True,0.5197522339840611,0.4802477660159389
0,0,True,0.5460138106173354,0.45398618938266455
1,0,False,0.5278690019768829,0.5278690019768829
0,0,True,0.5885577941943503,0.4114422058056497
0,0,True,0.6378482983010904,0.36215170169890964
0,0,True,0.627854827148422,0.3721451728515781
0,1,False,0.6404351918250234,0.35956480817497666
1,0,False,0.5056546784604743,0.5056546784604743
0,0,True,0.6398354321530818,0.360164567846918
1,0,False,0.5347184957274782,0.5347184957274782
1,0,False,0.6222184549747507,0.6222184549747507
1,0,False,0.6130451733756805,0.6130451733756805
0,0,True,0.5791567116356406,0.42084328836435936
0,0,True,0.5036072559958086,0.4963927440041914
1,0,False,0.5999621671222692,0.5999621671222692
1,0,False,0.6718555611109147,0.6718555611109147
1,0,False,0.7310717388594254,0.7310717388594254
1,1,True,0.6771960884949504,0.6771960884949504
1,0,False,0.6429771283467283,0.6429771283467283
1,0,False,0.6377954095413254,0.6377954095413254
1,0,False,0.5769110700283802,0.5769110700283802
1,0,False,0.5141559040990396,0.5141559040990396
1,0,False,0.5337211456228633,0.5337211456228633
0,0,True,0.5198610259078706,0.48013897409212924
0,0,True,0.5048956583704711,0.49510434162952877
0,0,True,0.5224466253003162,0.477553374699684
1,1,True,0.5030877017023221,0.5030877017023221
1,1,True,0.5172954050162986,0.5172954050162986
1,1,True,0.518284145120731,0.518284145120731
0,1,False,0.5937542121686425,0.40624578783135734
0,1,False,0.6291555494157728,0.37084445058422716
0,0,True,0.5014157383063934,0.49858426169360653
0,0,True,0.5391777529858106,0.46082224701418917
0,0,True,0.531738406257571,0.46826159374242904
1,0,False,0.7098364089574316,0.7098364089574316
1,0,False,0.7360000983388364,0.7360000983388364
1,0,False,0.6532602269370542,0.6532602269370542
1,0,False,0.6765777570930509,0.6765777570930509
1,0,False,0.6800942660622072,0.6800942660622072
1,0,False,0.5456632714900693,0.5456632714900693
1,0,False,0.7586224161178794,0.7586224161178794
1,0,False,0.6627672632682096,0.6627672632682096
1,1,True,0.5980670212847272,0.5980670212847272
1,1,True,0.6392517360179858,0.6392517360179858
1,1,True,0.7684660722487083,0.7684660722487083
1,1,True,0.6560833251356699,0.6560833251356699
1,1,True,0.7940265147976469,0.7940265147976469
1,1,True,0.7945084519344126,0.7945084519344126
1,1,True,0.6095014536709236,0.6095014536709236
1,1,True,0.6962428228866817,0.6962428228866817
1,1,True,0.7227870904447107,0.7227870904447107
1,1,True,0.7630678777243733,0.7630678777243733
1,1,True,0.7383255393657469,0.7383255393657469
1,0,False,0.6731321333189162,0.6731321333189162
1,0,False,0.6141727339697817,0.6141727339697817
1,0,False,0.5298375068934589,0.5298375068934589
1,0,False,0.5277256879529435,0.5277256879529435
1,0,False,0.6349761376146945,0.6349761376146945
1,0,False,0.5297682173797837,0.5297682173797837
1,1,True,0.5875852099340055,0.5875852099340055
1,1,True,0.576292949691023,0.576292949691023
1,1,True,0.5701521111156413,0.5701521111156413
1,1,True,0.5927479165413365,0.5927479165413365
1,1,True,0.5842841240735999,0.5842841240735999
1,0,False,0.6257670688448932,0.6257670688448932
1,0,False,0.5921399884746292,0.5921399884746292
1,0,False,0.5312159164534072,0.5312159164534072
1,1,True,0.5276014401482286,0.5276014401482286
1,1,True,0.5035810643485721,0.5035810643485721
1,1,True,0.6262921773640433,0.6262921773640433
1,1,True,0.5442278774133804,0.5442278774133804
0,0,True,0.5776708268649545,0.4223291731350455
1,1,True,0.5854079053410699,0.5854079053410699
1,1,True,0.569244665125254,0.569244665125254
1,1,True,0.5057794312996738,0.5057794312996738
0,1,False,0.5108369381404025,0.48916306185959746
1,1,True,0.6087628891384902,0.6087628891384902
1,1,True,0.6705323070776866,0.6705323070776866
0,0,True,0.5217110601502666,0.4782889398497337
0,0,True,0.6349046531987331,0.36509534680126665
0,0,True,0.6285844408847661,0.3714155591152339
0,0,True,0.5954195841854326,0.4045804158145674
0,0,True,0.7086525385357886,0.2913474614642114
0,0,True,0.5096216883690416,0.49037831163095846
1,0,False,0.537703724631554,0.537703724631554
1,1,True,0.5875213305996045,0.5875213305996045
1,1,True,0.523334771683722,0.523334771683722
1,1,True,0.6160911305825483,0.6160911305825483
1,1,True,0.607442257356283,0.607442257356283
0,0,True,0.5524821118143598,0.4475178881856403
1,0,False,0.5055789556991082,0.5055789556991082
0,0,True,0.5576269500495399,0.4423730499504601
0,0,True,0.5572699262656691,0.4427300737343308
1,0,False,0.5944075966622456,0.5944075966622456
1,0,False,0.5034051915693288,0.5034051915693288
1,0,False,0.5061752739791326,0.5061752739791326
0,1,False,0.5694634538558478,0.43053654614415215
1,1,True,0.5605735461270016,0.5605735461270016
1,1,True,0.590315417607796,0.590315417607796
1,1,True,0.52895560853261,0.52895560853261
0,1,False,0.5492036372573545,0.45079636274264556
1,1,True,0.5030199628818681,0.5030199628818681
1,0,False,0.5803209649956544,0.5803209649956544
1,0,False,0.6583703439304841,0.6583703439304841
1,0,False,0.6124505467959839,0.6124505467959839
1,0,False,0.6221378674822059,0.6221378674822059
1,0,False,0.544446520322122,0.544446520322122
0,0,True,0.5442543309770612,0.4557456690229389
1,0,False,0.6490450490096666,0.6490450490096666
1,0,False,0.5511093896725708,0.5511093896725708
1,1,True,0.6725999412314114,0.6725999412314114
1,1,True,0.6422323146042398,0.6422323146042398
1,1,True,0.6325639971201893,0.6325639971201893
1,1,True,0.5588086636038879,0.5588086636038879
1,1,True,0.5415679725555168,0.5415679725555168
1,0,False,0.6415163402891437,0.6415163402891437
1,0,False,0.5354539424101326,0.5354539424101326
1,0,False,0.5804223328115639,0.5804223328115639
1,0,False,0.5535526704506729,0.5535526704506729
1,0,False,0.6716563076277531,0.6716563076277531
1,1,True,0.5104601703295357,0.5104601703295357
1,1,True,0.7002721839781468,0.7002721839781468
1,1,True,0.6833512161642064,0.6833512161642064
1,1,True,0.6129151442646287,0.6129151442646287
1,1,True,0.7023586065885608,0.7023586065885608
1,1,True,0.688692033463354,0.688692033463354
1,1,True,0.5746130749340501,0.5746130749340501
0,1,False,0.5509191860322089,0.4490808139677909
1,1,True,0.5145120352547111,0.5145120352547111
1,1,True,0.5189977633500714,0.5189977633500714
1,1,True,0.5552277847486062,0.5552277847486062
1,1,True,0.5366773601008521,0.5366773601008521
1,1,True,0.6450934081647193,0.6450934081647193
0,1,False,0.5457167531506988,0.4542832468493013
0,1,False,0.5025221046490009,0.49747789535099907
1,1,True,0.5599993846833161,0.5599993846833161
0,1,False,0.5038649559348753,0.49613504406512476
0,1,False,0.5392831953978017,0.4607168046021983
0,0,True,0.5412721238585669,0.45872787614143307
0,0,True,0.53391303649314,0.46608696350686
0,1,False,0.5784456623355164,0.4215543376644836
0,1,False,0.6335475195519914,0.36645248044800877
0,0,True,0.6169085167838839,0.38309148321611614
0,0,True,0.5648831858457419,0.4351168141542582
0,0,True,0.6024091015264641,0.3975908984735359
0,1,False,0.6476663534978104,0.3523336465021897
0,1,False,0.6030225978643584,0.39697740213564153
0,1,False,0.6435750204927517,0.3564249795072481
0,1,False,0.6284868036460424,0.37151319635395763
1,1,True,0.5585481460974006,0.5585481460974006
1,1,True,0.5464557376876628,0.5464557376876628
0,1,False,0.5643970909587483,0.43560290904125165
1,1,True,0.5441680102501012,0.5441680102501012
0,0,True,0.578772446382523,0.4212275536174771
0,0,True,0.5278412936908595,0.47215870630914053
0,0,True,0.5400310656904772,0.4599689343095228
0,1,False,0.6224191311318705,0.3775808688681294
0,1,False,0.731893860802841,0.268106139197159
0,1,False,0.6328696062958313,0.3671303937041686
1,1,True,0.5143853595477301,0.5143853595477301
0,0,True,0.5025695579353728,0.4974304420646271
0,0,True,0.6811290533058338,0.31887094669416616
0,0,True,0.8382448980728372,0.16175510192716272
0,0,True,0.799014553809405,0.2009854461905951
0,0,True,0.7608904369646671,0.23910956303533304
0,0,True,0.7325340725091647,0.2674659274908353
0,0,True,0.6567936482450205,0.3432063517549796
0,1,False,0.604489248506824,0.39551075149317605
0,0,True,0.5695388248974944,0.4304611751025057
0,0,True,0.7005687418243102,0.29943125817568994
0,1,False,0.7347584313562627,0.2652415686437373
0,0,True,0.5998844002901905,0.4001155997098094
0,0,True,0.6404259374362126,0.3595740625637875
0,0,True,0.5584332696487037,0.44156673035129634
0,0,True,0.5209457131990549,0.4790542868009452
0,0,True,0.5110324254579877,0.48896757454201234
1,0,False,0.5501150584127388,0.5501150584127388
0,0,True,0.6776158553924868,0.3223841446075131
0,0,True,0.6031990440550123,0.39680095594498765
0,0,True,0.6239596836605751,0.376040316339425
0,0,True,0.5867108743936784,0.41328912560632153
1,0,False,0.5779640054049368,0.5779640054049368
1,0,False,0.511586835999113,0.511586835999113
0,1,False,0.5539512918341906,0.4460487081658096
0,1,False,0.5780689652039649,0.421931034796035
0,1,False,0.566281107132311,0.4337188928676889
0,1,False,0.5867426553802388,0.4132573446197612
0,1,False,0.5889996370736813,0.4110003629263187
0,0,True,0.5597361918943644,0.44026380810563553
1,0,False,0.6036080795798429,0.6036080795798429
1,0,False,0.6279415987524704,0.6279415987524704
1,0,False,0.697088673997584,0.697088673997584
1,0,False,0.5742205148306988,0.5742205148306988
1,0,False,0.58660351583114,0.58660351583114
0,0,True,0.6143641740743542,0.3856358259256458
1,0,False,0.5003528281849094,0.5003528281849094
0,1,False,0.650753678438649,0.34924632156135105
0,0,True,0.5974702253433641,0.402529774656636
0,0,True,0.5392081881080619,0.46079181189193796
1,1,True,0.5590003278906788,0.5590003278906788
1,0,False,0.7809996267833115,0.7809996267833115
1,0,False,0.5895694070989719,0.5895694070989719
1,0,False,0.5958870636617076,0.5958870636617076
1,0,False,0.5246784521668063,0.5246784521668063
1,0,False,0.5631622087197365,0.5631622087197365
0,0,True,0.5559944709393376,0.44400552906066204
0,1,False,0.5090376434960935,0.49096235650390646
1,1,True,0.6886616076475162,0.6886616076475162
1,0,False,0.7549936680775848,0.7549936680775848
1,0,False,0.6651625770832194,0.6651625770832194
1,0,False,0.7328836859531456,0.7328836859531456
0,0,True,0.5145149373566852,0.4854850626433148
1,1,True,0.6283875375801378,0.6283875375801378
1,1,True,0.6628870653123613,0.6628870653123613
1,1,True,0.6838845699077627,0.6838845699077627
1,1,True,0.6481084033670643,0.6481084033670643
1,1,True,0.6479915100624449,0.6479915100624449
1,0,False,0.5977527404585699,0.5977527404585699
1,1,True,0.5834355284352364,0.5834355284352364
1,1,True,0.596318868017869,0.596318868017869
1,1,True,0.6763287872915239,0.6763287872915239
1,1,True,0.6029165659083154,0.6029165659083154
1,1,True,0.6505626772846351,0.6505626772846351
1,1,True,0.635384688095046,0.635384688095046
1,1,True,0.6128911264252724,0.6128911264252724
1,1,True,0.5061913169872194,0.5061913169872194
0,0,True,0.6067494553325009,0.3932505446674991
0,0,True,0.5733424616205545,0.42665753837944564
0,1,False,0.5073749546178062,0.49262504538219354
0,0,True,0.5860197499518877,0.4139802500481124
0,0,True,0.6125401142706429,0.3874598857293571
0,0,True,0.5231567495588451,0.47684325044115505
0,1,False,0.692659824121147,0.30734017587885304
0,1,False,0.548775395678113,0.45122460432188705
0,0,True,0.5131879217226373,0.4868120782773627
0,0,True,0.5964423586116796,0.40355764138832034
0,0,True,0.5629316813357303,0.4370683186642696
0,0,True,0.6917617646816838,0.3082382353183161
0,0,True,0.5571438356278177,0.4428561643721822
0,1,False,0.7351957281619371,0.264804271838063
1,1,True,0.5871970136813514,0.5871970136813514
0,1,False,0.514225545587686,0.48577445441231426
0,1,False,0.5440165669477098,0.45598343305229033
1,1,True,0.5362234925242342,0.5362234925242342
0,0,True,0.602736012095046,0.397263987904954
0,1,False,0.5855726222942902,0.4144273777057098
0,0,True,0.5039536809792817,0.4960463190207182
1,1,True,0.5146739250590711,0.5146739250590711
0,1,False,0.5209847181319631,0.47901528186803694
0,1,False,0.507913960810206,0.4920860391897939
0,1,False,0.6480579844253546,0.35194201557464544
1,0,False,0.5231902584056061,0.5231902584056061
0,0,True,0.7034698495117385,0.29653015048826153
0,0,True,0.6426470691352187,0.3573529308647815
0,0,True,0.5704873386259051,0.42951266137409505
0,0,True,0.6049077118700622,0.3950922881299377
0,0,True,0.6082692840961573,0.39173071590384273
1,0,False,0.5463756901028585,0.5463756901028585
0,0,True,0.5681468062548329,0.43185319374516706
0,0,True,0.5492631857977883,0.4507368142022116
1,1,True,0.5100940171380985,0.5100940171380985
1,1,True,0.662676846148379,0.662676846148379
1,1,True,0.6168488643381275,0.6168488643381275
0,1,False,0.6038389571627859,0.39616104283721415
0,1,False,0.5101435389678514,0.4898564610321485
0,0,True,0.5418186210282494,0.4581813789717506
0,0,True,0.5812748115141079,0.41872518848589235
0,0,True,0.5538985670302305,0.44610143296976956
1,0,False,0.5420296870394684,0.5420296870394684
0,0,True,0.5013815834764922,0.49861841652350786
0,0,True,0.5028831664820976,0.4971168335179026
0,1,False,0.6166936275413576,0.3833063724586426
1,1,True,0.5768423846350439,0.5768423846350439
0,1,False,0.5388854738729245,0.4611145261270756
1,1,True,0.5454238665561628,0.5454238665561628
1,1,True,0.6615871166804242,0.6615871166804242
1,0,False,0.5018891698245351,0.5018891698245351
1,0,False,0.5507261221897011,0.5507261221897011
1,0,False,0.563043026525563,0.563043026525563
1,0,False,0.6339125663786875,0.6339125663786875
1,0,False,0.6039750330988517,0.6039750330988517
1,1,True,0.5015579211809182,0.5015579211809182
0,1,False,0.5309514153495173,0.4690485846504827
1,1,True,0.5736145380405999,0.5736145380405999
1,1,True,0.5018728367057171,0.5018728367057171
1,1,True,0.6621173022067534,0.6621173022067534
1,1,True,0.7112195886927538,0.7112195886927538
1,1,True,0.5035374623400256,0.5035374623400256
1,1,True,0.5300996248832754,0.5300996248832754
0,1,False,0.6045319278178652,0.39546807218213453
1,1,True,0.5115667681376318,0.5115667681376318
1,1,True,0.5463941862684791,0.5463941862684791
0,1,False,0.5329657684462858,0.46703423155371404
1,0,False,0.5788822512717685,0.5788822512717685
1,0,False,0.523657770413705,0.523657770413705
1,0,False,0.5480101548992176,0.5480101548992176
0,0,True,0.5027084967677485,0.4972915032322516
0,0,True,0.586044515672704,0.4139554843272961
0,0,True,0.6160729179561255,0.3839270820438744
0,1,False,0.591493896428606,0.40850610357139394
0,1,False,0.5748820747356289,0.4251179252643711
0,1,False,0.54065061836548,0.45934938163452
1,1,True,0.5829700611098798,0.5829700611098798
1,1,True,0.569595309088021,0.569595309088021
0,1,False,0.6028012384565652,0.3971987615434348
0,1,False,0.6898278382005169,0.31017216179948326
0,1,False,0.5777598358857492,0.4222401641142509
0,1,False,0.5391742963437893,0.4608257036562106
0,1,False,0.6497917901118986,0.35020820988810153
0,1,False,0.5191049158456214,0.48089508415437865
0,1,False,0.5493148889172753,0.4506851110827248
0,1,False,0.5454463634573278,0.4545536365426723
1,1,True,0.5242659139377136,0.5242659139377136
0,1,False,0.5058327119491198,0.4941672880508803
0,1,False,0.5006515457534723,0.49934845424652774
0,1,False,0.5174990204615192,0.48250097953848103
1,1,True,0.5136161041119267,0.5136161041119267
0,1,False,0.578218095337373,0.4217819046626269
0,0,True,0.6080527573654682,0.39194724263453207
0,1,False,0.6228021068919432,0.37719789310805685
0,1,False,0.6546638992535125,0.34533610074648763
0,0,True,0.6104633350353865,0.3895366649646135
1,0,False,0.5730595840356503,0.5730595840356503
0,1,False,0.5325320493847057,0.46746795061529445
0,1,False,0.6422372632257234,0.35776273677427645
1,0,False,0.5154298483072817,0.5154298483072817
0,1,False,0.5747591088913694,0.4252408911086304
1,0,False,0.6375811285450961,0.6375811285450961
0,0,True,0.5771399168997059,0.4228600831002941
0,0,True,0.6372349173658478,0.36276508263415236
0,0,True,0.6443264721610208,0.3556735278389793
0,0,True,0.6975141771605955,0.30248582283940456
0,1,False,0.6884063867632342,0.31159361323676593
1,1,True,0.5148894855020456,0.5148894855020456
0,1,False,0.5114948119312612,0.4885051880687387
1,1,True,0.5338450372484453,0.5338450372484453
0,0,True,0.5079800738559832,0.4920199261440166
1,0,False,0.5737394893195902,0.5737394893195902
0,0,True,0.5127160176942884,0.4872839823057118
0,0,True,0.6358533553439945,0.36414664465600555
0,0,True,0.5399410923993033,0.4600589076006968
1,0,False,0.5334660445196062,0.5334660445196062
1,1,True,0.540660074314796,0.540660074314796
1,1,True,0.5204989185891056,0.5204989185891056
1,1,True,0.5518344260971503,0.5518344260971503
1,1,True,0.6193113653210633,0.6193113653210633
1,1,True,0.5405969289189673,0.5405969289189673
1,0,False,0.5911550774395353,0.5911550774395353
1,0,False,0.70394849832303,0.70394849832303
1,0,False,0.5440008319449412,0.5440008319449412
0,1,False,0.5076396146091788,0.4923603853908212
0,0,True,0.5784703639505191,0.421529636049481
0,1,False,0.5452211911645481,0.45477880883545185
1,1,True,0.6269148409155543,0.6269148409155543
1,1,True,0.5240362871946322,0.5240362871946322
0,0,True,0.5842276402393909,0.41577235976060917
0,1,False,0.5004096394317981,0.49959036056820183
1,0,False,0.5220104207794187,0.5220104207794187
0,1,False,0.5484769707171593,0.4515230292828407
1,1,True,0.5317465590068511,0.5317465590068511
0,1,False,0.6148113753060828,0.38518862469391746
0,1,False,0.500112759776435,0.49988724022356523
0,1,False,0.6367095715399891,0.3632904284600112
0,1,False,0.5773309637426339,0.422669036257366
1,1,True,0.5148625895195738,0.5148625895195738
0,1,False,0.5340985671390175,0.4659014328609824
1,1,True,0.5461014338846182,0.5461014338846182
1,1,True,0.5754796899336618,0.5754796899336618
1,1,True,0.5142388881294898,0.5142388881294898
0,1,False,0.6211251164583085,0.3788748835416916
0,1,False,0.5224474728570695,0.4775525271429305
0,1,False,0.5409096976939802,0.4590903023060198
0,1,False,0.5798422572981432,0.42015774270185685
0,1,False,0.646617895561657,0.35338210443834306
0,1,False,0.733742441986716,0.26625755801328393
0,1,False,0.6033878865248705,0.39661211347512954
0,1,False,0.554189303330477,0.4458106966695229
0,1,False,0.5190580215524095,0.48094197844759046
1,1,True,0.5460115368791179,0.5460115368791179
1,1,True,0.6094830940453567,0.6094830940453567
1,1,True,0.6034927827146148,0.6034927827146148
1,1,True,0.5691356770042,0.5691356770042
1,1,True,0.6152839391864163,0.6152839391864163
1,0,False,0.6517176109527523,0.6517176109527523
1,0,False,0.6169767279352957,0.6169767279352957
1,0,False,0.5639076766535002,0.5639076766535002
1,0,False,0.5769395419417225,0.5769395419417225
1,0,False,0.6217265259988516,0.6217265259988516
1,0,False,0.6179652117235648,0.6179652117235648
1,0,False,0.7089533820899867,0.7089533820899867
1,0,False,0.676563869290462,0.676563869290462
1,0,False,0.5987536443076134,0.5987536443076134
1,0,False,0.5190079126795872,0.5190079126795872
0,1,False,0.5078855734243334,0.49211442657566673
1,1,True,0.7072256132683739,0.7072256132683739
1,0,False,0.7476831564251583,0.7476831564251583
1,1,True,0.6433621776878812,0.6433621776878812
1,1,True,0.6382369073039773,0.6382369073039773
1,1,True,0.609819988285805,0.609819988285805
1,0,False,0.6256429762364598,0.6256429762364598
1,0,False,0.6980517255427552,0.6980517255427552
1,0,False,0.6385648756749118,0.6385648756749118
1,0,False,0.6903838788576613,0.6903838788576613
1,1,True,0.6784744037180784,0.6784744037180784
1,1,True,0.6008766434538635,0.6008766434538635
0,1,False,0.5093572079580393,0.49064279204196065
1,0,False,0.5632227985897469,0.5632227985897469
1,1,True,0.5592076831817572,0.5592076831817572
1,0,False,0.563056131713853,0.563056131713853
0,0,True,0.5259665065325618,0.4740334934674383
0,0,True,0.5239955004908015,0.47600449950919843
0,1,False,0.5807591324911494,0.41924086750885065
1,0,False,0.5365308933387918,0.5365308933387918
1,0,False,0.5153745133889028,0.5153745133889028
0,0,True,0.5249320163639926,0.47506798363600744
0,0,True,0.5396439406799063,0.4603560593200936
0,0,True,0.5870613562758493,0.41293864372415084
0,0,True,0.51496766524041,0.48503233475958996
1,0,False,0.5382288637749835,0.5382288637749835
1,1,True,0.5524811139234915,0.5524811139234915
1,1,True,0.5233553275548172,0.5233553275548172
1,1,True,0.5111724802382389,0.5111724802382389
1,1,True,0.598608941668066,0.598608941668066
1,1,True,0.603503806319549,0.603503806319549
0,1,False,0.5628001877493332,0.4371998122506669
0,0,True,0.5625645202796907,0.43743547972030933
1,0,False,0.5419699015707933,0.5419699015707933
1,1,True,0.5455121945851112,0.5455121945851112
1,1,True,0.6134855801424518,0.6134855801424518
1,1,True,0.6284795016591611,0.6284795016591611
1,1,True,0.6256303109075062,0.6256303109075062
1,1,True,0.5532505252237411,0.5532505252237411
1,1,True,0.5167780036938663,0.5167780036938663
1,1,True,0.5799793418822792,0.5799793418822792
1,1,True,0.5677578438976606,0.5677578438976606
1,1,True,0.5471504204014609,0.5471504204014609
1,1,True,0.577497421624831,0.577497421624831
0,1,False,0.5300893458438721,0.46991065415612787
1,1,True,0.5041937623157536,0.5041937623157536
0,1,False,0.6535759794375993,0.3464240205624007
0,1,False,0.5988057125474584,0.4011942874525417
0,0,True,0.5391337554858215,0.4608662445141784
0,0,True,0.5118793829657342,0.48812061703426574
1,0,False,0.5967036592371691,0.5967036592371691
0,1,False,0.5273116317102067,0.4726883682897933
0,0,True,0.5588775721374886,0.44112242786251155
0,1,False,0.5159006681090159,0.4840993318909842
1,0,False,0.5319524125487738,0.5319524125487738
0,0,True,0.5255122096659828,0.4744877903340172
0,0,True,0.5146489995743535,0.4853510004256465
1,0,False,0.5248545770742088,0.5248545770742088
0,0,True,0.5728153502404507,0.42718464975954945
0,0,True,0.503451805879202,0.496548194120798
0,0,True,0.5546810627384828,0.44531893726151706
1,0,False,0.5654147100851495,0.5654147100851495
1,0,False,0.5260072441657787,0.5260072441657787
1,0,False,0.5911669241645383,0.5911669241645383
1,0,False,0.573452809744355,0.573452809744355
1,0,False,0.592528869866723,0.592528869866723
1,0,False,0.5703357206141239,0.5703357206141239
1,1,True,0.6278359120976519,0.6278359120976519
1,0,False,0.5456556954050289,0.5456556954050289
0,1,False,0.5091858761853243,0.4908141238146757
1,1,True,0.5849259827176599,0.5849259827176599
1,1,True,0.5469196010544842,0.5469196010544842
1,1,True,0.5485264164301435,0.5485264164301435
1,1,True,0.5135703264873509,0.5135703264873509
1,1,True,0.5376013291118119,0.5376013291118119
0,1,False,0.5001362801211372,0.4998637198788629
0,1,False,0.5273241415183844,0.4726758584816157
0,1,False,0.573650882844873,0.42634911715512713
1,1,True,0.5264071444982172,0.5264071444982172
0,1,False,0.5599324511111051,0.44006754888889493
0,1,False,0.573269296015646,0.426730703984354
0,1,False,0.6093411042430751,0.39065889575692486
0,1,False,0.59947547329371,0.40052452670629
0,1,False,0.6349150276753699,0.3650849723246301
0,1,False,0.6820670473231882,0.31793295267681165
0,1,False,0.6015269085060353,0.3984730914939645
0,1,False,0.6438351078928954,0.3561648921071042
0,1,False,0.6476201040377356,0.35237989596226427
1,1,True,0.5317746469169151,0.5317746469169151
0,1,False,0.6728330668111285,0.32716693318887136
0,0,True,0.6600122800193219,0.3399877199806783
0,0,True,0.6727820324532922,0.32721796754670796
0,0,True,0.6435621607083792,0.35643783929162065
0,1,False,0.6328233358952563,0.36717666410474376
0,0,True,0.638239392011973,0.361760607988027
0,0,True,0.6728156634185172,0.32718433658148277
0,0,True,0.6520344688258731,0.3479655311741267
0,0,True,0.6777228619580877,0.32227713804191205
0,0,True,0.6377562303459973,0.36224376965400285
0,0,True,0.6353078957700697,0.3646921042299302
0,0,True,0.6438048514583603,0.3561951485416397
0,0,True,0.6142708365690662,0.3857291634309338
0,1,False,0.5801263233452979,0.4198736766547021
0,1,False,0.6182844687639283,0.3817155312360716
0,1,False,0.6587826688089599,0.3412173311910401
0,1,False,0.6766619637532365,0.32333803624676327
0,1,False,0.6519584816632714,0.3480415183367285
0,1,False,0.6477682163455003,0.3522317836544995
0,1,False,0.6422470154354564,0.3577529845645435
0,1,False,0.5983761618648245,0.4016238381351756
0,1,False,0.6399206811144796,0.36007931888552047
0,1,False,0.5820925298390348,0.41790747016096513
0,1,False,0.6267952155606747,0.37320478443932514
0,1,False,0.6502576932799957,0.3497423067200041
0,1,False,0.6777772961589495,0.32222270384105034
0,1,False,0.7181047439737765,0.28189525602622323
0,0,True,0.6872206876006317,0.3127793123993683
0,0,True,0.6785681593674242,0.3214318406325759
0,0,True,0.7305508597730306,0.26944914022696953
0,0,True,0.7101007099765728,0.2898992900234273
0,0,True,0.7065463615330736,0.2934536384669263
0,0,True,0.6652698635726991,0.33473013642730093
0,1,False,0.6907479997594821,0.3092520002405178
0,0,True,0.6671493147015335,0.3328506852984666
0,1,False,0.6724480918187657,0.32755190818123425
0,1,False,0.5811561128948618,0.41884388710513787
0,1,False,0.6274774848991955,0.3725225151008042
0,1,False,0.6961298671006959,0.3038701328993038
0,1,False,0.6942990886005832,0.3057009113994166
0,0,True,0.6139761549213494,0.3860238450786502
0,0,True,0.6873134810439055,0.3126865189560944
0,0,True,0.6752201082720521,0.3247798917279477
0,0,True,0.6489622234650935,0.3510377765349063
0,0,True,0.6579657814522591,0.34203421854774063
0,0,True,0.6981932653266943,0.30180673467330565
0,0,True,0.6476838334306037,0.3523161665693961
0,0,True,0.6548110987069207,0.34518890129307944
0,0,True,0.6567540532368372,0.3432459467631629
0,0,True,0.6611562108572573,0.3388437891427428
0,1,False,0.5738969443756419,0.4261030556243583
0,1,False,0.5819412870678434,0.4180587129321566
0,0,True,0.5932274709502052,0.40677252904979466
0,1,False,0.5516892281644927,0.44831077183550727
0,1,False,0.5036806313617551,0.4963193686382449
0,1,False,0.6053428219182612,0.3946571780817387
0,1,False,0.6243829608513739,0.375617039148626
0,1,False,0.5816626525673632,0.41833734743263673
0,1,False,0.5421624503411392,0.45783754965886075
0,1,False,0.6005302017025517,0.39946979829744833
1,1,True,0.5286545164284391,0.5286545164284391
1,1,True,0.532050081886486,0.532050081886486
0,1,False,0.5110738051187077,0.4889261948812923
1,1,True,0.5247444236362195,0.5247444236362195
1,1,True,0.5089668109071754,0.5089668109071754
0,1,False,0.5338815267307564,0.46611847326924344
0,0,True,0.5322461631233173,0.4677538368766825
1,0,False,0.5199507217633728,0.5199507217633728
0,0,True,0.531165249503954,0.4688347504960459
0,0,True,0.5729584404961802,0.42704155950381983
0,0,True,0.6566601084029449,0.34333989159705525
0,0,True,0.5598980845538714,0.44010191544612864
0,1,False,0.5359267264233032,0.4640732735766968
0,1,False,0.538556660977179,0.4614433390228211
1,0,False,0.5939647452765523,0.5939647452765523
1,1,True,0.5861815724762398,0.5861815724762398
1,1,True,0.5359758602057748,0.5359758602057748
1,1,True,0.5416177778912961,0.5416177778912961
1,1,True,0.5358622273380353,0.5358622273380353
1,1,True,0.5091375814664674,0.5091375814664674
1,0,False,0.5558173110220532,0.5558173110220532
1,0,False,0.5447178086867546,0.5447178086867546
0,0,True,0.5052266824108111,0.49477331758918897
1,0,False,0.5234499534483104,0.5234499534483104
0,0,True,0.5382493142268615,0.4617506857731386
1,0,False,0.5284532292572317,0.5284532292572317
1,0,False,0.6078018914601779,0.6078018914601779
1,1,True,0.5243802035912095,0.5243802035912095
1,1,True,0.5730643331010945,0.5730643331010945
1,0,False,0.6155614903655591,0.6155614903655591
1,1,True,0.6588781548255966,0.6588781548255966
1,1,True,0.6326174202321551,0.6326174202321551
1,1,True,0.5121348177167833,0.5121348177167833
1,1,True,0.5596755744101765,0.5596755744101765
1,1,True,0.5151622096511266,0.5151622096511266
1,1,True,0.5500681760200332,0.5500681760200332
1,1,True,0.6106478960106934,0.6106478960106934
1,1,True,0.5615722312304728,0.5615722312304728
0,0,True,0.5157984621703819,0.48420153782961806
1,0,False,0.5597105898219645,0.5597105898219645
1,0,False,0.5745483016027402,0.5745483016027402
1,1,True,0.6037208157313521,0.6037208157313521
1,1,True,0.6078396402052788,0.6078396402052788
1,1,True,0.5443355720480714,0.5443355720480714
1,1,True,0.5265584716842103,0.5265584716842103
1,1,True,0.5052189808681755,0.5052189808681755
0,1,False,0.5707339325417551,0.42926606745824497
0,0,True,0.5552637508166278,0.4447362491833724
0,1,False,0.5017324459394875,0.4982675540605125
1,1,True,0.5139076677328289,0.5139076677328289
1,1,True,0.5075083180529323,0.5075083180529323
1,1,True,0.5471442403111949,0.5471442403111949
1,1,True,0.5944666139194855,0.5944666139194855
0,1,False,0.509132013444945,0.49086798655505515
0,1,False,0.523574421303396,0.47642557869660396
1,1,True,0.5098141938930528,0.5098141938930528
0,1,False,0.5452796730063946,0.45472032699360554
1,1,True,0.5171536665200774,0.5171536665200774
0,1,False,0.5476320539412018,0.45236794605879815
0,1,False,0.5343055184124798,0.4656944815875202
0,1,False,0.5563566301450917,0.4436433698549085
0,1,False,0.5700035198285697,0.42999648017143033
0,1,False,0.620689842272536,0.37931015772746396
0,1,False,0.5097952637001705,0.4902047362998294
1,1,True,0.5022456291967854,0.5022456291967854
0,1,False,0.5588901839856234,0.44110981601437665
0,1,False,0.5060363321433784,0.49396366785662166
1,0,False,0.526007776861238,0.526007776861238
0,1,False,0.6031315301439278,0.39686846985607227
0,0,True,0.530991778033884,0.46900822196611597
0,0,True,0.6821138032106944,0.31788619678930574
0,1,False,0.6662183728931508,0.3337816271068492
0,1,False,0.5965419916406456,0.4034580083593544
0,0,True,0.6790155755262178,0.3209844244737823
0,1,False,0.6130368981908575,0.3869631018091425
1,1,True,0.5021120294891632,0.5021120294891632
0,0,True,0.5065585693238368,0.4934414306761632
0,0,True,0.6166901203600563,0.3833098796399436
0,0,True,0.6150256052510218,0.3849743947489783
0,1,False,0.6212431795000678,0.3787568204999323
0,1,False,0.5724910707315193,0.4275089292684807
0,1,False,0.5560836293318583,0.4439163706681417
0,1,False,0.5662895639913821,0.433710436008618
0,1,False,0.6330133271193508,0.3669866728806494
0,1,False,0.5889074327144264,0.41109256728557364
0,1,False,0.5835894723798931,0.416410527620107
1,1,True,0.5243061276628617,0.5243061276628617
0,1,False,0.5648216596493324,0.4351783403506674
1,1,True,0.5548867139807152,0.5548867139807152
0,0,True,0.5216078082357523,0.47839219176424763
0,0,True,0.5188697939284084,0.48113020607159157
0,0,True,0.5024484753208173,0.49755152467918284
0,0,True,0.5069300729952664,0.4930699270047338
1,0,False,0.5011995095578523,0.5011995095578523
0,0,True,0.6055834648320221,0.39441653516797803
0,1,False,0.5321527127769746,0.4678472872230252
0,0,True,0.5495363352512004,0.4504636647487994
1,0,False,0.5251098112107623,0.5251098112107623
0,0,True,0.511441931447196,0.4885580685528041
1,0,False,0.5950839911810881,0.5950839911810881
0,0,True,0.5212620839896926,0.4787379160103074
0,0,True,0.5191423922296923,0.4808576077703077
0,1,False,0.5135392063253281,0.48646079367467177
1,1,True,0.6038733160788365,0.6038733160788365
1,1,True,0.5875150351542839,0.5875150351542839
1,1,True,0.587157047567296,0.587157047567296
1,0,False,0.5937345778465792,0.5937345778465792
1,1,True,0.528160636865025,0.528160636865025
1,0,False,0.5249451524950874,0.5249451524950874
0,0,True,0.5229081603143174,0.4770918396856827
1,0,False,0.5276791177564016,0.5276791177564016
1,0,False,0.5355797475620627,0.5355797475620627
1,0,False,0.5478914612035288,0.5478914612035288
1,0,False,0.5078435999936561,0.5078435999936561
1,0,False,0.5110032801960603,0.5110032801960603
1,0,False,0.6011961092283338,0.6011961092283338
1,0,False,0.5046300760677875,0.5046300760677875
1,0,False,0.5783191963331135,0.5783191963331135
1,1,True,0.6033754880127762,0.6033754880127762
1,1,True,0.5543479935738835,0.5543479935738835
1,1,True,0.5867465679424557,0.5867465679424557
0,1,False,0.5079036029719852,0.49209639702801466
1,0,False,0.6254031123150946,0.6254031123150946
0,1,False,0.5755273110956312,0.4244726889043688
1,1,True,0.5599856976552972,0.5599856976552972
1,1,True,0.583643657033008,0.583643657033008
1,1,True,0.7062084610879874,0.7062084610879874
1,1,True,0.5325907117404958,0.5325907117404958
0,1,False,0.5110313505612457,0.4889686494387542
1,1,True,0.5725366670717372,0.5725366670717372
1,1,True,0.5396707262763308,0.5396707262763308
0,1,False,0.5539113633776587,0.4460886366223413
1,1,True,0.5992815273739018,0.5992815273739018
0,1,False,0.5439967006467036,0.4560032993532964
0,1,False,0.554977228396279,0.44502277160372095
0,1,False,0.5548168487938747,0.44518315120612545
0,0,True,0.5576295292311357,0.4423704707688645
0,1,False,0.596223667434467,0.40377633256553314
0,1,False,0.5406061392382395,0.45939386076176053
0,0,True,0.5088568964185165,0.4911431035814835
1,0,False,0.5513712499504695,0.5513712499504695
1,0,False,0.5568576205215028,0.5568576205215028
0,0,True,0.5639702352096565,0.4360297647903436
0,0,True,0.5572718150292086,0.4427281849707913
0,0,True,0.5771799462056951,0.42282005379430504
1,0,False,0.540808854749508,0.540808854749508
1,0,False,0.6318589241367853,0.6318589241367853
1,1,True,0.5672053463080654,0.5672053463080654
1,1,True,0.6381720696741634,0.6381720696741634
1,1,True,0.5586000742515379,0.5586000742515379
1,1,True,0.5529513380614159,0.5529513380614159
1,1,True,0.5030884875698536,0.5030884875698536
1,0,False,0.5527273379316634,0.5527273379316634
1,0,False,0.5435480831971223,0.5435480831971223
1,1,True,0.5124050619732398,0.5124050619732398
1,0,False,0.6126469042995155,0.6126469042995155
1,0,False,0.5442159001576311,0.5442159001576311
0,0,True,0.5009024379282544,0.4990975620717455
1,0,False,0.5990395448114607,0.5990395448114607
1,0,False,0.5933560295628186,0.5933560295628186
0,1,False,0.5142713094239264,0.4857286905760736
1,1,True,0.5453673897312269,0.5453673897312269
1,1,True,0.6016402362013838,0.6016402362013838
1,1,True,0.6395508378157898,0.6395508378157898
0,1,False,0.5196123405061759,0.480387659493824
0,1,False,0.5706815365417237,0.4293184634582763
1,0,False,0.5186700838657933,0.5186700838657933
0,0,True,0.5617224892937625,0.43827751070623755
0,0,True,0.6916241499339651,0.30837585006603496
0,1,False,0.6350042380994968,0.3649957619005033
0,0,True,0.5949360166219082,0.4050639833780917
0,0,True,0.6025706501967484,0.3974293498032515
0,0,True,0.528496620562543,0.4715033794374571
1,1,True,0.5425960334049924,0.5425960334049924
0,0,True,0.5103600496214816,0.48963995037851826
0,0,True,0.5430809586655247,0.45691904133447525
1,1,True,0.5690711424341777,0.5690711424341777
1,1,True,0.559277809377906,0.559277809377906
0,1,False,0.5512976295613408,0.44870237043865907
1,1,True,0.5850123237887725,0.5850123237887725
1,1,True,0.5591725099009948,0.5591725099009948
1,1,True,0.5293512875020447,0.5293512875020447
0,0,True,0.5316453676122411,0.4683546323877588
0,0,True,0.5176230299215383,0.4823769700784616
1,0,False,0.5812363844723704,0.5812363844723704
0,1,False,0.5221305381375942,0.47786946186240586
1,1,True,0.5882768675938508,0.5882768675938508
1,1,True,0.6028952348738376,0.6028952348738376
1,1,True,0.5604459228357117,0.5604459228357117
1,1,True,0.6339496610190997,0.6339496610190997
1,0,False,0.6544570711061533,0.6544570711061533
1,1,True,0.5665695513905096,0.5665695513905096
1,1,True,0.5249563038942294,0.5249563038942294
1,0,False,0.5298054067550473,0.5298054067550473
1,0,False,0.6379987040522201,0.6379987040522201
1,0,False,0.6259658868948487,0.6259658868948487
1,0,False,0.5716978770197139,0.5716978770197139
1,0,False,0.6303755820102978,0.6303755820102978
1,0,False,0.525226279891761,0.525226279891761
1,0,False,0.5378249576481203,0.5378249576481203
0,0,True,0.5155268204638845,0.4844731795361154
1,0,False,0.5201397361444502,0.5201397361444502
1,0,False,0.5961848436407936,0.5961848436407936
1,1,True,0.5829021961335894,0.5829021961335894
1,1,True,0.5334540774923572,0.5334540774923572
1,1,True,0.5753464866965858,0.5753464866965858
1,1,True,0.6390874884580664,0.6390874884580664
1,1,True,0.5874937007768688,0.5874937007768688
1,0,False,0.5498598237853901,0.5498598237853901
1,0,False,0.5108283534818489,0.5108283534818489
0,1,False,0.597942559771631,0.4020574402283688
0,0,True,0.542928503357446,0.45707149664255387
0,0,True,0.5047604812209624,0.4952395187790376
1,1,True,0.5487546620857634,0.5487546620857634
0,1,False,0.5198623880057743,0.4801376119942256
1,0,False,0.5626714769050268,0.5626714769050268
1,0,False,0.5311374086981122,0.5311374086981122
0,1,False,0.5574540722156212,0.44254592778437885
1,0,False,0.5591213087041519,0.5591213087041519
0,0,True,0.5557598641004151,0.4442401358995848
1,0,False,0.5278196185325686,0.5278196185325686
0,0,True,0.5516388737254223,0.4483611262745776
0,0,True,0.581574452100075,0.41842554789992514
1,0,False,0.5000855202636172,0.5000855202636172
0,0,True,0.5682731736106685,0.4317268263893315
0,0,True,0.5949334084589478,0.4050665915410522
0,1,False,0.6120685955252003,0.3879314044747997
0,1,False,0.6283492286140282,0.3716507713859719
0,1,False,0.6227435550383519,0.37725644496164823
1,1,True,0.5095286779531509,0.5095286779531509
0,1,False,0.5002853093868138,0.4997146906131863
1,1,True,0.5830744950156347,0.5830744950156347
1,1,True,0.535577409524058,0.535577409524058
1,1,True,0.5137406119705548,0.5137406119705548
1,1,True,0.5203278811822618,0.5203278811822618
1,1,True,0.5111996565280399,0.5111996565280399
0,1,False,0.5883195096762643,0.4116804903237357
0,0,True,0.548654650206404,0.4513453497935959
0,1,False,0.5285362171958267,0.4714637828041734
0,0,True,0.5793042613183399,0.42069573868166
0,1,False,0.6103345555647955,0.38966544443520434
0,1,False,0.6638908953577148,0.3361091046422852
0,0,True,0.6027927819666468,0.3972072180333532
0,0,True,0.6088954123350588,0.39110458766494116
0,0,True,0.6541486620705484,0.3458513379294516
0,0,True,0.5367269001232893,0.4632730998767107
1,0,False,0.5473839233075245,0.5473839233075245
0,0,True,0.6022631808292161,0.3977368191707837
0,0,True,0.5499719404247685,0.4500280595752313
0,0,True,0.513949366731906,0.48605063326809383
0,0,True,0.6338030951973026,0.3661969048026973
0,0,True,0.5560304727189651,0.4439695272810349
1,0,False,0.5487357802748187,0.5487357802748187
0,0,True,0.5152418522824004,0.48475814771759956
0,0,True,0.5629832557819934,0.43701674421800657
1,0,False,0.64325526700933,0.64325526700933
1,0,False,0.6042514068899387,0.6042514068899387
1,0,False,0.5754182129957202,0.5754182129957202
1,0,False,0.6607044980893063,0.6607044980893063
1,0,False,0.6064622317195556,0.6064622317195556
1,1,True,0.6405839116857702,0.6405839116857702
1,1,True,0.564065882413499,0.564065882413499
1,1,True,0.5817102177400416,0.5817102177400416
1,1,True,0.516218464285176,0.516218464285176
1,1,True,0.5776350979549773,0.5776350979549773
0,1,False,0.511459245834346,0.48854075416565385
1,1,True,0.5441964000816871,0.5441964000816871
1,1,True,0.6278359318316193,0.6278359318316193
1,1,True,0.6202376663139498,0.6202376663139498
1,1,True,0.5401482548515143,0.5401482548515143
1,1,True,0.6130707059973688,0.6130707059973688
1,1,True,0.5495520770979181,0.5495520770979181
1,1,True,0.5321163065750258,0.5321163065750258
1,1,True,0.5216238719856852,0.5216238719856852
0,1,False,0.5320452513441162,0.46795474865588393
1,1,True,0.584067164051007,0.584067164051007
0,1,False,0.517052575198642,0.482947424801358
0,1,False,0.6111576802880498,0.38884231971195
0,0,True,0.5350727692631939,0.46492723073680586
0,0,True,0.5537923228615214,0.44620767713847875
0,0,True,0.583576623066721,0.41642337693327924
0,0,True,0.5486420001037629,0.45135799989623715
0,1,False,0.5439261097318208,0.45607389026817924
0,1,False,0.5401608001075158,0.4598391998924843
0,1,False,0.5353783910712564,0.46462160892874377
0,1,False,0.5021704792387592,0.4978295207612408
1,1,True,0.5026282611298105,0.5026282611298105
1,1,True,0.6045754258685996,0.6045754258685996
1,1,True,0.608577143664898,0.608577143664898
1,1,True,0.6089153087260716,0.6089153087260716
1,1,True,0.5914986558278235,0.5914986558278235
0,1,False,0.5860733604684429,0.41392663953155706
0,1,False,0.6258059811660952,0.3741940188339049
0,1,False,0.6343110472860144,0.36568895271398566
0,1,False,0.5965965957458415,0.40340340425415866
0,0,True,0.6346937529592345,0.36530624704076564
0,0,True,0.6167748604465357,0.3832251395534644
0,0,True,0.6267530962376849,0.37324690376231523
0,0,True,0.5952129209170045,0.4047870790829954
0,0,True,0.5972465341949552,0.40275346580504456
1,1,True,0.5354578186327449,0.5354578186327449
1,1,True,0.629030737858402,0.629030737858402
1,1,True,0.6258852989826194,0.6258852989826194
1,1,True,0.6266368830189915,0.6266368830189915
1,0,False,0.5989575463241059,0.5989575463241059
1,0,False,0.5399122658986897,0.5399122658986897
1,1,True,0.5380943839292227,0.5380943839292227
0,0,True,0.5300255542702851,0.46997444572971503
0,0,True,0.5199016743860732,0.4800983256139268
0,0,True,0.5341854404197045,0.4658145595802956
0,0,True,0.6417518601977326,0.3582481398022674
0,0,True,0.5945903541369755,0.4054096458630245
0,0,True,0.5756053439519341,0.4243946560480659
0,0,True,0.5883213268895866,0.4116786731104131
0,0,True,0.5846131109152173,0.41538688908478283
1,0,False,0.5304540569082805,0.5304540569082805
1,0,False,0.6924022581805132,0.6924022581805132
1,0,False,0.5612138572611104,0.5612138572611104
1,0,False,0.5665814941729164,0.5665814941729164
0,0,True,0.5020612535488524,0.49793874645114755
1,0,False,0.5048437615644208,0.5048437615644208
1,1,True,0.5090910544482465,0.5090910544482465
0,1,False,0.5040761539959581,0.4959238460040418
1,1,True,0.5664136905942287,0.5664136905942287
1,1,True,0.5738232007069871,0.5738232007069871
1,1,True,0.510409472877805,0.510409472877805
1,1,True,0.5653099580531061,0.5653099580531061
1,0,False,0.6243392786477238,0.6243392786477238
1,0,False,0.5977100520353313,0.5977100520353313
1,0,False,0.5022261548190998,0.5022261548190998
1,0,False,0.5472738917613557,0.5472738917613557
1,0,False,0.5447864144224244,0.5447864144224244
1,1,True,0.5286757971335146,0.5286757971335146
0,1,False,0.5394395807601532,0.4605604192398469
1,1,True,0.5939610960166499,0.5939610960166499
0,1,False,0.5245312874704858,0.4754687125295143
1,0,False,0.610592581083984,0.610592581083984
1,0,False,0.585574615181089,0.585574615181089
1,0,False,0.5322503531390476,0.5322503531390476
0,0,True,0.5128320905632435,0.4871679094367566
1,0,False,0.5028008888181245,0.5028008888181245
1,1,True,0.5667693544828405,0.5667693544828405
1,1,True,0.5672770614685733,0.5672770614685733
1,1,True,0.5747044797770717,0.5747044797770717
1,1,True,0.5075102430987604,0.5075102430987604
1,1,True,0.5745363419164903,0.5745363419164903
1,0,False,0.5045801389043565,0.5045801389043565
1,0,False,0.551613738812684,0.551613738812684
1,0,False,0.5754234235018475,0.5754234235018475
1,0,False,0.5906916515562353,0.5906916515562353
1,0,False,0.6292292796980118,0.6292292796980118
1,1,True,0.6640879586017827,0.6640879586017827
1,1,True,0.6616016874838528,0.6616016874838528
1,1,True,0.6463745577692965,0.6463745577692965
1,1,True,0.5453257528081997,0.5453257528081997
1,1,True,0.5926364955198266,0.5926364955198266
1,1,True,0.5686326951622221,0.5686326951622221
1,1,True,0.5570887267021053,0.5570887267021053
1,1,True,0.6360384998429682,0.6360384998429682
1,1,True,0.5878938731532137,0.5878938731532137
0,1,False,0.5118465757648705,0.4881534242351293
1,1,True,0.5014945851069592,0.5014945851069592
1,0,False,0.5441162891971063,0.5441162891971063
0,1,False,0.6254093294232901,0.37459067057670997
0,0,True,0.6053823393608972,0.39461766063910264
0,0,True,0.570104616136514,0.429895383863486
0,0,True,0.5343598883943402,0.4656401116056596
0,0,True,0.5611302252219389,0.4388697747780612
0,0,True,0.5487453320149842,0.4512546679850161
0,0,True,0.5799956513136746,0.4200043486863254
0,0,True,0.5163764819031251,0.48362351809687476
0,0,True,0.5882533868262305,0.4117466131737695
1,0,False,0.5797056295805344,0.5797056295805344
1,0,False,0.6239348281635739,0.6239348281635739
0,0,True,0.5231791370375349,0.47682086296246506
1,0,False,0.6426902350079378,0.6426902350079378
1,0,False,0.5241359163702797,0.5241359163702797
1,0,False,0.5564907156179512,0.5564907156179512
1,1,True,0.5384954021550739,0.5384954021550739
1,0,False,0.5814486489455325,0.5814486489455325
1,0,False,0.5678129394419135,0.5678129394419135
1,0,False,0.5652960408811718,0.5652960408811718
1,0,False,0.6349882943968267,0.6349882943968267
1,0,False,0.6016659058562018,0.6016659058562018
1,1,True,0.5786727674924241,0.5786727674924241
1,0,False,0.540359207002084,0.540359207002084
1,0,False,0.5451199751986036,0.5451199751986036
1,0,False,0.5092170668112039,0.5092170668112039
1,0,False,0.6346150066498192,0.6346150066498192
1,0,False,0.624477220726298,0.624477220726298
1,0,False,0.5452764672572901,0.5452764672572901
1,0,False,0.5646931485940825,0.5646931485940825
1,0,False,0.558457747813518,0.558457747813518
1,0,False,0.5851743382891441,0.5851743382891441
1,0,False,0.5391054348736585,0.5391054348736585
1,0,False,0.6432753816350484,0.6432753816350484
1,0,False,0.5211100073790689,0.5211100073790689
1,0,False,0.593991377252337,0.593991377252337
1,0,False,0.5401734026475584,0.5401734026475584
1,0,False,0.5903830018038349,0.5903830018038349
1,1,True,0.5732954587130404,0.5732954587130404
1,1,True,0.5922826673140866,0.5922826673140866
0,1,False,0.5213362483769364,0.47866375162306357
1,1,True,0.5392944391217841,0.5392944391217841
1,1,True,0.5197660533252862,0.5197660533252862
1,0,False,0.5039049284873178,0.5039049284873178
1,0,False,0.6773038841125452,0.6773038841125452
1,0,False,0.60948035512236,0.60948035512236
1,0,False,0.6182786174872238,0.6182786174872238
1,0,False,0.690384687301745,0.690384687301745
1,1,True,0.6011017993355845,0.6011017993355845
1,1,True,0.5956468991631217,0.5956468991631217
1,1,True,0.6408707147942049,0.6408707147942049
1,0,False,0.6425612346968855,0.6425612346968855
1,0,False,0.6023008875563132,0.6023008875563132
1,0,False,0.5337089024214334,0.5337089024214334
1,0,False,0.5701412781804628,0.5701412781804628
1,0,False,0.6137306635623404,0.6137306635623404
1,0,False,0.682957134735286,0.682957134735286
1,0,False,0.5593334213311143,0.5593334213311143
1,0,False,0.6073127224025163,0.6073127224025163
1,1,True,0.5230494833571411,0.5230494833571411
1,1,True,0.5274687036646832,0.5274687036646832
1,1,True,0.5205720158444248,0.5205720158444248
1,0,False,0.6460206116615499,0.6460206116615499
1,0,False,0.614495681342463,0.614495681342463
1,0,False,0.6163486096156434,0.6163486096156434
1,0,False,0.5367332673243812,0.5367332673243812
1,0,False,0.6048182379828406,0.6048182379828406
1,0,False,0.684161992136767,0.684161992136767
1,1,True,0.5786609418610511,0.5786609418610511
1,1,True,0.6197896613634797,0.6197896613634797
1,1,True,0.5273748179895507,0.5273748179895507
1,1,True,0.5226741271741697,0.5226741271741697
1,1,True,0.5543192732467488,0.5543192732467488
1,1,True,0.5708390329457154,0.5708390329457154
1,1,True,0.5602614802354546,0.5602614802354546
1,1,True,0.5839255841106908,0.5839255841106908
1,1,True,0.5872849978559179,0.5872849978559179
1,1,True,0.6044481742346807,0.6044481742346807
1,1,True,0.5088376952156792,0.5088376952156792
0,1,False,0.5514266807866018,0.44857331921339805
1,1,True,0.5021286223734749,0.5021286223734749
0,1,False,0.5181554415095092,0.481844558490491
0,1,False,0.5090991612181247,0.4909008387818752
1,0,False,0.5506179886723105,0.5506179886723105
1,1,True,0.5019213026497709,0.5019213026497709
0,1,False,0.5294182016019087,0.4705817983980913
0,1,False,0.5189805346138423,0.4810194653861577
1,1,True,0.5110685387638658,0.5110685387638658
0,1,False,0.5874456856734204,0.41255431432657963
0,1,False,0.5383552124647029,0.46164478753529725
0,1,False,0.6113411040025265,0.3886588959974734
0,0,True,0.6295093776160974,0.3704906223839027
0,1,False,0.5786051134774942,0.4213948865225058
0,0,True,0.5485878116201083,0.4514121883798918
1,0,False,0.5289781736299647,0.5289781736299647
0,0,True,0.6057763682415651,0.3942236317584348
1,0,False,0.523276019009948,0.523276019009948
0,0,True,0.5062620035119048,0.49373799648809524
0,0,True,0.5557406563556601,0.44425934364433983
1,0,False,0.5022949186997108,0.5022949186997108
1,0,False,0.5599796747790724,0.5599796747790724
0,0,True,0.59005190089639,0.40994809910360996
0,1,False,0.5263506425605483,0.4736493574394515
1,0,False,0.5434775596371009,0.5434775596371009
0,0,True,0.5551424282214238,0.44485757177857627
0,0,True,0.555028185167519,0.44497181483248094
1,0,False,0.5372364237443403,0.5372364237443403
0,0,True,0.5074724221516762,0.4925275778483237
0,1,False,0.5352634391264302,0.46473656087356974
0,0,True,0.5444917799727005,0.4555082200272995
1,1,True,0.6098379003234862,0.6098379003234862
1,1,True,0.5351785558778983,0.5351785558778983
1,1,True,0.5583823900901632,0.5583823900901632
1,1,True,0.5403860887868348,0.5403860887868348
1,1,True,0.5441698899252025,0.5441698899252025
1,1,True,0.5466486871353616,0.5466486871353616
1,1,True,0.5543418723011877,0.5543418723011877
0,1,False,0.5031441409819345,0.4968558590180657
1,1,True,0.5138965881505697,0.5138965881505697
0,1,False,0.5367912190408619,0.463208780959138
0,1,False,0.5634062411665957,0.43659375883340446
0,1,False,0.5886595085145028,0.41134049148549723
0,0,True,0.5381225753344104,0.4618774246655897
1,0,False,0.5992312915298066,0.5992312915298066
0,0,True,0.5970514166353843,0.40294858336461553
0,0,True,0.5399282945395716,0.4600717054604283
1,0,False,0.5062679584157672,0.5062679584157672
0,0,True,0.6032771937371479,0.39672280626285195
0,1,False,0.5551371431340061,0.444862856865994
0,1,False,0.601510048683224,0.3984899513167759
0,0,True,0.5444477955963103,0.4555522044036898
1,0,False,0.536050994034331,0.536050994034331
0,0,True,0.6155708745637753,0.38442912543622443
1,0,False,0.53343602018727,0.53343602018727
0,0,True,0.5652633172311612,0.4347366827688388
0,0,True,0.5365614322387768,0.4634385677612231
0,1,False,0.6139458548093181,0.38605414519068204
1,0,False,0.5527278772949473,0.5527278772949473
1,0,False,0.6067632072139156,0.6067632072139156
1,1,True,0.501206794451609,0.501206794451609
0,1,False,0.6172599506069643,0.38274004939303574
0,1,False,0.5122999862417035,0.4877000137582963
1,1,True,0.564782234135393,0.564782234135393
1,1,True,0.6190791805821602,0.6190791805821602
0,0,True,0.5285661754286504,0.4714338245713495
1,1,True,0.5025549208988687,0.5025549208988687
1,1,True,0.5167631712099752,0.5167631712099752
1,0,False,0.5615228785379957,0.5615228785379957
0,1,False,0.5242736731066259,0.47572632689337413
0,1,False,0.5886535162704829,0.41134648372951715
0,1,False,0.5055011007003427,0.49449889929965746
1,0,False,0.5233039332659613,0.5233039332659613
0,1,False,0.5173251450119043,0.4826748549880957
0,1,False,0.6436184114986963,0.35638158850130364
0,1,False,0.5035872739470579,0.49641272605294195
0,1,False,0.550631033469273,0.44936896653072694
1,1,True,0.5170549921970439,0.5170549921970439
1,1,True,0.5151717741484786,0.5151717741484786
1,0,False,0.5004926945405852,0.5004926945405852
1,0,False,0.5212881702852915,0.5212881702852915
0,1,False,0.5352877978289952,0.4647122021710048
0,0,True,0.6000900736696744,0.3999099263303255
0,0,True,0.5781613191176305,0.4218386808823696
0,1,False,0.5064470711597927,0.4935529288402074
0,1,False,0.6071583216053354,0.39284167839466455
1,1,True,0.5008934131076386,0.5008934131076386
0,1,False,0.5377596102397316,0.4622403897602684
1,1,True,0.5235312753301408,0.5235312753301408
0,0,True,0.5721827563569729,0.4278172436430272
0,0,True,0.5029697615661147,0.49703023843388516
1,0,False,0.5172466583500157,0.5172466583500157
1,0,False,0.5169435890197359,0.5169435890197359
0,1,False,0.5551467157929224,0.44485328420707737
0,1,False,0.6328652913467236,0.36713470865327613
1,1,True,0.5345279451396258,0.5345279451396258
0,0,True,0.5383925090195354,0.46160749098046444
0,0,True,0.6211324963811248,0.3788675036188752
0,0,True,0.5580648537581477,0.44193514624185226
0,0,True,0.5033077116402992,0.49669228835970086
0,0,True,0.5156989562682743,0.48430104373172544
0,0,True,0.6411831371848075,0.35881686281519243
1,0,False,0.5187943416502692,0.5187943416502692
1,1,True,0.5817787221818779,0.5817787221818779
1,1,True,0.5147445958971666,0.5147445958971666
1,0,False,0.5631407989985195,0.5631407989985195
0,0,True,0.5529998372605862,0.4470001627394139
0,0,True,0.5765984553466924,0.4234015446533075
0,0,True,0.5271313831409625,0.4728686168590376
0,0,True,0.5943796440783301,0.40562035592166956
0,0,True,0.5748227955130905,0.4251772044869096
0,0,True,0.5907271399334175,0.4092728600665824
0,0,True,0.5394047266933264,0.4605952733066737
0,0,True,0.5563161202334305,0.44368387976656953
1,0,False,0.6131336495025815,0.6131336495025815
1,1,True,0.6276898457467307,0.6276898457467307
1,1,True,0.501293417771356,0.501293417771356
0,1,False,0.5051238995633613,0.49487610043663866
1,1,True,0.5808207958921571,0.5808207958921571
1,1,True,0.5215114781524602,0.5215114781524602
1,1,True,0.5618746884800817,0.5618746884800817
1,1,True,0.6157425488122046,0.6157425488122046
1,1,True,0.5975907571279057,0.5975907571279057
1,1,True,0.5270128792482469,0.5270128792482469
1,1,True,0.5765035842327981,0.5765035842327981
1,1,True,0.6259984924946793,0.6259984924946793
1,1,True,0.6268623192834544,0.6268623192834544
0,1,False,0.533921554137034,0.466078445862966
1,0,False,0.6147677679015149,0.6147677679015149
1,1,True,0.5206600831994911,0.5206600831994911
0,0,True,0.5505175322610913,0.44948246773890865
0,1,False,0.5719412800672015,0.42805871993279865
0,0,True,0.577756126897121,0.42224387310287903
0,0,True,0.5570104323419516,0.44298956765804853
0,0,True,0.6158388851475072,0.3841611148524927
0,1,False,0.5497129951511958,0.4502870048488042
0,1,False,0.6303631909546159,0.36963680904538415
0,1,False,0.5641344470158143,0.43586555298418583
0,1,False,0.6347314801300434,0.36526851986995656
0,1,False,0.6143310880857447,0.38566891191425523
0,1,False,0.5737245816745034,0.42627541832549665
0,1,False,0.5574094493849886,0.44259055061501135
0,1,False,0.5999198173155879,0.40008018268441214
0,1,False,0.5715896332769286,0.4284103667230713
0,1,False,0.6194440900828095,0.38055590991719024
0,1,False,0.5049679890520282,0.4950320109479719
0,1,False,0.5230324790567545,0.47696752094324557
0,0,True,0.5443618660287237,0.4556381339712762
0,1,False,0.5121496025187974,0.4878503974812026
0,0,True,0.5338967150844328,0.4661032849155672
0,0,True,0.6134778502625946,0.3865221497374052
0,1,False,0.5655150205161953,0.4344849794838047
0,1,False,0.5349187504752992,0.46508124952470076
0,1,False,0.5551742740171643,0.44482572598283576
0,1,False,0.5017832606860572,0.49821673931394284
0,1,False,0.5369723720461919,0.4630276279538079
0,1,False,0.5988287258485286,0.4011712741514711
0,1,False,0.524962771322612,0.47503722867738785
1,1,True,0.5568579980134141,0.5568579980134141
0,1,False,0.5232285690947558,0.4767714309052442
1,1,True,0.5185693098588348,0.5185693098588348
0,1,False,0.5386714299002207,0.4613285700997791
1,1,True,0.5289864196701799,0.5289864196701799
1,1,True,0.5194421170772427,0.5194421170772427
0,1,False,0.6185921452797936,0.3814078547202062
0,0,True,0.5739164020588572,0.4260835979411428
1,0,False,0.567856183867623,0.567856183867623
1,0,False,0.5017052780165525,0.5017052780165525
0,0,True,0.6470922772930456,0.3529077227069543
1,0,False,0.5290831255976017,0.5290831255976017
0,0,True,0.5086703744687627,0.49132962553123727
1,0,False,0.5960918778785651,0.5960918778785651
0,0,True,0.5419395437322287,0.45806045626777125
0,0,True,0.5645569250047225,0.43544307499527735
0,1,False,0.5148024456445908,0.4851975543554093
1,0,False,0.5230482193429359,0.5230482193429359
0,0,True,0.554231614827541,0.4457683851724589
0,0,True,0.5070159648835024,0.4929840351164977
1,0,False,0.5054871702835614,0.5054871702835614
0,0,True,0.5540600366739101,0.44593996332609
0,0,True,0.5590551851159931,0.44094481488400705
1,0,False,0.5575172542952952,0.5575172542952952
1,0,False,0.5161974568331176,0.5161974568331176
0,0,True,0.5040397740873309,0.49596022591266914
0,1,False,0.5320523418248211,0.46794765817517886
1,1,True,0.5235412716644403,0.5235412716644403
0,1,False,0.5522791643447142,0.44772083565528575
0,0,True,0.5203617546566552,0.47963824534334476
1,0,False,0.5107375785680393,0.5107375785680393
0,0,True,0.5462940439196673,0.45370595608033276
0,0,True,0.6074081470915695,0.3925918529084307
0,1,False,0.5548638493311564,0.4451361506688436
1,1,True,0.5129106669733041,0.5129106669733041
1,1,True,0.5927624546788621,0.5927624546788621
1,0,False,0.618273310648791,0.618273310648791
1,1,True,0.5570975697238454,0.5570975697238454
1,0,False,0.6083048424273727,0.6083048424273727
1,0,False,0.5261705233859211,0.5261705233859211
0,0,True,0.5682611277784789,0.43173887222152096
1,0,False,0.5626540788155219,0.5626540788155219
1,0,False,0.5744305600007744,0.5744305600007744
1,1,True,0.5635184029677573,0.5635184029677573
1,1,True,0.5852406506238826,0.5852406506238826
0,1,False,0.5300190580206656,0.4699809419793345
1,1,True,0.5562805184816368,0.5562805184816368
1,1,True,0.5544634923989248,0.5544634923989248
1,1,True,0.530871272232376,0.530871272232376
0,1,False,0.5468177512777186,0.4531822487222812
0,1,False,0.5031448055704622,0.49685519442953796
0,0,True,0.5178512254334909,0.48214877456650906
0,0,True,0.5633339801861963,0.4366660198138037
0,0,True,0.5654405083761157,0.4345594916238843
0,0,True,0.6022028644413187,0.397797135558681
1,0,False,0.5117172397389511,0.5117172397389511
0,1,False,0.5005850294615048,0.49941497053849526
1,1,True,0.5476130315467889,0.5476130315467889
1,1,True,0.5333217024930962,0.5333217024930962
1,1,True,0.5831908823935039,0.5831908823935039
1,1,True,0.581095152352078,0.581095152352078
1,0,False,0.5449162553782908,0.5449162553782908
0,0,True,0.5909666825017038,0.4090333174982962
1,0,False,0.558160794007809,0.558160794007809
0,0,True,0.5642328835227489,0.4357671164772511
0,0,True,0.5692708401314627,0.4307291598685372
0,1,False,0.5453447056527972,0.45465529434720287
1,1,True,0.6107812752141568,0.6107812752141568
1,1,True,0.6200573256370405,0.6200573256370405
1,1,True,0.6540565743903759,0.6540565743903759
1,1,True,0.5920409337884379,0.5920409337884379
1,1,True,0.5112226557876871,0.5112226557876871
0,1,False,0.5190876599775597,0.48091234002244043
1,0,False,0.534302446920027,0.534302446920027
1,0,False,0.5588771036283189,0.5588771036283189
0,0,True,0.5336446276003942,0.4663553723996058
1,0,False,0.5040915269187138,0.5040915269187138
0,0,True,0.5048759499235357,0.4951240500764642
1,0,False,0.5483403024523756,0.5483403024523756
0,0,True,0.551009392559393,0.44899060744060704
0,0,True,0.5043654006518923,0.4956345993481078
0,0,True,0.5085384363841041,0.4914615636158961
1,0,False,0.5157895658225552,0.5157895658225552
0,0,True,0.5157923469641649,0.484207653035835
1,0,False,0.5036427719816896,0.5036427719816896
1,1,True,0.5244913005596094,0.5244913005596094
0,1,False,0.5181970952975116,0.48180290470248843
0,0,True,0.5596446724300129,0.44035532756998735
1,0,False,0.5197820722857317,0.5197820722857317
0,1,False,0.5062583818796413,0.49374161812035866
0,0,True,0.5377333491664414,0.4622666508335586
0,0,True,0.5978641466962359,0.40213585330376433
1,0,False,0.5360520454068078,0.5360520454068078
1,0,False,0.5877412215832132,0.5877412215832132
1,0,False,0.5130696301722326,0.5130696301722326
1,0,False,0.5084821123487147,0.5084821123487147
1,0,False,0.558271667750202,0.558271667750202
1,0,False,0.6752862697075037,0.6752862697075037
1,0,False,0.5526534574485127,0.5526534574485127
1,0,False,0.5988459924240744,0.5988459924240744
1,0,False,0.5563896634778791,0.5563896634778791
1,1,True,0.5255739026422873,0.5255739026422873
1,1,True,0.544199736756704,0.544199736756704
1,1,True,0.5298943815572194,0.5298943815572194
1,0,False,0.5614854501527102,0.5614854501527102
1,0,False,0.6316720879350645,0.6316720879350645
1,0,False,0.6279155970646232,0.6279155970646232
1,0,False,0.6297890684481345,0.6297890684481345
1,0,False,0.5358517391676739,0.5358517391676739
1,0,False,0.6402899597791208,0.6402899597791208
1,0,False,0.5466236001171678,0.5466236001171678
1,1,True,0.6592094161372033,0.6592094161372033
1,1,True,0.5278179657069779,0.5278179657069779
1,1,True,0.56676612599653,0.56676612599653
1,1,True,0.5641552953630614,0.5641552953630614
1,1,True,0.6087855537543099,0.6087855537543099
1,1,True,0.610041792692664,0.610041792692664
1,1,True,0.6178505212901213,0.6178505212901213
1,1,True,0.5406167718760962,0.5406167718760962
1,1,True,0.6093089969201141,0.6093089969201141
1,1,True,0.6046107163475655,0.6046107163475655
1,1,True,0.544254954986572,0.544254954986572
1,1,True,0.5760118215100211,0.5760118215100211
1,0,False,0.5532671252900492,0.5532671252900492
0,0,True,0.5010878817985449,0.4989121182014551
1,0,False,0.545868927332102,0.545868927332102
0,0,True,0.5553504061123185,0.4446495938876815
0,0,True,0.5496358428098946,0.45036415719010525
0,1,False,0.5459181470049799,0.45408185299501996
1,1,True,0.5028556379697313,0.5028556379697313
0,1,False,0.5162365526728349,0.48376344732716525
0,1,False,0.5352938976726662,0.4647061023273338
0,1,False,0.6939483205518433,0.3060516794481567
0,1,False,0.7449877176296406,0.25501228237035933
0,1,False,0.5925819623900394,0.40741803760996054
0,1,False,0.6060965966424822,0.3939034033575178
0,1,False,0.6058795591369713,0.3941204408630285
0,1,False,0.565344278097698,0.4346557219023018
0,1,False,0.5361748248909495,0.46382517510905047
1,1,True,0.5845919561879921,0.5845919561879921
0,1,False,0.6092856767910126,0.3907143232089876
1,1,True,0.5581389485509544,0.5581389485509544
1,1,True,0.6076961765814493,0.6076961765814493
0,1,False,0.5332031767114497,0.46679682328855054
1,1,True,0.6461646837104319,0.6461646837104319
0,1,False,0.5168014156642564,0.48319858433574353
1,1,True,0.5273498130211788,0.5273498130211788
0,1,False,0.5647093821159568,0.4352906178840431
0,1,False,0.6457895686683928,0.35421043133160723
0,1,False,0.5904316570558039,0.40956834294419614
1,1,True,0.5049944502972256,0.5049944502972256
0,1,False,0.5292089759921499,0.47079102400785
0,1,False,0.5898306129123858,0.41016938708761413
0,1,False,0.5205671320817984,0.4794328679182015
0,1,False,0.5213635388711385,0.47863646112886155
1,1,True,0.508570702830988,0.508570702830988
0,1,False,0.5205867521561472,0.4794132478438528
0,0,True,0.5386447593412369,0.46135524065876315
0,0,True,0.5268264154436423,0.4731735845563577
1,0,False,0.5375128779465347,0.5375128779465347
0,0,True,0.6221932814922673,0.37780671850773273
0,0,True,0.6008230270667376,0.3991769729332622
0,0,True,0.6109324282171327,0.3890675717828672
0,1,False,0.5464969156284507,0.4535030843715491
0,1,False,0.6229940659491214,0.37700593405087857
0,1,False,0.5067732333587919,0.4932267666412081
0,1,False,0.5193142618018649,0.4806857381981351
0,1,False,0.5202445419116482,0.47975545808835196
0,0,True,0.55102431830671,0.44897568169329005
0,0,True,0.5597937039583126,0.4402062960416874
1,0,False,0.5225435010173859,0.5225435010173859
1,1,True,0.5054542874150518,0.5054542874150518
1,1,True,0.5736901536190276,0.5736901536190276
1,1,True,0.5604227095252446,0.5604227095252446
0,1,False,0.547093716552665,0.4529062834473352
1,1,True,0.5061425610656436,0.5061425610656436
1,1,True,0.580574183508944,0.580574183508944
0,1,False,0.56345228382864,0.43654771617136
1,1,True,0.5105437220212289,0.5105437220212289
1,1,True,0.5477417821704024,0.5477417821704024
1,1,True,0.5170121693850187,0.5170121693850187
1,1,True,0.6149751073391241,0.6149751073391241
1,1,True,0.5811531948019166,0.5811531948019166
1,1,True,0.5655468479893286,0.5655468479893286
0,0,True,0.5298913337146367,0.47010866628536324
0,0,True,0.581545577808777,0.418454422191223
0,0,True,0.5909426560981864,0.40905734390181353
0,0,True,0.5801003840697243,0.4198996159302758
0,1,False,0.5786279895271789,0.421372010472821
1,1,True,0.589726597880143,0.589726597880143
1,1,True,0.5793194483006283,0.5793194483006283
1,1,True,0.5625902498697953,0.5625902498697953
0,1,False,0.51351227248292,0.48648772751708
1,1,True,0.5044115590705711,0.5044115590705711
0,1,False,0.564364505436246,0.43563549456375394
0,1,False,0.6136156598728697,0.3863843401271304
1,1,True,0.5653905905365223,0.5653905905365223
1,1,True,0.6065401283508833,0.6065401283508833
1,1,True,0.546702296242636,0.546702296242636
1,1,True,0.5456972069546824,0.5456972069546824
1,1,True,0.5760319862465328,0.5760319862465328
0,1,False,0.5185016571947634,0.4814983428052366
0,1,False,0.5252252195477408,0.47477478045225907
0,1,False,0.5340950758910856,0.4659049241089144
1,1,True,0.5300931493680298,0.5300931493680298
1,1,True,0.5005821589829782,0.5005821589829782
1,1,True,0.5539068587658648,0.5539068587658648
1,1,True,0.5053778325596019,0.5053778325596019
0,1,False,0.5632683721414823,0.43673162785851777
0,0,True,0.5050548835508561,0.49494511644914396
0,0,True,0.5078494994358601,0.49215050056413984
0,0,True,0.5561868702779482,0.44381312972205195
1,0,False,0.5208577228730952,0.5208577228730952
0,0,True,0.5498647810553265,0.4501352189446735
0,0,True,0.5298689419772976,0.4701310580227024
0,0,True,0.5921717735177348,0.4078282264822653
1,1,True,0.5347280522843639,0.5347280522843639
1,1,True,0.5160852558781581,0.5160852558781581
0,1,False,0.5417587719227307,0.4582412280772694
0,1,False,0.528331646258899,0.47166835374110094
0,1,False,0.5229039450306936,0.47709605496930646
0,1,False,0.5258948596187084,0.4741051403812916
1,1,True,0.53977938038357,0.53977938038357
0,1,False,0.600233233990884,0.3997667660091161
0,1,False,0.5043479950721973,0.4956520049278027
1,1,True,0.5555657115624306,0.5555657115624306
1,1,True,0.5803261799591432,0.5803261799591432
0,1,False,0.5842246552357786,0.4157753447642212
0,1,False,0.5042334335683412,0.49576656643165884
1,1,True,0.6072427080509051,0.6072427080509051
1,1,True,0.613168278475996,0.613168278475996
1,1,True,0.5140254534074471,0.5140254534074471
0,1,False,0.5682942750533249,0.43170572494667503
1,0,False,0.5671220741173615,0.5671220741173615
1,0,False,0.5300487949376534,0.5300487949376534
0,0,True,0.596096226924381,0.4039037730756191
0,0,True,0.5501055393257979,0.4498944606742021
1,0,False,0.5011662062155704,0.5011662062155704
0,0,True,0.5967909408535613,0.4032090591464386
0,0,True,0.6289085674058041,0.3710914325941959
0,0,True,0.5197293833500704,0.48027061664992965
1,0,False,0.5485651019623766,0.5485651019623766
0,0,True,0.5055855940511373,0.49441440594886266
0,0,True,0.5177663483571734,0.4822336516428267
0,0,True,0.5245357493590039,0.4754642506409962
0,0,True,0.5207443589318613,0.47925564106813867
0,0,True,0.5619525703308539,0.438047429669146
0,0,True,0.5770798939876811,0.4229201060123189
1,0,False,0.5074962385686759,0.5074962385686759
0,0,True,0.5520352582364285,0.4479647417635715
0,1,False,0.5403778608251648,0.4596221391748353
1,1,True,0.5350809502131914,0.5350809502131914
1,1,True,0.5511371312480908,0.5511371312480908
1,1,True,0.5700334127357761,0.5700334127357761
1,1,True,0.5341841024177718,0.5341841024177718
1,1,True,0.5474268941090987,0.5474268941090987
1,1,True,0.5606531791409052,0.5606531791409052
0,1,False,0.5560855572121075,0.44391444278789244
1,1,True,0.5058656020686761,0.5058656020686761
1,1,True,0.5959251942561934,0.5959251942561934
1,0,False,0.6363671533089645,0.6363671533089645
0,0,True,0.5376452106554519,0.4623547893445481
1,0,False,0.5725076601391971,0.5725076601391971
1,0,False,0.5105528499636417,0.5105528499636417
0,1,False,0.5309854641249807,0.4690145358750194
0,1,False,0.6012727315151474,0.39872726848485285
1,1,True,0.5161391472998648,0.5161391472998648
1,1,True,0.5165494912705636,0.5165494912705636
1,0,False,0.5736263893415209,0.5736263893415209
1,0,False,0.5534293636697918,0.5534293636697918
1,0,False,0.5032502094580616,0.5032502094580616
1,0,False,0.6102625044546319,0.6102625044546319
0,0,True,0.5194577237997491,0.48054227620025103
1,1,True,0.5329895211645038,0.5329895211645038
0,0,True,0.5111841467496091,0.4888158532503909
0,0,True,0.520297653167975,0.4797023468320249
0,0,True,0.5353425743510634,0.4646574256489366
1,0,False,0.5322641219343014,0.5322641219343014
0,0,True,0.5632639059606618,0.43673609403933816
1,0,False,0.5030230497332483,0.5030230497332483
1,0,False,0.5677262245807589,0.5677262245807589
1,0,False,0.5475266367169976,0.5475266367169976
1,0,False,0.6406038695363419,0.6406038695363419
1,0,False,0.5396096498215055,0.5396096498215055
1,0,False,0.611196439876825,0.611196439876825
0,0,True,0.5864257801780584,0.41357421982194165
0,0,True,0.5778746831665729,0.42212531683342724
1,0,False,0.6713807278309527,0.6713807278309527
1,0,False,0.6975782314628944,0.6975782314628944
1,0,False,0.7125315470228277,0.7125315470228277
1,0,False,0.6346413044743678,0.6346413044743678
1,1,True,0.6592795744494371,0.6592795744494371
1,1,True,0.6059564379246979,0.6059564379246979
1,1,True,0.5545941072356331,0.5545941072356331
1,1,True,0.5386114353418667,0.5386114353418667
1,0,False,0.5973611678455697,0.5973611678455697
1,0,False,0.543531804122366,0.543531804122366
1,0,False,0.6428697346797609,0.6428697346797609
1,0,False,0.6048561522932455,0.6048561522932455
1,0,False,0.5701777762078977,0.5701777762078977
1,0,False,0.5686706805386788,0.5686706805386788
1,0,False,0.7078055400362843,0.7078055400362843
1,1,True,0.7381374933769803,0.7381374933769803
1,0,False,0.6716755062158459,0.6716755062158459
1,0,False,0.664524553917908,0.664524553917908
1,0,False,0.634555595371872,0.634555595371872
1,0,False,0.6809672470976134,0.6809672470976134
1,0,False,0.5855909044462579,0.5855909044462579
1,0,False,0.5356040161017119,0.5356040161017119
1,0,False,0.6954218399175234,0.6954218399175234
1,1,True,0.6525665380863102,0.6525665380863102
1,1,True,0.5777721331740809,0.5777721331740809
1,1,True,0.5409260681868318,0.5409260681868318
1,1,True,0.6757944807655903,0.6757944807655903
1,0,False,0.7040001045684996,0.7040001045684996
1,0,False,0.6950080775225053,0.6950080775225053
1,0,False,0.7049099832340129,0.7049099832340129
1,0,False,0.6646319385764766,0.6646319385764766
1,0,False,0.7360989872917092,0.7360989872917092
1,1,True,0.7053206704955925,0.7053206704955925
1,1,True,0.6466086753004596,0.6466086753004596
1,1,True,0.6994615971560137,0.6994615971560137
1,0,False,0.6295112168225688,0.6295112168225688
1,1,True,0.6902768970366607,0.6902768970366607
1,0,False,0.6244930766014388,0.6244930766014388
1,0,False,0.6981354691706934,0.6981354691706934
1,0,False,0.6744881645812432,0.6744881645812432
1,0,False,0.6609093276443158,0.6609093276443158
1,0,False,0.6201424577048099,0.6201424577048099
1,0,False,0.5108139370401947,0.5108139370401947
1,0,False,0.543905773941242,0.543905773941242
1,0,False,0.7302158325569376,0.7302158325569376
1,0,False,0.6807390581279111,0.6807390581279111
1,0,False,0.6826364187618432,0.6826364187618432
1,0,False,0.7131308259800343,0.7131308259800343
1,0,False,0.6989400322920634,0.6989400322920634
1,1,True,0.7310308193984782,0.7310308193984782
1,1,True,0.6679795949161229,0.6679795949161229
1,1,True,0.6853620380107267,0.6853620380107267
1,1,True,0.6966902773887627,0.6966902773887627
1,1,True,0.667859911573675,0.667859911573675
1,1,True,0.6520184775071858,0.6520184775071858
1,1,True,0.7020410660139413,0.7020410660139413
1,1,True,0.7351147261836148,0.7351147261836148
1,1,True,0.7132121902136261,0.7132121902136261
1,1,True,0.5824603864658899,0.5824603864658899
1,1,True,0.6574741537124617,0.6574741537124617
1,1,True,0.6553510649346532,0.6553510649346532
1,1,True,0.636343156296352,0.636343156296352
1,0,False,0.5393397615348194,0.5393397615348194
1,0,False,0.569791854081461,0.569791854081461
1,0,False,0.612766917133597,0.612766917133597
1,0,False,0.6082711797744584,0.6082711797744584
1,0,False,0.524253412815004,0.524253412815004
1,0,False,0.5442824329162668,0.5442824329162668
0,1,False,0.553953700158697,0.44604629984130295
1,0,False,0.6175769042782221,0.6175769042782221
1,1,True,0.5731573918245314,0.5731573918245314
1,1,True,0.5457468947100711,0.5457468947100711
1,1,True,0.5602360366907485,0.5602360366907485
1,1,True,0.5220093579649416,0.5220093579649416
0,1,False,0.5044512586790559,0.495548741320944
0,1,False,0.5674000512496921,0.43259994875030794
0,0,True,0.5484361980555342,0.4515638019444658
0,0,True,0.5424882185516877,0.4575117814483123
0,0,True,0.5115430566196533,0.4884569433803468
1,0,False,0.5501958902142101,0.5501958902142101
1,1,True,0.5186204824756113,0.5186204824756113
1,1,True,0.5564486495981598,0.5564486495981598
1,1,True,0.6470606686820356,0.6470606686820356
1,1,True,0.716529885123665,0.716529885123665
1,1,True,0.6895588978375777,0.6895588978375777
1,1,True,0.5791989722107255,0.5791989722107255
0,1,False,0.5301029508439518,0.4698970491560483
0,1,False,0.52221428830721,0.47778571169279
0,1,False,0.5384918027540224,0.46150819724597764
1,1,True,0.5609032531503264,0.5609032531503264
1,1,True,0.5034733208912413,0.5034733208912413
0,1,False,0.5050977023996672,0.4949022976003328
1,1,True,0.5363946233178188,0.5363946233178188
1,1,True,0.6589271936284493,0.6589271936284493
1,1,True,0.6880458682951063,0.6880458682951063
1,1,True,0.5855444070752479,0.5855444070752479
1,0,False,0.5008281977537145,0.5008281977537145
1,0,False,0.6766670397391773,0.6766670397391773
1,0,False,0.5211011801905218,0.5211011801905218
1,1,True,0.5307145082125615,0.5307145082125615
0,1,False,0.5395370464082035,0.46046295359179645
1,1,True,0.6462352776896343,0.6462352776896343
1,1,True,0.5857023222063059,0.5857023222063059
1,0,False,0.6180173226456571,0.6180173226456571
1,0,False,0.5881415109669331,0.5881415109669331
1,0,False,0.6773272551980445,0.6773272551980445
1,0,False,0.6187909587546364,0.6187909587546364
1,0,False,0.5236849567661578,0.5236849567661578
1,0,False,0.5802654404833942,0.5802654404833942
1,0,False,0.6049128819007684,0.6049128819007684
0,0,True,0.562760164632067,0.43723983536793287
1,0,False,0.5013938037543963,0.5013938037543963
1,0,False,0.5339683408947277,0.5339683408947277
1,0,False,0.6094937248218505,0.6094937248218505
0,1,False,0.6199384256008447,0.3800615743991554
1,1,True,0.6253186867251694,0.6253186867251694
0,1,False,0.5272484635282089,0.47275153647179124
0,1,False,0.5689208075215497,0.43107919247845017
0,1,False,0.5024547135215477,0.4975452864784523
0,1,False,0.5737228539681176,0.42627714603188227
0,1,False,0.5357755385601815,0.46422446143981844
1,1,True,0.5360115973523254,0.5360115973523254
0,1,False,0.5299706624454926,0.4700293375545073
0,1,False,0.5565584166518277,0.4434415833481724
1,1,True,0.5744094965272671,0.5744094965272671
1,0,False,0.548202352973035,0.548202352973035
1,0,False,0.605785548790081,0.605785548790081
1,0,False,0.5020463782067182,0.5020463782067182
1,0,False,0.6584396934741927,0.6584396934741927
0,0,True,0.5275618755139391,0.472438124486061
0,0,True,0.5351496956198901,0.4648503043801099
1,0,False,0.5102237834650292,0.5102237834650292
1,0,False,0.6077810538218293,0.6077810538218293
1,0,False,0.5081900800927727,0.5081900800927727
1,0,False,0.5644841026925542,0.5644841026925542
0,1,False,0.5478156692142391,0.4521843307857609
0,0,True,0.5962755226824885,0.4037244773175116
0,0,True,0.5443749233149441,0.45562507668505586
1,1,True,0.5425192683196611,0.5425192683196611
0,1,False,0.5762775773929233,0.4237224226070765
0,1,False,0.5222799901969796,0.4777200098030203
0,1,False,0.5435811107064055,0.4564188892935944
0,1,False,0.5885085080156935,0.41149149198430635
0,1,False,0.5053995086480766,0.4946004913519233
1,1,True,0.5271626106195071,0.5271626106195071
0,1,False,0.5284048775140799,0.47159512248591995
0,0,True,0.549306301288272,0.450693698711728
1,0,False,0.5828032976668683,0.5828032976668683
1,0,False,0.5835928816974596,0.5835928816974596
1,0,False,0.6543512419785951,0.6543512419785951
1,0,False,0.5973144249060875,0.5973144249060875
1,0,False,0.5358524679994933,0.5358524679994933
1,0,False,0.5999303543382895,0.5999303543382895
1,1,True,0.6050089984578004,0.6050089984578004
1,0,False,0.554250058498458,0.554250058498458
1,0,False,0.5251777365412705,0.5251777365412705
1,1,True,0.5062006811020637,0.5062006811020637
1,1,True,0.5733608298384005,0.5733608298384005
0,0,True,0.5739928713622142,0.4260071286377857
1,0,False,0.5101289343108151,0.5101289343108151
1,0,False,0.5182299957030743,0.5182299957030743
0,0,True,0.6230668018025465,0.3769331981974535
0,0,True,0.631898198642873,0.3681018013571271
0,1,False,0.5429102815573038,0.4570897184426962
0,1,False,0.6150129580126188,0.3849870419873812
0,1,False,0.5530796221933056,0.44692037780669436
1,1,True,0.614681322978058,0.614681322978058
1,0,False,0.5063548186323488,0.5063548186323488
0,0,True,0.5896085499304768,0.41039145006952304
0,0,True,0.5576763190289977,0.4423236809710024
1,0,False,0.502663849637804,0.502663849637804
1,0,False,0.5134303393168854,0.5134303393168854
0,0,True,0.532430856043125,0.467569143956875
1,1,True,0.5809759315523539,0.5809759315523539
1,1,True,0.5794476908913774,0.5794476908913774
1,1,True,0.5740926337465967,0.5740926337465967
1,1,True,0.6177722047639506,0.6177722047639506
1,1,True,0.5725802529835504,0.5725802529835504
1,1,True,0.5435790939539302,0.5435790939539302
1,1,True,0.5042568470023505,0.5042568470023505
1,1,True,0.5381162755936174,0.5381162755936174
1,1,True,0.5566622405382752,0.5566622405382752
1,0,False,0.5478841921177475,0.5478841921177475
1,1,True,0.6340001488798243,0.6340001488798243
1,1,True,0.5899230173589315,0.5899230173589315
1,1,True,0.6808002957402248,0.6808002957402248
1,1,True,0.509227615936487,0.509227615936487
1,1,True,0.5920515589712718,0.5920515589712718
0,1,False,0.5608261172355943,0.4391738827644059
1,0,False,0.5138019449177116,0.5138019449177116
1,1,True,0.5795909094886469,0.5795909094886469
1,1,True,0.6422967989604453,0.6422967989604453
1,1,True,0.5550406674054809,0.5550406674054809
0,1,False,0.5286629067722366,0.47133709322776346
1,1,True,0.5574846931047666,0.5574846931047666
1,0,False,0.5146789556496916,0.5146789556496916
0,0,True,0.5331178503681955,0.4668821496318045
0,0,True,0.5132458665397307,0.4867541334602693
0,0,True,0.603746926547496,0.39625307345250393
0,0,True,0.5535138260564751,0.44648617394352486
0,0,True,0.5812288837719283,0.41877111622807184
1,0,False,0.5834047637753585,0.5834047637753585
1,0,False,0.5892026446108569,0.5892026446108569
1,0,False,0.5631342921934128,0.5631342921934128
1,0,False,0.5201044694982326,0.5201044694982326
0,0,True,0.6222948873008999,0.3777051126991
0,0,True,0.6347046217906256,0.3652953782093745
0,0,True,0.5872468148807188,0.41275318511928116
0,1,False,0.5307082748717491,0.469291725128251
1,1,True,0.5496430024055752,0.5496430024055752
1,1,True,0.56169143126251,0.56169143126251
1,1,True,0.6823356450213066,0.6823356450213066
1,1,True,0.5888396404101615,0.5888396404101615
1,1,True,0.5086761674877628,0.5086761674877628
1,1,True,0.5357876326164224,0.5357876326164224
0,1,False,0.5717149949594307,0.4282850050405692
1,0,False,0.5720073068127383,0.5720073068127383
1,0,False,0.5609990307362678,0.5609990307362678
1,0,False,0.6398108523193249,0.6398108523193249
1,0,False,0.5418557694110612,0.5418557694110612
0,0,True,0.5155305073825217,0.4844694926174785
0,1,False,0.5370063391484009,0.4629936608515992
1,1,True,0.5571252875962837,0.5571252875962837
1,0,False,0.5002877898233655,0.5002877898233655
0,1,False,0.5644132587677932,0.4355867412322069
1,0,False,0.5098303291822767,0.5098303291822767
0,0,True,0.5044341006099893,0.4955658993900106
0,0,True,0.6554254838874335,0.3445745161125665
0,0,True,0.5112910766448966,0.4887089233551034
0,0,True,0.5465210678566614,0.4534789321433387
1,0,False,0.5522822591907979,0.5522822591907979
0,0,True,0.5578128987505215,0.4421871012494786
0,1,False,0.5269959304366818,0.4730040695633182
1,1,True,0.6268950369100277,0.6268950369100277
1,1,True,0.6061976873678888,0.6061976873678888
1,1,True,0.5360254483132078,0.5360254483132078
0,0,True,0.560198614343481,0.43980138565651894
0,0,True,0.5207640388754357,0.47923596112456435
0,0,True,0.5176924838927539,0.4823075161072461
0,0,True,0.5257936007100137,0.47420639928998626
0,0,True,0.5273807604089885,0.4726192395910114
0,1,False,0.5843281664647362,0.41567183353526355
0,1,False,0.5063494704052612,0.49365052959473876
1,1,True,0.5024800116880983,0.5024800116880983
0,1,False,0.5372325531065326,0.4627674468934675
1,0,False,0.6103664987209975,0.6103664987209975
0,0,True,0.528888397674734,0.47111160232526605
1,1,True,0.5508825312601892,0.5508825312601892
0,0,True,0.5018151642111521,0.49818483578884787
1,0,False,0.5653241279332695,0.5653241279332695
0,0,True,0.5272216255987718,0.47277837440122794
1,0,False,0.5922136571695532,0.5922136571695532
0,0,True,0.5395543268146068,0.4604456731853931
1,1,True,0.5225371000917665,0.5225371000917665
1,1,True,0.6519633024974842,0.6519633024974842
1,1,True,0.6856941358198059,0.6856941358198059
1,1,True,0.6747901666741155,0.6747901666741155
1,0,False,0.7053791902797901,0.7053791902797901
0,0,True,0.5031304946892515,0.49686950531074847
0,1,False,0.5330568650583946,0.46694313494160544
1,1,True,0.5149845126333524,0.5149845126333524
1,1,True,0.521589365230219,0.521589365230219
1,1,True,0.5002648774652563,0.5002648774652563
1,1,True,0.6431280186715693,0.6431280186715693
1,1,True,0.5581604918009639,0.5581604918009639
1,1,True,0.5615616873206362,0.5615616873206362
1,1,True,0.6089473894945195,0.6089473894945195
1,1,True,0.5282573230001432,0.5282573230001432
1,1,True,0.5297223306193173,0.5297223306193173
0,1,False,0.5270812899411066,0.4729187100588935
0,1,False,0.5201096387759234,0.4798903612240767
0,1,False,0.5141487619027658,0.48585123809723435
0,0,True,0.5537431890190522,0.4462568109809478
0,0,True,0.553553955943273,0.44644604405672716
0,0,True,0.54809202732109,0.45190797267891003
1,0,False,0.5134128454825615,0.5134128454825615
1,0,False,0.5071668127339712,0.5071668127339712
1,0,False,0.5128533078539049,0.5128533078539049
1,0,False,0.5537804497839591,0.5537804497839591
1,0,False,0.5806884688024301,0.5806884688024301
1,0,False,0.6099170359905517,0.6099170359905517
1,0,False,0.6211930027607899,0.6211930027607899
1,0,False,0.5167951535736509,0.5167951535736509
1,0,False,0.5861333822179697,0.5861333822179697
1,0,False,0.6454119909282761,0.6454119909282761
1,0,False,0.5341771407428124,0.5341771407428124
1,0,False,0.5789608754422546,0.5789608754422546
1,0,False,0.5663836285573985,0.5663836285573985
1,0,False,0.7259808784357153,0.7259808784357153
1,0,False,0.7506832462878786,0.7506832462878786
1,0,False,0.743715034027832,0.743715034027832
1,1,True,0.7903624018898502,0.7903624018898502
1,1,True,0.8086762332929703,0.8086762332929703
1,1,True,0.7903347721106564,0.7903347721106564
1,1,True,0.779557410219234,0.779557410219234
1,1,True,0.7678498356611848,0.7678498356611848
1,1,True,0.7528327296698778,0.7528327296698778
1,1,True,0.717818280460044,0.717818280460044
1,1,True,0.723689346401289,0.723689346401289
1,1,True,0.7267419346429942,0.7267419346429942
1,1,True,0.7121493543909859,0.7121493543909859
1,0,False,0.7348572000139373,0.7348572000139373
1,0,False,0.5687162756412643,0.5687162756412643
1,0,False,0.6342828303764595,0.6342828303764595
1,1,True,0.5820144619350565,0.5820144619350565
1,1,True,0.5436559109793306,0.5436559109793306
1,1,True,0.50556323121841,0.50556323121841
1,1,True,0.620108449901642,0.620108449901642
1,1,True,0.5487650731519361,0.5487650731519361
0,0,True,0.5392751204970812,0.4607248795029188
1,0,False,0.5116833339996095,0.5116833339996095
1,0,False,0.5597568480406354,0.5597568480406354
1,1,True,0.5593477573424604,0.5593477573424604
1,1,True,0.5936410725572359,0.5936410725572359
1,1,True,0.5426408231059219,0.5426408231059219
1,1,True,0.5879051116878198,0.5879051116878198
1,1,True,0.5467189005025685,0.5467189005025685
0,1,False,0.5486335156664469,0.4513664843335532
0,0,True,0.5282283013477329,0.4717716986522671
1,1,True,0.5188161849930644,0.5188161849930644
0,1,False,0.5575488588602207,0.44245114113977924
0,1,False,0.5713843699370893,0.4286156300629108
0,1,False,0.5891315295073398,0.41086847049266023
1,1,True,0.523533851904565,0.523533851904565
0,1,False,0.5524686443068413,0.4475313556931587
1,1,True,0.5117108467298561,0.5117108467298561
1,1,True,0.5473130767230829,0.5473130767230829
1,1,True,0.5133904178649942,0.5133904178649942
1,1,True,0.6101425285318851,0.6101425285318851
1,1,True,0.544243101259624,0.544243101259624
1,1,True,0.5723741137529286,0.5723741137529286
1,1,True,0.5620772505809006,0.5620772505809006
0,1,False,0.5228609160443064,0.4771390839556934
1,0,False,0.5784011907772981,0.5784011907772981
1,0,False,0.5295797316058865,0.5295797316058865
1,0,False,0.5262180710413764,0.5262180710413764
1,0,False,0.5337849903168368,0.5337849903168368
1,0,False,0.6033799941026852,0.6033799941026852
1,0,False,0.5879978652334501,0.5879978652334501
1,0,False,0.554960485398752,0.554960485398752
1,0,False,0.5898135318806416,0.5898135318806416
1,0,False,0.5468850603846562,0.5468850603846562
1,0,False,0.589329802130341,0.589329802130341
1,0,False,0.5363368203232377,0.5363368203232377
1,1,True,0.5055456497249425,0.5055456497249425
1,0,False,0.5528273801010142,0.5528273801010142
1,0,False,0.5503925873415212,0.5503925873415212
0,0,True,0.5318518722246176,0.4681481277753823
0,0,True,0.5116656527522119,0.4883343472477881
1,0,False,0.5369835584841447,0.5369835584841447
1,0,False,0.5353888686860964,0.5353888686860964
1,0,False,0.5728089165640109,0.5728089165640109
1,0,False,0.5346016492935,0.5346016492935
1,1,True,0.6299163687101896,0.6299163687101896
1,1,True,0.587966617704326,0.587966617704326
1,1,True,0.5842724951319276,0.5842724951319276
1,1,True,0.6014169177224484,0.6014169177224484
1,1,True,0.5508678524620475,0.5508678524620475
1,1,True,0.5616278668169417,0.5616278668169417
0,0,True,0.506027391087553,0.4939726089124471
1,0,False,0.5127213749713779,0.5127213749713779
1,0,False,0.5189215843931738,0.5189215843931738
1,0,False,0.6249854055507309,0.6249854055507309
1,1,True,0.5990799401900917,0.5990799401900917
0,0,True,0.5348169457707873,0.46518305422921286
1,1,True,0.5200405085145157,0.5200405085145157
1,1,True,0.5579823462456512,0.5579823462456512
1,1,True,0.6383193583929393,0.6383193583929393
1,1,True,0.6057025772422698,0.6057025772422698
0,1,False,0.560773650708294,0.439226349291706
0,0,True,0.5035399093149837,0.4964600906850162
0,1,False,0.5480533921182305,0.45194660788176955
0,0,True,0.5820212233390922,0.4179787766609077
1,0,False,0.5693321658479771,0.5693321658479771
0,0,True,0.5596760231632855,0.4403239768367144
0,0,True,0.613044584652606,0.386955415347394
0,0,True,0.5751918420778487,0.4248081579221512
0,1,False,0.5512843057977979,0.4487156942022019
1,1,True,0.5141573188676486,0.5141573188676486
1,1,True,0.5352270855714021,0.5352270855714021
1,1,True,0.5960309376401618,0.5960309376401618
1,1,True,0.630033838240809,0.630033838240809
0,0,True,0.5360013086782134,0.4639986913217867
0,1,False,0.5176504065125834,0.48234959348741646
0,1,False,0.5060450322541294,0.49395496774587055
1,1,True,0.5131265147920208,0.5131265147920208
0,1,False,0.5063542678216906,0.4936457321783093
0,0,True,0.5444755340585913,0.4555244659414088
0,0,True,0.5482213094424164,0.4517786905575836
0,0,True,0.5361665357522069,0.46383346424779315
0,0,True,0.5746049318028107,0.4253950681971893
0,0,True,0.5467866671079309,0.4532133328920692
0,0,True,0.5253194725524823,0.47468052744751754
0,0,True,0.508233118024901,0.4917668819750991
1,0,False,0.5851777139641882,0.5851777139641882
1,0,False,0.6057424695355652,0.6057424695355652
1,1,True,0.5608371970850983,0.5608371970850983
1,0,False,0.5961196729922442,0.5961196729922442
0,0,True,0.5983643637664328,0.40163563623356724
0,1,False,0.5518026731077795,0.4481973268922203
1,1,True,0.5787739363795184,0.5787739363795184
1,0,False,0.5233625137526723,0.5233625137526723
0,0,True,0.6221417892527346,0.3778582107472654
0,0,True,0.5975102763078151,0.4024897236921848
0,0,True,0.5335881620083499,0.46641183799165015
0,1,False,0.5203912962222867,0.47960870377771314
1,1,True,0.5654848452499952,0.5654848452499952
1,1,True,0.5941161075212642,0.5941161075212642
1,1,True,0.5216995335364663,0.5216995335364663
1,1,True,0.653591573492471,0.653591573492471
1,1,True,0.5494941932788003,0.5494941932788003
1,1,True,0.5517574637022309,0.5517574637022309
0,1,False,0.5054185217192255,0.4945814782807744
0,1,False,0.5372975470665725,0.4627024529334276
1,1,True,0.5151674058304574,0.5151674058304574
1,1,True,0.6225420245706649,0.6225420245706649
1,1,True,0.625767860643057,0.625767860643057
1,1,True,0.5306556036469772,0.5306556036469772
1,1,True,0.6698658835307487,0.6698658835307487
0,1,False,0.568850092819932,0.43114990718006785
1,0,False,0.5818023290642473,0.5818023290642473
1,0,False,0.5494651754402305,0.5494651754402305
1,0,False,0.5213467090054766,0.5213467090054766
1,0,False,0.5623388156893583,0.5623388156893583
0,0,True,0.5007927609194885,0.4992072390805115
0,0,True,0.5067376845250497,0.49326231547495025
1,0,False,0.5096800514013207,0.5096800514013207
1,0,False,0.6146169539376702,0.6146169539376702
1,1,True,0.5130626486922729,0.5130626486922729
1,0,False,0.5161605444581172,0.5161605444581172
1,1,True,0.5081436153161625,0.5081436153161625
0,0,True,0.5520869488728181,0.44791305112718194
0,0,True,0.5864648732195107,0.4135351267804892
0,0,True,0.5779025654505038,0.42209743454949605
0,0,True,0.5641083718945538,0.4358916281054461
0,0,True,0.514343970633935,0.48565602936606506
1,0,False,0.5336504413727251,0.5336504413727251
1,0,False,0.520144675866133,0.520144675866133
1,0,False,0.6096089708078085,0.6096089708078085
1,0,False,0.5274021913348421,0.5274021913348421
1,1,True,0.5536283851203319,0.5536283851203319
1,0,False,0.5671338233184442,0.5671338233184442
1,0,False,0.5318527404814215,0.5318527404814215
0,0,True,0.5047111177041832,0.4952888822958168
1,0,False,0.553064104832078,0.553064104832078
0,0,True,0.5760525015071957,0.42394749849280444
1,0,False,0.5103456396729522,0.5103456396729522
0,0,True,0.5185483340420927,0.48145166595790745
1,0,False,0.513231204793307,0.513231204793307
0,1,False,0.5700613565383634,0.42993864346163646
1,1,True,0.608650951887689,0.608650951887689
1,1,True,0.5630065793681003,0.5630065793681003
1,1,True,0.5682440514205191,0.5682440514205191
0,1,False,0.5789791161703818,0.4210208838296182
0,1,False,0.54555869495472,0.45444130504528024
0,1,False,0.5687498454364752,0.4312501545635248
0,1,False,0.5249999511846536,0.4750000488153464
0,1,False,0.501365580127042,0.4986344198729581
0,1,False,0.5111643244248584,0.48883567557514157
1,1,True,0.5973841337977277,0.5973841337977277
1,1,True,0.5812283208606106,0.5812283208606106
1,1,True,0.5935086174504149,0.5935086174504149
1,0,False,0.572438580833995,0.572438580833995
1,0,False,0.5412390965069289,0.5412390965069289
1,0,False,0.5703335098284474,0.5703335098284474
1,0,False,0.617540294223449,0.617540294223449
0,0,True,0.5044546290810833,0.4955453709189167
1,0,False,0.5036539081081259,0.5036539081081259
0,1,False,0.5414497364357012,0.45855026356429873
0,1,False,0.5214456739583337,0.47855432604166626
0,0,True,0.5164576660873953,0.48354233391260465
0,0,True,0.540675895796537,0.4593241042034629
0,0,True,0.6330922060417687,0.3669077939582312
0,0,True,0.5739750300077431,0.4260249699922569
0,0,True,0.593594133965963,0.40640586603403706
0,0,True,0.5313389152878834,0.46866108471211665
1,0,False,0.5013060240588343,0.5013060240588343
1,0,False,0.524914369967578,0.524914369967578
1,0,False,0.628105255869426,0.628105255869426
1,0,False,0.6037778869854566,0.6037778869854566
1,0,False,0.5524519155103529,0.5524519155103529
1,1,True,0.5355260142831593,0.5355260142831593
1,1,True,0.5969426249296892,0.5969426249296892
1,1,True,0.6248959784245673,0.6248959784245673
1,1,True,0.5986048413543306,0.5986048413543306
1,1,True,0.6458153919371349,0.6458153919371349
1,1,True,0.5916965200772337,0.5916965200772337
1,1,True,0.647427542090941,0.647427542090941
1,0,False,0.6564197112378838,0.6564197112378838
1,1,True,0.6186051763841081,0.6186051763841081
1,1,True,0.6625519126742045,0.6625519126742045
1,1,True,0.618987067918221,0.618987067918221
1,1,True,0.5574716128263276,0.5574716128263276
1,1,True,0.5585959574093379,0.5585959574093379
1,1,True,0.5476397378359312,0.5476397378359312
0,0,True,0.50372026566276,0.49627973433724015
0,1,False,0.5070741445840466,0.49292585541595335
0,1,False,0.5172996253776081,0.482700374622392
0,1,False,0.5392119132110018,0.46078808678899813
1,0,False,0.5082099456421246,0.5082099456421246
0,0,True,0.5711295617368135,0.42887043826318655
0,0,True,0.5817901879724712,0.4182098120275288
0,0,True,0.5445943511029658,0.4554056488970343
0,0,True,0.5112748532355209,0.48872514676447926
0,0,True,0.5102652639832236,0.4897347360167764
1,0,False,0.5512478825861338,0.5512478825861338
1,0,False,0.56060332153203,0.56060332153203
1,0,False,0.5782322054620188,0.5782322054620188
1,0,False,0.5361390064095454,0.5361390064095454
1,1,True,0.524172915902143,0.524172915902143
1,0,False,0.764450495045429,0.764450495045429
1,0,False,0.7838582485470127,0.7838582485470127
1,1,True,0.7370991112538727,0.7370991112538727
1,0,False,0.7911702193158401,0.7911702193158401
1,0,False,0.5889865670152966,0.5889865670152966
1,0,False,0.7014542883360348,0.7014542883360348
1,1,True,0.7718405131212012,0.7718405131212012
1,1,True,0.8126757310396754,0.8126757310396754
1,1,True,0.6490802098559572,0.6490802098559572
1,1,True,0.6811831646283916,0.6811831646283916
1,1,True,0.772023900076052,0.772023900076052
1,1,True,0.7765937818677785,0.7765937818677785
1,1,True,0.8197424718025317,0.8197424718025317
1,1,True,0.6654683140721982,0.6654683140721982
1,1,True,0.61732427074223,0.61732427074223
1,0,False,0.555689034567698,0.555689034567698
1,1,True,0.6229005602410217,0.6229005602410217
1,0,False,0.5874218929863777,0.5874218929863777
0,1,False,0.5274770288044762,0.47252297119552356
0,0,True,0.5287137727964819,0.4712862272035181
1,0,False,0.6443497412736406,0.6443497412736406
1,0,False,0.5592049128684111,0.5592049128684111
0,1,False,0.5111162440442023,0.48888375595579786
1,0,False,0.5327125167592761,0.5327125167592761
1,0,False,0.5323809130431207,0.5323809130431207
0,0,True,0.5097697742773927,0.49023022572260744
1,0,False,0.5200195007079592,0.5200195007079592
0,0,True,0.5341186394574196,0.4658813605425804
1,1,True,0.635865985497962,0.635865985497962
1,1,True,0.5116914172691325,0.5116914172691325
1,1,True,0.564214327206132,0.564214327206132
1,0,False,0.6449425761220856,0.6449425761220856
1,0,False,0.5482408916775248,0.5482408916775248
1,0,False,0.5616872855505606,0.5616872855505606
0,0,True,0.5139688613632716,0.4860311386367285
1,0,False,0.6029149340138864,0.6029149340138864
1,0,False,0.5362600660190342,0.5362600660190342
1,0,False,0.6576740910575103,0.6576740910575103
1,0,False,0.6725827280435659,0.6725827280435659
1,1,True,0.6617210422249743,0.6617210422249743
1,1,True,0.6368843215610565,0.6368843215610565
1,1,True,0.7320489736614466,0.7320489736614466
1,1,True,0.6753547168015464,0.6753547168015464
1,1,True,0.732956947808291,0.732956947808291
1,1,True,0.6564795462060742,0.6564795462060742
1,1,True,0.6211939333814914,0.6211939333814914
1,1,True,0.5941548678283862,0.5941548678283862
1,1,True,0.7001752414159617,0.7001752414159617
1,1,True,0.63702818142029,0.63702818142029
1,1,True,0.6538015187950168,0.6538015187950168
1,1,True,0.5264368161866376,0.5264368161866376
1,1,True,0.5068302636225108,0.5068302636225108
0,1,False,0.5301456232192496,0.4698543767807504
0,0,True,0.553344540084094,0.44665545991590594
1,1,True,0.6346744188584481,0.6346744188584481
0,1,False,0.5486756936598289,0.45132430634017096
0,0,True,0.5554582358671667,0.4445417641328332
1,0,False,0.5659300992499403,0.5659300992499403
1,0,False,0.5196348254521055,0.5196348254521055
0,0,True,0.5293739167072601,0.47062608329273986
1,0,False,0.5602471733582073,0.5602471733582073
0,0,True,0.5084824745453985,0.49151752545460126
0,0,True,0.5425809751058668,0.4574190248941332
1,1,True,0.5145294558043882,0.5145294558043882
0,1,False,0.5166559966024323,0.4833440033975678
0,1,False,0.5241043742831747,0.4758956257168252
1,1,True,0.54021279599318,0.54021279599318
1,1,True,0.5977172869465154,0.5977172869465154
0,0,True,0.5435338686040865,0.4564661313959134
1,1,True,0.6029136383050314,0.6029136383050314
1,0,False,0.5127640747304614,0.5127640747304614
1,0,False,0.5294262333506826,0.5294262333506826
0,1,False,0.5100449595696843,0.4899550404303156
0,1,False,0.506605806955562,0.4933941930444381
0,0,True,0.5172667318544868,0.48273326814551315
1,1,True,0.653775797687388,0.653775797687388
1,0,False,0.5637183857678163,0.5637183857678163
1,1,True,0.6259364512273464,0.6259364512273464
1,1,True,0.5402531670711377,0.5402531670711377
1,1,True,0.5943239718120292,0.5943239718120292
1,1,True,0.5701178196229979,0.5701178196229979
0,1,False,0.524416228362374,0.475583771637626
1,1,True,0.5836710797033152,0.5836710797033152
1,1,True,0.6007910087674269,0.6007910087674269
1,1,True,0.6476919023874119,0.6476919023874119
0,1,False,0.6188349832429394,0.3811650167570606
1,1,True,0.5098003420797299,0.5098003420797299
1,1,True,0.5904502323253844,0.5904502323253844
1,1,True,0.5819940228483508,0.5819940228483508
1,0,False,0.5562558511868387,0.5562558511868387
0,0,True,0.5299452165411728,0.47005478345882734
0,0,True,0.5900847590146665,0.40991524098533344
0,0,True,0.6091600004188311,0.39083999958116855
0,0,True,0.6551924076932564,0.34480759230674357
0,0,True,0.699512725564691,0.3004872744353091
0,0,True,0.5964874179904042,0.4035125820095958
1,0,False,0.5300492677723846,0.5300492677723846
1,0,False,0.5036051274710013,0.5036051274710013
1,1,True,0.5652515312595703,0.5652515312595703
1,1,True,0.6687975858911337,0.6687975858911337
1,0,False,0.6820488719296033,0.6820488719296033
1,0,False,0.6918012214528886,0.6918012214528886
1,0,False,0.6512800377938568,0.6512800377938568
1,0,False,0.5561543115069029,0.5561543115069029
1,0,False,0.6724223313412666,0.6724223313412666
1,0,False,0.57175157949203,0.57175157949203
1,0,False,0.7303973591078752,0.7303973591078752
1,1,True,0.7995434545750019,0.7995434545750019
1,0,False,0.8214832177207865,0.8214832177207865
1,1,True,0.7936070456742443,0.7936070456742443
1,1,True,0.8249747711477816,0.8249747711477816
1,1,True,0.8300481723997508,0.8300481723997508
1,0,False,0.7484587068966472,0.7484587068966472
1,0,False,0.7253369979778439,0.7253369979778439
1,0,False,0.757642067079077,0.757642067079077
1,0,False,0.6670885595797882,0.6670885595797882
1,0,False,0.7303661286598442,0.7303661286598442
1,0,False,0.667472674480232,0.667472674480232
1,0,False,0.6786201703336616,0.6786201703336616
1,0,False,0.7799899943675734,0.7799899943675734
1,0,False,0.8135863655874138,0.8135863655874138
1,0,False,0.811910385328704,0.811910385328704
1,0,False,0.7967459136756224,0.7967459136756224
1,1,True,0.8439330337682527,0.8439330337682527
1,1,True,0.8527045887602649,0.8527045887602649
1,0,False,0.8540902687654957,0.8540902687654957
1,1,True,0.8543812863602049,0.8543812863602049
1,1,True,0.8189391610719056,0.8189391610719056
1,1,True,0.81123214401075,0.81123214401075
1,1,True,0.7415982854825471,0.7415982854825471
1,1,True,0.8326795585394771,0.8326795585394771
1,1,True,0.8370630866616231,0.8370630866616231
1,1,True,0.8260611640207777,0.8260611640207777
1,1,True,0.8038311720198362,0.8038311720198362
1,1,True,0.6763481046042203,0.6763481046042203
1,1,True,0.6128335443398281,0.6128335443398281
1,1,True,0.6053740560197927,0.6053740560197927
1,1,True,0.6313799681692249,0.6313799681692249
0,1,False,0.574537356926387,0.4254626430736131
0,1,False,0.5016719252866,0.4983280747134
0,1,False,0.5332594124374732,0.46674058756252673
0,0,True,0.5865787158159573,0.41342128418404256
1,0,False,0.5600537496270839,0.5600537496270839
0,0,True,0.5105297390978794,0.48947026090212065
0,0,True,0.6071167941320884,0.3928832058679117
0,1,False,0.5903584627325335,0.40964153726746644
0,1,False,0.5864212651279198,0.4135787348720803
0,1,False,0.6015023161822168,0.3984976838177833
0,1,False,0.6327244091225132,0.367275590877487
0,1,False,0.6071063415834612,0.39289365841653867
0,0,True,0.6111990979323205,0.3888009020676795
0,0,True,0.5487878705551156,0.45121212944488426
0,0,True,0.5180053532038447,0.4819946467961553
0,0,True,0.5261702098835294,0.47382979011647075
0,0,True,0.6175893211546563,0.3824106788453438
0,1,False,0.6177447154361216,0.3822552845638785
0,1,False,0.5194171497678715,0.4805828502321286
0,1,False,0.5320101080785199,0.46798989192148016
0,0,True,0.5661711111714679,0.43382888882853204
0,0,True,0.5849735113469481,0.41502648865305203
0,0,True,0.5275616470532256,0.47243835294677433
1,0,False,0.5832691559821414,0.5832691559821414
1,0,False,0.5251752422824671,0.5251752422824671
1,0,False,0.58314390175112,0.58314390175112
1,0,False,0.5517412866596857,0.5517412866596857
1,0,False,0.5693265061164021,0.5693265061164021
1,0,False,0.6378550006948749,0.6378550006948749
1,0,False,0.6488497260452437,0.6488497260452437
1,0,False,0.7270804820034387,0.7270804820034387
1,1,True,0.6283482547685644,0.6283482547685644
1,1,True,0.7235547531998767,0.7235547531998767
1,0,False,0.7644829178752026,0.7644829178752026
1,0,False,0.6788461599146609,0.6788461599146609
1,0,False,0.6626266503250807,0.6626266503250807
1,0,False,0.5568841067482843,0.5568841067482843
1,0,False,0.6336084714967323,0.6336084714967323
1,1,True,0.5954523533619727,0.5954523533619727
1,0,False,0.58527453648589,0.58527453648589
1,0,False,0.6894748530145756,0.6894748530145756
1,0,False,0.688678952229355,0.688678952229355
1,1,True,0.6825896855366087,0.6825896855366087
1,0,False,0.6453879861670304,0.6453879861670304
1,1,True,0.7472866601057065,0.7472866601057065
1,1,True,0.6824929353883504,0.6824929353883504
1,1,True,0.6129629810512337,0.6129629810512337
1,1,True,0.7635758131732636,0.7635758131732636
1,1,True,0.6881890808858588,0.6881890808858588
1,1,True,0.7062648017733133,0.7062648017733133
1,1,True,0.52665713974321,0.52665713974321
1,1,True,0.6654561369086546,0.6654561369086546
1,1,True,0.5987319880769869,0.5987319880769869
1,1,True,0.6761687457636403,0.6761687457636403
1,1,True,0.6464356305845209,0.6464356305845209
1,1,True,0.5361295153602318,0.5361295153602318
1,1,True,0.5789369087469225,0.5789369087469225
0,1,False,0.553274118563174,0.4467258814368262
0,0,True,0.5380059856940012,0.4619940143059986
1,0,False,0.6555560491551499,0.6555560491551499
1,1,True,0.5449508713524418,0.5449508713524418
0,0,True,0.6189278009960377,0.3810721990039624
0,0,True,0.5039159302507493,0.49608406974925057
0,0,True,0.5655303791212619,0.43446962087873797
0,0,True,0.5445116741779134,0.45548832582208654
1,0,False,0.5228061507748815,0.5228061507748815
1,0,False,0.5701362860879747,0.5701362860879747
1,0,False,0.5001959388366329,0.5001959388366329
1,0,False,0.5172584594082932,0.5172584594082932
0,0,True,0.5115160477548022,0.48848395224519786
1,1,True,0.5363228878498514,0.5363228878498514
1,1,True,0.6756323163037639,0.6756323163037639
1,1,True,0.7640989511216817,0.7640989511216817
1,1,True,0.7483399435636905,0.7483399435636905
1,1,True,0.6614497299461375,0.6614497299461375
1,1,True,0.7025956111457143,0.7025956111457143
1,1,True,0.5438229131339327,0.5438229131339327
1,0,False,0.5843002912392905,0.5843002912392905
1,0,False,0.5759861401136974,0.5759861401136974
1,0,False,0.5831087716351304,0.5831087716351304
1,0,False,0.6185524576200457,0.6185524576200457
1,0,False,0.5218992175551105,0.5218992175551105
0,1,False,0.6365542087183008,0.3634457912816993
1,1,True,0.5408818214191181,0.5408818214191181
0,1,False,0.5789190087148675,0.4210809912851326
0,1,False,0.608578737833116,0.3914212621668841
0,1,False,0.5739874416071041,0.42601255839289587
0,1,False,0.6138523260487436,0.3861476739512565
0,1,False,0.6409701432280749,0.3590298567719251
0,1,False,0.505579012938086,0.494420987061914
0,1,False,0.506264921990569,0.49373507800943073
1,1,True,0.5774139521247303,0.5774139521247303
1,1,True,0.6809538228899594,0.6809538228899594
1,1,True,0.5460846335495494,0.5460846335495494
0,1,False,0.5218933721430745,0.4781066278569254
0,0,True,0.5595974544291877,0.4404025455708123
0,1,False,0.5053600597522947,0.4946399402477052
0,1,False,0.5918428352246639,0.4081571647753361
0,1,False,0.5068810337220782,0.49311896627792173
1,1,True,0.5320832176928906,0.5320832176928906
0,1,False,0.6327808160061015,0.3672191839938984
0,1,False,0.5374820589555827,0.4625179410444174
1,0,False,0.5160039836475234,0.5160039836475234
0,0,True,0.5003927604761498,0.4996072395238504
0,0,True,0.5447393813325876,0.4552606186674124
1,0,False,0.6397424795285405,0.6397424795285405
1,0,False,0.5281499439981636,0.5281499439981636
0,0,True,0.5272925307061105,0.4727074692938896
0,0,True,0.5587320994068419,0.4412679005931581
0,0,True,0.5644652064580378,0.43553479354196234
0,0,True,0.5673072029309387,0.43269279706906116
1,0,False,0.5946325583184325,0.5946325583184325
1,0,False,0.523315596985761,0.523315596985761
1,0,False,0.5292985387362485,0.5292985387362485
1,0,False,0.5656827295773863,0.5656827295773863
0,0,True,0.5094454932913434,0.49055450670865675
1,0,False,0.6057737284944211,0.6057737284944211
1,0,False,0.5890630349621044,0.5890630349621044
1,0,False,0.5574885100539136,0.5574885100539136
1,0,False,0.5357100580600993,0.5357100580600993
0,0,True,0.5482147541121758,0.4517852458878243
0,0,True,0.5322014154750622,0.46779858452493783
1,0,False,0.5558214261003842,0.5558214261003842
1,0,False,0.5859547754090952,0.5859547754090952
0,0,True,0.5105158295587766,0.48948417044122333
1,0,False,0.7075581575730197,0.7075581575730197
1,0,False,0.6247686588494716,0.6247686588494716
1,0,False,0.6744522248646331,0.6744522248646331
1,0,False,0.7715869202907983,0.7715869202907983
1,1,True,0.7050664517283947,0.7050664517283947
1,1,True,0.7970446679497931,0.7970446679497931
1,1,True,0.7485683089098439,0.7485683089098439
1,1,True,0.8122688595215896,0.8122688595215896
1,1,True,0.7418576634796332,0.7418576634796332
1,1,True,0.7148156775103363,0.7148156775103363
1,1,True,0.6409877572191018,0.6409877572191018
1,1,True,0.7023222727994007,0.7023222727994007
1,1,True,0.6989992563394107,0.6989992563394107
1,1,True,0.7307160855311955,0.7307160855311955
1,1,True,0.7478091606497939,0.7478091606497939
1,1,True,0.7454947257482454,0.7454947257482454
1,1,True,0.617179892370568,0.617179892370568
1,0,False,0.6790472471354311,0.6790472471354311
1,0,False,0.7785678468844192,0.7785678468844192
1,0,False,0.6941167254590619,0.6941167254590619
1,0,False,0.6948925845303299,0.6948925845303299
1,0,False,0.6153682393367849,0.6153682393367849
1,0,False,0.5509907714838139,0.5509907714838139
1,0,False,0.5930761546179502,0.5930761546179502
1,0,False,0.518313834773945,0.518313834773945
1,0,False,0.5646687244610095,0.5646687244610095
1,1,True,0.562926462705093,0.562926462705093
1,1,True,0.6370489927557998,0.6370489927557998
1,0,False,0.6750461451602221,0.6750461451602221
1,0,False,0.7280054794306817,0.7280054794306817
1,0,False,0.6030862938047493,0.6030862938047493
1,0,False,0.5419364209799242,0.5419364209799242
1,0,False,0.5994182535622242,0.5994182535622242
1,0,False,0.5811108031851684,0.5811108031851684
1,0,False,0.6442045026016407,0.6442045026016407
1,0,False,0.6168519036879829,0.6168519036879829
1,0,False,0.6816020545056474,0.6816020545056474
1,1,True,0.6937892876568031,0.6937892876568031
1,0,False,0.6556255313249213,0.6556255313249213
1,0,False,0.6355234118071129,0.6355234118071129
1,0,False,0.6620489605961594,0.6620489605961594
1,1,True,0.5854272795190942,0.5854272795190942
1,0,False,0.7137125952155714,0.7137125952155714
1,0,False,0.5411106600266695,0.5411106600266695
1,1,True,0.6295225642142127,0.6295225642142127
1,1,True,0.6259967098281364,0.6259967098281364
1,1,True,0.6770396058347063,0.6770396058347063
1,1,True,0.6177028382898114,0.6177028382898114
1,1,True,0.6182030625746114,0.6182030625746114
1,1,True,0.6168187576417352,0.6168187576417352
1,1,True,0.6363357013736148,0.6363357013736148
1,1,True,0.6763503751506088,0.6763503751506088
1,1,True,0.599178530414371,0.599178530414371
1,1,True,0.6482273875841635,0.6482273875841635
1,1,True,0.6985085435979639,0.6985085435979639
1,1,True,0.5904911185537112,0.5904911185537112
1,0,False,0.5671115813837619,0.5671115813837619
1,0,False,0.5467529127840374,0.5467529127840374
0,0,True,0.5041294407127277,0.4958705592872724
1,1,True,0.6016560800515576,0.6016560800515576
1,0,False,0.5729231503430479,0.5729231503430479
0,1,False,0.5233222936719815,0.4766777063280184
0,1,False,0.5395979574539209,0.4604020425460791
1,1,True,0.5553979167069438,0.5553979167069438
1,0,False,0.607465437547593,0.607465437547593
0,1,False,0.5460013347947937,0.45399866520520643
0,0,True,0.5805220221492764,0.4194779778507235
1,1,True,0.5297544056726108,0.5297544056726108
1,1,True,0.5825080012757535,0.5825080012757535
1,1,True,0.5050659017621906,0.5050659017621906
0,1,False,0.5154545277434405,0.48454547225655953
0,1,False,0.5206129982034488,0.47938700179655125
1,1,True,0.5190206659886685,0.5190206659886685
0,1,False,0.5531199813440135,0.4468800186559865
0,1,False,0.5211203512535468,0.47887964874645306
0,1,False,0.5090911290016679,0.49090887099833214
1,1,True,0.5123278824036483,0.5123278824036483
0,0,True,0.5082550470231733,0.49174495297682674
0,1,False,0.5410590782452404,0.4589409217547594
0,0,True,0.5043406250714383,0.49565937492856166
0,0,True,0.527141235914613,0.47285876408538685
0,1,False,0.5560034068505872,0.4439965931494128
0,1,False,0.5717987805677773,0.42820121943222256
0,0,True,0.5641097419238623,0.4358902580761376
0,1,False,0.5023114191027876,0.49768858089721246
0,0,True,0.5022465960194251,0.4977534039805747
1,0,False,0.5172209684507916,0.5172209684507916
1,0,False,0.5266351630698208,0.5266351630698208
0,0,True,0.5901775775729129,0.4098224224270872
0,1,False,0.6185957562719866,0.38140424372801335
0,1,False,0.5082454509437899,0.49175454905621013
0,1,False,0.61144696928194,0.3885530307180599
1,1,True,0.5150669287175391,0.5150669287175391
0,1,False,0.5241037377719455,0.47589626222805453
0,0,True,0.5342282287134228,0.46577177128657715
1,0,False,0.5457975514413247,0.5457975514413247
1,0,False,0.6112336703740928,0.6112336703740928
0,1,False,0.5710028380438235,0.42899716195617654
1,1,True,0.5320967582756745,0.5320967582756745
0,1,False,0.5434396657780507,0.4565603342219492
0,1,False,0.5097309492014637,0.49026905079853633
0,0,True,0.5118785519708587,0.48812144802914137
1,0,False,0.5556854371920664,0.5556854371920664
1,0,False,0.5739027690048331,0.5739027690048331
1,0,False,0.6445738497097768,0.6445738497097768
0,0,True,0.5811755283709343,0.4188244716290658
0,0,True,0.5030500788916137,0.4969499211083865
1,0,False,0.5335587706416033,0.5335587706416033
1,0,False,0.5619673019785708,0.5619673019785708
0,0,True,0.5122956186280486,0.4877043813719514
1,0,False,0.5332577830821678,0.5332577830821678
1,0,False,0.56012982223999,0.56012982223999
1,1,True,0.5868155733826448,0.5868155733826448
1,1,True,0.6123873966973414,0.6123873966973414
1,1,True,0.665083362384544,0.665083362384544
1,0,False,0.5646787653809506,0.5646787653809506
1,0,False,0.607168427526169,0.607168427526169
1,0,False,0.5786660438313028,0.5786660438313028
1,1,True,0.5838675827262902,0.5838675827262902
1,1,True,0.5954561732624006,0.5954561732624006
1,1,True,0.645600670991916,0.645600670991916
1,1,True,0.7140474609961271,0.7140474609961271
1,1,True,0.6886755706248947,0.6886755706248947
1,1,True,0.7956231403693861,0.7956231403693861
1,1,True,0.7235236087219179,0.7235236087219179
1,0,False,0.6773715320033815,0.6773715320033815
1,0,False,0.6501701775829463,0.6501701775829463
0,0,True,0.5009757858211025,0.49902421417889764
1,0,False,0.6743999039223236,0.6743999039223236
1,0,False,0.6761327873299364,0.6761327873299364
1,0,False,0.6232214651335655,0.6232214651335655
1,0,False,0.57681938854488,0.57681938854488
1,0,False,0.602791028365264,0.602791028365264
1,0,False,0.6800249631263463,0.6800249631263463
1,1,True,0.7061229715531219,0.7061229715531219
1,1,True,0.7364250396432079,0.7364250396432079
1,1,True,0.7300025844301495,0.7300025844301495
1,1,True,0.765516331935284,0.765516331935284
1,0,False,0.7117070456157644,0.7117070456157644
1,0,False,0.6578146456337609,0.6578146456337609
1,0,False,0.613780725511367,0.613780725511367
1,0,False,0.5462692349464249,0.5462692349464249
1,0,False,0.6087892286494605,0.6087892286494605
1,0,False,0.5924361700388252,0.5924361700388252
1,0,False,0.6909710433550043,0.6909710433550043
1,0,False,0.7033753359640462,0.7033753359640462
1,1,True,0.6615240367928368,0.6615240367928368
1,1,True,0.7076815858677628,0.7076815858677628
1,1,True,0.6683815921285466,0.6683815921285466
1,1,True,0.7464588529310169,0.7464588529310169
1,1,True,0.7826006827619254,0.7826006827619254
1,1,True,0.713295097488162,0.713295097488162
1,0,False,0.635981331350167,0.635981331350167
1,1,True,0.6173522805427283,0.6173522805427283
1,0,False,0.6584612576036709,0.6584612576036709
1,0,False,0.6105252743883021,0.6105252743883021
1,0,False,0.5814258724841312,0.5814258724841312
1,0,False,0.6655967805843174,0.6655967805843174
1,0,False,0.6138812146807089,0.6138812146807089
1,1,True,0.543817412094622,0.543817412094622
1,1,True,0.7053881219707001,0.7053881219707001
1,1,True,0.6131442231114801,0.6131442231114801
1,0,False,0.6069298170688614,0.6069298170688614
1,0,False,0.7168010707156639,0.7168010707156639
1,0,False,0.5317534053340129,0.5317534053340129
0,0,True,0.5067233192112081,0.49327668078879205
1,1,True,0.5429239346942752,0.5429239346942752
1,1,True,0.5025021309580122,0.5025021309580122
1,1,True,0.6488341354636314,0.6488341354636314
1,1,True,0.6655706233613861,0.6655706233613861
1,1,True,0.6330237659916439,0.6330237659916439
1,1,True,0.6260979653291795,0.6260979653291795
1,1,True,0.6063369215728702,0.6063369215728702
1,1,True,0.6653213356705083,0.6653213356705083
1,1,True,0.6370331401502992,0.6370331401502992
1,0,False,0.6803738375103925,0.6803738375103925
1,0,False,0.6073544417462867,0.6073544417462867
1,0,False,0.5434630261071887,0.5434630261071887
0,0,True,0.5486346412846427,0.4513653587153572
0,0,True,0.5633903241394155,0.4366096758605845
0,0,True,0.5246165033195712,0.4753834966804288
1,0,False,0.6146094689530156,0.6146094689530156
1,0,False,0.5572356969703083,0.5572356969703083
1,0,False,0.5585257172062703,0.5585257172062703
1,0,False,0.5512858293995497,0.5512858293995497
1,0,False,0.5628580425341219,0.5628580425341219
1,0,False,0.6927149863202191,0.6927149863202191
1,1,True,0.6033693254492842,0.6033693254492842
1,0,False,0.6976833380518374,0.6976833380518374
1,1,True,0.7099454140597982,0.7099454140597982
1,1,True,0.6775925752336108,0.6775925752336108
1,1,True,0.6879476653442942,0.6879476653442942
1,1,True,0.6327406211846429,0.6327406211846429
1,1,True,0.602730342579578,0.602730342579578
1,1,True,0.5515692270671303,0.5515692270671303
1,1,True,0.6796225086673392,0.6796225086673392
1,1,True,0.7199425758492167,0.7199425758492167
1,1,True,0.6005226981901916,0.6005226981901916
1,0,False,0.6603329173081165,0.6603329173081165
1,1,True,0.743399867736441,0.743399867736441
0,1,False,0.6452725932867678,0.35472740671323233
0,1,False,0.5412431314588992,0.4587568685411007
0,1,False,0.5368381708169999,0.4631618291830002
0,1,False,0.5230157210039155,0.47698427899608453
0,1,False,0.5630994650816834,0.4369005349183166
0,0,True,0.702071084049682,0.2979289159503182
0,1,False,0.538648386420236,0.46135161357976395
0,1,False,0.6581959041078222,0.3418040958921778
0,1,False,0.6686339872207909,0.3313660127792093
0,1,False,0.6146185729219027,0.38538142707809736
0,1,False,0.579579537032394,0.420420462967606
0,1,False,0.5711824197608112,0.4288175802391887
0,1,False,0.6279008573766911,0.3720991426233089
0,1,False,0.6053250325546857,0.39467496744531416
0,1,False,0.6210180210756219,0.37898197892437824
1,0,False,0.5872059078875718,0.5872059078875718
1,0,False,0.5696493384273162,0.5696493384273162
1,0,False,0.5358727486757657,0.5358727486757657
0,0,True,0.5675236597751551,0.4324763402248448
0,0,True,0.6093868590483744,0.3906131409516256
0,0,True,0.5452093657877517,0.4547906342122482
0,0,True,0.5223888982744023,0.47761110172559773
0,1,False,0.6084444205444385,0.39155557945556163
1,0,False,0.5087244348844562,0.5087244348844562
0,0,True,0.682980106860735,0.31701989313926504
0,0,True,0.6513735446069912,0.3486264553930089
0,0,True,0.562979712722794,0.437020287277206
0,0,True,0.5879049099567548,0.4120950900432449
0,1,False,0.6268557040039798,0.3731442959960203
0,1,False,0.6131630004904406,0.3868369995095594
0,1,False,0.5972059797931619,0.40279402020683797
0,1,False,0.5845906194636887,0.4154093805363113
1,1,True,0.5100878946729809,0.5100878946729809
0,1,False,0.6495777477289837,0.3504222522710161
0,0,True,0.5655602953095014,0.43443970469049853
0,1,False,0.6156624120724445,0.38433758792755524
1,0,False,0.507637669686887,0.507637669686887
1,0,False,0.5960397547673467,0.5960397547673467
1,0,False,0.6491330050099019,0.6491330050099019
1,0,False,0.5879651500364307,0.5879651500364307
1,0,False,0.6035768403207018,0.6035768403207018
1,0,False,0.5147607708394688,0.5147607708394688
1,1,True,0.5483317921310562,0.5483317921310562
0,1,False,0.5352684785247039,0.46473152147529617
0,0,True,0.5340989743993694,0.4659010256006306
0,0,True,0.5214028528797952,0.47859714712020485
1,0,False,0.5312859539741617,0.5312859539741617
1,0,False,0.5424048965853722,0.5424048965853722
0,0,True,0.5215139453103838,0.47848605468961614
1,1,True,0.5056024355810556,0.5056024355810556
1,1,True,0.5028234352236602,0.5028234352236602
1,1,True,0.5576900545466367,0.5576900545466367
1,1,True,0.5486873006529818,0.5486873006529818
1,1,True,0.5465950571846953,0.5465950571846953
1,1,True,0.563223789898613,0.563223789898613
0,1,False,0.507353930840355,0.49264606915964504
1,1,True,0.5416650434922723,0.5416650434922723
1,0,False,0.5483222524693057,0.5483222524693057
1,0,False,0.5219412711638236,0.5219412711638236
0,0,True,0.5710420367285298,0.4289579632714701
0,0,True,0.5592396370775452,0.44076036292245485
0,0,True,0.534527597061774,0.4654724029382261
0,0,True,0.5051767040165074,0.49482329598349284
0,0,True,0.5581482942981228,0.44185170570187726
1,0,False,0.5618248207547358,0.5618248207547358
1,1,True,0.5228602118204636,0.5228602118204636
1,1,True,0.5048879935104565,0.5048879935104565
1,1,True,0.5214321462135973,0.5214321462135973
1,1,True,0.5275544025193049,0.5275544025193049
0,0,True,0.5882947122105324,0.41170528778946763
0,1,False,0.6113009525106063,0.38869904748939393
1,1,True,0.5292020754302934,0.5292020754302934
1,0,False,0.6222693304159521,0.6222693304159521
1,0,False,0.5669991681480603,0.5669991681480603
0,0,True,0.5824398100858961,0.41756018991410393
1,1,True,0.6025922050949413,0.6025922050949413
1,1,True,0.598363203075686,0.598363203075686
1,1,True,0.6060335978891157,0.6060335978891157
1,1,True,0.5824754552017145,0.5824754552017145
1,1,True,0.6005248844308981,0.6005248844308981
1,1,True,0.6528311410456924,0.6528311410456924
1,1,True,0.6036727594718447,0.6036727594718447
1,0,False,0.5439836388170166,0.5439836388170166
0,0,True,0.5232077415807119,0.47679225841928813
1,0,False,0.5017399098133242,0.5017399098133242
1,0,False,0.5577439651314086,0.5577439651314086
1,0,False,0.5017929460667012,0.5017929460667012
1,0,False,0.5430078729221279,0.5430078729221279
1,0,False,0.5093158487251502,0.5093158487251502
1,0,False,0.5738855406638431,0.5738855406638431
1,0,False,0.637017951865756,0.637017951865756
0,1,False,0.524326456919403,0.47567354308059684
0,0,True,0.5743983083887796,0.4256016916112204
0,0,True,0.5534015897268505,0.4465984102731496
1,0,False,0.5415607129547894,0.5415607129547894
0,0,True,0.5108323046315442,0.48916769536845583
1,0,False,0.5042052452037494,0.5042052452037494
0,0,True,0.5824455187736417,0.41755448122635824
0,0,True,0.5853627571628474,0.4146372428371528
0,0,True,0.5716641302790261,0.4283358697209739
1,1,True,0.5145577942794065,0.5145577942794065
1,1,True,0.6491723461093947,0.6491723461093947
1,1,True,0.5613059878577361,0.5613059878577361
1,1,True,0.6136546111544569,0.6136546111544569
1,1,True,0.6088040351921491,0.6088040351921491
1,0,False,0.6380276662331791,0.6380276662331791
1,1,True,0.5002031116602188,0.5002031116602188
1,1,True,0.6141981410168962,0.6141981410168962
1,1,True,0.5999242699480354,0.5999242699480354
1,1,True,0.6518211334645103,0.6518211334645103
1,1,True,0.6891892883427622,0.6891892883427622
1,1,True,0.6706192366385738,0.6706192366385738
1,1,True,0.6176517727613656,0.6176517727613656
1,0,False,0.556760358562578,0.556760358562578
1,0,False,0.5110556077125319,0.5110556077125319
0,0,True,0.5221038269171172,0.47789617308288274
0,0,True,0.558629883233289,0.44137011676671095
0,0,True,0.5622520141363605,0.43774798586363983
0,0,True,0.5215283276576067,0.4784716723423933
0,0,True,0.5523270897783784,0.4476729102216216
0,0,True,0.5136197644381653,0.48638023556183474
1,1,True,0.6482459187573061,0.6482459187573061
1,1,True,0.5491655803278529,0.5491655803278529
1,1,True,0.5090713363533648,0.5090713363533648
1,1,True,0.5045022209321293,0.5045022209321293
1,1,True,0.5646059181260419,0.5646059181260419
0,1,False,0.5256634191488897,0.4743365808511104
1,0,False,0.5529144273586913,0.5529144273586913
1,0,False,0.5829974949971545,0.5829974949971545
1,1,True,0.6152989190458162,0.6152989190458162
1,0,False,0.5255288583995519,0.5255288583995519
1,0,False,0.6601221683750393,0.6601221683750393
1,1,True,0.6247349055346079,0.6247349055346079
1,1,True,0.6154929431403525,0.6154929431403525
1,0,False,0.6255259537373594,0.6255259537373594
1,1,True,0.6326741216164978,0.6326741216164978
1,0,False,0.5621005646216861,0.5621005646216861
1,0,False,0.5523166881249926,0.5523166881249926
1,1,True,0.6274683179798057,0.6274683179798057
1,1,True,0.6673425222125059,0.6673425222125059
1,1,True,0.5199297324967976,0.5199297324967976
1,1,True,0.5939089354546712,0.5939089354546712
1,1,True,0.6189632433506577,0.6189632433506577
1,1,True,0.62850381079142,0.62850381079142
1,1,True,0.5857861626414586,0.5857861626414586
1,1,True,0.6592485451171395,0.6592485451171395
1,1,True,0.6673458770503666,0.6673458770503666
1,1,True,0.6729650232009883,0.6729650232009883
1,1,True,0.6698822956970631,0.6698822956970631
1,1,True,0.6965273281535364,0.6965273281535364
1,1,True,0.6259111808484132,0.6259111808484132
1,1,True,0.5401879864081416,0.5401879864081416
1,1,True,0.5672651832110536,0.5672651832110536
1,1,True,0.6186648106881687,0.6186648106881687
1,0,False,0.6238136619760143,0.6238136619760143
1,0,False,0.5778706939155887,0.5778706939155887
1,0,False,0.5534339897988703,0.5534339897988703
0,0,True,0.5053889013316137,0.4946110986683865
1,1,True,0.5486254922862684,0.5486254922862684
1,0,False,0.5141640404121881,0.5141640404121881
1,1,True,0.5509101121226601,0.5509101121226601
1,0,False,0.519232629034595,0.519232629034595
1,0,False,0.5749149442814802,0.5749149442814802
1,0,False,0.5620976541063457,0.5620976541063457
1,0,False,0.5657081030804527,0.5657081030804527
0,0,True,0.504759584151051,0.49524041584894885
1,0,False,0.5654443681132495,0.5654443681132495
0,0,True,0.5149703142463034,0.48502968575369676
1,0,False,0.5228871175190482,0.5228871175190482
0,0,True,0.5059471212018697,0.49405287879813026
0,1,False,0.5398117197262289,0.46018828027377123
1,1,True,0.5177525270257975,0.5177525270257975
0,1,False,0.5011169654832641,0.49888303451673577
1,1,True,0.5551889373750267,0.5551889373750267
1,1,True,0.5556770662592401,0.5556770662592401
1,1,True,0.5890139398646873,0.5890139398646873
1,1,True,0.5538394083201337,0.5538394083201337
0,1,False,0.5395860342058552,0.46041396579414484
0,1,False,0.5240623335296677,0.4759376664703322
0,1,False,0.5149463139737651,0.4850536860262348
1,1,True,0.5461172353217728,0.5461172353217728
1,1,True,0.6581789015557331,0.6581789015557331
1,1,True,0.5893458010993455,0.5893458010993455
1,1,True,0.687973637109961,0.687973637109961
1,0,False,0.5932379722680459,0.5932379722680459
1,0,False,0.5687963276719434,0.5687963276719434
1,1,True,0.5390400331055663,0.5390400331055663
1,0,False,0.5488921986609188,0.5488921986609188
0,0,True,0.5205229107605367,0.47947708923946336
1,1,True,0.5337734817887761,0.5337734817887761
1,1,True,0.6418259727150389,0.6418259727150389
1,0,False,0.6256984032358163,0.6256984032358163
1,0,False,0.6308386601393972,0.6308386601393972
1,1,True,0.6092519245223083,0.6092519245223083
1,0,False,0.5449178573939067,0.5449178573939067
1,0,False,0.6503085414912155,0.6503085414912155
1,1,True,0.6296868075005183,0.6296868075005183
1,1,True,0.6296854275157704,0.6296854275157704
1,1,True,0.6360717112385722,0.6360717112385722
1,1,True,0.7030374764093756,0.7030374764093756
1,1,True,0.6493380891710697,0.6493380891710697
1,0,False,0.6296167374053335,0.6296167374053335
1,1,True,0.6478376369453642,0.6478376369453642
1,0,False,0.6344699272429095,0.6344699272429095
1,1,True,0.5970774470813501,0.5970774470813501
1,1,True,0.5897810564043169,0.5897810564043169
1,1,True,0.6194429789904629,0.6194429789904629
1,1,True,0.6452152571950416,0.6452152571950416
1,1,True,0.6119873829542786,0.6119873829542786
1,1,True,0.5775098386177558,0.5775098386177558
1,1,True,0.620046389926359,0.620046389926359
1,1,True,0.6225588284435671,0.6225588284435671
1,1,True,0.6392707329681162,0.6392707329681162
1,0,False,0.7030876291819974,0.7030876291819974
1,1,True,0.5117224873851194,0.5117224873851194
1,0,False,0.5076786974174037,0.5076786974174037
1,1,True,0.574695819256977,0.574695819256977
0,1,False,0.5720253387089086,0.4279746612910915
1,1,True,0.5263535559192822,0.5263535559192822
1,1,True,0.5619395605598894,0.5619395605598894
1,0,False,0.6329873742185173,0.6329873742185173
1,0,False,0.6342380819274879,0.6342380819274879
1,0,False,0.6379350441983052,0.6379350441983052
1,0,False,0.6426700029615141,0.6426700029615141
1,0,False,0.6855365824784716,0.6855365824784716
1,0,False,0.5761522505082044,0.5761522505082044
1,1,True,0.6851061394283664,0.6851061394283664
1,1,True,0.6253633532532897,0.6253633532532897
1,1,True,0.5157374526955368,0.5157374526955368
0,1,False,0.5179938769274844,0.4820061230725154
1,1,True,0.5099647993935481,0.5099647993935481
0,0,True,0.5594814600053631,0.44051853999463697
0,0,True,0.5707449149513129,0.42925508504868726
0,0,True,0.5488816282612375,0.45111837173876257
1,0,False,0.5224251591591836,0.5224251591591836
0,0,True,0.5459297511740441,0.4540702488259559
0,0,True,0.5008513756016926,0.49914862439830743
0,1,False,0.5132398109008672,0.4867601890991329
1,0,False,0.575979326702177,0.575979326702177
1,1,True,0.5828426635267052,0.5828426635267052
1,1,True,0.5917149453815627,0.5917149453815627
1,1,True,0.615213686882764,0.615213686882764
1,1,True,0.6528630718420282,0.6528630718420282
1,1,True,0.580016514100786,0.580016514100786
1,0,False,0.6252542818855814,0.6252542818855814
1,0,False,0.6451256552051069,0.6451256552051069
1,0,False,0.6446833745901875,0.6446833745901875
1,0,False,0.6366296861821285,0.6366296861821285
1,0,False,0.6168520909821954,0.6168520909821954
0,0,True,0.558878358265882,0.44112164173411794
1,0,False,0.5156036075123464,0.5156036075123464
1,0,False,0.5823561453588865,0.5823561453588865
1,0,False,0.5613645163235289,0.5613645163235289
1,0,False,0.6211802194977527,0.6211802194977527
1,0,False,0.5631727938991344,0.5631727938991344
1,0,False,0.569007106467371,0.569007106467371
0,0,True,0.5318538943528783,0.4681461056471217
0,0,True,0.5960108862768225,0.40398911372317753
0,0,True,0.5771114865321787,0.42288851346782136
0,0,True,0.5080106263607854,0.4919893736392144
1,0,False,0.5674605552194859,0.5674605552194859
1,0,False,0.5794660925247885,0.5794660925247885
1,1,True,0.6932406718596843,0.6932406718596843
1,1,True,0.647697014563459,0.647697014563459
1,0,False,0.7339713390119122,0.7339713390119122
1,0,False,0.6616419115147592,0.6616419115147592
1,0,False,0.7238268534067106,0.7238268534067106
1,0,False,0.6660229879573143,0.6660229879573143
1,0,False,0.6231136713047225,0.6231136713047225
1,0,False,0.58056893616323,0.58056893616323
1,1,True,0.6276715044514142,0.6276715044514142
1,1,True,0.6790522814060492,0.6790522814060492
1,0,False,0.6943442149552386,0.6943442149552386
1,0,False,0.6811236728904054,0.6811236728904054
1,0,False,0.5130632807418017,0.5130632807418017
1,0,False,0.6185351920398772,0.6185351920398772
1,0,False,0.5864610873523268,0.5864610873523268
1,0,False,0.6352672934744175,0.6352672934744175
1,1,True,0.5232054918040723,0.5232054918040723
1,1,True,0.5461049757909558,0.5461049757909558
1,1,True,0.6719184360518136,0.6719184360518136
1,1,True,0.5994072587034862,0.5994072587034862
1,1,True,0.5152658400264062,0.5152658400264062
0,1,False,0.5551877427183698,0.44481225728163004
1,1,True,0.5184438082337312,0.5184438082337312
0,0,True,0.5416990716287521,0.4583009283712479
1,0,False,0.6058629657844521,0.6058629657844521
1,0,False,0.6660283750410942,0.6660283750410942
1,0,False,0.6272737062992033,0.6272737062992033
1,1,True,0.6110228164582062,0.6110228164582062
1,1,True,0.6262717458134228,0.6262717458134228
1,1,True,0.5940880014658858,0.5940880014658858
1,1,True,0.6142631209779219,0.6142631209779219
1,1,True,0.6981043582176795,0.6981043582176795
1,1,True,0.5841583020195852,0.5841583020195852
1,1,True,0.6087371830775867,0.6087371830775867
1,0,False,0.6324066074802046,0.6324066074802046
1,0,False,0.5272206278118907,0.5272206278118907
1,1,True,0.5367422927090634,0.5367422927090634
1,1,True,0.6151370076346123,0.6151370076346123
1,1,True,0.5685742367486106,0.5685742367486106
1,1,True,0.5514620282561858,0.5514620282561858
1,1,True,0.5369715038007639,0.5369715038007639
0,1,False,0.5408803062180105,0.45911969378198936
1,1,True,0.5651222829910527,0.5651222829910527
1,1,True,0.5621446716885485,0.5621446716885485
1,1,True,0.5893143586282785,0.5893143586282785
0,0,True,0.5100956847980427,0.4899043152019575
1,1,True,0.6602849894434962,0.6602849894434962
1,1,True,0.6464067748288442,0.6464067748288442
1,1,True,0.6046469854028517,0.6046469854028517
1,1,True,0.690379987518507,0.690379987518507
1,1,True,0.6513852054219442,0.6513852054219442
1,1,True,0.586240153931834,0.586240153931834
1,1,True,0.6818588538460052,0.6818588538460052
1,1,True,0.645366846585438,0.645366846585438
1,1,True,0.6833409203317828,0.6833409203317828
1,1,True,0.7382109176320183,0.7382109176320183
1,1,True,0.7234995055491761,0.7234995055491761
1,1,True,0.6661200726802327,0.6661200726802327
1,0,False,0.5817789217028896,0.5817789217028896
1,0,False,0.6501862491110089,0.6501862491110089
1,0,False,0.7009749393513351,0.7009749393513351
1,0,False,0.6585922573546725,0.6585922573546725
1,0,False,0.6319691729270366,0.6319691729270366
1,0,False,0.715891708722953,0.715891708722953
1,0,False,0.6912053232838483,0.6912053232838483
1,0,False,0.6496524907185109,0.6496524907185109
1,0,False,0.6027581822201492,0.6027581822201492
1,0,False,0.6084705898838833,0.6084705898838833
1,0,False,0.6310057632745361,0.6310057632745361
0,1,False,0.5032955456339105,0.49670445436608945
1,1,True,0.5707568565269132,0.5707568565269132
0,1,False,0.5144645092975969,0.4855354907024031
1,0,False,0.5466269979807341,0.5466269979807341
1,1,True,0.5740242130556941,0.5740242130556941
0,1,False,0.5522933379369748,0.44770666206302523
0,0,True,0.5767593352561429,0.42324066474385713
0,0,True,0.5122987633762968,0.48770123662370324
1,0,False,0.5124401203904317,0.5124401203904317
1,0,False,0.5346341533857839,0.5346341533857839
1,0,False,0.5677028657468967,0.5677028657468967
1,0,False,0.558749367195611,0.558749367195611
1,0,False,0.5371475237977891,0.5371475237977891
1,0,False,0.527040388833686,0.527040388833686
1,0,False,0.54236699792067,0.54236699792067
1,1,True,0.5713300310068203,0.5713300310068203
0,0,True,0.5003423740171098,0.4996576259828902
0,0,True,0.5204283466361908,0.47957165336380936
1,1,True,0.5213261379383031,0.5213261379383031
0,1,False,0.5653616240831835,0.4346383759168164
0,1,False,0.602567558721963,0.397432441278037
0,1,False,0.6570462664790371,0.3429537335209629
0,1,False,0.589541213637314,0.41045878636268623
0,1,False,0.6027725135391822,0.39722748646081785
1,1,True,0.5276910218590352,0.5276910218590352
1,1,True,0.6047260464806528,0.6047260464806528
1,1,True,0.589503039493173,0.589503039493173
1,1,True,0.542969472624355,0.542969472624355
1,1,True,0.50707652081463,0.50707652081463
1,1,True,0.5198235352923484,0.5198235352923484
1,1,True,0.5210401798809006,0.5210401798809006
1,1,True,0.6126828282012505,0.6126828282012505
1,1,True,0.561354605685112,0.561354605685112
1,1,True,0.5119430369212763,0.5119430369212763
1,0,False,0.5113173562152566,0.5113173562152566
0,0,True,0.5476162212282356,0.45238377877176433
1,0,False,0.5778570002997588,0.5778570002997588
1,0,False,0.5300282120135736,0.5300282120135736
0,0,True,0.5392895006942595,0.4607104993057405
0,0,True,0.5815988836417685,0.41840111635823163
0,1,False,0.6069262942616387,0.3930737057383613
0,1,False,0.6343140310050817,0.36568596899491834
0,1,False,0.6408365820121193,0.35916341798788054
0,1,False,0.640987133026748,0.3590128669732521
0,1,False,0.6087727154742595,0.39122728452574057
0,1,False,0.6153494062268634,0.3846505937731366
0,1,False,0.5573730245454156,0.44262697545458435
1,1,True,0.5156606454261479,0.5156606454261479
1,0,False,0.588075929286082,0.588075929286082
1,0,False,0.6195667760428127,0.6195667760428127
1,0,False,0.5363869343527259,0.5363869343527259
1,0,False,0.6324852194219028,0.6324852194219028
1,1,True,0.5949764947557802,0.5949764947557802
1,1,True,0.5600603734265907,0.5600603734265907
1,1,True,0.5583796552559729,0.5583796552559729
1,1,True,0.6361435213828495,0.6361435213828495
1,1,True,0.6399426979700682,0.6399426979700682
1,1,True,0.6262205150838681,0.6262205150838681
1,1,True,0.6570234814198476,0.6570234814198476
1,1,True,0.67957513625699,0.67957513625699
1,0,False,0.7164973975713891,0.7164973975713891
1,1,True,0.6542656502983696,0.6542656502983696
1,1,True,0.5135056812849361,0.5135056812849361
0,0,True,0.5468107735590217,0.45318922644097825
1,0,False,0.5153485189032737,0.5153485189032737
1,0,False,0.6750110767991045,0.6750110767991045
1,0,False,0.6356784146154448,0.6356784146154448
1,0,False,0.6674814243551895,0.6674814243551895
1,1,True,0.654390650282076,0.654390650282076
1,1,True,0.6074257417985881,0.6074257417985881
1,0,False,0.5389369445568762,0.5389369445568762
1,0,False,0.5933734907965731,0.5933734907965731
1,0,False,0.656489242988762,0.656489242988762
1,1,True,0.6259692396576446,0.6259692396576446
1,0,False,0.6109857482674856,0.6109857482674856
1,1,True,0.6187920167372765,0.6187920167372765
1,1,True,0.5808122502199269,0.5808122502199269
1,1,True,0.5247151778392605,0.5247151778392605
1,1,True,0.574847611083404,0.574847611083404
1,1,True,0.6678746682106138,0.6678746682106138
1,1,True,0.5873342274072764,0.5873342274072764
1,0,False,0.6313147085257561,0.6313147085257561
1,0,False,0.670391450296522,0.670391450296522
1,0,False,0.6579861418796473,0.6579861418796473
1,0,False,0.6652703096389883,0.6652703096389883
1,0,False,0.6429086671166353,0.6429086671166353
1,0,False,0.6471793387720632,0.6471793387720632
1,0,False,0.6052246693163467,0.6052246693163467
1,0,False,0.5305701838872376,0.5305701838872376
1,0,False,0.6471418963551925,0.6471418963551925
1,0,False,0.60907491851907,0.60907491851907
1,1,True,0.531740984085038,0.531740984085038
1,1,True,0.576715675741263,0.576715675741263
1,1,True,0.57447224011971,0.57447224011971
1,1,True,0.5550269220404231,0.5550269220404231
0,1,False,0.502431624217078,0.49756837578292196
0,1,False,0.5162318595791852,0.48376814042081484
1,1,True,0.579100779122798,0.579100779122798
1,1,True,0.5588692104660288,0.5588692104660288
1,1,True,0.6328345222258651,0.6328345222258651
1,1,True,0.5925844754113958,0.5925844754113958
1,1,True,0.6604364538251568,0.6604364538251568
1,1,True,0.5635401767493542,0.5635401767493542
1,1,True,0.5222122080333989,0.5222122080333989
0,1,False,0.5109230267960876,0.48907697320391247
1,1,True,0.5568791555421448,0.5568791555421448
1,1,True,0.520013213201389,0.520013213201389
0,1,False,0.5196900289434372,0.48030997105656276
0,1,False,0.5088246956667105,0.4911753043332897
1,0,False,0.5309457626176708,0.5309457626176708
1,0,False,0.5540934865594157,0.5540934865594157
0,0,True,0.5908895361533945,0.40911046384660554
1,0,False,0.5878948704275957,0.5878948704275957
1,0,False,0.5867874647205782,0.5867874647205782
1,0,False,0.6273698022627285,0.6273698022627285
1,0,False,0.5703185357388987,0.5703185357388987
1,1,True,0.6245620654518068,0.6245620654518068
1,0,False,0.5535399509083081,0.5535399509083081
0,1,False,0.5016513079174822,0.49834869208251775
1,0,False,0.5145723946596765,0.5145723946596765
1,0,False,0.500482970251342,0.500482970251342
0,0,True,0.5082394214014129,0.49176057859858713
1,0,False,0.5290778638199013,0.5290778638199013
1,0,False,0.5476860103297034,0.5476860103297034
1,0,False,0.5539658314647887,0.5539658314647887
1,1,True,0.525671970928578,0.525671970928578
1,1,True,0.6436274919531829,0.6436274919531829
1,1,True,0.6175665971225112,0.6175665971225112
1,1,True,0.6485087784477117,0.6485087784477117
1,0,False,0.6360957046514699,0.6360957046514699
1,0,False,0.6411520900336314,0.6411520900336314
1,0,False,0.5938355433339328,0.5938355433339328
1,0,False,0.6060313959821202,0.6060313959821202
1,0,False,0.6189642872138533,0.6189642872138533
1,0,False,0.6008203238434835,0.6008203238434835
1,0,False,0.6873121964308837,0.6873121964308837
1,0,False,0.6660492362132632,0.6660492362132632
1,0,False,0.6498557067436483,0.6498557067436483
1,0,False,0.6575583696563267,0.6575583696563267
1,0,False,0.5293237807565551,0.5293237807565551
1,0,False,0.5407809673319449,0.5407809673319449
1,0,False,0.5538353453741031,0.5538353453741031
1,0,False,0.5666374519583286,0.5666374519583286
1,0,False,0.6400933488646613,0.6400933488646613
1,0,False,0.6029284509579161,0.6029284509579161
1,0,False,0.560113889197122,0.560113889197122
1,1,True,0.5339237120544659,0.5339237120544659
1,1,True,0.6353665705906584,0.6353665705906584
1,1,True,0.6281258960411114,0.6281258960411114
1,1,True,0.6645137224339994,0.6645137224339994
1,0,False,0.6456873836278139,0.6456873836278139
1,0,False,0.6488619557195251,0.6488619557195251
1,0,False,0.5745927969291029,0.5745927969291029
1,0,False,0.6068520878225994,0.6068520878225994
1,1,True,0.5686094118121809,0.5686094118121809
1,1,True,0.6392477947792599,0.6392477947792599
1,1,True,0.6415139281808315,0.6415139281808315
1,1,True,0.6063643805063952,0.6063643805063952
1,1,True,0.6284901370329663,0.6284901370329663
1,0,False,0.6466131305831766,0.6466131305831766
1,0,False,0.5805403970455887,0.5805403970455887
1,0,False,0.5878491316873502,0.5878491316873502
1,0,False,0.5692596656094915,0.5692596656094915
1,0,False,0.5295136321275397,0.5295136321275397
1,0,False,0.53073733860617,0.53073733860617
1,1,True,0.6329514736939041,0.6329514736939041
1,1,True,0.6698727926423989,0.6698727926423989
1,1,True,0.6356807767749603,0.6356807767749603
1,1,True,0.643283710321985,0.643283710321985
1,1,True,0.5163405520796492,0.5163405520796492
0,1,False,0.5031158510146736,0.4968841489853262
0,1,False,0.5103912953912744,0.48960870460872563
1,1,True,0.5508357126945191,0.5508357126945191
0,1,False,0.5003005125258003,0.4996994874741997
1,1,True,0.5337179587585812,0.5337179587585812
1,1,True,0.5136018785591312,0.5136018785591312
1,1,True,0.5469823625997151,0.5469823625997151
1,1,True,0.5381025052263692,0.5381025052263692
1,1,True,0.5526609760758389,0.5526609760758389
1,1,True,0.5135370448493204,0.5135370448493204
